ISO-10303-21;
HEADER;
/* Generated by software containing ST-Developer
 * from STEP Tools, Inc. (www.steptools.com) 
 */

FILE_DESCRIPTION(
/* description */ (''),
/* implementation_level */ '2;1');

FILE_NAME(
/* name */ 'Centauri Series Hotend.step',
/* time_stamp */ '2026-08-04T10:04:19-04:00',
/* author */ (''),
/* organization */ (''),
/* preprocessor_version */ 'ST-DEVELOPER v20.1',
/* originating_system */ 'Autodesk Translation Framework v15.8.0.0',
/* authorisation */ '');

FILE_SCHEMA (('AUTOMOTIVE_DESIGN { 1 0 10303 214 3 1 1 }'));
ENDSEC;

DATA;
#10=MECHANICAL_DESIGN_GEOMETRIC_PRESENTATION_REPRESENTATION('',(#57,#58,
#59,#60,#61,#62,#63,#64,#65),#5329);
#11=ITEM_DEFINED_TRANSFORMATION($,$,#3292,#3523);
#12=ITEM_DEFINED_TRANSFORMATION($,$,#3361,#3524);
#13=ITEM_DEFINED_TRANSFORMATION($,$,#3370,#3525);
#14=ITEM_DEFINED_TRANSFORMATION($,$,#3404,#3526);
#15=ITEM_DEFINED_TRANSFORMATION($,$,#3486,#3527);
#16=ITEM_DEFINED_TRANSFORMATION($,$,#3516,#3528);
#17=(
REPRESENTATION_RELATIONSHIP($,$,#5355,#5354)
REPRESENTATION_RELATIONSHIP_WITH_TRANSFORMATION(#11)
SHAPE_REPRESENTATION_RELATIONSHIP()
);
#18=(
REPRESENTATION_RELATIONSHIP($,$,#5356,#5354)
REPRESENTATION_RELATIONSHIP_WITH_TRANSFORMATION(#12)
SHAPE_REPRESENTATION_RELATIONSHIP()
);
#19=(
REPRESENTATION_RELATIONSHIP($,$,#5357,#5354)
REPRESENTATION_RELATIONSHIP_WITH_TRANSFORMATION(#13)
SHAPE_REPRESENTATION_RELATIONSHIP()
);
#20=(
REPRESENTATION_RELATIONSHIP($,$,#5358,#5354)
REPRESENTATION_RELATIONSHIP_WITH_TRANSFORMATION(#14)
SHAPE_REPRESENTATION_RELATIONSHIP()
);
#21=(
REPRESENTATION_RELATIONSHIP($,$,#5359,#5354)
REPRESENTATION_RELATIONSHIP_WITH_TRANSFORMATION(#15)
SHAPE_REPRESENTATION_RELATIONSHIP()
);
#22=(
REPRESENTATION_RELATIONSHIP($,$,#5360,#5354)
REPRESENTATION_RELATIONSHIP_WITH_TRANSFORMATION(#16)
SHAPE_REPRESENTATION_RELATIONSHIP()
);
#23=CONTEXT_DEPENDENT_SHAPE_REPRESENTATION(#17,#5348);
#24=CONTEXT_DEPENDENT_SHAPE_REPRESENTATION(#18,#5349);
#25=CONTEXT_DEPENDENT_SHAPE_REPRESENTATION(#19,#5350);
#26=CONTEXT_DEPENDENT_SHAPE_REPRESENTATION(#20,#5351);
#27=CONTEXT_DEPENDENT_SHAPE_REPRESENTATION(#21,#5352);
#28=CONTEXT_DEPENDENT_SHAPE_REPRESENTATION(#22,#5353);
#29=NEXT_ASSEMBLY_USAGE_OCCURRENCE('heatsink:1','heatsink:1',
'heatsink:1',#5362,#5363,'heatsink:1');
#30=NEXT_ASSEMBLY_USAGE_OCCURRENCE('heatbreak:1','heatbreak:1',
'heatbreak:1',#5362,#5364,'heatbreak:1');
#31=NEXT_ASSEMBLY_USAGE_OCCURRENCE('bimetal_nozzle:1',
'bimetal_nozzle:1','bimetal_nozzle:1',#5362,#5365,'bimetal_nozzle:1');
#32=NEXT_ASSEMBLY_USAGE_OCCURRENCE('sock:1','sock:1','sock:1',#5362,#5366,
'sock:1');
#33=NEXT_ASSEMBLY_USAGE_OCCURRENCE('heatblock:1','heatblock:1',
'heatblock:1',#5362,#5367,'heatblock:1');
#34=NEXT_ASSEMBLY_USAGE_OCCURRENCE('heater:1','heater:1','heater:1',#5362,
#5368,'heater:1');
#35=CONICAL_SURFACE('',#3385,3.3,0.785398163397448);
#36=CONICAL_SURFACE('',#3389,2.15,0.785398163397447);
#37=CONICAL_SURFACE('',#3393,0.75,0.785398163397451);
#38=(
BOUNDED_CURVE()
B_SPLINE_CURVE(2,(#4793,#4794,#4795),.UNSPECIFIED.,.F.,.F.)
B_SPLINE_CURVE_WITH_KNOTS((3,3),(0.0389248892249223,0.416267377843942),
 .UNSPECIFIED.)
CURVE()
GEOMETRIC_REPRESENTATION_ITEM()
RATIONAL_B_SPLINE_CURVE((1.03649360714089,1.19683972619212,1.03649360714155))
REPRESENTATION_ITEM('')
);
#39=(
BOUNDED_CURVE()
B_SPLINE_CURVE(2,(#4801,#4802,#4803),.UNSPECIFIED.,.F.,.F.)
B_SPLINE_CURVE_WITH_KNOTS((3,3),(-1.10242738687124,-1.10139082155592),
 .UNSPECIFIED.)
CURVE()
GEOMETRIC_REPRESENTATION_ITEM()
RATIONAL_B_SPLINE_CURVE((1.57794549146858,1.5783350894649,1.57872344386441))
REPRESENTATION_ITEM('')
);
#40=(
BOUNDED_CURVE()
B_SPLINE_CURVE(2,(#4804,#4805,#4806),.UNSPECIFIED.,.F.,.F.)
B_SPLINE_CURVE_WITH_KNOTS((3,3),(-1.10139082155592,-0.452950380746639),
 .UNSPECIFIED.)
CURVE()
GEOMETRIC_REPRESENTATION_ITEM()
RATIONAL_B_SPLINE_CURVE((1.57872344386441,1.82166491053509,1.57794549146858))
REPRESENTATION_ITEM('')
);
#41=(
BOUNDED_CURVE()
B_SPLINE_CURVE(2,(#4810,#4811,#4812),.UNSPECIFIED.,.F.,.F.)
B_SPLINE_CURVE_WITH_KNOTS((3,3),(0.0389248892249221,0.416267377843942),
 .UNSPECIFIED.)
CURVE()
GEOMETRIC_REPRESENTATION_ITEM()
RATIONAL_B_SPLINE_CURVE((1.03649360714089,1.19683972619212,1.03649360714155))
REPRESENTATION_ITEM('')
);
#42=(
BOUNDED_CURVE()
B_SPLINE_CURVE(2,(#4816,#4817,#4818),.UNSPECIFIED.,.F.,.F.)
B_SPLINE_CURVE_WITH_KNOTS((3,3),(0.0389248892249223,0.416267377843943),
 .UNSPECIFIED.)
CURVE()
GEOMETRIC_REPRESENTATION_ITEM()
RATIONAL_B_SPLINE_CURVE((1.03649360714089,1.19683972619212,1.03649360714155))
REPRESENTATION_ITEM('')
);
#43=(
BOUNDED_CURVE()
B_SPLINE_CURVE(2,(#4822,#4823,#4824),.UNSPECIFIED.,.F.,.F.)
B_SPLINE_CURVE_WITH_KNOTS((3,3),(0.0389248892249223,0.416267377843942),
 .UNSPECIFIED.)
CURVE()
GEOMETRIC_REPRESENTATION_ITEM()
RATIONAL_B_SPLINE_CURVE((1.03649360714089,1.19683972619212,1.03649360714155))
REPRESENTATION_ITEM('')
);
#44=(
BOUNDED_CURVE()
B_SPLINE_CURVE(2,(#4826,#4827,#4828),.UNSPECIFIED.,.F.,.F.)
B_SPLINE_CURVE_WITH_KNOTS((3,3),(0.0389248892249222,0.416267377843942),
 .UNSPECIFIED.)
CURVE()
GEOMETRIC_REPRESENTATION_ITEM()
RATIONAL_B_SPLINE_CURVE((1.03649360714089,1.19683972619212,1.03649360714155))
REPRESENTATION_ITEM('')
);
#45=SHAPE_REPRESENTATION_RELATIONSHIP('SRR','None',#5355,#51);
#46=SHAPE_REPRESENTATION_RELATIONSHIP('SRR','None',#5356,#52);
#47=SHAPE_REPRESENTATION_RELATIONSHIP('SRR','None',#5357,#53);
#48=SHAPE_REPRESENTATION_RELATIONSHIP('SRR','None',#5358,#54);
#49=SHAPE_REPRESENTATION_RELATIONSHIP('SRR','None',#5359,#55);
#50=SHAPE_REPRESENTATION_RELATIONSHIP('SRR','None',#5360,#56);
#51=ADVANCED_BREP_SHAPE_REPRESENTATION('',(#66),#5323);
#52=ADVANCED_BREP_SHAPE_REPRESENTATION('',(#67),#5324);
#53=ADVANCED_BREP_SHAPE_REPRESENTATION('',(#68),#5325);
#54=ADVANCED_BREP_SHAPE_REPRESENTATION('',(#69),#5326);
#55=ADVANCED_BREP_SHAPE_REPRESENTATION('',(#70),#5327);
#56=ADVANCED_BREP_SHAPE_REPRESENTATION('',(#71),#5328);
#57=STYLED_ITEM('',(#5394),#66);
#58=STYLED_ITEM('',(#5395),#67);
#59=STYLED_ITEM('',(#5397),#3130);
#60=STYLED_ITEM('',(#5397),#3131);
#61=STYLED_ITEM('',(#5397),#3133);
#62=STYLED_ITEM('',(#5396),#68);
#63=STYLED_ITEM('',(#5398),#69);
#64=STYLED_ITEM('',(#5396),#70);
#65=STYLED_ITEM('',(#5399),#71);
#66=MANIFOLD_SOLID_BREP('Body1',#3218);
#67=MANIFOLD_SOLID_BREP('Body1',#3219);
#68=MANIFOLD_SOLID_BREP('Body1',#3220);
#69=MANIFOLD_SOLID_BREP('Body1',#3221);
#70=MANIFOLD_SOLID_BREP('Body1',#3222);
#71=MANIFOLD_SOLID_BREP('Body1',#3223);
#72=FACE_BOUND('',#405,.T.);
#73=FACE_BOUND('',#406,.T.);
#74=FACE_BOUND('',#426,.T.);
#75=FACE_BOUND('',#463,.T.);
#76=FACE_BOUND('',#464,.T.);
#77=FACE_BOUND('',#466,.T.);
#78=FACE_BOUND('',#472,.T.);
#79=FACE_BOUND('',#474,.T.);
#80=FACE_BOUND('',#478,.T.);
#81=FACE_BOUND('',#480,.T.);
#82=FACE_BOUND('',#491,.T.);
#83=FACE_BOUND('',#494,.T.);
#84=FACE_BOUND('',#496,.T.);
#85=FACE_BOUND('',#500,.T.);
#86=FACE_BOUND('',#517,.T.);
#87=FACE_BOUND('',#519,.T.);
#88=FACE_BOUND('',#525,.T.);
#89=FACE_BOUND('',#566,.T.);
#90=FACE_BOUND('',#570,.T.);
#91=FACE_BOUND('',#575,.T.);
#92=FACE_BOUND('',#578,.T.);
#93=FACE_BOUND('',#584,.T.);
#94=PLANE('',#3302);
#95=PLANE('',#3303);
#96=PLANE('',#3304);
#97=PLANE('',#3305);
#98=PLANE('',#3306);
#99=PLANE('',#3307);
#100=PLANE('',#3308);
#101=PLANE('',#3309);
#102=PLANE('',#3310);
#103=PLANE('',#3311);
#104=PLANE('',#3312);
#105=PLANE('',#3313);
#106=PLANE('',#3314);
#107=PLANE('',#3315);
#108=PLANE('',#3316);
#109=PLANE('',#3317);
#110=PLANE('',#3318);
#111=PLANE('',#3319);
#112=PLANE('',#3320);
#113=PLANE('',#3321);
#114=PLANE('',#3322);
#115=PLANE('',#3323);
#116=PLANE('',#3324);
#117=PLANE('',#3325);
#118=PLANE('',#3326);
#119=PLANE('',#3327);
#120=PLANE('',#3328);
#121=PLANE('',#3329);
#122=PLANE('',#3330);
#123=PLANE('',#3331);
#124=PLANE('',#3332);
#125=PLANE('',#3333);
#126=PLANE('',#3334);
#127=PLANE('',#3335);
#128=PLANE('',#3336);
#129=PLANE('',#3337);
#130=PLANE('',#3338);
#131=PLANE('',#3339);
#132=PLANE('',#3340);
#133=PLANE('',#3341);
#134=PLANE('',#3342);
#135=PLANE('',#3343);
#136=PLANE('',#3344);
#137=PLANE('',#3345);
#138=PLANE('',#3346);
#139=PLANE('',#3347);
#140=PLANE('',#3348);
#141=PLANE('',#3349);
#142=PLANE('',#3350);
#143=PLANE('',#3351);
#144=PLANE('',#3352);
#145=PLANE('',#3353);
#146=PLANE('',#3354);
#147=PLANE('',#3355);
#148=PLANE('',#3356);
#149=PLANE('',#3357);
#150=PLANE('',#3358);
#151=PLANE('',#3359);
#152=PLANE('',#3360);
#153=PLANE('',#3368);
#154=PLANE('',#3369);
#155=PLANE('',#3377);
#156=PLANE('',#3378);
#157=PLANE('',#3379);
#158=PLANE('',#3380);
#159=PLANE('',#3381);
#160=PLANE('',#3382);
#161=PLANE('',#3383);
#162=PLANE('',#3384);
#163=PLANE('',#3391);
#164=PLANE('',#3395);
#165=PLANE('',#3397);
#166=PLANE('',#3403);
#167=PLANE('',#3408);
#168=PLANE('',#3413);
#169=PLANE('',#3418);
#170=PLANE('',#3419);
#171=PLANE('',#3420);
#172=PLANE('',#3421);
#173=PLANE('',#3422);
#174=PLANE('',#3423);
#175=PLANE('',#3427);
#176=PLANE('',#3428);
#177=PLANE('',#3434);
#178=PLANE('',#3436);
#179=PLANE('',#3441);
#180=PLANE('',#3442);
#181=PLANE('',#3445);
#182=PLANE('',#3446);
#183=PLANE('',#3447);
#184=PLANE('',#3448);
#185=PLANE('',#3451);
#186=PLANE('',#3452);
#187=PLANE('',#3453);
#188=PLANE('',#3456);
#189=PLANE('',#3457);
#190=PLANE('',#3458);
#191=PLANE('',#3461);
#192=PLANE('',#3462);
#193=PLANE('',#3463);
#194=PLANE('',#3464);
#195=PLANE('',#3465);
#196=PLANE('',#3468);
#197=PLANE('',#3469);
#198=PLANE('',#3470);
#199=PLANE('',#3471);
#200=PLANE('',#3474);
#201=PLANE('',#3475);
#202=PLANE('',#3476);
#203=PLANE('',#3477);
#204=PLANE('',#3478);
#205=PLANE('',#3479);
#206=PLANE('',#3480);
#207=PLANE('',#3481);
#208=PLANE('',#3482);
#209=PLANE('',#3485);
#210=PLANE('',#3490);
#211=PLANE('',#3491);
#212=PLANE('',#3492);
#213=PLANE('',#3493);
#214=PLANE('',#3494);
#215=PLANE('',#3495);
#216=PLANE('',#3497);
#217=PLANE('',#3498);
#218=PLANE('',#3499);
#219=PLANE('',#3500);
#220=PLANE('',#3501);
#221=PLANE('',#3505);
#222=PLANE('',#3507);
#223=PLANE('',#3508);
#224=PLANE('',#3512);
#225=PLANE('',#3514);
#226=PLANE('',#3515);
#227=PLANE('',#3517);
#228=PLANE('',#3518);
#229=PLANE('',#3519);
#230=PLANE('',#3520);
#231=PLANE('',#3521);
#232=PLANE('',#3522);
#233=FACE_OUTER_BOUND('',#401,.T.);
#234=FACE_OUTER_BOUND('',#402,.T.);
#235=FACE_OUTER_BOUND('',#403,.T.);
#236=FACE_OUTER_BOUND('',#404,.T.);
#237=FACE_OUTER_BOUND('',#407,.T.);
#238=FACE_OUTER_BOUND('',#408,.T.);
#239=FACE_OUTER_BOUND('',#409,.T.);
#240=FACE_OUTER_BOUND('',#410,.T.);
#241=FACE_OUTER_BOUND('',#411,.T.);
#242=FACE_OUTER_BOUND('',#412,.T.);
#243=FACE_OUTER_BOUND('',#413,.T.);
#244=FACE_OUTER_BOUND('',#414,.T.);
#245=FACE_OUTER_BOUND('',#415,.T.);
#246=FACE_OUTER_BOUND('',#416,.T.);
#247=FACE_OUTER_BOUND('',#417,.T.);
#248=FACE_OUTER_BOUND('',#418,.T.);
#249=FACE_OUTER_BOUND('',#419,.T.);
#250=FACE_OUTER_BOUND('',#420,.T.);
#251=FACE_OUTER_BOUND('',#421,.T.);
#252=FACE_OUTER_BOUND('',#422,.T.);
#253=FACE_OUTER_BOUND('',#423,.T.);
#254=FACE_OUTER_BOUND('',#424,.T.);
#255=FACE_OUTER_BOUND('',#425,.T.);
#256=FACE_OUTER_BOUND('',#427,.T.);
#257=FACE_OUTER_BOUND('',#428,.T.);
#258=FACE_OUTER_BOUND('',#429,.T.);
#259=FACE_OUTER_BOUND('',#430,.T.);
#260=FACE_OUTER_BOUND('',#431,.T.);
#261=FACE_OUTER_BOUND('',#432,.T.);
#262=FACE_OUTER_BOUND('',#433,.T.);
#263=FACE_OUTER_BOUND('',#434,.T.);
#264=FACE_OUTER_BOUND('',#435,.T.);
#265=FACE_OUTER_BOUND('',#436,.T.);
#266=FACE_OUTER_BOUND('',#437,.T.);
#267=FACE_OUTER_BOUND('',#438,.T.);
#268=FACE_OUTER_BOUND('',#439,.T.);
#269=FACE_OUTER_BOUND('',#440,.T.);
#270=FACE_OUTER_BOUND('',#441,.T.);
#271=FACE_OUTER_BOUND('',#442,.T.);
#272=FACE_OUTER_BOUND('',#443,.T.);
#273=FACE_OUTER_BOUND('',#444,.T.);
#274=FACE_OUTER_BOUND('',#445,.T.);
#275=FACE_OUTER_BOUND('',#446,.T.);
#276=FACE_OUTER_BOUND('',#447,.T.);
#277=FACE_OUTER_BOUND('',#448,.T.);
#278=FACE_OUTER_BOUND('',#449,.T.);
#279=FACE_OUTER_BOUND('',#450,.T.);
#280=FACE_OUTER_BOUND('',#451,.T.);
#281=FACE_OUTER_BOUND('',#452,.T.);
#282=FACE_OUTER_BOUND('',#453,.T.);
#283=FACE_OUTER_BOUND('',#454,.T.);
#284=FACE_OUTER_BOUND('',#455,.T.);
#285=FACE_OUTER_BOUND('',#456,.T.);
#286=FACE_OUTER_BOUND('',#457,.T.);
#287=FACE_OUTER_BOUND('',#458,.T.);
#288=FACE_OUTER_BOUND('',#459,.T.);
#289=FACE_OUTER_BOUND('',#460,.T.);
#290=FACE_OUTER_BOUND('',#461,.T.);
#291=FACE_OUTER_BOUND('',#462,.T.);
#292=FACE_OUTER_BOUND('',#465,.T.);
#293=FACE_OUTER_BOUND('',#467,.T.);
#294=FACE_OUTER_BOUND('',#468,.T.);
#295=FACE_OUTER_BOUND('',#469,.T.);
#296=FACE_OUTER_BOUND('',#470,.T.);
#297=FACE_OUTER_BOUND('',#471,.T.);
#298=FACE_OUTER_BOUND('',#473,.T.);
#299=FACE_OUTER_BOUND('',#475,.T.);
#300=FACE_OUTER_BOUND('',#476,.T.);
#301=FACE_OUTER_BOUND('',#477,.T.);
#302=FACE_OUTER_BOUND('',#479,.T.);
#303=FACE_OUTER_BOUND('',#481,.T.);
#304=FACE_OUTER_BOUND('',#482,.T.);
#305=FACE_OUTER_BOUND('',#483,.T.);
#306=FACE_OUTER_BOUND('',#484,.T.);
#307=FACE_OUTER_BOUND('',#485,.T.);
#308=FACE_OUTER_BOUND('',#486,.T.);
#309=FACE_OUTER_BOUND('',#487,.T.);
#310=FACE_OUTER_BOUND('',#488,.T.);
#311=FACE_OUTER_BOUND('',#489,.T.);
#312=FACE_OUTER_BOUND('',#490,.T.);
#313=FACE_OUTER_BOUND('',#492,.T.);
#314=FACE_OUTER_BOUND('',#493,.T.);
#315=FACE_OUTER_BOUND('',#495,.T.);
#316=FACE_OUTER_BOUND('',#497,.T.);
#317=FACE_OUTER_BOUND('',#498,.T.);
#318=FACE_OUTER_BOUND('',#499,.T.);
#319=FACE_OUTER_BOUND('',#501,.T.);
#320=FACE_OUTER_BOUND('',#502,.T.);
#321=FACE_OUTER_BOUND('',#503,.T.);
#322=FACE_OUTER_BOUND('',#504,.T.);
#323=FACE_OUTER_BOUND('',#505,.T.);
#324=FACE_OUTER_BOUND('',#506,.T.);
#325=FACE_OUTER_BOUND('',#507,.T.);
#326=FACE_OUTER_BOUND('',#508,.T.);
#327=FACE_OUTER_BOUND('',#509,.T.);
#328=FACE_OUTER_BOUND('',#510,.T.);
#329=FACE_OUTER_BOUND('',#511,.T.);
#330=FACE_OUTER_BOUND('',#512,.T.);
#331=FACE_OUTER_BOUND('',#513,.T.);
#332=FACE_OUTER_BOUND('',#514,.T.);
#333=FACE_OUTER_BOUND('',#515,.T.);
#334=FACE_OUTER_BOUND('',#516,.T.);
#335=FACE_OUTER_BOUND('',#518,.T.);
#336=FACE_OUTER_BOUND('',#520,.T.);
#337=FACE_OUTER_BOUND('',#521,.T.);
#338=FACE_OUTER_BOUND('',#522,.T.);
#339=FACE_OUTER_BOUND('',#523,.T.);
#340=FACE_OUTER_BOUND('',#524,.T.);
#341=FACE_OUTER_BOUND('',#526,.T.);
#342=FACE_OUTER_BOUND('',#527,.T.);
#343=FACE_OUTER_BOUND('',#528,.T.);
#344=FACE_OUTER_BOUND('',#529,.T.);
#345=FACE_OUTER_BOUND('',#530,.T.);
#346=FACE_OUTER_BOUND('',#531,.T.);
#347=FACE_OUTER_BOUND('',#532,.T.);
#348=FACE_OUTER_BOUND('',#533,.T.);
#349=FACE_OUTER_BOUND('',#534,.T.);
#350=FACE_OUTER_BOUND('',#535,.T.);
#351=FACE_OUTER_BOUND('',#536,.T.);
#352=FACE_OUTER_BOUND('',#537,.T.);
#353=FACE_OUTER_BOUND('',#538,.T.);
#354=FACE_OUTER_BOUND('',#539,.T.);
#355=FACE_OUTER_BOUND('',#540,.T.);
#356=FACE_OUTER_BOUND('',#541,.T.);
#357=FACE_OUTER_BOUND('',#542,.T.);
#358=FACE_OUTER_BOUND('',#543,.T.);
#359=FACE_OUTER_BOUND('',#544,.T.);
#360=FACE_OUTER_BOUND('',#545,.T.);
#361=FACE_OUTER_BOUND('',#546,.T.);
#362=FACE_OUTER_BOUND('',#547,.T.);
#363=FACE_OUTER_BOUND('',#548,.T.);
#364=FACE_OUTER_BOUND('',#549,.T.);
#365=FACE_OUTER_BOUND('',#550,.T.);
#366=FACE_OUTER_BOUND('',#551,.T.);
#367=FACE_OUTER_BOUND('',#552,.T.);
#368=FACE_OUTER_BOUND('',#553,.T.);
#369=FACE_OUTER_BOUND('',#554,.T.);
#370=FACE_OUTER_BOUND('',#555,.T.);
#371=FACE_OUTER_BOUND('',#556,.T.);
#372=FACE_OUTER_BOUND('',#557,.T.);
#373=FACE_OUTER_BOUND('',#558,.T.);
#374=FACE_OUTER_BOUND('',#559,.T.);
#375=FACE_OUTER_BOUND('',#560,.T.);
#376=FACE_OUTER_BOUND('',#561,.T.);
#377=FACE_OUTER_BOUND('',#562,.T.);
#378=FACE_OUTER_BOUND('',#563,.T.);
#379=FACE_OUTER_BOUND('',#564,.T.);
#380=FACE_OUTER_BOUND('',#565,.T.);
#381=FACE_OUTER_BOUND('',#567,.T.);
#382=FACE_OUTER_BOUND('',#568,.T.);
#383=FACE_OUTER_BOUND('',#569,.T.);
#384=FACE_OUTER_BOUND('',#571,.T.);
#385=FACE_OUTER_BOUND('',#572,.T.);
#386=FACE_OUTER_BOUND('',#573,.T.);
#387=FACE_OUTER_BOUND('',#574,.T.);
#388=FACE_OUTER_BOUND('',#576,.T.);
#389=FACE_OUTER_BOUND('',#577,.T.);
#390=FACE_OUTER_BOUND('',#579,.T.);
#391=FACE_OUTER_BOUND('',#580,.T.);
#392=FACE_OUTER_BOUND('',#581,.T.);
#393=FACE_OUTER_BOUND('',#582,.T.);
#394=FACE_OUTER_BOUND('',#583,.T.);
#395=FACE_OUTER_BOUND('',#585,.T.);
#396=FACE_OUTER_BOUND('',#586,.T.);
#397=FACE_OUTER_BOUND('',#587,.T.);
#398=FACE_OUTER_BOUND('',#588,.T.);
#399=FACE_OUTER_BOUND('',#589,.T.);
#400=FACE_OUTER_BOUND('',#590,.T.);
#401=EDGE_LOOP('',(#2140,#2141,#2142,#2143));
#402=EDGE_LOOP('',(#2144,#2145,#2146,#2147));
#403=EDGE_LOOP('',(#2148,#2149,#2150,#2151));
#404=EDGE_LOOP('',(#2152,#2153,#2154,#2155));
#405=EDGE_LOOP('',(#2156));
#406=EDGE_LOOP('',(#2157));
#407=EDGE_LOOP('',(#2158,#2159,#2160,#2161));
#408=EDGE_LOOP('',(#2162,#2163,#2164,#2165));
#409=EDGE_LOOP('',(#2166,#2167,#2168,#2169));
#410=EDGE_LOOP('',(#2170,#2171,#2172,#2173));
#411=EDGE_LOOP('',(#2174,#2175,#2176,#2177));
#412=EDGE_LOOP('',(#2178,#2179,#2180,#2181));
#413=EDGE_LOOP('',(#2182,#2183,#2184,#2185));
#414=EDGE_LOOP('',(#2186,#2187,#2188,#2189));
#415=EDGE_LOOP('',(#2190,#2191,#2192,#2193));
#416=EDGE_LOOP('',(#2194,#2195,#2196,#2197));
#417=EDGE_LOOP('',(#2198,#2199,#2200,#2201));
#418=EDGE_LOOP('',(#2202,#2203,#2204,#2205));
#419=EDGE_LOOP('',(#2206,#2207,#2208,#2209));
#420=EDGE_LOOP('',(#2210,#2211,#2212,#2213));
#421=EDGE_LOOP('',(#2214,#2215,#2216,#2217));
#422=EDGE_LOOP('',(#2218,#2219,#2220,#2221));
#423=EDGE_LOOP('',(#2222,#2223,#2224,#2225));
#424=EDGE_LOOP('',(#2226,#2227,#2228,#2229));
#425=EDGE_LOOP('',(#2230,#2231,#2232,#2233));
#426=EDGE_LOOP('',(#2234));
#427=EDGE_LOOP('',(#2235,#2236,#2237,#2238));
#428=EDGE_LOOP('',(#2239,#2240,#2241,#2242));
#429=EDGE_LOOP('',(#2243,#2244,#2245,#2246));
#430=EDGE_LOOP('',(#2247,#2248,#2249,#2250));
#431=EDGE_LOOP('',(#2251,#2252,#2253,#2254));
#432=EDGE_LOOP('',(#2255,#2256,#2257,#2258));
#433=EDGE_LOOP('',(#2259,#2260,#2261,#2262));
#434=EDGE_LOOP('',(#2263,#2264,#2265,#2266));
#435=EDGE_LOOP('',(#2267,#2268,#2269,#2270));
#436=EDGE_LOOP('',(#2271,#2272,#2273,#2274));
#437=EDGE_LOOP('',(#2275,#2276,#2277,#2278));
#438=EDGE_LOOP('',(#2279,#2280,#2281,#2282));
#439=EDGE_LOOP('',(#2283,#2284,#2285,#2286));
#440=EDGE_LOOP('',(#2287,#2288,#2289,#2290));
#441=EDGE_LOOP('',(#2291,#2292,#2293,#2294));
#442=EDGE_LOOP('',(#2295,#2296,#2297,#2298));
#443=EDGE_LOOP('',(#2299,#2300,#2301,#2302));
#444=EDGE_LOOP('',(#2303,#2304,#2305,#2306));
#445=EDGE_LOOP('',(#2307,#2308,#2309,#2310));
#446=EDGE_LOOP('',(#2311,#2312,#2313,#2314));
#447=EDGE_LOOP('',(#2315,#2316,#2317,#2318));
#448=EDGE_LOOP('',(#2319,#2320,#2321,#2322));
#449=EDGE_LOOP('',(#2323,#2324,#2325,#2326));
#450=EDGE_LOOP('',(#2327,#2328,#2329,#2330));
#451=EDGE_LOOP('',(#2331,#2332,#2333,#2334));
#452=EDGE_LOOP('',(#2335,#2336,#2337,#2338));
#453=EDGE_LOOP('',(#2339,#2340,#2341,#2342));
#454=EDGE_LOOP('',(#2343,#2344,#2345,#2346));
#455=EDGE_LOOP('',(#2347,#2348,#2349,#2350));
#456=EDGE_LOOP('',(#2351,#2352,#2353,#2354));
#457=EDGE_LOOP('',(#2355,#2356,#2357,#2358));
#458=EDGE_LOOP('',(#2359,#2360,#2361,#2362));
#459=EDGE_LOOP('',(#2363,#2364,#2365,#2366));
#460=EDGE_LOOP('',(#2367,#2368,#2369,#2370));
#461=EDGE_LOOP('',(#2371,#2372,#2373,#2374));
#462=EDGE_LOOP('',(#2375,#2376,#2377,#2378));
#463=EDGE_LOOP('',(#2379));
#464=EDGE_LOOP('',(#2380));
#465=EDGE_LOOP('',(#2381,#2382,#2383,#2384));
#466=EDGE_LOOP('',(#2385));
#467=EDGE_LOOP('',(#2386,#2387,#2388,#2389,#2390,#2391,#2392,#2393,#2394,
#2395,#2396,#2397,#2398,#2399,#2400,#2401,#2402,#2403,#2404,#2405,#2406,
#2407,#2408,#2409,#2410,#2411,#2412,#2413,#2414,#2415,#2416,#2417,#2418,
#2419,#2420,#2421,#2422,#2423,#2424,#2425,#2426,#2427,#2428,#2429,#2430,
#2431,#2432,#2433,#2434,#2435,#2436,#2437,#2438,#2439,#2440,#2441,#2442));
#468=EDGE_LOOP('',(#2443,#2444,#2445,#2446,#2447,#2448,#2449,#2450,#2451,
#2452,#2453,#2454,#2455,#2456,#2457,#2458,#2459,#2460,#2461,#2462,#2463,
#2464,#2465,#2466,#2467,#2468,#2469,#2470,#2471,#2472,#2473,#2474,#2475,
#2476,#2477,#2478,#2479,#2480,#2481,#2482,#2483,#2484,#2485,#2486,#2487,
#2488,#2489,#2490,#2491,#2492,#2493,#2494,#2495,#2496,#2497,#2498,#2499));
#469=EDGE_LOOP('',(#2500,#2501,#2502,#2503));
#470=EDGE_LOOP('',(#2504,#2505,#2506,#2507));
#471=EDGE_LOOP('',(#2508));
#472=EDGE_LOOP('',(#2509));
#473=EDGE_LOOP('',(#2510));
#474=EDGE_LOOP('',(#2511));
#475=EDGE_LOOP('',(#2512,#2513,#2514,#2515));
#476=EDGE_LOOP('',(#2516,#2517,#2518,#2519));
#477=EDGE_LOOP('',(#2520));
#478=EDGE_LOOP('',(#2521));
#479=EDGE_LOOP('',(#2522,#2523,#2524,#2525,#2526,#2527));
#480=EDGE_LOOP('',(#2528));
#481=EDGE_LOOP('',(#2529,#2530,#2531,#2532));
#482=EDGE_LOOP('',(#2533,#2534,#2535,#2536,#2537));
#483=EDGE_LOOP('',(#2538,#2539,#2540,#2541));
#484=EDGE_LOOP('',(#2542,#2543,#2544,#2545));
#485=EDGE_LOOP('',(#2546,#2547,#2548,#2549));
#486=EDGE_LOOP('',(#2550,#2551,#2552,#2553));
#487=EDGE_LOOP('',(#2554,#2555,#2556,#2557,#2558,#2559,#2560,#2561,#2562,
#2563));
#488=EDGE_LOOP('',(#2564,#2565,#2566,#2567));
#489=EDGE_LOOP('',(#2568,#2569,#2570,#2571));
#490=EDGE_LOOP('',(#2572));
#491=EDGE_LOOP('',(#2573));
#492=EDGE_LOOP('',(#2574,#2575,#2576,#2577));
#493=EDGE_LOOP('',(#2578));
#494=EDGE_LOOP('',(#2579));
#495=EDGE_LOOP('',(#2580));
#496=EDGE_LOOP('',(#2581));
#497=EDGE_LOOP('',(#2582,#2583,#2584,#2585));
#498=EDGE_LOOP('',(#2586,#2587,#2588,#2589));
#499=EDGE_LOOP('',(#2590));
#500=EDGE_LOOP('',(#2591));
#501=EDGE_LOOP('',(#2592,#2593,#2594,#2595));
#502=EDGE_LOOP('',(#2596,#2597,#2598,#2599));
#503=EDGE_LOOP('',(#2600,#2601,#2602,#2603,#2604,#2605));
#504=EDGE_LOOP('',(#2606,#2607,#2608,#2609,#2610));
#505=EDGE_LOOP('',(#2611,#2612,#2613,#2614,#2615,#2616));
#506=EDGE_LOOP('',(#2617,#2618,#2619,#2620,#2621));
#507=EDGE_LOOP('',(#2622,#2623,#2624,#2625));
#508=EDGE_LOOP('',(#2626,#2627,#2628,#2629));
#509=EDGE_LOOP('',(#2630,#2631,#2632,#2633,#2634,#2635,#2636,#2637,#2638,
#2639,#2640,#2641));
#510=EDGE_LOOP('',(#2642,#2643,#2644,#2645));
#511=EDGE_LOOP('',(#2646,#2647,#2648,#2649));
#512=EDGE_LOOP('',(#2650,#2651,#2652,#2653));
#513=EDGE_LOOP('',(#2654,#2655,#2656,#2657));
#514=EDGE_LOOP('',(#2658,#2659,#2660,#2661,#2662,#2663,#2664,#2665,#2666,
#2667,#2668,#2669,#2670,#2671,#2672,#2673));
#515=EDGE_LOOP('',(#2674,#2675,#2676,#2677));
#516=EDGE_LOOP('',(#2678));
#517=EDGE_LOOP('',(#2679));
#518=EDGE_LOOP('',(#2680,#2681,#2682,#2683,#2684,#2685,#2686,#2687));
#519=EDGE_LOOP('',(#2688));
#520=EDGE_LOOP('',(#2689,#2690,#2691,#2692));
#521=EDGE_LOOP('',(#2693,#2694,#2695,#2696));
#522=EDGE_LOOP('',(#2697,#2698,#2699,#2700));
#523=EDGE_LOOP('',(#2701,#2702,#2703,#2704));
#524=EDGE_LOOP('',(#2705,#2706,#2707,#2708));
#525=EDGE_LOOP('',(#2709));
#526=EDGE_LOOP('',(#2710,#2711,#2712,#2713));
#527=EDGE_LOOP('',(#2714,#2715,#2716,#2717,#2718,#2719,#2720,#2721,#2722,
#2723,#2724,#2725));
#528=EDGE_LOOP('',(#2726,#2727,#2728,#2729));
#529=EDGE_LOOP('',(#2730,#2731,#2732,#2733));
#530=EDGE_LOOP('',(#2734,#2735,#2736,#2737));
#531=EDGE_LOOP('',(#2738,#2739,#2740,#2741));
#532=EDGE_LOOP('',(#2742,#2743,#2744,#2745,#2746,#2747,#2748,#2749,#2750,
#2751,#2752,#2753));
#533=EDGE_LOOP('',(#2754,#2755,#2756,#2757));
#534=EDGE_LOOP('',(#2758,#2759,#2760,#2761));
#535=EDGE_LOOP('',(#2762,#2763,#2764,#2765,#2766,#2767,#2768,#2769,#2770,
#2771));
#536=EDGE_LOOP('',(#2772,#2773,#2774,#2775));
#537=EDGE_LOOP('',(#2776,#2777,#2778,#2779));
#538=EDGE_LOOP('',(#2780,#2781,#2782,#2783));
#539=EDGE_LOOP('',(#2784,#2785,#2786,#2787));
#540=EDGE_LOOP('',(#2788,#2789,#2790,#2791));
#541=EDGE_LOOP('',(#2792,#2793,#2794,#2795));
#542=EDGE_LOOP('',(#2796,#2797,#2798,#2799,#2800,#2801,#2802,#2803,#2804,
#2805,#2806,#2807,#2808,#2809,#2810,#2811,#2812,#2813,#2814,#2815,#2816,
#2817,#2818,#2819));
#543=EDGE_LOOP('',(#2820,#2821,#2822,#2823));
#544=EDGE_LOOP('',(#2824,#2825,#2826,#2827));
#545=EDGE_LOOP('',(#2828,#2829,#2830,#2831));
#546=EDGE_LOOP('',(#2832,#2833,#2834,#2835));
#547=EDGE_LOOP('',(#2836,#2837,#2838,#2839));
#548=EDGE_LOOP('',(#2840,#2841,#2842,#2843));
#549=EDGE_LOOP('',(#2844,#2845,#2846,#2847));
#550=EDGE_LOOP('',(#2848,#2849,#2850,#2851));
#551=EDGE_LOOP('',(#2852,#2853,#2854,#2855));
#552=EDGE_LOOP('',(#2856,#2857,#2858,#2859));
#553=EDGE_LOOP('',(#2860,#2861,#2862,#2863));
#554=EDGE_LOOP('',(#2864,#2865,#2866,#2867));
#555=EDGE_LOOP('',(#2868,#2869,#2870,#2871));
#556=EDGE_LOOP('',(#2872,#2873,#2874,#2875));
#557=EDGE_LOOP('',(#2876,#2877,#2878,#2879));
#558=EDGE_LOOP('',(#2880,#2881,#2882,#2883,#2884,#2885,#2886,#2887,#2888,
#2889,#2890,#2891,#2892,#2893,#2894,#2895,#2896,#2897,#2898,#2899,#2900,
#2901,#2902,#2903));
#559=EDGE_LOOP('',(#2904,#2905,#2906,#2907));
#560=EDGE_LOOP('',(#2908));
#561=EDGE_LOOP('',(#2909,#2910,#2911,#2912,#2913,#2914,#2915,#2916));
#562=EDGE_LOOP('',(#2917,#2918,#2919,#2920));
#563=EDGE_LOOP('',(#2921,#2922,#2923,#2924));
#564=EDGE_LOOP('',(#2925,#2926,#2927,#2928));
#565=EDGE_LOOP('',(#2929,#2930,#2931,#2932,#2933,#2934,#2935,#2936));
#566=EDGE_LOOP('',(#2937));
#567=EDGE_LOOP('',(#2938,#2939,#2940,#2941,#2942,#2943,#2944,#2945));
#568=EDGE_LOOP('',(#2946,#2947,#2948,#2949));
#569=EDGE_LOOP('',(#2950,#2951,#2952,#2953));
#570=EDGE_LOOP('',(#2954));
#571=EDGE_LOOP('',(#2955,#2956,#2957,#2958));
#572=EDGE_LOOP('',(#2959,#2960,#2961,#2962));
#573=EDGE_LOOP('',(#2963,#2964,#2965,#2966));
#574=EDGE_LOOP('',(#2967));
#575=EDGE_LOOP('',(#2968));
#576=EDGE_LOOP('',(#2969,#2970,#2971,#2972));
#577=EDGE_LOOP('',(#2973));
#578=EDGE_LOOP('',(#2974));
#579=EDGE_LOOP('',(#2975,#2976,#2977,#2978));
#580=EDGE_LOOP('',(#2979,#2980,#2981,#2982));
#581=EDGE_LOOP('',(#2983,#2984,#2985,#2986));
#582=EDGE_LOOP('',(#2987,#2988,#2989,#2990));
#583=EDGE_LOOP('',(#2991,#2992,#2993,#2994,#2995,#2996,#2997,#2998));
#584=EDGE_LOOP('',(#2999));
#585=EDGE_LOOP('',(#3000,#3001,#3002,#3003));
#586=EDGE_LOOP('',(#3004,#3005,#3006,#3007));
#587=EDGE_LOOP('',(#3008,#3009,#3010,#3011));
#588=EDGE_LOOP('',(#3012,#3013,#3014,#3015));
#589=EDGE_LOOP('',(#3016,#3017,#3018,#3019));
#590=EDGE_LOOP('',(#3020,#3021,#3022,#3023));
#591=LINE('',#4389,#969);
#592=LINE('',#4395,#970);
#593=LINE('',#4401,#971);
#594=LINE('',#4406,#972);
#595=LINE('',#4408,#973);
#596=LINE('',#4410,#974);
#597=LINE('',#4411,#975);
#598=LINE('',#4414,#976);
#599=LINE('',#4416,#977);
#600=LINE('',#4417,#978);
#601=LINE('',#4420,#979);
#602=LINE('',#4422,#980);
#603=LINE('',#4423,#981);
#604=LINE('',#4426,#982);
#605=LINE('',#4428,#983);
#606=LINE('',#4429,#984);
#607=LINE('',#4432,#985);
#608=LINE('',#4434,#986);
#609=LINE('',#4435,#987);
#610=LINE('',#4438,#988);
#611=LINE('',#4440,#989);
#612=LINE('',#4441,#990);
#613=LINE('',#4444,#991);
#614=LINE('',#4446,#992);
#615=LINE('',#4447,#993);
#616=LINE('',#4450,#994);
#617=LINE('',#4452,#995);
#618=LINE('',#4453,#996);
#619=LINE('',#4456,#997);
#620=LINE('',#4458,#998);
#621=LINE('',#4459,#999);
#622=LINE('',#4462,#1000);
#623=LINE('',#4464,#1001);
#624=LINE('',#4465,#1002);
#625=LINE('',#4468,#1003);
#626=LINE('',#4470,#1004);
#627=LINE('',#4471,#1005);
#628=LINE('',#4474,#1006);
#629=LINE('',#4476,#1007);
#630=LINE('',#4477,#1008);
#631=LINE('',#4480,#1009);
#632=LINE('',#4482,#1010);
#633=LINE('',#4483,#1011);
#634=LINE('',#4486,#1012);
#635=LINE('',#4488,#1013);
#636=LINE('',#4489,#1014);
#637=LINE('',#4492,#1015);
#638=LINE('',#4494,#1016);
#639=LINE('',#4495,#1017);
#640=LINE('',#4498,#1018);
#641=LINE('',#4500,#1019);
#642=LINE('',#4501,#1020);
#643=LINE('',#4504,#1021);
#644=LINE('',#4506,#1022);
#645=LINE('',#4507,#1023);
#646=LINE('',#4510,#1024);
#647=LINE('',#4512,#1025);
#648=LINE('',#4513,#1026);
#649=LINE('',#4516,#1027);
#650=LINE('',#4518,#1028);
#651=LINE('',#4519,#1029);
#652=LINE('',#4522,#1030);
#653=LINE('',#4524,#1031);
#654=LINE('',#4525,#1032);
#655=LINE('',#4528,#1033);
#656=LINE('',#4530,#1034);
#657=LINE('',#4531,#1035);
#658=LINE('',#4534,#1036);
#659=LINE('',#4536,#1037);
#660=LINE('',#4537,#1038);
#661=LINE('',#4540,#1039);
#662=LINE('',#4542,#1040);
#663=LINE('',#4543,#1041);
#664=LINE('',#4546,#1042);
#665=LINE('',#4548,#1043);
#666=LINE('',#4549,#1044);
#667=LINE('',#4552,#1045);
#668=LINE('',#4554,#1046);
#669=LINE('',#4555,#1047);
#670=LINE('',#4558,#1048);
#671=LINE('',#4560,#1049);
#672=LINE('',#4561,#1050);
#673=LINE('',#4564,#1051);
#674=LINE('',#4566,#1052);
#675=LINE('',#4567,#1053);
#676=LINE('',#4570,#1054);
#677=LINE('',#4572,#1055);
#678=LINE('',#4573,#1056);
#679=LINE('',#4576,#1057);
#680=LINE('',#4578,#1058);
#681=LINE('',#4579,#1059);
#682=LINE('',#4582,#1060);
#683=LINE('',#4584,#1061);
#684=LINE('',#4585,#1062);
#685=LINE('',#4588,#1063);
#686=LINE('',#4590,#1064);
#687=LINE('',#4591,#1065);
#688=LINE('',#4594,#1066);
#689=LINE('',#4596,#1067);
#690=LINE('',#4597,#1068);
#691=LINE('',#4600,#1069);
#692=LINE('',#4602,#1070);
#693=LINE('',#4603,#1071);
#694=LINE('',#4606,#1072);
#695=LINE('',#4608,#1073);
#696=LINE('',#4609,#1074);
#697=LINE('',#4612,#1075);
#698=LINE('',#4614,#1076);
#699=LINE('',#4615,#1077);
#700=LINE('',#4618,#1078);
#701=LINE('',#4620,#1079);
#702=LINE('',#4621,#1080);
#703=LINE('',#4624,#1081);
#704=LINE('',#4626,#1082);
#705=LINE('',#4627,#1083);
#706=LINE('',#4630,#1084);
#707=LINE('',#4632,#1085);
#708=LINE('',#4633,#1086);
#709=LINE('',#4636,#1087);
#710=LINE('',#4638,#1088);
#711=LINE('',#4639,#1089);
#712=LINE('',#4642,#1090);
#713=LINE('',#4644,#1091);
#714=LINE('',#4645,#1092);
#715=LINE('',#4648,#1093);
#716=LINE('',#4650,#1094);
#717=LINE('',#4651,#1095);
#718=LINE('',#4654,#1096);
#719=LINE('',#4656,#1097);
#720=LINE('',#4657,#1098);
#721=LINE('',#4660,#1099);
#722=LINE('',#4662,#1100);
#723=LINE('',#4663,#1101);
#724=LINE('',#4666,#1102);
#725=LINE('',#4668,#1103);
#726=LINE('',#4669,#1104);
#727=LINE('',#4672,#1105);
#728=LINE('',#4674,#1106);
#729=LINE('',#4675,#1107);
#730=LINE('',#4678,#1108);
#731=LINE('',#4680,#1109);
#732=LINE('',#4681,#1110);
#733=LINE('',#4684,#1111);
#734=LINE('',#4686,#1112);
#735=LINE('',#4687,#1113);
#736=LINE('',#4690,#1114);
#737=LINE('',#4692,#1115);
#738=LINE('',#4693,#1116);
#739=LINE('',#4696,#1117);
#740=LINE('',#4698,#1118);
#741=LINE('',#4699,#1119);
#742=LINE('',#4702,#1120);
#743=LINE('',#4704,#1121);
#744=LINE('',#4705,#1122);
#745=LINE('',#4708,#1123);
#746=LINE('',#4710,#1124);
#747=LINE('',#4711,#1125);
#748=LINE('',#4714,#1126);
#749=LINE('',#4716,#1127);
#750=LINE('',#4717,#1128);
#751=LINE('',#4720,#1129);
#752=LINE('',#4722,#1130);
#753=LINE('',#4723,#1131);
#754=LINE('',#4726,#1132);
#755=LINE('',#4728,#1133);
#756=LINE('',#4729,#1134);
#757=LINE('',#4732,#1135);
#758=LINE('',#4734,#1136);
#759=LINE('',#4735,#1137);
#760=LINE('',#4738,#1138);
#761=LINE('',#4740,#1139);
#762=LINE('',#4741,#1140);
#763=LINE('',#4743,#1141);
#764=LINE('',#4744,#1142);
#765=LINE('',#4752,#1143);
#766=LINE('',#4758,#1144);
#767=LINE('',#4767,#1145);
#768=LINE('',#4773,#1146);
#769=LINE('',#4779,#1147);
#770=LINE('',#4781,#1148);
#771=LINE('',#4783,#1149);
#772=LINE('',#4785,#1150);
#773=LINE('',#4787,#1151);
#774=LINE('',#4788,#1152);
#775=LINE('',#4791,#1153);
#776=LINE('',#4796,#1154);
#777=LINE('',#4799,#1155);
#778=LINE('',#4809,#1156);
#779=LINE('',#4815,#1157);
#780=LINE('',#4821,#1158);
#781=LINE('',#4831,#1159);
#782=LINE('',#4836,#1160);
#783=LINE('',#4839,#1161);
#784=LINE('',#4846,#1162);
#785=LINE('',#4857,#1163);
#786=LINE('',#4861,#1164);
#787=LINE('',#4869,#1165);
#788=LINE('',#4872,#1166);
#789=LINE('',#4875,#1167);
#790=LINE('',#4877,#1168);
#791=LINE('',#4878,#1169);
#792=LINE('',#4884,#1170);
#793=LINE('',#4888,#1171);
#794=LINE('',#4891,#1172);
#795=LINE('',#4894,#1173);
#796=LINE('',#4896,#1174);
#797=LINE('',#4898,#1175);
#798=LINE('',#4899,#1176);
#799=LINE('',#4906,#1177);
#800=LINE('',#4909,#1178);
#801=LINE('',#4912,#1179);
#802=LINE('',#4914,#1180);
#803=LINE('',#4916,#1181);
#804=LINE('',#4917,#1182);
#805=LINE('',#4920,#1183);
#806=LINE('',#4921,#1184);
#807=LINE('',#4923,#1185);
#808=LINE('',#4924,#1186);
#809=LINE('',#4927,#1187);
#810=LINE('',#4929,#1188);
#811=LINE('',#4931,#1189);
#812=LINE('',#4933,#1190);
#813=LINE('',#4935,#1191);
#814=LINE('',#4936,#1192);
#815=LINE('',#4938,#1193);
#816=LINE('',#4941,#1194);
#817=LINE('',#4943,#1195);
#818=LINE('',#4944,#1196);
#819=LINE('',#4950,#1197);
#820=LINE('',#4952,#1198);
#821=LINE('',#4953,#1199);
#822=LINE('',#4959,#1200);
#823=LINE('',#4960,#1201);
#824=LINE('',#4962,#1202);
#825=LINE('',#4964,#1203);
#826=LINE('',#4968,#1204);
#827=LINE('',#4970,#1205);
#828=LINE('',#4971,#1206);
#829=LINE('',#4976,#1207);
#830=LINE('',#4984,#1208);
#831=LINE('',#4986,#1209);
#832=LINE('',#4988,#1210);
#833=LINE('',#4992,#1211);
#834=LINE('',#4994,#1212);
#835=LINE('',#4996,#1213);
#836=LINE('',#5001,#1214);
#837=LINE('',#5004,#1215);
#838=LINE('',#5006,#1216);
#839=LINE('',#5007,#1217);
#840=LINE('',#5010,#1218);
#841=LINE('',#5011,#1219);
#842=LINE('',#5014,#1220);
#843=LINE('',#5018,#1221);
#844=LINE('',#5020,#1222);
#845=LINE('',#5021,#1223);
#846=LINE('',#5024,#1224);
#847=LINE('',#5025,#1225);
#848=LINE('',#5028,#1226);
#849=LINE('',#5030,#1227);
#850=LINE('',#5032,#1228);
#851=LINE('',#5033,#1229);
#852=LINE('',#5035,#1230);
#853=LINE('',#5037,#1231);
#854=LINE('',#5039,#1232);
#855=LINE('',#5041,#1233);
#856=LINE('',#5042,#1234);
#857=LINE('',#5045,#1235);
#858=LINE('',#5046,#1236);
#859=LINE('',#5050,#1237);
#860=LINE('',#5052,#1238);
#861=LINE('',#5055,#1239);
#862=LINE('',#5056,#1240);
#863=LINE('',#5059,#1241);
#864=LINE('',#5061,#1242);
#865=LINE('',#5062,#1243);
#866=LINE('',#5066,#1244);
#867=LINE('',#5069,#1245);
#868=LINE('',#5070,#1246);
#869=LINE('',#5073,#1247);
#870=LINE('',#5074,#1248);
#871=LINE('',#5077,#1249);
#872=LINE('',#5078,#1250);
#873=LINE('',#5082,#1251);
#874=LINE('',#5084,#1252);
#875=LINE('',#5086,#1253);
#876=LINE('',#5087,#1254);
#877=LINE('',#5093,#1255);
#878=LINE('',#5095,#1256);
#879=LINE('',#5097,#1257);
#880=LINE('',#5099,#1258);
#881=LINE('',#5101,#1259);
#882=LINE('',#5105,#1260);
#883=LINE('',#5107,#1261);
#884=LINE('',#5109,#1262);
#885=LINE('',#5110,#1263);
#886=LINE('',#5112,#1264);
#887=LINE('',#5114,#1265);
#888=LINE('',#5116,#1266);
#889=LINE('',#5118,#1267);
#890=LINE('',#5122,#1268);
#891=LINE('',#5123,#1269);
#892=LINE('',#5126,#1270);
#893=LINE('',#5127,#1271);
#894=LINE('',#5130,#1272);
#895=LINE('',#5131,#1273);
#896=LINE('',#5134,#1274);
#897=LINE('',#5135,#1275);
#898=LINE('',#5138,#1276);
#899=LINE('',#5142,#1277);
#900=LINE('',#5143,#1278);
#901=LINE('',#5146,#1279);
#902=LINE('',#5147,#1280);
#903=LINE('',#5150,#1281);
#904=LINE('',#5151,#1282);
#905=LINE('',#5154,#1283);
#906=LINE('',#5155,#1284);
#907=LINE('',#5158,#1285);
#908=LINE('',#5159,#1286);
#909=LINE('',#5162,#1287);
#910=LINE('',#5163,#1288);
#911=LINE('',#5166,#1289);
#912=LINE('',#5167,#1290);
#913=LINE('',#5170,#1291);
#914=LINE('',#5171,#1292);
#915=LINE('',#5174,#1293);
#916=LINE('',#5175,#1294);
#917=LINE('',#5184,#1295);
#918=LINE('',#5190,#1296);
#919=LINE('',#5192,#1297);
#920=LINE('',#5194,#1298);
#921=LINE('',#5196,#1299);
#922=LINE('',#5198,#1300);
#923=LINE('',#5200,#1301);
#924=LINE('',#5202,#1302);
#925=LINE('',#5203,#1303);
#926=LINE('',#5206,#1304);
#927=LINE('',#5208,#1305);
#928=LINE('',#5209,#1306);
#929=LINE('',#5212,#1307);
#930=LINE('',#5213,#1308);
#931=LINE('',#5216,#1309);
#932=LINE('',#5217,#1310);
#933=LINE('',#5220,#1311);
#934=LINE('',#5222,#1312);
#935=LINE('',#5224,#1313);
#936=LINE('',#5226,#1314);
#937=LINE('',#5228,#1315);
#938=LINE('',#5229,#1316);
#939=LINE('',#5235,#1317);
#940=LINE('',#5237,#1318);
#941=LINE('',#5238,#1319);
#942=LINE('',#5239,#1320);
#943=LINE('',#5243,#1321);
#944=LINE('',#5244,#1322);
#945=LINE('',#5245,#1323);
#946=LINE('',#5247,#1324);
#947=LINE('',#5251,#1325);
#948=LINE('',#5252,#1326);
#949=LINE('',#5253,#1327);
#950=LINE('',#5255,#1328);
#951=LINE('',#5260,#1329);
#952=LINE('',#5266,#1330);
#953=LINE('',#5273,#1331);
#954=LINE('',#5275,#1332);
#955=LINE('',#5277,#1333);
#956=LINE('',#5279,#1334);
#957=LINE('',#5285,#1335);
#958=LINE('',#5287,#1336);
#959=LINE('',#5289,#1337);
#960=LINE('',#5290,#1338);
#961=LINE('',#5293,#1339);
#962=LINE('',#5295,#1340);
#963=LINE('',#5296,#1341);
#964=LINE('',#5299,#1342);
#965=LINE('',#5301,#1343);
#966=LINE('',#5302,#1344);
#967=LINE('',#5304,#1345);
#968=LINE('',#5305,#1346);
#969=VECTOR('',#3537,0.925);
#970=VECTOR('',#3544,1.6);
#971=VECTOR('',#3551,1.6);
#972=VECTOR('',#3556,10.);
#973=VECTOR('',#3557,10.);
#974=VECTOR('',#3558,10.);
#975=VECTOR('',#3559,10.);
#976=VECTOR('',#3562,10.);
#977=VECTOR('',#3563,10.);
#978=VECTOR('',#3564,10.);
#979=VECTOR('',#3567,10.);
#980=VECTOR('',#3568,10.);
#981=VECTOR('',#3569,10.);
#982=VECTOR('',#3572,10.);
#983=VECTOR('',#3573,10.);
#984=VECTOR('',#3574,10.);
#985=VECTOR('',#3577,10.);
#986=VECTOR('',#3578,10.);
#987=VECTOR('',#3579,10.);
#988=VECTOR('',#3582,10.);
#989=VECTOR('',#3583,10.);
#990=VECTOR('',#3584,10.);
#991=VECTOR('',#3587,10.);
#992=VECTOR('',#3588,10.);
#993=VECTOR('',#3589,10.);
#994=VECTOR('',#3592,10.);
#995=VECTOR('',#3593,10.);
#996=VECTOR('',#3594,10.);
#997=VECTOR('',#3597,10.);
#998=VECTOR('',#3598,10.);
#999=VECTOR('',#3599,10.);
#1000=VECTOR('',#3602,10.);
#1001=VECTOR('',#3603,10.);
#1002=VECTOR('',#3604,10.);
#1003=VECTOR('',#3607,10.);
#1004=VECTOR('',#3608,10.);
#1005=VECTOR('',#3609,10.);
#1006=VECTOR('',#3612,10.);
#1007=VECTOR('',#3613,10.);
#1008=VECTOR('',#3614,10.);
#1009=VECTOR('',#3617,10.);
#1010=VECTOR('',#3618,10.);
#1011=VECTOR('',#3619,10.);
#1012=VECTOR('',#3622,10.);
#1013=VECTOR('',#3623,10.);
#1014=VECTOR('',#3624,10.);
#1015=VECTOR('',#3627,10.);
#1016=VECTOR('',#3628,10.);
#1017=VECTOR('',#3629,10.);
#1018=VECTOR('',#3632,10.);
#1019=VECTOR('',#3633,10.);
#1020=VECTOR('',#3634,10.);
#1021=VECTOR('',#3637,10.);
#1022=VECTOR('',#3638,10.);
#1023=VECTOR('',#3639,10.);
#1024=VECTOR('',#3642,10.);
#1025=VECTOR('',#3643,10.);
#1026=VECTOR('',#3644,10.);
#1027=VECTOR('',#3647,10.);
#1028=VECTOR('',#3648,10.);
#1029=VECTOR('',#3649,10.);
#1030=VECTOR('',#3652,10.);
#1031=VECTOR('',#3653,10.);
#1032=VECTOR('',#3654,10.);
#1033=VECTOR('',#3657,10.);
#1034=VECTOR('',#3658,10.);
#1035=VECTOR('',#3659,10.);
#1036=VECTOR('',#3662,10.);
#1037=VECTOR('',#3663,10.);
#1038=VECTOR('',#3664,10.);
#1039=VECTOR('',#3667,10.);
#1040=VECTOR('',#3668,10.);
#1041=VECTOR('',#3669,10.);
#1042=VECTOR('',#3672,10.);
#1043=VECTOR('',#3673,10.);
#1044=VECTOR('',#3674,10.);
#1045=VECTOR('',#3677,10.);
#1046=VECTOR('',#3678,10.);
#1047=VECTOR('',#3679,10.);
#1048=VECTOR('',#3682,10.);
#1049=VECTOR('',#3683,10.);
#1050=VECTOR('',#3684,10.);
#1051=VECTOR('',#3687,10.);
#1052=VECTOR('',#3688,10.);
#1053=VECTOR('',#3689,10.);
#1054=VECTOR('',#3692,10.);
#1055=VECTOR('',#3693,10.);
#1056=VECTOR('',#3694,10.);
#1057=VECTOR('',#3697,10.);
#1058=VECTOR('',#3698,10.);
#1059=VECTOR('',#3699,10.);
#1060=VECTOR('',#3702,10.);
#1061=VECTOR('',#3703,10.);
#1062=VECTOR('',#3704,10.);
#1063=VECTOR('',#3707,10.);
#1064=VECTOR('',#3708,10.);
#1065=VECTOR('',#3709,10.);
#1066=VECTOR('',#3712,10.);
#1067=VECTOR('',#3713,10.);
#1068=VECTOR('',#3714,10.);
#1069=VECTOR('',#3717,10.);
#1070=VECTOR('',#3718,10.);
#1071=VECTOR('',#3719,10.);
#1072=VECTOR('',#3722,10.);
#1073=VECTOR('',#3723,10.);
#1074=VECTOR('',#3724,10.);
#1075=VECTOR('',#3727,10.);
#1076=VECTOR('',#3728,10.);
#1077=VECTOR('',#3729,10.);
#1078=VECTOR('',#3732,10.);
#1079=VECTOR('',#3733,10.);
#1080=VECTOR('',#3734,10.);
#1081=VECTOR('',#3737,10.);
#1082=VECTOR('',#3738,10.);
#1083=VECTOR('',#3739,10.);
#1084=VECTOR('',#3742,10.);
#1085=VECTOR('',#3743,10.);
#1086=VECTOR('',#3744,10.);
#1087=VECTOR('',#3747,10.);
#1088=VECTOR('',#3748,10.);
#1089=VECTOR('',#3749,10.);
#1090=VECTOR('',#3752,10.);
#1091=VECTOR('',#3753,10.);
#1092=VECTOR('',#3754,10.);
#1093=VECTOR('',#3757,10.);
#1094=VECTOR('',#3758,10.);
#1095=VECTOR('',#3759,10.);
#1096=VECTOR('',#3762,10.);
#1097=VECTOR('',#3763,10.);
#1098=VECTOR('',#3764,10.);
#1099=VECTOR('',#3767,10.);
#1100=VECTOR('',#3768,10.);
#1101=VECTOR('',#3769,10.);
#1102=VECTOR('',#3772,10.);
#1103=VECTOR('',#3773,10.);
#1104=VECTOR('',#3774,10.);
#1105=VECTOR('',#3777,10.);
#1106=VECTOR('',#3778,10.);
#1107=VECTOR('',#3779,10.);
#1108=VECTOR('',#3782,10.);
#1109=VECTOR('',#3783,10.);
#1110=VECTOR('',#3784,10.);
#1111=VECTOR('',#3787,10.);
#1112=VECTOR('',#3788,10.);
#1113=VECTOR('',#3789,10.);
#1114=VECTOR('',#3792,10.);
#1115=VECTOR('',#3793,10.);
#1116=VECTOR('',#3794,10.);
#1117=VECTOR('',#3797,10.);
#1118=VECTOR('',#3798,10.);
#1119=VECTOR('',#3799,10.);
#1120=VECTOR('',#3802,10.);
#1121=VECTOR('',#3803,10.);
#1122=VECTOR('',#3804,10.);
#1123=VECTOR('',#3807,10.);
#1124=VECTOR('',#3808,10.);
#1125=VECTOR('',#3809,10.);
#1126=VECTOR('',#3812,10.);
#1127=VECTOR('',#3813,10.);
#1128=VECTOR('',#3814,10.);
#1129=VECTOR('',#3817,10.);
#1130=VECTOR('',#3818,10.);
#1131=VECTOR('',#3819,10.);
#1132=VECTOR('',#3822,10.);
#1133=VECTOR('',#3823,10.);
#1134=VECTOR('',#3824,10.);
#1135=VECTOR('',#3827,10.);
#1136=VECTOR('',#3828,10.);
#1137=VECTOR('',#3829,10.);
#1138=VECTOR('',#3832,10.);
#1139=VECTOR('',#3833,10.);
#1140=VECTOR('',#3834,10.);
#1141=VECTOR('',#3837,10.);
#1142=VECTOR('',#3838,10.);
#1143=VECTOR('',#3849,0.925);
#1144=VECTOR('',#3856,1.375);
#1145=VECTOR('',#3869,1.25);
#1146=VECTOR('',#3876,2.942);
#1147=VECTOR('',#3883,10.);
#1148=VECTOR('',#3884,10.);
#1149=VECTOR('',#3885,10.);
#1150=VECTOR('',#3886,10.);
#1151=VECTOR('',#3887,10.);
#1152=VECTOR('',#3888,10.);
#1153=VECTOR('',#3891,10.);
#1154=VECTOR('',#3892,10.);
#1155=VECTOR('',#3895,10.);
#1156=VECTOR('',#3898,10.);
#1157=VECTOR('',#3901,10.);
#1158=VECTOR('',#3904,10.);
#1159=VECTOR('',#3909,3.3);
#1160=VECTOR('',#3916,2.9);
#1161=VECTOR('',#3919,2.15);
#1162=VECTOR('',#3928,0.75);
#1163=VECTOR('',#3943,0.2);
#1164=VECTOR('',#3948,0.925);
#1165=VECTOR('',#3957,3.);
#1166=VECTOR('',#3960,3.);
#1167=VECTOR('',#3963,10.);
#1168=VECTOR('',#3964,10.);
#1169=VECTOR('',#3965,10.);
#1170=VECTOR('',#3970,10.);
#1171=VECTOR('',#3973,10.);
#1172=VECTOR('',#3976,10.);
#1173=VECTOR('',#3979,10.);
#1174=VECTOR('',#3980,10.);
#1175=VECTOR('',#3981,10.);
#1176=VECTOR('',#3982,10.);
#1177=VECTOR('',#3989,10.);
#1178=VECTOR('',#3992,10.);
#1179=VECTOR('',#3995,10.);
#1180=VECTOR('',#3996,10.);
#1181=VECTOR('',#3997,10.);
#1182=VECTOR('',#3998,10.);
#1183=VECTOR('',#4001,10.);
#1184=VECTOR('',#4002,10.);
#1185=VECTOR('',#4005,10.);
#1186=VECTOR('',#4006,10.);
#1187=VECTOR('',#4009,10.);
#1188=VECTOR('',#4010,10.);
#1189=VECTOR('',#4011,10.);
#1190=VECTOR('',#4012,10.);
#1191=VECTOR('',#4013,10.);
#1192=VECTOR('',#4014,10.);
#1193=VECTOR('',#4017,10.);
#1194=VECTOR('',#4020,10.);
#1195=VECTOR('',#4021,10.);
#1196=VECTOR('',#4022,10.);
#1197=VECTOR('',#4029,10.);
#1198=VECTOR('',#4032,10.);
#1199=VECTOR('',#4033,10.);
#1200=VECTOR('',#4038,10.);
#1201=VECTOR('',#4039,10.);
#1202=VECTOR('',#4040,10.);
#1203=VECTOR('',#4041,10.);
#1204=VECTOR('',#4044,10.);
#1205=VECTOR('',#4045,10.);
#1206=VECTOR('',#4046,10.);
#1207=VECTOR('',#4051,5.);
#1208=VECTOR('',#4060,10.);
#1209=VECTOR('',#4061,10.);
#1210=VECTOR('',#4062,10.);
#1211=VECTOR('',#4065,10.);
#1212=VECTOR('',#4066,10.);
#1213=VECTOR('',#4067,10.);
#1214=VECTOR('',#4074,3.5);
#1215=VECTOR('',#4077,10.);
#1216=VECTOR('',#4078,10.);
#1217=VECTOR('',#4079,10.);
#1218=VECTOR('',#4082,10.);
#1219=VECTOR('',#4083,10.);
#1220=VECTOR('',#4086,10.);
#1221=VECTOR('',#4091,10.);
#1222=VECTOR('',#4092,10.);
#1223=VECTOR('',#4093,10.);
#1224=VECTOR('',#4096,10.);
#1225=VECTOR('',#4097,10.);
#1226=VECTOR('',#4100,10.);
#1227=VECTOR('',#4101,10.);
#1228=VECTOR('',#4102,10.);
#1229=VECTOR('',#4103,10.);
#1230=VECTOR('',#4104,10.);
#1231=VECTOR('',#4105,10.);
#1232=VECTOR('',#4106,10.);
#1233=VECTOR('',#4107,10.);
#1234=VECTOR('',#4108,10.);
#1235=VECTOR('',#4111,10.);
#1236=VECTOR('',#4112,10.);
#1237=VECTOR('',#4117,10.);
#1238=VECTOR('',#4120,10.);
#1239=VECTOR('',#4123,10.);
#1240=VECTOR('',#4124,10.);
#1241=VECTOR('',#4127,10.);
#1242=VECTOR('',#4128,10.);
#1243=VECTOR('',#4129,10.);
#1244=VECTOR('',#4134,10.);
#1245=VECTOR('',#4137,10.);
#1246=VECTOR('',#4138,10.);
#1247=VECTOR('',#4141,10.);
#1248=VECTOR('',#4142,10.);
#1249=VECTOR('',#4145,10.);
#1250=VECTOR('',#4146,10.);
#1251=VECTOR('',#4151,10.);
#1252=VECTOR('',#4154,10.);
#1253=VECTOR('',#4157,10.);
#1254=VECTOR('',#4158,10.);
#1255=VECTOR('',#4165,10.);
#1256=VECTOR('',#4166,10.);
#1257=VECTOR('',#4167,10.);
#1258=VECTOR('',#4168,10.);
#1259=VECTOR('',#4169,10.);
#1260=VECTOR('',#4172,10.);
#1261=VECTOR('',#4173,10.);
#1262=VECTOR('',#4174,10.);
#1263=VECTOR('',#4175,10.);
#1264=VECTOR('',#4176,10.);
#1265=VECTOR('',#4177,10.);
#1266=VECTOR('',#4178,10.);
#1267=VECTOR('',#4179,10.);
#1268=VECTOR('',#4184,10.);
#1269=VECTOR('',#4185,10.);
#1270=VECTOR('',#4188,10.);
#1271=VECTOR('',#4189,10.);
#1272=VECTOR('',#4192,10.);
#1273=VECTOR('',#4193,10.);
#1274=VECTOR('',#4196,10.);
#1275=VECTOR('',#4197,10.);
#1276=VECTOR('',#4200,10.);
#1277=VECTOR('',#4205,10.);
#1278=VECTOR('',#4206,10.);
#1279=VECTOR('',#4209,10.);
#1280=VECTOR('',#4210,10.);
#1281=VECTOR('',#4213,10.);
#1282=VECTOR('',#4214,10.);
#1283=VECTOR('',#4217,10.);
#1284=VECTOR('',#4218,10.);
#1285=VECTOR('',#4221,10.);
#1286=VECTOR('',#4222,10.);
#1287=VECTOR('',#4225,10.);
#1288=VECTOR('',#4226,10.);
#1289=VECTOR('',#4229,10.);
#1290=VECTOR('',#4230,10.);
#1291=VECTOR('',#4233,10.);
#1292=VECTOR('',#4234,10.);
#1293=VECTOR('',#4237,10.);
#1294=VECTOR('',#4238,10.);
#1295=VECTOR('',#4251,0.7);
#1296=VECTOR('',#4258,10.);
#1297=VECTOR('',#4259,10.);
#1298=VECTOR('',#4260,10.);
#1299=VECTOR('',#4261,10.);
#1300=VECTOR('',#4262,10.);
#1301=VECTOR('',#4263,10.);
#1302=VECTOR('',#4264,10.);
#1303=VECTOR('',#4265,10.);
#1304=VECTOR('',#4268,10.);
#1305=VECTOR('',#4269,10.);
#1306=VECTOR('',#4270,10.);
#1307=VECTOR('',#4273,10.);
#1308=VECTOR('',#4274,10.);
#1309=VECTOR('',#4277,10.);
#1310=VECTOR('',#4278,10.);
#1311=VECTOR('',#4281,10.);
#1312=VECTOR('',#4282,10.);
#1313=VECTOR('',#4283,10.);
#1314=VECTOR('',#4284,10.);
#1315=VECTOR('',#4285,10.);
#1316=VECTOR('',#4286,10.);
#1317=VECTOR('',#4291,10.);
#1318=VECTOR('',#4292,10.);
#1319=VECTOR('',#4293,10.);
#1320=VECTOR('',#4294,10.);
#1321=VECTOR('',#4297,10.);
#1322=VECTOR('',#4298,10.);
#1323=VECTOR('',#4299,10.);
#1324=VECTOR('',#4302,10.);
#1325=VECTOR('',#4305,10.);
#1326=VECTOR('',#4306,10.);
#1327=VECTOR('',#4307,10.);
#1328=VECTOR('',#4310,10.);
#1329=VECTOR('',#4315,2.5175);
#1330=VECTOR('',#4324,10.);
#1331=VECTOR('',#4333,3.25);
#1332=VECTOR('',#4336,10.);
#1333=VECTOR('',#4339,0.925);
#1334=VECTOR('',#4342,10.);
#1335=VECTOR('',#4349,10.);
#1336=VECTOR('',#4350,10.);
#1337=VECTOR('',#4351,10.);
#1338=VECTOR('',#4352,10.);
#1339=VECTOR('',#4355,10.);
#1340=VECTOR('',#4356,10.);
#1341=VECTOR('',#4357,10.);
#1342=VECTOR('',#4360,10.);
#1343=VECTOR('',#4361,10.);
#1344=VECTOR('',#4362,10.);
#1345=VECTOR('',#4365,10.);
#1346=VECTOR('',#4366,10.);
#1347=CIRCLE('',#3294,0.925);
#1348=CIRCLE('',#3295,0.925);
#1349=CIRCLE('',#3297,1.6);
#1350=CIRCLE('',#3298,1.6);
#1351=CIRCLE('',#3300,1.6);
#1352=CIRCLE('',#3301,1.6);
#1353=CIRCLE('',#3363,0.925);
#1354=CIRCLE('',#3364,0.925);
#1355=CIRCLE('',#3366,1.375);
#1356=CIRCLE('',#3367,1.375);
#1357=CIRCLE('',#3372,1.25);
#1358=CIRCLE('',#3373,1.25);
#1359=CIRCLE('',#3375,2.942);
#1360=CIRCLE('',#3376,2.942);
#1361=CIRCLE('',#3386,2.9);
#1362=CIRCLE('',#3388,2.9);
#1363=CIRCLE('',#3390,1.4);
#1364=CIRCLE('',#3392,1.25);
#1365=CIRCLE('',#3394,0.249999999999999);
#1366=CIRCLE('',#3396,0.2);
#1367=CIRCLE('',#3398,0.925);
#1368=CIRCLE('',#3399,0.2);
#1369=CIRCLE('',#3402,0.925);
#1370=CIRCLE('',#3406,3.);
#1371=CIRCLE('',#3407,3.);
#1372=CIRCLE('',#3410,3.);
#1373=CIRCLE('',#3411,3.);
#1374=CIRCLE('',#3412,3.);
#1375=CIRCLE('',#3415,3.);
#1376=CIRCLE('',#3416,3.);
#1377=CIRCLE('',#3417,3.);
#1378=CIRCLE('',#3425,3.75);
#1379=CIRCLE('',#3426,3.75);
#1380=CIRCLE('',#3429,1.);
#1381=CIRCLE('',#3430,1.);
#1382=CIRCLE('',#3432,5.);
#1383=CIRCLE('',#3433,5.);
#1384=CIRCLE('',#3435,3.5);
#1385=CIRCLE('',#3437,1.);
#1386=CIRCLE('',#3438,1.);
#1387=CIRCLE('',#3439,3.5);
#1388=CIRCLE('',#3444,1.);
#1389=CIRCLE('',#3450,1.);
#1390=CIRCLE('',#3455,1.);
#1391=CIRCLE('',#3460,1.);
#1392=CIRCLE('',#3466,0.499999999999998);
#1393=CIRCLE('',#3467,0.5);
#1394=CIRCLE('',#3473,0.499999999999998);
#1395=CIRCLE('',#3484,0.5);
#1396=CIRCLE('',#3488,0.7);
#1397=CIRCLE('',#3489,0.7);
#1398=CIRCLE('',#3496,3.25);
#1399=CIRCLE('',#3503,2.5175);
#1400=CIRCLE('',#3504,2.5175);
#1401=CIRCLE('',#3506,0.925);
#1402=CIRCLE('',#3509,3.25);
#1403=CIRCLE('',#3510,0.925);
#1404=VERTEX_POINT('',#4386);
#1405=VERTEX_POINT('',#4388);
#1406=VERTEX_POINT('',#4392);
#1407=VERTEX_POINT('',#4394);
#1408=VERTEX_POINT('',#4398);
#1409=VERTEX_POINT('',#4400);
#1410=VERTEX_POINT('',#4404);
#1411=VERTEX_POINT('',#4405);
#1412=VERTEX_POINT('',#4407);
#1413=VERTEX_POINT('',#4409);
#1414=VERTEX_POINT('',#4413);
#1415=VERTEX_POINT('',#4415);
#1416=VERTEX_POINT('',#4419);
#1417=VERTEX_POINT('',#4421);
#1418=VERTEX_POINT('',#4425);
#1419=VERTEX_POINT('',#4427);
#1420=VERTEX_POINT('',#4431);
#1421=VERTEX_POINT('',#4433);
#1422=VERTEX_POINT('',#4437);
#1423=VERTEX_POINT('',#4439);
#1424=VERTEX_POINT('',#4443);
#1425=VERTEX_POINT('',#4445);
#1426=VERTEX_POINT('',#4449);
#1427=VERTEX_POINT('',#4451);
#1428=VERTEX_POINT('',#4455);
#1429=VERTEX_POINT('',#4457);
#1430=VERTEX_POINT('',#4461);
#1431=VERTEX_POINT('',#4463);
#1432=VERTEX_POINT('',#4467);
#1433=VERTEX_POINT('',#4469);
#1434=VERTEX_POINT('',#4473);
#1435=VERTEX_POINT('',#4475);
#1436=VERTEX_POINT('',#4479);
#1437=VERTEX_POINT('',#4481);
#1438=VERTEX_POINT('',#4485);
#1439=VERTEX_POINT('',#4487);
#1440=VERTEX_POINT('',#4491);
#1441=VERTEX_POINT('',#4493);
#1442=VERTEX_POINT('',#4497);
#1443=VERTEX_POINT('',#4499);
#1444=VERTEX_POINT('',#4503);
#1445=VERTEX_POINT('',#4505);
#1446=VERTEX_POINT('',#4509);
#1447=VERTEX_POINT('',#4511);
#1448=VERTEX_POINT('',#4515);
#1449=VERTEX_POINT('',#4517);
#1450=VERTEX_POINT('',#4521);
#1451=VERTEX_POINT('',#4523);
#1452=VERTEX_POINT('',#4527);
#1453=VERTEX_POINT('',#4529);
#1454=VERTEX_POINT('',#4533);
#1455=VERTEX_POINT('',#4535);
#1456=VERTEX_POINT('',#4539);
#1457=VERTEX_POINT('',#4541);
#1458=VERTEX_POINT('',#4545);
#1459=VERTEX_POINT('',#4547);
#1460=VERTEX_POINT('',#4551);
#1461=VERTEX_POINT('',#4553);
#1462=VERTEX_POINT('',#4557);
#1463=VERTEX_POINT('',#4559);
#1464=VERTEX_POINT('',#4563);
#1465=VERTEX_POINT('',#4565);
#1466=VERTEX_POINT('',#4569);
#1467=VERTEX_POINT('',#4571);
#1468=VERTEX_POINT('',#4575);
#1469=VERTEX_POINT('',#4577);
#1470=VERTEX_POINT('',#4581);
#1471=VERTEX_POINT('',#4583);
#1472=VERTEX_POINT('',#4587);
#1473=VERTEX_POINT('',#4589);
#1474=VERTEX_POINT('',#4593);
#1475=VERTEX_POINT('',#4595);
#1476=VERTEX_POINT('',#4599);
#1477=VERTEX_POINT('',#4601);
#1478=VERTEX_POINT('',#4605);
#1479=VERTEX_POINT('',#4607);
#1480=VERTEX_POINT('',#4611);
#1481=VERTEX_POINT('',#4613);
#1482=VERTEX_POINT('',#4617);
#1483=VERTEX_POINT('',#4619);
#1484=VERTEX_POINT('',#4623);
#1485=VERTEX_POINT('',#4625);
#1486=VERTEX_POINT('',#4629);
#1487=VERTEX_POINT('',#4631);
#1488=VERTEX_POINT('',#4635);
#1489=VERTEX_POINT('',#4637);
#1490=VERTEX_POINT('',#4641);
#1491=VERTEX_POINT('',#4643);
#1492=VERTEX_POINT('',#4647);
#1493=VERTEX_POINT('',#4649);
#1494=VERTEX_POINT('',#4653);
#1495=VERTEX_POINT('',#4655);
#1496=VERTEX_POINT('',#4659);
#1497=VERTEX_POINT('',#4661);
#1498=VERTEX_POINT('',#4665);
#1499=VERTEX_POINT('',#4667);
#1500=VERTEX_POINT('',#4671);
#1501=VERTEX_POINT('',#4673);
#1502=VERTEX_POINT('',#4677);
#1503=VERTEX_POINT('',#4679);
#1504=VERTEX_POINT('',#4683);
#1505=VERTEX_POINT('',#4685);
#1506=VERTEX_POINT('',#4689);
#1507=VERTEX_POINT('',#4691);
#1508=VERTEX_POINT('',#4695);
#1509=VERTEX_POINT('',#4697);
#1510=VERTEX_POINT('',#4701);
#1511=VERTEX_POINT('',#4703);
#1512=VERTEX_POINT('',#4707);
#1513=VERTEX_POINT('',#4709);
#1514=VERTEX_POINT('',#4713);
#1515=VERTEX_POINT('',#4715);
#1516=VERTEX_POINT('',#4719);
#1517=VERTEX_POINT('',#4721);
#1518=VERTEX_POINT('',#4725);
#1519=VERTEX_POINT('',#4727);
#1520=VERTEX_POINT('',#4731);
#1521=VERTEX_POINT('',#4733);
#1522=VERTEX_POINT('',#4737);
#1523=VERTEX_POINT('',#4739);
#1524=VERTEX_POINT('',#4749);
#1525=VERTEX_POINT('',#4751);
#1526=VERTEX_POINT('',#4755);
#1527=VERTEX_POINT('',#4757);
#1528=VERTEX_POINT('',#4764);
#1529=VERTEX_POINT('',#4766);
#1530=VERTEX_POINT('',#4770);
#1531=VERTEX_POINT('',#4772);
#1532=VERTEX_POINT('',#4777);
#1533=VERTEX_POINT('',#4778);
#1534=VERTEX_POINT('',#4780);
#1535=VERTEX_POINT('',#4782);
#1536=VERTEX_POINT('',#4784);
#1537=VERTEX_POINT('',#4786);
#1538=VERTEX_POINT('',#4790);
#1539=VERTEX_POINT('',#4792);
#1540=VERTEX_POINT('',#4798);
#1541=VERTEX_POINT('',#4800);
#1542=VERTEX_POINT('',#4808);
#1543=VERTEX_POINT('',#4814);
#1544=VERTEX_POINT('',#4820);
#1545=VERTEX_POINT('',#4830);
#1546=VERTEX_POINT('',#4834);
#1547=VERTEX_POINT('',#4838);
#1548=VERTEX_POINT('',#4842);
#1549=VERTEX_POINT('',#4845);
#1550=VERTEX_POINT('',#4849);
#1551=VERTEX_POINT('',#4852);
#1552=VERTEX_POINT('',#4854);
#1553=VERTEX_POINT('',#4859);
#1554=VERTEX_POINT('',#4865);
#1555=VERTEX_POINT('',#4866);
#1556=VERTEX_POINT('',#4868);
#1557=VERTEX_POINT('',#4870);
#1558=VERTEX_POINT('',#4874);
#1559=VERTEX_POINT('',#4876);
#1560=VERTEX_POINT('',#4880);
#1561=VERTEX_POINT('',#4881);
#1562=VERTEX_POINT('',#4883);
#1563=VERTEX_POINT('',#4885);
#1564=VERTEX_POINT('',#4887);
#1565=VERTEX_POINT('',#4889);
#1566=VERTEX_POINT('',#4893);
#1567=VERTEX_POINT('',#4895);
#1568=VERTEX_POINT('',#4897);
#1569=VERTEX_POINT('',#4901);
#1570=VERTEX_POINT('',#4903);
#1571=VERTEX_POINT('',#4905);
#1572=VERTEX_POINT('',#4907);
#1573=VERTEX_POINT('',#4911);
#1574=VERTEX_POINT('',#4913);
#1575=VERTEX_POINT('',#4915);
#1576=VERTEX_POINT('',#4919);
#1577=VERTEX_POINT('',#4926);
#1578=VERTEX_POINT('',#4928);
#1579=VERTEX_POINT('',#4930);
#1580=VERTEX_POINT('',#4932);
#1581=VERTEX_POINT('',#4934);
#1582=VERTEX_POINT('',#4940);
#1583=VERTEX_POINT('',#4942);
#1584=VERTEX_POINT('',#4946);
#1585=VERTEX_POINT('',#4948);
#1586=VERTEX_POINT('',#4955);
#1587=VERTEX_POINT('',#4956);
#1588=VERTEX_POINT('',#4958);
#1589=VERTEX_POINT('',#4961);
#1590=VERTEX_POINT('',#4963);
#1591=VERTEX_POINT('',#4965);
#1592=VERTEX_POINT('',#4967);
#1593=VERTEX_POINT('',#4969);
#1594=VERTEX_POINT('',#4973);
#1595=VERTEX_POINT('',#4975);
#1596=VERTEX_POINT('',#4979);
#1597=VERTEX_POINT('',#4982);
#1598=VERTEX_POINT('',#4983);
#1599=VERTEX_POINT('',#4985);
#1600=VERTEX_POINT('',#4987);
#1601=VERTEX_POINT('',#4989);
#1602=VERTEX_POINT('',#4991);
#1603=VERTEX_POINT('',#4993);
#1604=VERTEX_POINT('',#4995);
#1605=VERTEX_POINT('',#4998);
#1606=VERTEX_POINT('',#5003);
#1607=VERTEX_POINT('',#5005);
#1608=VERTEX_POINT('',#5009);
#1609=VERTEX_POINT('',#5013);
#1610=VERTEX_POINT('',#5017);
#1611=VERTEX_POINT('',#5019);
#1612=VERTEX_POINT('',#5023);
#1613=VERTEX_POINT('',#5027);
#1614=VERTEX_POINT('',#5029);
#1615=VERTEX_POINT('',#5031);
#1616=VERTEX_POINT('',#5034);
#1617=VERTEX_POINT('',#5036);
#1618=VERTEX_POINT('',#5038);
#1619=VERTEX_POINT('',#5040);
#1620=VERTEX_POINT('',#5044);
#1621=VERTEX_POINT('',#5048);
#1622=VERTEX_POINT('',#5054);
#1623=VERTEX_POINT('',#5058);
#1624=VERTEX_POINT('',#5060);
#1625=VERTEX_POINT('',#5064);
#1626=VERTEX_POINT('',#5068);
#1627=VERTEX_POINT('',#5072);
#1628=VERTEX_POINT('',#5076);
#1629=VERTEX_POINT('',#5080);
#1630=VERTEX_POINT('',#5091);
#1631=VERTEX_POINT('',#5092);
#1632=VERTEX_POINT('',#5094);
#1633=VERTEX_POINT('',#5096);
#1634=VERTEX_POINT('',#5098);
#1635=VERTEX_POINT('',#5100);
#1636=VERTEX_POINT('',#5102);
#1637=VERTEX_POINT('',#5104);
#1638=VERTEX_POINT('',#5106);
#1639=VERTEX_POINT('',#5108);
#1640=VERTEX_POINT('',#5111);
#1641=VERTEX_POINT('',#5113);
#1642=VERTEX_POINT('',#5115);
#1643=VERTEX_POINT('',#5117);
#1644=VERTEX_POINT('',#5121);
#1645=VERTEX_POINT('',#5125);
#1646=VERTEX_POINT('',#5129);
#1647=VERTEX_POINT('',#5133);
#1648=VERTEX_POINT('',#5137);
#1649=VERTEX_POINT('',#5141);
#1650=VERTEX_POINT('',#5145);
#1651=VERTEX_POINT('',#5149);
#1652=VERTEX_POINT('',#5153);
#1653=VERTEX_POINT('',#5157);
#1654=VERTEX_POINT('',#5161);
#1655=VERTEX_POINT('',#5165);
#1656=VERTEX_POINT('',#5169);
#1657=VERTEX_POINT('',#5173);
#1658=VERTEX_POINT('',#5181);
#1659=VERTEX_POINT('',#5183);
#1660=VERTEX_POINT('',#5188);
#1661=VERTEX_POINT('',#5189);
#1662=VERTEX_POINT('',#5191);
#1663=VERTEX_POINT('',#5193);
#1664=VERTEX_POINT('',#5195);
#1665=VERTEX_POINT('',#5197);
#1666=VERTEX_POINT('',#5199);
#1667=VERTEX_POINT('',#5201);
#1668=VERTEX_POINT('',#5205);
#1669=VERTEX_POINT('',#5207);
#1670=VERTEX_POINT('',#5211);
#1671=VERTEX_POINT('',#5215);
#1672=VERTEX_POINT('',#5219);
#1673=VERTEX_POINT('',#5221);
#1674=VERTEX_POINT('',#5223);
#1675=VERTEX_POINT('',#5225);
#1676=VERTEX_POINT('',#5227);
#1677=VERTEX_POINT('',#5230);
#1678=VERTEX_POINT('',#5233);
#1679=VERTEX_POINT('',#5234);
#1680=VERTEX_POINT('',#5236);
#1681=VERTEX_POINT('',#5241);
#1682=VERTEX_POINT('',#5242);
#1683=VERTEX_POINT('',#5249);
#1684=VERTEX_POINT('',#5250);
#1685=VERTEX_POINT('',#5257);
#1686=VERTEX_POINT('',#5259);
#1687=VERTEX_POINT('',#5263);
#1688=VERTEX_POINT('',#5268);
#1689=VERTEX_POINT('',#5270);
#1690=VERTEX_POINT('',#5283);
#1691=VERTEX_POINT('',#5284);
#1692=VERTEX_POINT('',#5286);
#1693=VERTEX_POINT('',#5288);
#1694=VERTEX_POINT('',#5292);
#1695=VERTEX_POINT('',#5294);
#1696=VERTEX_POINT('',#5298);
#1697=VERTEX_POINT('',#5300);
#1698=EDGE_CURVE('',#1404,#1404,#1347,.T.);
#1699=EDGE_CURVE('',#1404,#1405,#591,.T.);
#1700=EDGE_CURVE('',#1405,#1405,#1348,.T.);
#1701=EDGE_CURVE('',#1406,#1406,#1349,.T.);
#1702=EDGE_CURVE('',#1406,#1407,#592,.T.);
#1703=EDGE_CURVE('',#1407,#1407,#1350,.T.);
#1704=EDGE_CURVE('',#1408,#1408,#1351,.T.);
#1705=EDGE_CURVE('',#1408,#1409,#593,.T.);
#1706=EDGE_CURVE('',#1409,#1409,#1352,.T.);
#1707=EDGE_CURVE('',#1410,#1411,#594,.T.);
#1708=EDGE_CURVE('',#1410,#1412,#595,.T.);
#1709=EDGE_CURVE('',#1413,#1412,#596,.T.);
#1710=EDGE_CURVE('',#1411,#1413,#597,.T.);
#1711=EDGE_CURVE('',#1411,#1414,#598,.T.);
#1712=EDGE_CURVE('',#1415,#1413,#599,.T.);
#1713=EDGE_CURVE('',#1414,#1415,#600,.T.);
#1714=EDGE_CURVE('',#1414,#1416,#601,.T.);
#1715=EDGE_CURVE('',#1417,#1415,#602,.T.);
#1716=EDGE_CURVE('',#1416,#1417,#603,.T.);
#1717=EDGE_CURVE('',#1416,#1418,#604,.T.);
#1718=EDGE_CURVE('',#1419,#1417,#605,.T.);
#1719=EDGE_CURVE('',#1418,#1419,#606,.T.);
#1720=EDGE_CURVE('',#1418,#1420,#607,.T.);
#1721=EDGE_CURVE('',#1421,#1419,#608,.T.);
#1722=EDGE_CURVE('',#1420,#1421,#609,.T.);
#1723=EDGE_CURVE('',#1420,#1422,#610,.T.);
#1724=EDGE_CURVE('',#1423,#1421,#611,.T.);
#1725=EDGE_CURVE('',#1422,#1423,#612,.T.);
#1726=EDGE_CURVE('',#1422,#1424,#613,.T.);
#1727=EDGE_CURVE('',#1425,#1423,#614,.T.);
#1728=EDGE_CURVE('',#1424,#1425,#615,.T.);
#1729=EDGE_CURVE('',#1424,#1426,#616,.T.);
#1730=EDGE_CURVE('',#1427,#1425,#617,.T.);
#1731=EDGE_CURVE('',#1426,#1427,#618,.T.);
#1732=EDGE_CURVE('',#1426,#1428,#619,.T.);
#1733=EDGE_CURVE('',#1429,#1427,#620,.T.);
#1734=EDGE_CURVE('',#1428,#1429,#621,.T.);
#1735=EDGE_CURVE('',#1428,#1430,#622,.T.);
#1736=EDGE_CURVE('',#1431,#1429,#623,.T.);
#1737=EDGE_CURVE('',#1430,#1431,#624,.T.);
#1738=EDGE_CURVE('',#1430,#1432,#625,.T.);
#1739=EDGE_CURVE('',#1433,#1431,#626,.T.);
#1740=EDGE_CURVE('',#1432,#1433,#627,.T.);
#1741=EDGE_CURVE('',#1432,#1434,#628,.T.);
#1742=EDGE_CURVE('',#1435,#1433,#629,.T.);
#1743=EDGE_CURVE('',#1434,#1435,#630,.T.);
#1744=EDGE_CURVE('',#1434,#1436,#631,.T.);
#1745=EDGE_CURVE('',#1437,#1435,#632,.T.);
#1746=EDGE_CURVE('',#1436,#1437,#633,.T.);
#1747=EDGE_CURVE('',#1436,#1438,#634,.T.);
#1748=EDGE_CURVE('',#1439,#1437,#635,.T.);
#1749=EDGE_CURVE('',#1438,#1439,#636,.T.);
#1750=EDGE_CURVE('',#1438,#1440,#637,.T.);
#1751=EDGE_CURVE('',#1441,#1439,#638,.T.);
#1752=EDGE_CURVE('',#1440,#1441,#639,.T.);
#1753=EDGE_CURVE('',#1440,#1442,#640,.T.);
#1754=EDGE_CURVE('',#1443,#1441,#641,.T.);
#1755=EDGE_CURVE('',#1442,#1443,#642,.T.);
#1756=EDGE_CURVE('',#1442,#1444,#643,.T.);
#1757=EDGE_CURVE('',#1445,#1443,#644,.T.);
#1758=EDGE_CURVE('',#1444,#1445,#645,.T.);
#1759=EDGE_CURVE('',#1444,#1446,#646,.T.);
#1760=EDGE_CURVE('',#1447,#1445,#647,.T.);
#1761=EDGE_CURVE('',#1446,#1447,#648,.T.);
#1762=EDGE_CURVE('',#1446,#1448,#649,.T.);
#1763=EDGE_CURVE('',#1449,#1447,#650,.T.);
#1764=EDGE_CURVE('',#1448,#1449,#651,.T.);
#1765=EDGE_CURVE('',#1448,#1450,#652,.T.);
#1766=EDGE_CURVE('',#1451,#1449,#653,.T.);
#1767=EDGE_CURVE('',#1450,#1451,#654,.T.);
#1768=EDGE_CURVE('',#1452,#1450,#655,.T.);
#1769=EDGE_CURVE('',#1453,#1451,#656,.T.);
#1770=EDGE_CURVE('',#1452,#1453,#657,.T.);
#1771=EDGE_CURVE('',#1454,#1452,#658,.T.);
#1772=EDGE_CURVE('',#1455,#1453,#659,.T.);
#1773=EDGE_CURVE('',#1454,#1455,#660,.T.);
#1774=EDGE_CURVE('',#1454,#1456,#661,.T.);
#1775=EDGE_CURVE('',#1457,#1455,#662,.T.);
#1776=EDGE_CURVE('',#1456,#1457,#663,.T.);
#1777=EDGE_CURVE('',#1456,#1458,#664,.T.);
#1778=EDGE_CURVE('',#1459,#1457,#665,.T.);
#1779=EDGE_CURVE('',#1458,#1459,#666,.T.);
#1780=EDGE_CURVE('',#1458,#1460,#667,.T.);
#1781=EDGE_CURVE('',#1461,#1459,#668,.T.);
#1782=EDGE_CURVE('',#1460,#1461,#669,.T.);
#1783=EDGE_CURVE('',#1460,#1462,#670,.T.);
#1784=EDGE_CURVE('',#1463,#1461,#671,.T.);
#1785=EDGE_CURVE('',#1462,#1463,#672,.T.);
#1786=EDGE_CURVE('',#1462,#1464,#673,.T.);
#1787=EDGE_CURVE('',#1465,#1463,#674,.T.);
#1788=EDGE_CURVE('',#1464,#1465,#675,.T.);
#1789=EDGE_CURVE('',#1464,#1466,#676,.T.);
#1790=EDGE_CURVE('',#1467,#1465,#677,.T.);
#1791=EDGE_CURVE('',#1466,#1467,#678,.T.);
#1792=EDGE_CURVE('',#1466,#1468,#679,.T.);
#1793=EDGE_CURVE('',#1469,#1467,#680,.T.);
#1794=EDGE_CURVE('',#1468,#1469,#681,.T.);
#1795=EDGE_CURVE('',#1468,#1470,#682,.T.);
#1796=EDGE_CURVE('',#1471,#1469,#683,.T.);
#1797=EDGE_CURVE('',#1470,#1471,#684,.T.);
#1798=EDGE_CURVE('',#1470,#1472,#685,.T.);
#1799=EDGE_CURVE('',#1473,#1471,#686,.T.);
#1800=EDGE_CURVE('',#1472,#1473,#687,.T.);
#1801=EDGE_CURVE('',#1472,#1474,#688,.T.);
#1802=EDGE_CURVE('',#1475,#1473,#689,.T.);
#1803=EDGE_CURVE('',#1474,#1475,#690,.T.);
#1804=EDGE_CURVE('',#1474,#1476,#691,.T.);
#1805=EDGE_CURVE('',#1477,#1475,#692,.T.);
#1806=EDGE_CURVE('',#1476,#1477,#693,.T.);
#1807=EDGE_CURVE('',#1476,#1478,#694,.T.);
#1808=EDGE_CURVE('',#1479,#1477,#695,.T.);
#1809=EDGE_CURVE('',#1478,#1479,#696,.T.);
#1810=EDGE_CURVE('',#1478,#1480,#697,.T.);
#1811=EDGE_CURVE('',#1481,#1479,#698,.T.);
#1812=EDGE_CURVE('',#1480,#1481,#699,.T.);
#1813=EDGE_CURVE('',#1480,#1482,#700,.T.);
#1814=EDGE_CURVE('',#1483,#1481,#701,.T.);
#1815=EDGE_CURVE('',#1482,#1483,#702,.T.);
#1816=EDGE_CURVE('',#1482,#1484,#703,.T.);
#1817=EDGE_CURVE('',#1485,#1483,#704,.T.);
#1818=EDGE_CURVE('',#1484,#1485,#705,.T.);
#1819=EDGE_CURVE('',#1484,#1486,#706,.T.);
#1820=EDGE_CURVE('',#1487,#1485,#707,.T.);
#1821=EDGE_CURVE('',#1486,#1487,#708,.T.);
#1822=EDGE_CURVE('',#1486,#1488,#709,.T.);
#1823=EDGE_CURVE('',#1489,#1487,#710,.T.);
#1824=EDGE_CURVE('',#1488,#1489,#711,.T.);
#1825=EDGE_CURVE('',#1488,#1490,#712,.T.);
#1826=EDGE_CURVE('',#1491,#1489,#713,.T.);
#1827=EDGE_CURVE('',#1490,#1491,#714,.T.);
#1828=EDGE_CURVE('',#1490,#1492,#715,.T.);
#1829=EDGE_CURVE('',#1493,#1491,#716,.T.);
#1830=EDGE_CURVE('',#1492,#1493,#717,.T.);
#1831=EDGE_CURVE('',#1492,#1494,#718,.T.);
#1832=EDGE_CURVE('',#1495,#1493,#719,.T.);
#1833=EDGE_CURVE('',#1494,#1495,#720,.T.);
#1834=EDGE_CURVE('',#1494,#1496,#721,.T.);
#1835=EDGE_CURVE('',#1497,#1495,#722,.T.);
#1836=EDGE_CURVE('',#1496,#1497,#723,.T.);
#1837=EDGE_CURVE('',#1496,#1498,#724,.T.);
#1838=EDGE_CURVE('',#1499,#1497,#725,.T.);
#1839=EDGE_CURVE('',#1498,#1499,#726,.T.);
#1840=EDGE_CURVE('',#1498,#1500,#727,.T.);
#1841=EDGE_CURVE('',#1501,#1499,#728,.T.);
#1842=EDGE_CURVE('',#1500,#1501,#729,.T.);
#1843=EDGE_CURVE('',#1500,#1502,#730,.T.);
#1844=EDGE_CURVE('',#1503,#1501,#731,.T.);
#1845=EDGE_CURVE('',#1502,#1503,#732,.T.);
#1846=EDGE_CURVE('',#1502,#1504,#733,.T.);
#1847=EDGE_CURVE('',#1505,#1503,#734,.T.);
#1848=EDGE_CURVE('',#1504,#1505,#735,.T.);
#1849=EDGE_CURVE('',#1504,#1506,#736,.T.);
#1850=EDGE_CURVE('',#1507,#1505,#737,.T.);
#1851=EDGE_CURVE('',#1506,#1507,#738,.T.);
#1852=EDGE_CURVE('',#1506,#1508,#739,.T.);
#1853=EDGE_CURVE('',#1509,#1507,#740,.T.);
#1854=EDGE_CURVE('',#1508,#1509,#741,.T.);
#1855=EDGE_CURVE('',#1508,#1510,#742,.T.);
#1856=EDGE_CURVE('',#1511,#1509,#743,.T.);
#1857=EDGE_CURVE('',#1510,#1511,#744,.T.);
#1858=EDGE_CURVE('',#1510,#1512,#745,.T.);
#1859=EDGE_CURVE('',#1513,#1511,#746,.T.);
#1860=EDGE_CURVE('',#1512,#1513,#747,.T.);
#1861=EDGE_CURVE('',#1512,#1514,#748,.T.);
#1862=EDGE_CURVE('',#1515,#1513,#749,.T.);
#1863=EDGE_CURVE('',#1514,#1515,#750,.T.);
#1864=EDGE_CURVE('',#1514,#1516,#751,.T.);
#1865=EDGE_CURVE('',#1517,#1515,#752,.T.);
#1866=EDGE_CURVE('',#1516,#1517,#753,.T.);
#1867=EDGE_CURVE('',#1516,#1518,#754,.T.);
#1868=EDGE_CURVE('',#1519,#1517,#755,.T.);
#1869=EDGE_CURVE('',#1518,#1519,#756,.T.);
#1870=EDGE_CURVE('',#1518,#1520,#757,.T.);
#1871=EDGE_CURVE('',#1521,#1519,#758,.T.);
#1872=EDGE_CURVE('',#1520,#1521,#759,.T.);
#1873=EDGE_CURVE('',#1522,#1520,#760,.T.);
#1874=EDGE_CURVE('',#1523,#1521,#761,.T.);
#1875=EDGE_CURVE('',#1522,#1523,#762,.T.);
#1876=EDGE_CURVE('',#1522,#1410,#763,.T.);
#1877=EDGE_CURVE('',#1412,#1523,#764,.T.);
#1878=EDGE_CURVE('',#1524,#1524,#1353,.T.);
#1879=EDGE_CURVE('',#1524,#1525,#765,.T.);
#1880=EDGE_CURVE('',#1525,#1525,#1354,.T.);
#1881=EDGE_CURVE('',#1526,#1526,#1355,.T.);
#1882=EDGE_CURVE('',#1526,#1527,#766,.T.);
#1883=EDGE_CURVE('',#1527,#1527,#1356,.T.);
#1884=EDGE_CURVE('',#1528,#1528,#1357,.T.);
#1885=EDGE_CURVE('',#1528,#1529,#767,.T.);
#1886=EDGE_CURVE('',#1529,#1529,#1358,.T.);
#1887=EDGE_CURVE('',#1530,#1530,#1359,.T.);
#1888=EDGE_CURVE('',#1530,#1531,#768,.T.);
#1889=EDGE_CURVE('',#1531,#1531,#1360,.F.);
#1890=EDGE_CURVE('',#1532,#1533,#769,.T.);
#1891=EDGE_CURVE('',#1533,#1534,#770,.T.);
#1892=EDGE_CURVE('',#1534,#1535,#771,.T.);
#1893=EDGE_CURVE('',#1535,#1536,#772,.T.);
#1894=EDGE_CURVE('',#1536,#1537,#773,.T.);
#1895=EDGE_CURVE('',#1537,#1532,#774,.T.);
#1896=EDGE_CURVE('',#1532,#1538,#775,.T.);
#1897=EDGE_CURVE('',#1539,#1538,#38,.T.);
#1898=EDGE_CURVE('',#1533,#1539,#776,.T.);
#1899=EDGE_CURVE('',#1537,#1540,#777,.T.);
#1900=EDGE_CURVE('',#1541,#1540,#39,.F.);
#1901=EDGE_CURVE('',#1538,#1541,#40,.F.);
#1902=EDGE_CURVE('',#1536,#1542,#778,.T.);
#1903=EDGE_CURVE('',#1540,#1542,#41,.T.);
#1904=EDGE_CURVE('',#1535,#1543,#779,.T.);
#1905=EDGE_CURVE('',#1542,#1543,#42,.T.);
#1906=EDGE_CURVE('',#1534,#1544,#780,.T.);
#1907=EDGE_CURVE('',#1543,#1544,#43,.T.);
#1908=EDGE_CURVE('',#1544,#1539,#44,.T.);
#1909=EDGE_CURVE('',#1541,#1545,#781,.T.);
#1910=EDGE_CURVE('',#1545,#1545,#1361,.T.);
#1911=EDGE_CURVE('',#1546,#1546,#1362,.T.);
#1912=EDGE_CURVE('',#1546,#1545,#782,.T.);
#1913=EDGE_CURVE('',#1546,#1547,#783,.T.);
#1914=EDGE_CURVE('',#1547,#1547,#1363,.T.);
#1915=EDGE_CURVE('',#1548,#1548,#1364,.T.);
#1916=EDGE_CURVE('',#1548,#1549,#784,.T.);
#1917=EDGE_CURVE('',#1549,#1549,#1365,.T.);
#1918=EDGE_CURVE('',#1550,#1550,#1366,.T.);
#1919=EDGE_CURVE('',#1551,#1551,#1367,.T.);
#1920=EDGE_CURVE('',#1552,#1552,#1368,.T.);
#1921=EDGE_CURVE('',#1552,#1550,#785,.T.);
#1922=EDGE_CURVE('',#1553,#1553,#1369,.T.);
#1923=EDGE_CURVE('',#1553,#1551,#786,.T.);
#1924=EDGE_CURVE('',#1554,#1555,#1370,.F.);
#1925=EDGE_CURVE('',#1554,#1556,#787,.T.);
#1926=EDGE_CURVE('',#1556,#1557,#1371,.T.);
#1927=EDGE_CURVE('',#1557,#1555,#788,.T.);
#1928=EDGE_CURVE('',#1557,#1558,#789,.T.);
#1929=EDGE_CURVE('',#1559,#1558,#790,.T.);
#1930=EDGE_CURVE('',#1559,#1555,#791,.T.);
#1931=EDGE_CURVE('',#1560,#1561,#1372,.T.);
#1932=EDGE_CURVE('',#1560,#1562,#792,.T.);
#1933=EDGE_CURVE('',#1562,#1563,#1373,.T.);
#1934=EDGE_CURVE('',#1563,#1564,#793,.T.);
#1935=EDGE_CURVE('',#1565,#1564,#1374,.F.);
#1936=EDGE_CURVE('',#1565,#1561,#794,.T.);
#1937=EDGE_CURVE('',#1566,#1561,#795,.T.);
#1938=EDGE_CURVE('',#1567,#1566,#796,.T.);
#1939=EDGE_CURVE('',#1567,#1568,#797,.T.);
#1940=EDGE_CURVE('',#1568,#1560,#798,.T.);
#1941=EDGE_CURVE('',#1569,#1559,#1375,.T.);
#1942=EDGE_CURVE('',#1558,#1570,#1376,.T.);
#1943=EDGE_CURVE('',#1570,#1571,#799,.T.);
#1944=EDGE_CURVE('',#1572,#1571,#1377,.T.);
#1945=EDGE_CURVE('',#1569,#1572,#800,.F.);
#1946=EDGE_CURVE('',#1573,#1571,#801,.T.);
#1947=EDGE_CURVE('',#1573,#1574,#802,.T.);
#1948=EDGE_CURVE('',#1574,#1575,#803,.T.);
#1949=EDGE_CURVE('',#1572,#1575,#804,.T.);
#1950=EDGE_CURVE('',#1576,#1570,#805,.T.);
#1951=EDGE_CURVE('',#1573,#1576,#806,.T.);
#1952=EDGE_CURVE('',#1554,#1564,#807,.T.);
#1953=EDGE_CURVE('',#1563,#1556,#808,.T.);
#1954=EDGE_CURVE('',#1562,#1577,#809,.T.);
#1955=EDGE_CURVE('',#1578,#1577,#810,.T.);
#1956=EDGE_CURVE('',#1578,#1579,#811,.T.);
#1957=EDGE_CURVE('',#1580,#1579,#812,.T.);
#1958=EDGE_CURVE('',#1581,#1580,#813,.T.);
#1959=EDGE_CURVE('',#1576,#1581,#814,.T.);
#1960=EDGE_CURVE('',#1568,#1577,#815,.T.);
#1961=EDGE_CURVE('',#1582,#1567,#816,.T.);
#1962=EDGE_CURVE('',#1583,#1566,#817,.T.);
#1963=EDGE_CURVE('',#1582,#1583,#818,.T.);
#1964=EDGE_CURVE('',#1584,#1582,#1378,.T.);
#1965=EDGE_CURVE('',#1585,#1583,#1379,.T.);
#1966=EDGE_CURVE('',#1584,#1585,#819,.T.);
#1967=EDGE_CURVE('',#1574,#1584,#820,.T.);
#1968=EDGE_CURVE('',#1575,#1585,#821,.T.);
#1969=EDGE_CURVE('',#1586,#1587,#1380,.T.);
#1970=EDGE_CURVE('',#1588,#1586,#822,.T.);
#1971=EDGE_CURVE('',#1569,#1588,#823,.T.);
#1972=EDGE_CURVE('',#1589,#1565,#824,.T.);
#1973=EDGE_CURVE('',#1590,#1589,#825,.T.);
#1974=EDGE_CURVE('',#1591,#1590,#1381,.T.);
#1975=EDGE_CURVE('',#1592,#1591,#826,.T.);
#1976=EDGE_CURVE('',#1593,#1592,#827,.T.);
#1977=EDGE_CURVE('',#1587,#1593,#828,.T.);
#1978=EDGE_CURVE('',#1594,#1594,#1382,.T.);
#1979=EDGE_CURVE('',#1594,#1595,#829,.T.);
#1980=EDGE_CURVE('',#1595,#1595,#1383,.T.);
#1981=EDGE_CURVE('',#1596,#1596,#1384,.T.);
#1982=EDGE_CURVE('',#1597,#1598,#830,.T.);
#1983=EDGE_CURVE('',#1599,#1597,#831,.T.);
#1984=EDGE_CURVE('',#1600,#1599,#832,.T.);
#1985=EDGE_CURVE('',#1601,#1600,#1385,.T.);
#1986=EDGE_CURVE('',#1602,#1601,#833,.T.);
#1987=EDGE_CURVE('',#1603,#1602,#834,.T.);
#1988=EDGE_CURVE('',#1604,#1603,#835,.T.);
#1989=EDGE_CURVE('',#1598,#1604,#1386,.T.);
#1990=EDGE_CURVE('',#1605,#1605,#1387,.T.);
#1991=EDGE_CURVE('',#1596,#1605,#836,.T.);
#1992=EDGE_CURVE('',#1606,#1602,#837,.T.);
#1993=EDGE_CURVE('',#1606,#1607,#838,.T.);
#1994=EDGE_CURVE('',#1607,#1603,#839,.T.);
#1995=EDGE_CURVE('',#1608,#1601,#840,.T.);
#1996=EDGE_CURVE('',#1608,#1606,#841,.T.);
#1997=EDGE_CURVE('',#1609,#1600,#842,.T.);
#1998=EDGE_CURVE('',#1609,#1608,#1388,.T.);
#1999=EDGE_CURVE('',#1610,#1580,#843,.T.);
#2000=EDGE_CURVE('',#1579,#1611,#844,.T.);
#2001=EDGE_CURVE('',#1611,#1610,#845,.T.);
#2002=EDGE_CURVE('',#1612,#1599,#846,.T.);
#2003=EDGE_CURVE('',#1612,#1609,#847,.T.);
#2004=EDGE_CURVE('',#1592,#1613,#848,.T.);
#2005=EDGE_CURVE('',#1614,#1613,#849,.T.);
#2006=EDGE_CURVE('',#1615,#1614,#850,.T.);
#2007=EDGE_CURVE('',#1615,#1612,#851,.T.);
#2008=EDGE_CURVE('',#1597,#1616,#852,.T.);
#2009=EDGE_CURVE('',#1616,#1617,#853,.T.);
#2010=EDGE_CURVE('',#1617,#1618,#854,.T.);
#2011=EDGE_CURVE('',#1619,#1618,#855,.T.);
#2012=EDGE_CURVE('',#1619,#1593,#856,.T.);
#2013=EDGE_CURVE('',#1607,#1620,#857,.T.);
#2014=EDGE_CURVE('',#1620,#1604,#858,.T.);
#2015=EDGE_CURVE('',#1620,#1621,#1389,.T.);
#2016=EDGE_CURVE('',#1621,#1598,#859,.T.);
#2017=EDGE_CURVE('',#1621,#1616,#860,.T.);
#2018=EDGE_CURVE('',#1622,#1619,#861,.T.);
#2019=EDGE_CURVE('',#1587,#1622,#862,.T.);
#2020=EDGE_CURVE('',#1581,#1623,#863,.T.);
#2021=EDGE_CURVE('',#1623,#1624,#864,.T.);
#2022=EDGE_CURVE('',#1624,#1578,#865,.T.);
#2023=EDGE_CURVE('',#1625,#1622,#1390,.T.);
#2024=EDGE_CURVE('',#1586,#1625,#866,.T.);
#2025=EDGE_CURVE('',#1626,#1625,#867,.T.);
#2026=EDGE_CURVE('',#1588,#1626,#868,.T.);
#2027=EDGE_CURVE('',#1627,#1626,#869,.T.);
#2028=EDGE_CURVE('',#1589,#1627,#870,.T.);
#2029=EDGE_CURVE('',#1628,#1627,#871,.T.);
#2030=EDGE_CURVE('',#1590,#1628,#872,.T.);
#2031=EDGE_CURVE('',#1629,#1628,#1391,.T.);
#2032=EDGE_CURVE('',#1591,#1629,#873,.T.);
#2033=EDGE_CURVE('',#1613,#1629,#874,.T.);
#2034=EDGE_CURVE('',#1610,#1623,#875,.T.);
#2035=EDGE_CURVE('',#1624,#1611,#876,.T.);
#2036=EDGE_CURVE('',#1630,#1631,#877,.T.);
#2037=EDGE_CURVE('',#1632,#1630,#878,.T.);
#2038=EDGE_CURVE('',#1633,#1632,#879,.T.);
#2039=EDGE_CURVE('',#1634,#1633,#880,.T.);
#2040=EDGE_CURVE('',#1635,#1634,#881,.T.);
#2041=EDGE_CURVE('',#1636,#1635,#1392,.T.);
#2042=EDGE_CURVE('',#1637,#1636,#882,.T.);
#2043=EDGE_CURVE('',#1638,#1637,#883,.T.);
#2044=EDGE_CURVE('',#1639,#1638,#884,.T.);
#2045=EDGE_CURVE('',#1617,#1639,#885,.T.);
#2046=EDGE_CURVE('',#1640,#1615,#886,.T.);
#2047=EDGE_CURVE('',#1641,#1640,#887,.T.);
#2048=EDGE_CURVE('',#1642,#1641,#888,.T.);
#2049=EDGE_CURVE('',#1643,#1642,#889,.T.);
#2050=EDGE_CURVE('',#1631,#1643,#1393,.T.);
#2051=EDGE_CURVE('',#1639,#1644,#890,.T.);
#2052=EDGE_CURVE('',#1618,#1644,#891,.T.);
#2053=EDGE_CURVE('',#1638,#1645,#892,.T.);
#2054=EDGE_CURVE('',#1644,#1645,#893,.T.);
#2055=EDGE_CURVE('',#1637,#1646,#894,.T.);
#2056=EDGE_CURVE('',#1645,#1646,#895,.T.);
#2057=EDGE_CURVE('',#1636,#1647,#896,.T.);
#2058=EDGE_CURVE('',#1646,#1647,#897,.T.);
#2059=EDGE_CURVE('',#1635,#1648,#898,.T.);
#2060=EDGE_CURVE('',#1647,#1648,#1394,.T.);
#2061=EDGE_CURVE('',#1634,#1649,#899,.T.);
#2062=EDGE_CURVE('',#1648,#1649,#900,.T.);
#2063=EDGE_CURVE('',#1633,#1650,#901,.T.);
#2064=EDGE_CURVE('',#1649,#1650,#902,.T.);
#2065=EDGE_CURVE('',#1632,#1651,#903,.T.);
#2066=EDGE_CURVE('',#1650,#1651,#904,.T.);
#2067=EDGE_CURVE('',#1630,#1652,#905,.T.);
#2068=EDGE_CURVE('',#1651,#1652,#906,.T.);
#2069=EDGE_CURVE('',#1631,#1653,#907,.T.);
#2070=EDGE_CURVE('',#1652,#1653,#908,.T.);
#2071=EDGE_CURVE('',#1654,#1614,#909,.T.);
#2072=EDGE_CURVE('',#1640,#1654,#910,.T.);
#2073=EDGE_CURVE('',#1655,#1654,#911,.T.);
#2074=EDGE_CURVE('',#1641,#1655,#912,.T.);
#2075=EDGE_CURVE('',#1656,#1655,#913,.T.);
#2076=EDGE_CURVE('',#1642,#1656,#914,.T.);
#2077=EDGE_CURVE('',#1657,#1656,#915,.T.);
#2078=EDGE_CURVE('',#1643,#1657,#916,.T.);
#2079=EDGE_CURVE('',#1653,#1657,#1395,.T.);
#2080=EDGE_CURVE('',#1658,#1658,#1396,.T.);
#2081=EDGE_CURVE('',#1658,#1659,#917,.T.);
#2082=EDGE_CURVE('',#1659,#1659,#1397,.T.);
#2083=EDGE_CURVE('',#1660,#1661,#918,.T.);
#2084=EDGE_CURVE('',#1661,#1662,#919,.T.);
#2085=EDGE_CURVE('',#1662,#1663,#920,.T.);
#2086=EDGE_CURVE('',#1663,#1664,#921,.T.);
#2087=EDGE_CURVE('',#1664,#1665,#922,.T.);
#2088=EDGE_CURVE('',#1665,#1666,#923,.T.);
#2089=EDGE_CURVE('',#1666,#1667,#924,.T.);
#2090=EDGE_CURVE('',#1667,#1660,#925,.T.);
#2091=EDGE_CURVE('',#1665,#1668,#926,.T.);
#2092=EDGE_CURVE('',#1669,#1668,#927,.T.);
#2093=EDGE_CURVE('',#1669,#1666,#928,.T.);
#2094=EDGE_CURVE('',#1670,#1664,#929,.T.);
#2095=EDGE_CURVE('',#1668,#1670,#930,.T.);
#2096=EDGE_CURVE('',#1663,#1671,#931,.T.);
#2097=EDGE_CURVE('',#1670,#1671,#932,.T.);
#2098=EDGE_CURVE('',#1672,#1662,#933,.T.);
#2099=EDGE_CURVE('',#1673,#1672,#934,.T.);
#2100=EDGE_CURVE('',#1674,#1673,#935,.T.);
#2101=EDGE_CURVE('',#1675,#1674,#936,.T.);
#2102=EDGE_CURVE('',#1676,#1675,#937,.T.);
#2103=EDGE_CURVE('',#1671,#1676,#938,.T.);
#2104=EDGE_CURVE('',#1677,#1677,#1398,.T.);
#2105=EDGE_CURVE('',#1678,#1679,#939,.T.);
#2106=EDGE_CURVE('',#1679,#1680,#940,.T.);
#2107=EDGE_CURVE('',#1680,#1669,#941,.T.);
#2108=EDGE_CURVE('',#1676,#1678,#942,.T.);
#2109=EDGE_CURVE('',#1681,#1682,#943,.T.);
#2110=EDGE_CURVE('',#1682,#1673,#944,.T.);
#2111=EDGE_CURVE('',#1672,#1681,#945,.T.);
#2112=EDGE_CURVE('',#1681,#1661,#946,.T.);
#2113=EDGE_CURVE('',#1683,#1684,#947,.T.);
#2114=EDGE_CURVE('',#1684,#1675,#948,.T.);
#2115=EDGE_CURVE('',#1674,#1683,#949,.T.);
#2116=EDGE_CURVE('',#1678,#1684,#950,.T.);
#2117=EDGE_CURVE('',#1685,#1685,#1399,.T.);
#2118=EDGE_CURVE('',#1685,#1686,#951,.T.);
#2119=EDGE_CURVE('',#1686,#1686,#1400,.T.);
#2120=EDGE_CURVE('',#1687,#1687,#1401,.T.);
#2121=EDGE_CURVE('',#1667,#1680,#952,.T.);
#2122=EDGE_CURVE('',#1688,#1688,#1402,.T.);
#2123=EDGE_CURVE('',#1689,#1689,#1403,.T.);
#2124=EDGE_CURVE('',#1677,#1688,#953,.T.);
#2125=EDGE_CURVE('',#1660,#1679,#954,.T.);
#2126=EDGE_CURVE('',#1689,#1687,#955,.T.);
#2127=EDGE_CURVE('',#1683,#1682,#956,.T.);
#2128=EDGE_CURVE('',#1690,#1691,#957,.T.);
#2129=EDGE_CURVE('',#1690,#1692,#958,.T.);
#2130=EDGE_CURVE('',#1693,#1692,#959,.T.);
#2131=EDGE_CURVE('',#1691,#1693,#960,.T.);
#2132=EDGE_CURVE('',#1691,#1694,#961,.T.);
#2133=EDGE_CURVE('',#1695,#1693,#962,.T.);
#2134=EDGE_CURVE('',#1694,#1695,#963,.T.);
#2135=EDGE_CURVE('',#1694,#1696,#964,.T.);
#2136=EDGE_CURVE('',#1697,#1695,#965,.T.);
#2137=EDGE_CURVE('',#1696,#1697,#966,.T.);
#2138=EDGE_CURVE('',#1696,#1690,#967,.T.);
#2139=EDGE_CURVE('',#1692,#1697,#968,.T.);
#2140=ORIENTED_EDGE('',*,*,#1698,.F.);
#2141=ORIENTED_EDGE('',*,*,#1699,.T.);
#2142=ORIENTED_EDGE('',*,*,#1700,.F.);
#2143=ORIENTED_EDGE('',*,*,#1699,.F.);
#2144=ORIENTED_EDGE('',*,*,#1701,.F.);
#2145=ORIENTED_EDGE('',*,*,#1702,.T.);
#2146=ORIENTED_EDGE('',*,*,#1703,.F.);
#2147=ORIENTED_EDGE('',*,*,#1702,.F.);
#2148=ORIENTED_EDGE('',*,*,#1704,.F.);
#2149=ORIENTED_EDGE('',*,*,#1705,.T.);
#2150=ORIENTED_EDGE('',*,*,#1706,.F.);
#2151=ORIENTED_EDGE('',*,*,#1705,.F.);
#2152=ORIENTED_EDGE('',*,*,#1707,.F.);
#2153=ORIENTED_EDGE('',*,*,#1708,.T.);
#2154=ORIENTED_EDGE('',*,*,#1709,.F.);
#2155=ORIENTED_EDGE('',*,*,#1710,.F.);
#2156=ORIENTED_EDGE('',*,*,#1701,.T.);
#2157=ORIENTED_EDGE('',*,*,#1704,.T.);
#2158=ORIENTED_EDGE('',*,*,#1711,.F.);
#2159=ORIENTED_EDGE('',*,*,#1710,.T.);
#2160=ORIENTED_EDGE('',*,*,#1712,.F.);
#2161=ORIENTED_EDGE('',*,*,#1713,.F.);
#2162=ORIENTED_EDGE('',*,*,#1714,.F.);
#2163=ORIENTED_EDGE('',*,*,#1713,.T.);
#2164=ORIENTED_EDGE('',*,*,#1715,.F.);
#2165=ORIENTED_EDGE('',*,*,#1716,.F.);
#2166=ORIENTED_EDGE('',*,*,#1717,.F.);
#2167=ORIENTED_EDGE('',*,*,#1716,.T.);
#2168=ORIENTED_EDGE('',*,*,#1718,.F.);
#2169=ORIENTED_EDGE('',*,*,#1719,.F.);
#2170=ORIENTED_EDGE('',*,*,#1720,.F.);
#2171=ORIENTED_EDGE('',*,*,#1719,.T.);
#2172=ORIENTED_EDGE('',*,*,#1721,.F.);
#2173=ORIENTED_EDGE('',*,*,#1722,.F.);
#2174=ORIENTED_EDGE('',*,*,#1723,.F.);
#2175=ORIENTED_EDGE('',*,*,#1722,.T.);
#2176=ORIENTED_EDGE('',*,*,#1724,.F.);
#2177=ORIENTED_EDGE('',*,*,#1725,.F.);
#2178=ORIENTED_EDGE('',*,*,#1726,.F.);
#2179=ORIENTED_EDGE('',*,*,#1725,.T.);
#2180=ORIENTED_EDGE('',*,*,#1727,.F.);
#2181=ORIENTED_EDGE('',*,*,#1728,.F.);
#2182=ORIENTED_EDGE('',*,*,#1729,.F.);
#2183=ORIENTED_EDGE('',*,*,#1728,.T.);
#2184=ORIENTED_EDGE('',*,*,#1730,.F.);
#2185=ORIENTED_EDGE('',*,*,#1731,.F.);
#2186=ORIENTED_EDGE('',*,*,#1732,.F.);
#2187=ORIENTED_EDGE('',*,*,#1731,.T.);
#2188=ORIENTED_EDGE('',*,*,#1733,.F.);
#2189=ORIENTED_EDGE('',*,*,#1734,.F.);
#2190=ORIENTED_EDGE('',*,*,#1735,.F.);
#2191=ORIENTED_EDGE('',*,*,#1734,.T.);
#2192=ORIENTED_EDGE('',*,*,#1736,.F.);
#2193=ORIENTED_EDGE('',*,*,#1737,.F.);
#2194=ORIENTED_EDGE('',*,*,#1738,.F.);
#2195=ORIENTED_EDGE('',*,*,#1737,.T.);
#2196=ORIENTED_EDGE('',*,*,#1739,.F.);
#2197=ORIENTED_EDGE('',*,*,#1740,.F.);
#2198=ORIENTED_EDGE('',*,*,#1741,.F.);
#2199=ORIENTED_EDGE('',*,*,#1740,.T.);
#2200=ORIENTED_EDGE('',*,*,#1742,.F.);
#2201=ORIENTED_EDGE('',*,*,#1743,.F.);
#2202=ORIENTED_EDGE('',*,*,#1744,.F.);
#2203=ORIENTED_EDGE('',*,*,#1743,.T.);
#2204=ORIENTED_EDGE('',*,*,#1745,.F.);
#2205=ORIENTED_EDGE('',*,*,#1746,.F.);
#2206=ORIENTED_EDGE('',*,*,#1747,.F.);
#2207=ORIENTED_EDGE('',*,*,#1746,.T.);
#2208=ORIENTED_EDGE('',*,*,#1748,.F.);
#2209=ORIENTED_EDGE('',*,*,#1749,.F.);
#2210=ORIENTED_EDGE('',*,*,#1750,.F.);
#2211=ORIENTED_EDGE('',*,*,#1749,.T.);
#2212=ORIENTED_EDGE('',*,*,#1751,.F.);
#2213=ORIENTED_EDGE('',*,*,#1752,.F.);
#2214=ORIENTED_EDGE('',*,*,#1753,.F.);
#2215=ORIENTED_EDGE('',*,*,#1752,.T.);
#2216=ORIENTED_EDGE('',*,*,#1754,.F.);
#2217=ORIENTED_EDGE('',*,*,#1755,.F.);
#2218=ORIENTED_EDGE('',*,*,#1756,.F.);
#2219=ORIENTED_EDGE('',*,*,#1755,.T.);
#2220=ORIENTED_EDGE('',*,*,#1757,.F.);
#2221=ORIENTED_EDGE('',*,*,#1758,.F.);
#2222=ORIENTED_EDGE('',*,*,#1759,.F.);
#2223=ORIENTED_EDGE('',*,*,#1758,.T.);
#2224=ORIENTED_EDGE('',*,*,#1760,.F.);
#2225=ORIENTED_EDGE('',*,*,#1761,.F.);
#2226=ORIENTED_EDGE('',*,*,#1762,.F.);
#2227=ORIENTED_EDGE('',*,*,#1761,.T.);
#2228=ORIENTED_EDGE('',*,*,#1763,.F.);
#2229=ORIENTED_EDGE('',*,*,#1764,.F.);
#2230=ORIENTED_EDGE('',*,*,#1765,.F.);
#2231=ORIENTED_EDGE('',*,*,#1764,.T.);
#2232=ORIENTED_EDGE('',*,*,#1766,.F.);
#2233=ORIENTED_EDGE('',*,*,#1767,.F.);
#2234=ORIENTED_EDGE('',*,*,#1700,.T.);
#2235=ORIENTED_EDGE('',*,*,#1768,.T.);
#2236=ORIENTED_EDGE('',*,*,#1767,.T.);
#2237=ORIENTED_EDGE('',*,*,#1769,.F.);
#2238=ORIENTED_EDGE('',*,*,#1770,.F.);
#2239=ORIENTED_EDGE('',*,*,#1771,.T.);
#2240=ORIENTED_EDGE('',*,*,#1770,.T.);
#2241=ORIENTED_EDGE('',*,*,#1772,.F.);
#2242=ORIENTED_EDGE('',*,*,#1773,.F.);
#2243=ORIENTED_EDGE('',*,*,#1774,.F.);
#2244=ORIENTED_EDGE('',*,*,#1773,.T.);
#2245=ORIENTED_EDGE('',*,*,#1775,.F.);
#2246=ORIENTED_EDGE('',*,*,#1776,.F.);
#2247=ORIENTED_EDGE('',*,*,#1777,.F.);
#2248=ORIENTED_EDGE('',*,*,#1776,.T.);
#2249=ORIENTED_EDGE('',*,*,#1778,.F.);
#2250=ORIENTED_EDGE('',*,*,#1779,.F.);
#2251=ORIENTED_EDGE('',*,*,#1780,.F.);
#2252=ORIENTED_EDGE('',*,*,#1779,.T.);
#2253=ORIENTED_EDGE('',*,*,#1781,.F.);
#2254=ORIENTED_EDGE('',*,*,#1782,.F.);
#2255=ORIENTED_EDGE('',*,*,#1783,.F.);
#2256=ORIENTED_EDGE('',*,*,#1782,.T.);
#2257=ORIENTED_EDGE('',*,*,#1784,.F.);
#2258=ORIENTED_EDGE('',*,*,#1785,.F.);
#2259=ORIENTED_EDGE('',*,*,#1786,.F.);
#2260=ORIENTED_EDGE('',*,*,#1785,.T.);
#2261=ORIENTED_EDGE('',*,*,#1787,.F.);
#2262=ORIENTED_EDGE('',*,*,#1788,.F.);
#2263=ORIENTED_EDGE('',*,*,#1789,.F.);
#2264=ORIENTED_EDGE('',*,*,#1788,.T.);
#2265=ORIENTED_EDGE('',*,*,#1790,.F.);
#2266=ORIENTED_EDGE('',*,*,#1791,.F.);
#2267=ORIENTED_EDGE('',*,*,#1792,.F.);
#2268=ORIENTED_EDGE('',*,*,#1791,.T.);
#2269=ORIENTED_EDGE('',*,*,#1793,.F.);
#2270=ORIENTED_EDGE('',*,*,#1794,.F.);
#2271=ORIENTED_EDGE('',*,*,#1795,.F.);
#2272=ORIENTED_EDGE('',*,*,#1794,.T.);
#2273=ORIENTED_EDGE('',*,*,#1796,.F.);
#2274=ORIENTED_EDGE('',*,*,#1797,.F.);
#2275=ORIENTED_EDGE('',*,*,#1798,.F.);
#2276=ORIENTED_EDGE('',*,*,#1797,.T.);
#2277=ORIENTED_EDGE('',*,*,#1799,.F.);
#2278=ORIENTED_EDGE('',*,*,#1800,.F.);
#2279=ORIENTED_EDGE('',*,*,#1801,.F.);
#2280=ORIENTED_EDGE('',*,*,#1800,.T.);
#2281=ORIENTED_EDGE('',*,*,#1802,.F.);
#2282=ORIENTED_EDGE('',*,*,#1803,.F.);
#2283=ORIENTED_EDGE('',*,*,#1804,.F.);
#2284=ORIENTED_EDGE('',*,*,#1803,.T.);
#2285=ORIENTED_EDGE('',*,*,#1805,.F.);
#2286=ORIENTED_EDGE('',*,*,#1806,.F.);
#2287=ORIENTED_EDGE('',*,*,#1807,.F.);
#2288=ORIENTED_EDGE('',*,*,#1806,.T.);
#2289=ORIENTED_EDGE('',*,*,#1808,.F.);
#2290=ORIENTED_EDGE('',*,*,#1809,.F.);
#2291=ORIENTED_EDGE('',*,*,#1810,.F.);
#2292=ORIENTED_EDGE('',*,*,#1809,.T.);
#2293=ORIENTED_EDGE('',*,*,#1811,.F.);
#2294=ORIENTED_EDGE('',*,*,#1812,.F.);
#2295=ORIENTED_EDGE('',*,*,#1813,.F.);
#2296=ORIENTED_EDGE('',*,*,#1812,.T.);
#2297=ORIENTED_EDGE('',*,*,#1814,.F.);
#2298=ORIENTED_EDGE('',*,*,#1815,.F.);
#2299=ORIENTED_EDGE('',*,*,#1816,.F.);
#2300=ORIENTED_EDGE('',*,*,#1815,.T.);
#2301=ORIENTED_EDGE('',*,*,#1817,.F.);
#2302=ORIENTED_EDGE('',*,*,#1818,.F.);
#2303=ORIENTED_EDGE('',*,*,#1819,.F.);
#2304=ORIENTED_EDGE('',*,*,#1818,.T.);
#2305=ORIENTED_EDGE('',*,*,#1820,.F.);
#2306=ORIENTED_EDGE('',*,*,#1821,.F.);
#2307=ORIENTED_EDGE('',*,*,#1822,.F.);
#2308=ORIENTED_EDGE('',*,*,#1821,.T.);
#2309=ORIENTED_EDGE('',*,*,#1823,.F.);
#2310=ORIENTED_EDGE('',*,*,#1824,.F.);
#2311=ORIENTED_EDGE('',*,*,#1825,.F.);
#2312=ORIENTED_EDGE('',*,*,#1824,.T.);
#2313=ORIENTED_EDGE('',*,*,#1826,.F.);
#2314=ORIENTED_EDGE('',*,*,#1827,.F.);
#2315=ORIENTED_EDGE('',*,*,#1828,.F.);
#2316=ORIENTED_EDGE('',*,*,#1827,.T.);
#2317=ORIENTED_EDGE('',*,*,#1829,.F.);
#2318=ORIENTED_EDGE('',*,*,#1830,.F.);
#2319=ORIENTED_EDGE('',*,*,#1831,.F.);
#2320=ORIENTED_EDGE('',*,*,#1830,.T.);
#2321=ORIENTED_EDGE('',*,*,#1832,.F.);
#2322=ORIENTED_EDGE('',*,*,#1833,.F.);
#2323=ORIENTED_EDGE('',*,*,#1834,.F.);
#2324=ORIENTED_EDGE('',*,*,#1833,.T.);
#2325=ORIENTED_EDGE('',*,*,#1835,.F.);
#2326=ORIENTED_EDGE('',*,*,#1836,.F.);
#2327=ORIENTED_EDGE('',*,*,#1837,.F.);
#2328=ORIENTED_EDGE('',*,*,#1836,.T.);
#2329=ORIENTED_EDGE('',*,*,#1838,.F.);
#2330=ORIENTED_EDGE('',*,*,#1839,.F.);
#2331=ORIENTED_EDGE('',*,*,#1840,.F.);
#2332=ORIENTED_EDGE('',*,*,#1839,.T.);
#2333=ORIENTED_EDGE('',*,*,#1841,.F.);
#2334=ORIENTED_EDGE('',*,*,#1842,.F.);
#2335=ORIENTED_EDGE('',*,*,#1843,.F.);
#2336=ORIENTED_EDGE('',*,*,#1842,.T.);
#2337=ORIENTED_EDGE('',*,*,#1844,.F.);
#2338=ORIENTED_EDGE('',*,*,#1845,.F.);
#2339=ORIENTED_EDGE('',*,*,#1846,.F.);
#2340=ORIENTED_EDGE('',*,*,#1845,.T.);
#2341=ORIENTED_EDGE('',*,*,#1847,.F.);
#2342=ORIENTED_EDGE('',*,*,#1848,.F.);
#2343=ORIENTED_EDGE('',*,*,#1849,.F.);
#2344=ORIENTED_EDGE('',*,*,#1848,.T.);
#2345=ORIENTED_EDGE('',*,*,#1850,.F.);
#2346=ORIENTED_EDGE('',*,*,#1851,.F.);
#2347=ORIENTED_EDGE('',*,*,#1852,.F.);
#2348=ORIENTED_EDGE('',*,*,#1851,.T.);
#2349=ORIENTED_EDGE('',*,*,#1853,.F.);
#2350=ORIENTED_EDGE('',*,*,#1854,.F.);
#2351=ORIENTED_EDGE('',*,*,#1855,.F.);
#2352=ORIENTED_EDGE('',*,*,#1854,.T.);
#2353=ORIENTED_EDGE('',*,*,#1856,.F.);
#2354=ORIENTED_EDGE('',*,*,#1857,.F.);
#2355=ORIENTED_EDGE('',*,*,#1858,.F.);
#2356=ORIENTED_EDGE('',*,*,#1857,.T.);
#2357=ORIENTED_EDGE('',*,*,#1859,.F.);
#2358=ORIENTED_EDGE('',*,*,#1860,.F.);
#2359=ORIENTED_EDGE('',*,*,#1861,.F.);
#2360=ORIENTED_EDGE('',*,*,#1860,.T.);
#2361=ORIENTED_EDGE('',*,*,#1862,.F.);
#2362=ORIENTED_EDGE('',*,*,#1863,.F.);
#2363=ORIENTED_EDGE('',*,*,#1864,.F.);
#2364=ORIENTED_EDGE('',*,*,#1863,.T.);
#2365=ORIENTED_EDGE('',*,*,#1865,.F.);
#2366=ORIENTED_EDGE('',*,*,#1866,.F.);
#2367=ORIENTED_EDGE('',*,*,#1867,.F.);
#2368=ORIENTED_EDGE('',*,*,#1866,.T.);
#2369=ORIENTED_EDGE('',*,*,#1868,.F.);
#2370=ORIENTED_EDGE('',*,*,#1869,.F.);
#2371=ORIENTED_EDGE('',*,*,#1870,.F.);
#2372=ORIENTED_EDGE('',*,*,#1869,.T.);
#2373=ORIENTED_EDGE('',*,*,#1871,.F.);
#2374=ORIENTED_EDGE('',*,*,#1872,.F.);
#2375=ORIENTED_EDGE('',*,*,#1873,.T.);
#2376=ORIENTED_EDGE('',*,*,#1872,.T.);
#2377=ORIENTED_EDGE('',*,*,#1874,.F.);
#2378=ORIENTED_EDGE('',*,*,#1875,.F.);
#2379=ORIENTED_EDGE('',*,*,#1703,.T.);
#2380=ORIENTED_EDGE('',*,*,#1706,.T.);
#2381=ORIENTED_EDGE('',*,*,#1876,.F.);
#2382=ORIENTED_EDGE('',*,*,#1875,.T.);
#2383=ORIENTED_EDGE('',*,*,#1877,.F.);
#2384=ORIENTED_EDGE('',*,*,#1708,.F.);
#2385=ORIENTED_EDGE('',*,*,#1698,.T.);
#2386=ORIENTED_EDGE('',*,*,#1876,.T.);
#2387=ORIENTED_EDGE('',*,*,#1707,.T.);
#2388=ORIENTED_EDGE('',*,*,#1711,.T.);
#2389=ORIENTED_EDGE('',*,*,#1714,.T.);
#2390=ORIENTED_EDGE('',*,*,#1717,.T.);
#2391=ORIENTED_EDGE('',*,*,#1720,.T.);
#2392=ORIENTED_EDGE('',*,*,#1723,.T.);
#2393=ORIENTED_EDGE('',*,*,#1726,.T.);
#2394=ORIENTED_EDGE('',*,*,#1729,.T.);
#2395=ORIENTED_EDGE('',*,*,#1732,.T.);
#2396=ORIENTED_EDGE('',*,*,#1735,.T.);
#2397=ORIENTED_EDGE('',*,*,#1738,.T.);
#2398=ORIENTED_EDGE('',*,*,#1741,.T.);
#2399=ORIENTED_EDGE('',*,*,#1744,.T.);
#2400=ORIENTED_EDGE('',*,*,#1747,.T.);
#2401=ORIENTED_EDGE('',*,*,#1750,.T.);
#2402=ORIENTED_EDGE('',*,*,#1753,.T.);
#2403=ORIENTED_EDGE('',*,*,#1756,.T.);
#2404=ORIENTED_EDGE('',*,*,#1759,.T.);
#2405=ORIENTED_EDGE('',*,*,#1762,.T.);
#2406=ORIENTED_EDGE('',*,*,#1765,.T.);
#2407=ORIENTED_EDGE('',*,*,#1768,.F.);
#2408=ORIENTED_EDGE('',*,*,#1771,.F.);
#2409=ORIENTED_EDGE('',*,*,#1774,.T.);
#2410=ORIENTED_EDGE('',*,*,#1777,.T.);
#2411=ORIENTED_EDGE('',*,*,#1780,.T.);
#2412=ORIENTED_EDGE('',*,*,#1783,.T.);
#2413=ORIENTED_EDGE('',*,*,#1786,.T.);
#2414=ORIENTED_EDGE('',*,*,#1789,.T.);
#2415=ORIENTED_EDGE('',*,*,#1792,.T.);
#2416=ORIENTED_EDGE('',*,*,#1795,.T.);
#2417=ORIENTED_EDGE('',*,*,#1798,.T.);
#2418=ORIENTED_EDGE('',*,*,#1801,.T.);
#2419=ORIENTED_EDGE('',*,*,#1804,.T.);
#2420=ORIENTED_EDGE('',*,*,#1807,.T.);
#2421=ORIENTED_EDGE('',*,*,#1810,.T.);
#2422=ORIENTED_EDGE('',*,*,#1813,.T.);
#2423=ORIENTED_EDGE('',*,*,#1816,.T.);
#2424=ORIENTED_EDGE('',*,*,#1819,.T.);
#2425=ORIENTED_EDGE('',*,*,#1822,.T.);
#2426=ORIENTED_EDGE('',*,*,#1825,.T.);
#2427=ORIENTED_EDGE('',*,*,#1828,.T.);
#2428=ORIENTED_EDGE('',*,*,#1831,.T.);
#2429=ORIENTED_EDGE('',*,*,#1834,.T.);
#2430=ORIENTED_EDGE('',*,*,#1837,.T.);
#2431=ORIENTED_EDGE('',*,*,#1840,.T.);
#2432=ORIENTED_EDGE('',*,*,#1843,.T.);
#2433=ORIENTED_EDGE('',*,*,#1846,.T.);
#2434=ORIENTED_EDGE('',*,*,#1849,.T.);
#2435=ORIENTED_EDGE('',*,*,#1852,.T.);
#2436=ORIENTED_EDGE('',*,*,#1855,.T.);
#2437=ORIENTED_EDGE('',*,*,#1858,.T.);
#2438=ORIENTED_EDGE('',*,*,#1861,.T.);
#2439=ORIENTED_EDGE('',*,*,#1864,.T.);
#2440=ORIENTED_EDGE('',*,*,#1867,.T.);
#2441=ORIENTED_EDGE('',*,*,#1870,.T.);
#2442=ORIENTED_EDGE('',*,*,#1873,.F.);
#2443=ORIENTED_EDGE('',*,*,#1877,.T.);
#2444=ORIENTED_EDGE('',*,*,#1874,.T.);
#2445=ORIENTED_EDGE('',*,*,#1871,.T.);
#2446=ORIENTED_EDGE('',*,*,#1868,.T.);
#2447=ORIENTED_EDGE('',*,*,#1865,.T.);
#2448=ORIENTED_EDGE('',*,*,#1862,.T.);
#2449=ORIENTED_EDGE('',*,*,#1859,.T.);
#2450=ORIENTED_EDGE('',*,*,#1856,.T.);
#2451=ORIENTED_EDGE('',*,*,#1853,.T.);
#2452=ORIENTED_EDGE('',*,*,#1850,.T.);
#2453=ORIENTED_EDGE('',*,*,#1847,.T.);
#2454=ORIENTED_EDGE('',*,*,#1844,.T.);
#2455=ORIENTED_EDGE('',*,*,#1841,.T.);
#2456=ORIENTED_EDGE('',*,*,#1838,.T.);
#2457=ORIENTED_EDGE('',*,*,#1835,.T.);
#2458=ORIENTED_EDGE('',*,*,#1832,.T.);
#2459=ORIENTED_EDGE('',*,*,#1829,.T.);
#2460=ORIENTED_EDGE('',*,*,#1826,.T.);
#2461=ORIENTED_EDGE('',*,*,#1823,.T.);
#2462=ORIENTED_EDGE('',*,*,#1820,.T.);
#2463=ORIENTED_EDGE('',*,*,#1817,.T.);
#2464=ORIENTED_EDGE('',*,*,#1814,.T.);
#2465=ORIENTED_EDGE('',*,*,#1811,.T.);
#2466=ORIENTED_EDGE('',*,*,#1808,.T.);
#2467=ORIENTED_EDGE('',*,*,#1805,.T.);
#2468=ORIENTED_EDGE('',*,*,#1802,.T.);
#2469=ORIENTED_EDGE('',*,*,#1799,.T.);
#2470=ORIENTED_EDGE('',*,*,#1796,.T.);
#2471=ORIENTED_EDGE('',*,*,#1793,.T.);
#2472=ORIENTED_EDGE('',*,*,#1790,.T.);
#2473=ORIENTED_EDGE('',*,*,#1787,.T.);
#2474=ORIENTED_EDGE('',*,*,#1784,.T.);
#2475=ORIENTED_EDGE('',*,*,#1781,.T.);
#2476=ORIENTED_EDGE('',*,*,#1778,.T.);
#2477=ORIENTED_EDGE('',*,*,#1775,.T.);
#2478=ORIENTED_EDGE('',*,*,#1772,.T.);
#2479=ORIENTED_EDGE('',*,*,#1769,.T.);
#2480=ORIENTED_EDGE('',*,*,#1766,.T.);
#2481=ORIENTED_EDGE('',*,*,#1763,.T.);
#2482=ORIENTED_EDGE('',*,*,#1760,.T.);
#2483=ORIENTED_EDGE('',*,*,#1757,.T.);
#2484=ORIENTED_EDGE('',*,*,#1754,.T.);
#2485=ORIENTED_EDGE('',*,*,#1751,.T.);
#2486=ORIENTED_EDGE('',*,*,#1748,.T.);
#2487=ORIENTED_EDGE('',*,*,#1745,.T.);
#2488=ORIENTED_EDGE('',*,*,#1742,.T.);
#2489=ORIENTED_EDGE('',*,*,#1739,.T.);
#2490=ORIENTED_EDGE('',*,*,#1736,.T.);
#2491=ORIENTED_EDGE('',*,*,#1733,.T.);
#2492=ORIENTED_EDGE('',*,*,#1730,.T.);
#2493=ORIENTED_EDGE('',*,*,#1727,.T.);
#2494=ORIENTED_EDGE('',*,*,#1724,.T.);
#2495=ORIENTED_EDGE('',*,*,#1721,.T.);
#2496=ORIENTED_EDGE('',*,*,#1718,.T.);
#2497=ORIENTED_EDGE('',*,*,#1715,.T.);
#2498=ORIENTED_EDGE('',*,*,#1712,.T.);
#2499=ORIENTED_EDGE('',*,*,#1709,.T.);
#2500=ORIENTED_EDGE('',*,*,#1878,.T.);
#2501=ORIENTED_EDGE('',*,*,#1879,.T.);
#2502=ORIENTED_EDGE('',*,*,#1880,.F.);
#2503=ORIENTED_EDGE('',*,*,#1879,.F.);
#2504=ORIENTED_EDGE('',*,*,#1881,.F.);
#2505=ORIENTED_EDGE('',*,*,#1882,.T.);
#2506=ORIENTED_EDGE('',*,*,#1883,.T.);
#2507=ORIENTED_EDGE('',*,*,#1882,.F.);
#2508=ORIENTED_EDGE('',*,*,#1881,.T.);
#2509=ORIENTED_EDGE('',*,*,#1880,.T.);
#2510=ORIENTED_EDGE('',*,*,#1883,.F.);
#2511=ORIENTED_EDGE('',*,*,#1878,.F.);
#2512=ORIENTED_EDGE('',*,*,#1884,.F.);
#2513=ORIENTED_EDGE('',*,*,#1885,.T.);
#2514=ORIENTED_EDGE('',*,*,#1886,.F.);
#2515=ORIENTED_EDGE('',*,*,#1885,.F.);
#2516=ORIENTED_EDGE('',*,*,#1887,.F.);
#2517=ORIENTED_EDGE('',*,*,#1888,.T.);
#2518=ORIENTED_EDGE('',*,*,#1889,.F.);
#2519=ORIENTED_EDGE('',*,*,#1888,.F.);
#2520=ORIENTED_EDGE('',*,*,#1887,.T.);
#2521=ORIENTED_EDGE('',*,*,#1886,.T.);
#2522=ORIENTED_EDGE('',*,*,#1890,.T.);
#2523=ORIENTED_EDGE('',*,*,#1891,.T.);
#2524=ORIENTED_EDGE('',*,*,#1892,.T.);
#2525=ORIENTED_EDGE('',*,*,#1893,.T.);
#2526=ORIENTED_EDGE('',*,*,#1894,.T.);
#2527=ORIENTED_EDGE('',*,*,#1895,.T.);
#2528=ORIENTED_EDGE('',*,*,#1889,.T.);
#2529=ORIENTED_EDGE('',*,*,#1890,.F.);
#2530=ORIENTED_EDGE('',*,*,#1896,.T.);
#2531=ORIENTED_EDGE('',*,*,#1897,.F.);
#2532=ORIENTED_EDGE('',*,*,#1898,.F.);
#2533=ORIENTED_EDGE('',*,*,#1895,.F.);
#2534=ORIENTED_EDGE('',*,*,#1899,.T.);
#2535=ORIENTED_EDGE('',*,*,#1900,.F.);
#2536=ORIENTED_EDGE('',*,*,#1901,.F.);
#2537=ORIENTED_EDGE('',*,*,#1896,.F.);
#2538=ORIENTED_EDGE('',*,*,#1894,.F.);
#2539=ORIENTED_EDGE('',*,*,#1902,.T.);
#2540=ORIENTED_EDGE('',*,*,#1903,.F.);
#2541=ORIENTED_EDGE('',*,*,#1899,.F.);
#2542=ORIENTED_EDGE('',*,*,#1893,.F.);
#2543=ORIENTED_EDGE('',*,*,#1904,.T.);
#2544=ORIENTED_EDGE('',*,*,#1905,.F.);
#2545=ORIENTED_EDGE('',*,*,#1902,.F.);
#2546=ORIENTED_EDGE('',*,*,#1892,.F.);
#2547=ORIENTED_EDGE('',*,*,#1906,.T.);
#2548=ORIENTED_EDGE('',*,*,#1907,.F.);
#2549=ORIENTED_EDGE('',*,*,#1904,.F.);
#2550=ORIENTED_EDGE('',*,*,#1891,.F.);
#2551=ORIENTED_EDGE('',*,*,#1898,.T.);
#2552=ORIENTED_EDGE('',*,*,#1908,.F.);
#2553=ORIENTED_EDGE('',*,*,#1906,.F.);
#2554=ORIENTED_EDGE('',*,*,#1901,.T.);
#2555=ORIENTED_EDGE('',*,*,#1909,.T.);
#2556=ORIENTED_EDGE('',*,*,#1910,.T.);
#2557=ORIENTED_EDGE('',*,*,#1909,.F.);
#2558=ORIENTED_EDGE('',*,*,#1900,.T.);
#2559=ORIENTED_EDGE('',*,*,#1903,.T.);
#2560=ORIENTED_EDGE('',*,*,#1905,.T.);
#2561=ORIENTED_EDGE('',*,*,#1907,.T.);
#2562=ORIENTED_EDGE('',*,*,#1908,.T.);
#2563=ORIENTED_EDGE('',*,*,#1897,.T.);
#2564=ORIENTED_EDGE('',*,*,#1911,.F.);
#2565=ORIENTED_EDGE('',*,*,#1912,.T.);
#2566=ORIENTED_EDGE('',*,*,#1910,.F.);
#2567=ORIENTED_EDGE('',*,*,#1912,.F.);
#2568=ORIENTED_EDGE('',*,*,#1911,.T.);
#2569=ORIENTED_EDGE('',*,*,#1913,.T.);
#2570=ORIENTED_EDGE('',*,*,#1914,.T.);
#2571=ORIENTED_EDGE('',*,*,#1913,.F.);
#2572=ORIENTED_EDGE('',*,*,#1914,.F.);
#2573=ORIENTED_EDGE('',*,*,#1915,.T.);
#2574=ORIENTED_EDGE('',*,*,#1915,.F.);
#2575=ORIENTED_EDGE('',*,*,#1916,.T.);
#2576=ORIENTED_EDGE('',*,*,#1917,.T.);
#2577=ORIENTED_EDGE('',*,*,#1916,.F.);
#2578=ORIENTED_EDGE('',*,*,#1917,.F.);
#2579=ORIENTED_EDGE('',*,*,#1918,.T.);
#2580=ORIENTED_EDGE('',*,*,#1919,.T.);
#2581=ORIENTED_EDGE('',*,*,#1920,.F.);
#2582=ORIENTED_EDGE('',*,*,#1920,.T.);
#2583=ORIENTED_EDGE('',*,*,#1921,.T.);
#2584=ORIENTED_EDGE('',*,*,#1918,.F.);
#2585=ORIENTED_EDGE('',*,*,#1921,.F.);
#2586=ORIENTED_EDGE('',*,*,#1922,.T.);
#2587=ORIENTED_EDGE('',*,*,#1923,.T.);
#2588=ORIENTED_EDGE('',*,*,#1919,.F.);
#2589=ORIENTED_EDGE('',*,*,#1923,.F.);
#2590=ORIENTED_EDGE('',*,*,#1884,.T.);
#2591=ORIENTED_EDGE('',*,*,#1922,.F.);
#2592=ORIENTED_EDGE('',*,*,#1924,.F.);
#2593=ORIENTED_EDGE('',*,*,#1925,.T.);
#2594=ORIENTED_EDGE('',*,*,#1926,.T.);
#2595=ORIENTED_EDGE('',*,*,#1927,.T.);
#2596=ORIENTED_EDGE('',*,*,#1927,.F.);
#2597=ORIENTED_EDGE('',*,*,#1928,.T.);
#2598=ORIENTED_EDGE('',*,*,#1929,.F.);
#2599=ORIENTED_EDGE('',*,*,#1930,.T.);
#2600=ORIENTED_EDGE('',*,*,#1931,.F.);
#2601=ORIENTED_EDGE('',*,*,#1932,.T.);
#2602=ORIENTED_EDGE('',*,*,#1933,.T.);
#2603=ORIENTED_EDGE('',*,*,#1934,.T.);
#2604=ORIENTED_EDGE('',*,*,#1935,.F.);
#2605=ORIENTED_EDGE('',*,*,#1936,.T.);
#2606=ORIENTED_EDGE('',*,*,#1931,.T.);
#2607=ORIENTED_EDGE('',*,*,#1937,.F.);
#2608=ORIENTED_EDGE('',*,*,#1938,.F.);
#2609=ORIENTED_EDGE('',*,*,#1939,.T.);
#2610=ORIENTED_EDGE('',*,*,#1940,.T.);
#2611=ORIENTED_EDGE('',*,*,#1941,.T.);
#2612=ORIENTED_EDGE('',*,*,#1929,.T.);
#2613=ORIENTED_EDGE('',*,*,#1942,.T.);
#2614=ORIENTED_EDGE('',*,*,#1943,.T.);
#2615=ORIENTED_EDGE('',*,*,#1944,.F.);
#2616=ORIENTED_EDGE('',*,*,#1945,.F.);
#2617=ORIENTED_EDGE('',*,*,#1944,.T.);
#2618=ORIENTED_EDGE('',*,*,#1946,.F.);
#2619=ORIENTED_EDGE('',*,*,#1947,.T.);
#2620=ORIENTED_EDGE('',*,*,#1948,.T.);
#2621=ORIENTED_EDGE('',*,*,#1949,.F.);
#2622=ORIENTED_EDGE('',*,*,#1943,.F.);
#2623=ORIENTED_EDGE('',*,*,#1950,.F.);
#2624=ORIENTED_EDGE('',*,*,#1951,.F.);
#2625=ORIENTED_EDGE('',*,*,#1946,.T.);
#2626=ORIENTED_EDGE('',*,*,#1925,.F.);
#2627=ORIENTED_EDGE('',*,*,#1952,.T.);
#2628=ORIENTED_EDGE('',*,*,#1934,.F.);
#2629=ORIENTED_EDGE('',*,*,#1953,.T.);
#2630=ORIENTED_EDGE('',*,*,#1950,.T.);
#2631=ORIENTED_EDGE('',*,*,#1942,.F.);
#2632=ORIENTED_EDGE('',*,*,#1928,.F.);
#2633=ORIENTED_EDGE('',*,*,#1926,.F.);
#2634=ORIENTED_EDGE('',*,*,#1953,.F.);
#2635=ORIENTED_EDGE('',*,*,#1933,.F.);
#2636=ORIENTED_EDGE('',*,*,#1954,.T.);
#2637=ORIENTED_EDGE('',*,*,#1955,.F.);
#2638=ORIENTED_EDGE('',*,*,#1956,.T.);
#2639=ORIENTED_EDGE('',*,*,#1957,.F.);
#2640=ORIENTED_EDGE('',*,*,#1958,.F.);
#2641=ORIENTED_EDGE('',*,*,#1959,.F.);
#2642=ORIENTED_EDGE('',*,*,#1932,.F.);
#2643=ORIENTED_EDGE('',*,*,#1940,.F.);
#2644=ORIENTED_EDGE('',*,*,#1960,.T.);
#2645=ORIENTED_EDGE('',*,*,#1954,.F.);
#2646=ORIENTED_EDGE('',*,*,#1961,.T.);
#2647=ORIENTED_EDGE('',*,*,#1938,.T.);
#2648=ORIENTED_EDGE('',*,*,#1962,.F.);
#2649=ORIENTED_EDGE('',*,*,#1963,.F.);
#2650=ORIENTED_EDGE('',*,*,#1964,.T.);
#2651=ORIENTED_EDGE('',*,*,#1963,.T.);
#2652=ORIENTED_EDGE('',*,*,#1965,.F.);
#2653=ORIENTED_EDGE('',*,*,#1966,.F.);
#2654=ORIENTED_EDGE('',*,*,#1967,.T.);
#2655=ORIENTED_EDGE('',*,*,#1966,.T.);
#2656=ORIENTED_EDGE('',*,*,#1968,.F.);
#2657=ORIENTED_EDGE('',*,*,#1948,.F.);
#2658=ORIENTED_EDGE('',*,*,#1969,.F.);
#2659=ORIENTED_EDGE('',*,*,#1970,.F.);
#2660=ORIENTED_EDGE('',*,*,#1971,.F.);
#2661=ORIENTED_EDGE('',*,*,#1945,.T.);
#2662=ORIENTED_EDGE('',*,*,#1949,.T.);
#2663=ORIENTED_EDGE('',*,*,#1968,.T.);
#2664=ORIENTED_EDGE('',*,*,#1965,.T.);
#2665=ORIENTED_EDGE('',*,*,#1962,.T.);
#2666=ORIENTED_EDGE('',*,*,#1937,.T.);
#2667=ORIENTED_EDGE('',*,*,#1936,.F.);
#2668=ORIENTED_EDGE('',*,*,#1972,.F.);
#2669=ORIENTED_EDGE('',*,*,#1973,.F.);
#2670=ORIENTED_EDGE('',*,*,#1974,.F.);
#2671=ORIENTED_EDGE('',*,*,#1975,.F.);
#2672=ORIENTED_EDGE('',*,*,#1976,.F.);
#2673=ORIENTED_EDGE('',*,*,#1977,.F.);
#2674=ORIENTED_EDGE('',*,*,#1978,.F.);
#2675=ORIENTED_EDGE('',*,*,#1979,.T.);
#2676=ORIENTED_EDGE('',*,*,#1980,.F.);
#2677=ORIENTED_EDGE('',*,*,#1979,.F.);
#2678=ORIENTED_EDGE('',*,*,#1978,.T.);
#2679=ORIENTED_EDGE('',*,*,#1981,.T.);
#2680=ORIENTED_EDGE('',*,*,#1982,.F.);
#2681=ORIENTED_EDGE('',*,*,#1983,.F.);
#2682=ORIENTED_EDGE('',*,*,#1984,.F.);
#2683=ORIENTED_EDGE('',*,*,#1985,.F.);
#2684=ORIENTED_EDGE('',*,*,#1986,.F.);
#2685=ORIENTED_EDGE('',*,*,#1987,.F.);
#2686=ORIENTED_EDGE('',*,*,#1988,.F.);
#2687=ORIENTED_EDGE('',*,*,#1989,.F.);
#2688=ORIENTED_EDGE('',*,*,#1990,.T.);
#2689=ORIENTED_EDGE('',*,*,#1981,.F.);
#2690=ORIENTED_EDGE('',*,*,#1991,.T.);
#2691=ORIENTED_EDGE('',*,*,#1990,.F.);
#2692=ORIENTED_EDGE('',*,*,#1991,.F.);
#2693=ORIENTED_EDGE('',*,*,#1987,.T.);
#2694=ORIENTED_EDGE('',*,*,#1992,.F.);
#2695=ORIENTED_EDGE('',*,*,#1993,.T.);
#2696=ORIENTED_EDGE('',*,*,#1994,.T.);
#2697=ORIENTED_EDGE('',*,*,#1986,.T.);
#2698=ORIENTED_EDGE('',*,*,#1995,.F.);
#2699=ORIENTED_EDGE('',*,*,#1996,.T.);
#2700=ORIENTED_EDGE('',*,*,#1992,.T.);
#2701=ORIENTED_EDGE('',*,*,#1985,.T.);
#2702=ORIENTED_EDGE('',*,*,#1997,.F.);
#2703=ORIENTED_EDGE('',*,*,#1998,.T.);
#2704=ORIENTED_EDGE('',*,*,#1995,.T.);
#2705=ORIENTED_EDGE('',*,*,#1999,.T.);
#2706=ORIENTED_EDGE('',*,*,#1957,.T.);
#2707=ORIENTED_EDGE('',*,*,#2000,.T.);
#2708=ORIENTED_EDGE('',*,*,#2001,.T.);
#2709=ORIENTED_EDGE('',*,*,#1980,.T.);
#2710=ORIENTED_EDGE('',*,*,#1984,.T.);
#2711=ORIENTED_EDGE('',*,*,#2002,.F.);
#2712=ORIENTED_EDGE('',*,*,#2003,.T.);
#2713=ORIENTED_EDGE('',*,*,#1997,.T.);
#2714=ORIENTED_EDGE('',*,*,#1976,.T.);
#2715=ORIENTED_EDGE('',*,*,#2004,.T.);
#2716=ORIENTED_EDGE('',*,*,#2005,.F.);
#2717=ORIENTED_EDGE('',*,*,#2006,.F.);
#2718=ORIENTED_EDGE('',*,*,#2007,.T.);
#2719=ORIENTED_EDGE('',*,*,#2002,.T.);
#2720=ORIENTED_EDGE('',*,*,#1983,.T.);
#2721=ORIENTED_EDGE('',*,*,#2008,.T.);
#2722=ORIENTED_EDGE('',*,*,#2009,.T.);
#2723=ORIENTED_EDGE('',*,*,#2010,.T.);
#2724=ORIENTED_EDGE('',*,*,#2011,.F.);
#2725=ORIENTED_EDGE('',*,*,#2012,.T.);
#2726=ORIENTED_EDGE('',*,*,#1988,.T.);
#2727=ORIENTED_EDGE('',*,*,#1994,.F.);
#2728=ORIENTED_EDGE('',*,*,#2013,.T.);
#2729=ORIENTED_EDGE('',*,*,#2014,.T.);
#2730=ORIENTED_EDGE('',*,*,#1989,.T.);
#2731=ORIENTED_EDGE('',*,*,#2014,.F.);
#2732=ORIENTED_EDGE('',*,*,#2015,.T.);
#2733=ORIENTED_EDGE('',*,*,#2016,.T.);
#2734=ORIENTED_EDGE('',*,*,#1982,.T.);
#2735=ORIENTED_EDGE('',*,*,#2016,.F.);
#2736=ORIENTED_EDGE('',*,*,#2017,.T.);
#2737=ORIENTED_EDGE('',*,*,#2008,.F.);
#2738=ORIENTED_EDGE('',*,*,#1977,.T.);
#2739=ORIENTED_EDGE('',*,*,#2012,.F.);
#2740=ORIENTED_EDGE('',*,*,#2018,.F.);
#2741=ORIENTED_EDGE('',*,*,#2019,.F.);
#2742=ORIENTED_EDGE('',*,*,#1951,.T.);
#2743=ORIENTED_EDGE('',*,*,#1959,.T.);
#2744=ORIENTED_EDGE('',*,*,#2020,.T.);
#2745=ORIENTED_EDGE('',*,*,#2021,.T.);
#2746=ORIENTED_EDGE('',*,*,#2022,.T.);
#2747=ORIENTED_EDGE('',*,*,#1955,.T.);
#2748=ORIENTED_EDGE('',*,*,#1960,.F.);
#2749=ORIENTED_EDGE('',*,*,#1939,.F.);
#2750=ORIENTED_EDGE('',*,*,#1961,.F.);
#2751=ORIENTED_EDGE('',*,*,#1964,.F.);
#2752=ORIENTED_EDGE('',*,*,#1967,.F.);
#2753=ORIENTED_EDGE('',*,*,#1947,.F.);
#2754=ORIENTED_EDGE('',*,*,#1969,.T.);
#2755=ORIENTED_EDGE('',*,*,#2019,.T.);
#2756=ORIENTED_EDGE('',*,*,#2023,.F.);
#2757=ORIENTED_EDGE('',*,*,#2024,.F.);
#2758=ORIENTED_EDGE('',*,*,#1970,.T.);
#2759=ORIENTED_EDGE('',*,*,#2024,.T.);
#2760=ORIENTED_EDGE('',*,*,#2025,.F.);
#2761=ORIENTED_EDGE('',*,*,#2026,.F.);
#2762=ORIENTED_EDGE('',*,*,#1930,.F.);
#2763=ORIENTED_EDGE('',*,*,#1941,.F.);
#2764=ORIENTED_EDGE('',*,*,#1971,.T.);
#2765=ORIENTED_EDGE('',*,*,#2026,.T.);
#2766=ORIENTED_EDGE('',*,*,#2027,.F.);
#2767=ORIENTED_EDGE('',*,*,#2028,.F.);
#2768=ORIENTED_EDGE('',*,*,#1972,.T.);
#2769=ORIENTED_EDGE('',*,*,#1935,.T.);
#2770=ORIENTED_EDGE('',*,*,#1952,.F.);
#2771=ORIENTED_EDGE('',*,*,#1924,.T.);
#2772=ORIENTED_EDGE('',*,*,#1973,.T.);
#2773=ORIENTED_EDGE('',*,*,#2028,.T.);
#2774=ORIENTED_EDGE('',*,*,#2029,.F.);
#2775=ORIENTED_EDGE('',*,*,#2030,.F.);
#2776=ORIENTED_EDGE('',*,*,#1974,.T.);
#2777=ORIENTED_EDGE('',*,*,#2030,.T.);
#2778=ORIENTED_EDGE('',*,*,#2031,.F.);
#2779=ORIENTED_EDGE('',*,*,#2032,.F.);
#2780=ORIENTED_EDGE('',*,*,#1975,.T.);
#2781=ORIENTED_EDGE('',*,*,#2032,.T.);
#2782=ORIENTED_EDGE('',*,*,#2033,.F.);
#2783=ORIENTED_EDGE('',*,*,#2004,.F.);
#2784=ORIENTED_EDGE('',*,*,#2034,.F.);
#2785=ORIENTED_EDGE('',*,*,#2001,.F.);
#2786=ORIENTED_EDGE('',*,*,#2035,.F.);
#2787=ORIENTED_EDGE('',*,*,#2021,.F.);
#2788=ORIENTED_EDGE('',*,*,#2035,.T.);
#2789=ORIENTED_EDGE('',*,*,#2000,.F.);
#2790=ORIENTED_EDGE('',*,*,#1956,.F.);
#2791=ORIENTED_EDGE('',*,*,#2022,.F.);
#2792=ORIENTED_EDGE('',*,*,#1958,.T.);
#2793=ORIENTED_EDGE('',*,*,#1999,.F.);
#2794=ORIENTED_EDGE('',*,*,#2034,.T.);
#2795=ORIENTED_EDGE('',*,*,#2020,.F.);
#2796=ORIENTED_EDGE('',*,*,#2036,.F.);
#2797=ORIENTED_EDGE('',*,*,#2037,.F.);
#2798=ORIENTED_EDGE('',*,*,#2038,.F.);
#2799=ORIENTED_EDGE('',*,*,#2039,.F.);
#2800=ORIENTED_EDGE('',*,*,#2040,.F.);
#2801=ORIENTED_EDGE('',*,*,#2041,.F.);
#2802=ORIENTED_EDGE('',*,*,#2042,.F.);
#2803=ORIENTED_EDGE('',*,*,#2043,.F.);
#2804=ORIENTED_EDGE('',*,*,#2044,.F.);
#2805=ORIENTED_EDGE('',*,*,#2045,.F.);
#2806=ORIENTED_EDGE('',*,*,#2009,.F.);
#2807=ORIENTED_EDGE('',*,*,#2017,.F.);
#2808=ORIENTED_EDGE('',*,*,#2015,.F.);
#2809=ORIENTED_EDGE('',*,*,#2013,.F.);
#2810=ORIENTED_EDGE('',*,*,#1993,.F.);
#2811=ORIENTED_EDGE('',*,*,#1996,.F.);
#2812=ORIENTED_EDGE('',*,*,#1998,.F.);
#2813=ORIENTED_EDGE('',*,*,#2003,.F.);
#2814=ORIENTED_EDGE('',*,*,#2007,.F.);
#2815=ORIENTED_EDGE('',*,*,#2046,.F.);
#2816=ORIENTED_EDGE('',*,*,#2047,.F.);
#2817=ORIENTED_EDGE('',*,*,#2048,.F.);
#2818=ORIENTED_EDGE('',*,*,#2049,.F.);
#2819=ORIENTED_EDGE('',*,*,#2050,.F.);
#2820=ORIENTED_EDGE('',*,*,#2045,.T.);
#2821=ORIENTED_EDGE('',*,*,#2051,.T.);
#2822=ORIENTED_EDGE('',*,*,#2052,.F.);
#2823=ORIENTED_EDGE('',*,*,#2010,.F.);
#2824=ORIENTED_EDGE('',*,*,#2044,.T.);
#2825=ORIENTED_EDGE('',*,*,#2053,.T.);
#2826=ORIENTED_EDGE('',*,*,#2054,.F.);
#2827=ORIENTED_EDGE('',*,*,#2051,.F.);
#2828=ORIENTED_EDGE('',*,*,#2043,.T.);
#2829=ORIENTED_EDGE('',*,*,#2055,.T.);
#2830=ORIENTED_EDGE('',*,*,#2056,.F.);
#2831=ORIENTED_EDGE('',*,*,#2053,.F.);
#2832=ORIENTED_EDGE('',*,*,#2042,.T.);
#2833=ORIENTED_EDGE('',*,*,#2057,.T.);
#2834=ORIENTED_EDGE('',*,*,#2058,.F.);
#2835=ORIENTED_EDGE('',*,*,#2055,.F.);
#2836=ORIENTED_EDGE('',*,*,#2041,.T.);
#2837=ORIENTED_EDGE('',*,*,#2059,.T.);
#2838=ORIENTED_EDGE('',*,*,#2060,.F.);
#2839=ORIENTED_EDGE('',*,*,#2057,.F.);
#2840=ORIENTED_EDGE('',*,*,#2040,.T.);
#2841=ORIENTED_EDGE('',*,*,#2061,.T.);
#2842=ORIENTED_EDGE('',*,*,#2062,.F.);
#2843=ORIENTED_EDGE('',*,*,#2059,.F.);
#2844=ORIENTED_EDGE('',*,*,#2039,.T.);
#2845=ORIENTED_EDGE('',*,*,#2063,.T.);
#2846=ORIENTED_EDGE('',*,*,#2064,.F.);
#2847=ORIENTED_EDGE('',*,*,#2061,.F.);
#2848=ORIENTED_EDGE('',*,*,#2038,.T.);
#2849=ORIENTED_EDGE('',*,*,#2065,.T.);
#2850=ORIENTED_EDGE('',*,*,#2066,.F.);
#2851=ORIENTED_EDGE('',*,*,#2063,.F.);
#2852=ORIENTED_EDGE('',*,*,#2037,.T.);
#2853=ORIENTED_EDGE('',*,*,#2067,.T.);
#2854=ORIENTED_EDGE('',*,*,#2068,.F.);
#2855=ORIENTED_EDGE('',*,*,#2065,.F.);
#2856=ORIENTED_EDGE('',*,*,#2036,.T.);
#2857=ORIENTED_EDGE('',*,*,#2069,.T.);
#2858=ORIENTED_EDGE('',*,*,#2070,.F.);
#2859=ORIENTED_EDGE('',*,*,#2067,.F.);
#2860=ORIENTED_EDGE('',*,*,#2046,.T.);
#2861=ORIENTED_EDGE('',*,*,#2006,.T.);
#2862=ORIENTED_EDGE('',*,*,#2071,.F.);
#2863=ORIENTED_EDGE('',*,*,#2072,.F.);
#2864=ORIENTED_EDGE('',*,*,#2047,.T.);
#2865=ORIENTED_EDGE('',*,*,#2072,.T.);
#2866=ORIENTED_EDGE('',*,*,#2073,.F.);
#2867=ORIENTED_EDGE('',*,*,#2074,.F.);
#2868=ORIENTED_EDGE('',*,*,#2048,.T.);
#2869=ORIENTED_EDGE('',*,*,#2074,.T.);
#2870=ORIENTED_EDGE('',*,*,#2075,.F.);
#2871=ORIENTED_EDGE('',*,*,#2076,.F.);
#2872=ORIENTED_EDGE('',*,*,#2049,.T.);
#2873=ORIENTED_EDGE('',*,*,#2076,.T.);
#2874=ORIENTED_EDGE('',*,*,#2077,.F.);
#2875=ORIENTED_EDGE('',*,*,#2078,.F.);
#2876=ORIENTED_EDGE('',*,*,#2050,.T.);
#2877=ORIENTED_EDGE('',*,*,#2078,.T.);
#2878=ORIENTED_EDGE('',*,*,#2079,.F.);
#2879=ORIENTED_EDGE('',*,*,#2069,.F.);
#2880=ORIENTED_EDGE('',*,*,#2070,.T.);
#2881=ORIENTED_EDGE('',*,*,#2079,.T.);
#2882=ORIENTED_EDGE('',*,*,#2077,.T.);
#2883=ORIENTED_EDGE('',*,*,#2075,.T.);
#2884=ORIENTED_EDGE('',*,*,#2073,.T.);
#2885=ORIENTED_EDGE('',*,*,#2071,.T.);
#2886=ORIENTED_EDGE('',*,*,#2005,.T.);
#2887=ORIENTED_EDGE('',*,*,#2033,.T.);
#2888=ORIENTED_EDGE('',*,*,#2031,.T.);
#2889=ORIENTED_EDGE('',*,*,#2029,.T.);
#2890=ORIENTED_EDGE('',*,*,#2027,.T.);
#2891=ORIENTED_EDGE('',*,*,#2025,.T.);
#2892=ORIENTED_EDGE('',*,*,#2023,.T.);
#2893=ORIENTED_EDGE('',*,*,#2018,.T.);
#2894=ORIENTED_EDGE('',*,*,#2011,.T.);
#2895=ORIENTED_EDGE('',*,*,#2052,.T.);
#2896=ORIENTED_EDGE('',*,*,#2054,.T.);
#2897=ORIENTED_EDGE('',*,*,#2056,.T.);
#2898=ORIENTED_EDGE('',*,*,#2058,.T.);
#2899=ORIENTED_EDGE('',*,*,#2060,.T.);
#2900=ORIENTED_EDGE('',*,*,#2062,.T.);
#2901=ORIENTED_EDGE('',*,*,#2064,.T.);
#2902=ORIENTED_EDGE('',*,*,#2066,.T.);
#2903=ORIENTED_EDGE('',*,*,#2068,.T.);
#2904=ORIENTED_EDGE('',*,*,#2080,.F.);
#2905=ORIENTED_EDGE('',*,*,#2081,.T.);
#2906=ORIENTED_EDGE('',*,*,#2082,.T.);
#2907=ORIENTED_EDGE('',*,*,#2081,.F.);
#2908=ORIENTED_EDGE('',*,*,#2082,.F.);
#2909=ORIENTED_EDGE('',*,*,#2083,.T.);
#2910=ORIENTED_EDGE('',*,*,#2084,.T.);
#2911=ORIENTED_EDGE('',*,*,#2085,.T.);
#2912=ORIENTED_EDGE('',*,*,#2086,.T.);
#2913=ORIENTED_EDGE('',*,*,#2087,.T.);
#2914=ORIENTED_EDGE('',*,*,#2088,.T.);
#2915=ORIENTED_EDGE('',*,*,#2089,.T.);
#2916=ORIENTED_EDGE('',*,*,#2090,.T.);
#2917=ORIENTED_EDGE('',*,*,#2088,.F.);
#2918=ORIENTED_EDGE('',*,*,#2091,.T.);
#2919=ORIENTED_EDGE('',*,*,#2092,.F.);
#2920=ORIENTED_EDGE('',*,*,#2093,.T.);
#2921=ORIENTED_EDGE('',*,*,#2087,.F.);
#2922=ORIENTED_EDGE('',*,*,#2094,.F.);
#2923=ORIENTED_EDGE('',*,*,#2095,.F.);
#2924=ORIENTED_EDGE('',*,*,#2091,.F.);
#2925=ORIENTED_EDGE('',*,*,#2086,.F.);
#2926=ORIENTED_EDGE('',*,*,#2096,.T.);
#2927=ORIENTED_EDGE('',*,*,#2097,.F.);
#2928=ORIENTED_EDGE('',*,*,#2094,.T.);
#2929=ORIENTED_EDGE('',*,*,#2085,.F.);
#2930=ORIENTED_EDGE('',*,*,#2098,.F.);
#2931=ORIENTED_EDGE('',*,*,#2099,.F.);
#2932=ORIENTED_EDGE('',*,*,#2100,.F.);
#2933=ORIENTED_EDGE('',*,*,#2101,.F.);
#2934=ORIENTED_EDGE('',*,*,#2102,.F.);
#2935=ORIENTED_EDGE('',*,*,#2103,.F.);
#2936=ORIENTED_EDGE('',*,*,#2096,.F.);
#2937=ORIENTED_EDGE('',*,*,#2104,.T.);
#2938=ORIENTED_EDGE('',*,*,#2105,.T.);
#2939=ORIENTED_EDGE('',*,*,#2106,.T.);
#2940=ORIENTED_EDGE('',*,*,#2107,.T.);
#2941=ORIENTED_EDGE('',*,*,#2092,.T.);
#2942=ORIENTED_EDGE('',*,*,#2095,.T.);
#2943=ORIENTED_EDGE('',*,*,#2097,.T.);
#2944=ORIENTED_EDGE('',*,*,#2103,.T.);
#2945=ORIENTED_EDGE('',*,*,#2108,.T.);
#2946=ORIENTED_EDGE('',*,*,#2109,.T.);
#2947=ORIENTED_EDGE('',*,*,#2110,.T.);
#2948=ORIENTED_EDGE('',*,*,#2099,.T.);
#2949=ORIENTED_EDGE('',*,*,#2111,.T.);
#2950=ORIENTED_EDGE('',*,*,#2084,.F.);
#2951=ORIENTED_EDGE('',*,*,#2112,.F.);
#2952=ORIENTED_EDGE('',*,*,#2111,.F.);
#2953=ORIENTED_EDGE('',*,*,#2098,.T.);
#2954=ORIENTED_EDGE('',*,*,#2080,.T.);
#2955=ORIENTED_EDGE('',*,*,#2113,.T.);
#2956=ORIENTED_EDGE('',*,*,#2114,.T.);
#2957=ORIENTED_EDGE('',*,*,#2101,.T.);
#2958=ORIENTED_EDGE('',*,*,#2115,.T.);
#2959=ORIENTED_EDGE('',*,*,#2108,.F.);
#2960=ORIENTED_EDGE('',*,*,#2102,.T.);
#2961=ORIENTED_EDGE('',*,*,#2114,.F.);
#2962=ORIENTED_EDGE('',*,*,#2116,.F.);
#2963=ORIENTED_EDGE('',*,*,#2117,.F.);
#2964=ORIENTED_EDGE('',*,*,#2118,.T.);
#2965=ORIENTED_EDGE('',*,*,#2119,.T.);
#2966=ORIENTED_EDGE('',*,*,#2118,.F.);
#2967=ORIENTED_EDGE('',*,*,#2119,.F.);
#2968=ORIENTED_EDGE('',*,*,#2120,.F.);
#2969=ORIENTED_EDGE('',*,*,#2089,.F.);
#2970=ORIENTED_EDGE('',*,*,#2093,.F.);
#2971=ORIENTED_EDGE('',*,*,#2107,.F.);
#2972=ORIENTED_EDGE('',*,*,#2121,.F.);
#2973=ORIENTED_EDGE('',*,*,#2122,.F.);
#2974=ORIENTED_EDGE('',*,*,#2123,.F.);
#2975=ORIENTED_EDGE('',*,*,#2104,.F.);
#2976=ORIENTED_EDGE('',*,*,#2124,.T.);
#2977=ORIENTED_EDGE('',*,*,#2122,.T.);
#2978=ORIENTED_EDGE('',*,*,#2124,.F.);
#2979=ORIENTED_EDGE('',*,*,#2090,.F.);
#2980=ORIENTED_EDGE('',*,*,#2121,.T.);
#2981=ORIENTED_EDGE('',*,*,#2106,.F.);
#2982=ORIENTED_EDGE('',*,*,#2125,.F.);
#2983=ORIENTED_EDGE('',*,*,#2123,.T.);
#2984=ORIENTED_EDGE('',*,*,#2126,.T.);
#2985=ORIENTED_EDGE('',*,*,#2120,.T.);
#2986=ORIENTED_EDGE('',*,*,#2126,.F.);
#2987=ORIENTED_EDGE('',*,*,#2110,.F.);
#2988=ORIENTED_EDGE('',*,*,#2127,.F.);
#2989=ORIENTED_EDGE('',*,*,#2115,.F.);
#2990=ORIENTED_EDGE('',*,*,#2100,.T.);
#2991=ORIENTED_EDGE('',*,*,#2083,.F.);
#2992=ORIENTED_EDGE('',*,*,#2125,.T.);
#2993=ORIENTED_EDGE('',*,*,#2105,.F.);
#2994=ORIENTED_EDGE('',*,*,#2116,.T.);
#2995=ORIENTED_EDGE('',*,*,#2113,.F.);
#2996=ORIENTED_EDGE('',*,*,#2127,.T.);
#2997=ORIENTED_EDGE('',*,*,#2109,.F.);
#2998=ORIENTED_EDGE('',*,*,#2112,.T.);
#2999=ORIENTED_EDGE('',*,*,#2117,.T.);
#3000=ORIENTED_EDGE('',*,*,#2128,.F.);
#3001=ORIENTED_EDGE('',*,*,#2129,.T.);
#3002=ORIENTED_EDGE('',*,*,#2130,.F.);
#3003=ORIENTED_EDGE('',*,*,#2131,.F.);
#3004=ORIENTED_EDGE('',*,*,#2132,.F.);
#3005=ORIENTED_EDGE('',*,*,#2131,.T.);
#3006=ORIENTED_EDGE('',*,*,#2133,.F.);
#3007=ORIENTED_EDGE('',*,*,#2134,.F.);
#3008=ORIENTED_EDGE('',*,*,#2135,.F.);
#3009=ORIENTED_EDGE('',*,*,#2134,.T.);
#3010=ORIENTED_EDGE('',*,*,#2136,.F.);
#3011=ORIENTED_EDGE('',*,*,#2137,.F.);
#3012=ORIENTED_EDGE('',*,*,#2138,.F.);
#3013=ORIENTED_EDGE('',*,*,#2137,.T.);
#3014=ORIENTED_EDGE('',*,*,#2139,.F.);
#3015=ORIENTED_EDGE('',*,*,#2129,.F.);
#3016=ORIENTED_EDGE('',*,*,#2138,.T.);
#3017=ORIENTED_EDGE('',*,*,#2128,.T.);
#3018=ORIENTED_EDGE('',*,*,#2132,.T.);
#3019=ORIENTED_EDGE('',*,*,#2135,.T.);
#3020=ORIENTED_EDGE('',*,*,#2139,.T.);
#3021=ORIENTED_EDGE('',*,*,#2136,.T.);
#3022=ORIENTED_EDGE('',*,*,#2133,.T.);
#3023=ORIENTED_EDGE('',*,*,#2130,.T.);
#3024=CYLINDRICAL_SURFACE('',#3293,0.925);
#3025=CYLINDRICAL_SURFACE('',#3296,1.6);
#3026=CYLINDRICAL_SURFACE('',#3299,1.6);
#3027=CYLINDRICAL_SURFACE('',#3362,0.925);
#3028=CYLINDRICAL_SURFACE('',#3365,1.375);
#3029=CYLINDRICAL_SURFACE('',#3371,1.25);
#3030=CYLINDRICAL_SURFACE('',#3374,2.942);
#3031=CYLINDRICAL_SURFACE('',#3387,2.9);
#3032=CYLINDRICAL_SURFACE('',#3400,0.2);
#3033=CYLINDRICAL_SURFACE('',#3401,0.925);
#3034=CYLINDRICAL_SURFACE('',#3405,3.);
#3035=CYLINDRICAL_SURFACE('',#3409,3.);
#3036=CYLINDRICAL_SURFACE('',#3414,3.);
#3037=CYLINDRICAL_SURFACE('',#3424,3.75);
#3038=CYLINDRICAL_SURFACE('',#3431,5.);
#3039=CYLINDRICAL_SURFACE('',#3440,3.5);
#3040=CYLINDRICAL_SURFACE('',#3443,1.);
#3041=CYLINDRICAL_SURFACE('',#3449,1.);
#3042=CYLINDRICAL_SURFACE('',#3454,1.);
#3043=CYLINDRICAL_SURFACE('',#3459,1.);
#3044=CYLINDRICAL_SURFACE('',#3472,0.499999999999998);
#3045=CYLINDRICAL_SURFACE('',#3483,0.5);
#3046=CYLINDRICAL_SURFACE('',#3487,0.7);
#3047=CYLINDRICAL_SURFACE('',#3502,2.5175);
#3048=CYLINDRICAL_SURFACE('',#3511,3.25);
#3049=CYLINDRICAL_SURFACE('',#3513,0.925);
#3050=ADVANCED_FACE('',(#233),#3024,.F.);
#3051=ADVANCED_FACE('',(#234),#3025,.F.);
#3052=ADVANCED_FACE('',(#235),#3026,.F.);
#3053=ADVANCED_FACE('',(#236,#72,#73),#94,.T.);
#3054=ADVANCED_FACE('',(#237),#95,.T.);
#3055=ADVANCED_FACE('',(#238),#96,.T.);
#3056=ADVANCED_FACE('',(#239),#97,.T.);
#3057=ADVANCED_FACE('',(#240),#98,.T.);
#3058=ADVANCED_FACE('',(#241),#99,.T.);
#3059=ADVANCED_FACE('',(#242),#100,.T.);
#3060=ADVANCED_FACE('',(#243),#101,.T.);
#3061=ADVANCED_FACE('',(#244),#102,.T.);
#3062=ADVANCED_FACE('',(#245),#103,.T.);
#3063=ADVANCED_FACE('',(#246),#104,.T.);
#3064=ADVANCED_FACE('',(#247),#105,.T.);
#3065=ADVANCED_FACE('',(#248),#106,.T.);
#3066=ADVANCED_FACE('',(#249),#107,.T.);
#3067=ADVANCED_FACE('',(#250),#108,.T.);
#3068=ADVANCED_FACE('',(#251),#109,.T.);
#3069=ADVANCED_FACE('',(#252),#110,.T.);
#3070=ADVANCED_FACE('',(#253),#111,.T.);
#3071=ADVANCED_FACE('',(#254),#112,.T.);
#3072=ADVANCED_FACE('',(#255,#74),#113,.T.);
#3073=ADVANCED_FACE('',(#256),#114,.T.);
#3074=ADVANCED_FACE('',(#257),#115,.T.);
#3075=ADVANCED_FACE('',(#258),#116,.T.);
#3076=ADVANCED_FACE('',(#259),#117,.T.);
#3077=ADVANCED_FACE('',(#260),#118,.T.);
#3078=ADVANCED_FACE('',(#261),#119,.T.);
#3079=ADVANCED_FACE('',(#262),#120,.T.);
#3080=ADVANCED_FACE('',(#263),#121,.T.);
#3081=ADVANCED_FACE('',(#264),#122,.T.);
#3082=ADVANCED_FACE('',(#265),#123,.T.);
#3083=ADVANCED_FACE('',(#266),#124,.T.);
#3084=ADVANCED_FACE('',(#267),#125,.T.);
#3085=ADVANCED_FACE('',(#268),#126,.T.);
#3086=ADVANCED_FACE('',(#269),#127,.T.);
#3087=ADVANCED_FACE('',(#270),#128,.T.);
#3088=ADVANCED_FACE('',(#271),#129,.T.);
#3089=ADVANCED_FACE('',(#272),#130,.T.);
#3090=ADVANCED_FACE('',(#273),#131,.T.);
#3091=ADVANCED_FACE('',(#274),#132,.T.);
#3092=ADVANCED_FACE('',(#275),#133,.T.);
#3093=ADVANCED_FACE('',(#276),#134,.T.);
#3094=ADVANCED_FACE('',(#277),#135,.T.);
#3095=ADVANCED_FACE('',(#278),#136,.T.);
#3096=ADVANCED_FACE('',(#279),#137,.T.);
#3097=ADVANCED_FACE('',(#280),#138,.T.);
#3098=ADVANCED_FACE('',(#281),#139,.T.);
#3099=ADVANCED_FACE('',(#282),#140,.T.);
#3100=ADVANCED_FACE('',(#283),#141,.T.);
#3101=ADVANCED_FACE('',(#284),#142,.T.);
#3102=ADVANCED_FACE('',(#285),#143,.T.);
#3103=ADVANCED_FACE('',(#286),#144,.T.);
#3104=ADVANCED_FACE('',(#287),#145,.T.);
#3105=ADVANCED_FACE('',(#288),#146,.T.);
#3106=ADVANCED_FACE('',(#289),#147,.T.);
#3107=ADVANCED_FACE('',(#290),#148,.T.);
#3108=ADVANCED_FACE('',(#291,#75,#76),#149,.T.);
#3109=ADVANCED_FACE('',(#292,#77),#150,.T.);
#3110=ADVANCED_FACE('',(#293),#151,.T.);
#3111=ADVANCED_FACE('',(#294),#152,.T.);
#3112=ADVANCED_FACE('',(#295),#3027,.F.);
#3113=ADVANCED_FACE('',(#296),#3028,.T.);
#3114=ADVANCED_FACE('',(#297,#78),#153,.T.);
#3115=ADVANCED_FACE('',(#298,#79),#154,.F.);
#3116=ADVANCED_FACE('',(#299),#3029,.F.);
#3117=ADVANCED_FACE('',(#300),#3030,.T.);
#3118=ADVANCED_FACE('',(#301,#80),#155,.F.);
#3119=ADVANCED_FACE('',(#302,#81),#156,.F.);
#3120=ADVANCED_FACE('',(#303),#157,.F.);
#3121=ADVANCED_FACE('',(#304),#158,.F.);
#3122=ADVANCED_FACE('',(#305),#159,.F.);
#3123=ADVANCED_FACE('',(#306),#160,.F.);
#3124=ADVANCED_FACE('',(#307),#161,.F.);
#3125=ADVANCED_FACE('',(#308),#162,.F.);
#3126=ADVANCED_FACE('',(#309),#35,.T.);
#3127=ADVANCED_FACE('',(#310),#3031,.T.);
#3128=ADVANCED_FACE('',(#311),#36,.T.);
#3129=ADVANCED_FACE('',(#312,#82),#163,.T.);
#3130=ADVANCED_FACE('',(#313),#37,.T.);
#3131=ADVANCED_FACE('',(#314,#83),#164,.T.);
#3132=ADVANCED_FACE('',(#315,#84),#165,.F.);
#3133=ADVANCED_FACE('',(#316),#3032,.F.);
#3134=ADVANCED_FACE('',(#317),#3033,.F.);
#3135=ADVANCED_FACE('',(#318,#85),#166,.F.);
#3136=ADVANCED_FACE('',(#319),#3034,.F.);
#3137=ADVANCED_FACE('',(#320),#167,.T.);
#3138=ADVANCED_FACE('',(#321),#3035,.F.);
#3139=ADVANCED_FACE('',(#322),#168,.T.);
#3140=ADVANCED_FACE('',(#323),#3036,.F.);
#3141=ADVANCED_FACE('',(#324),#169,.T.);
#3142=ADVANCED_FACE('',(#325),#170,.T.);
#3143=ADVANCED_FACE('',(#326),#171,.T.);
#3144=ADVANCED_FACE('',(#327),#172,.T.);
#3145=ADVANCED_FACE('',(#328),#173,.T.);
#3146=ADVANCED_FACE('',(#329),#174,.T.);
#3147=ADVANCED_FACE('',(#330),#3037,.F.);
#3148=ADVANCED_FACE('',(#331),#175,.T.);
#3149=ADVANCED_FACE('',(#332),#176,.F.);
#3150=ADVANCED_FACE('',(#333),#3038,.T.);
#3151=ADVANCED_FACE('',(#334,#86),#177,.T.);
#3152=ADVANCED_FACE('',(#335,#87),#178,.F.);
#3153=ADVANCED_FACE('',(#336),#3039,.F.);
#3154=ADVANCED_FACE('',(#337),#179,.T.);
#3155=ADVANCED_FACE('',(#338),#180,.T.);
#3156=ADVANCED_FACE('',(#339),#3040,.F.);
#3157=ADVANCED_FACE('',(#340,#88),#181,.T.);
#3158=ADVANCED_FACE('',(#341),#182,.T.);
#3159=ADVANCED_FACE('',(#342),#183,.T.);
#3160=ADVANCED_FACE('',(#343),#184,.T.);
#3161=ADVANCED_FACE('',(#344),#3041,.F.);
#3162=ADVANCED_FACE('',(#345),#185,.T.);
#3163=ADVANCED_FACE('',(#346),#186,.T.);
#3164=ADVANCED_FACE('',(#347),#187,.F.);
#3165=ADVANCED_FACE('',(#348),#3042,.F.);
#3166=ADVANCED_FACE('',(#349),#188,.T.);
#3167=ADVANCED_FACE('',(#350),#189,.T.);
#3168=ADVANCED_FACE('',(#351),#190,.T.);
#3169=ADVANCED_FACE('',(#352),#3043,.F.);
#3170=ADVANCED_FACE('',(#353),#191,.T.);
#3171=ADVANCED_FACE('',(#354),#192,.T.);
#3172=ADVANCED_FACE('',(#355),#193,.T.);
#3173=ADVANCED_FACE('',(#356),#194,.T.);
#3174=ADVANCED_FACE('',(#357),#195,.T.);
#3175=ADVANCED_FACE('',(#358),#196,.T.);
#3176=ADVANCED_FACE('',(#359),#197,.T.);
#3177=ADVANCED_FACE('',(#360),#198,.T.);
#3178=ADVANCED_FACE('',(#361),#199,.T.);
#3179=ADVANCED_FACE('',(#362),#3044,.F.);
#3180=ADVANCED_FACE('',(#363),#200,.T.);
#3181=ADVANCED_FACE('',(#364),#201,.T.);
#3182=ADVANCED_FACE('',(#365),#202,.T.);
#3183=ADVANCED_FACE('',(#366),#203,.T.);
#3184=ADVANCED_FACE('',(#367),#204,.T.);
#3185=ADVANCED_FACE('',(#368),#205,.T.);
#3186=ADVANCED_FACE('',(#369),#206,.T.);
#3187=ADVANCED_FACE('',(#370),#207,.T.);
#3188=ADVANCED_FACE('',(#371),#208,.T.);
#3189=ADVANCED_FACE('',(#372),#3045,.F.);
#3190=ADVANCED_FACE('',(#373),#209,.F.);
#3191=ADVANCED_FACE('',(#374),#3046,.F.);
#3192=ADVANCED_FACE('',(#375),#210,.T.);
#3193=ADVANCED_FACE('',(#376),#211,.T.);
#3194=ADVANCED_FACE('',(#377),#212,.T.);
#3195=ADVANCED_FACE('',(#378),#213,.F.);
#3196=ADVANCED_FACE('',(#379),#214,.T.);
#3197=ADVANCED_FACE('',(#380,#89),#215,.F.);
#3198=ADVANCED_FACE('',(#381),#216,.T.);
#3199=ADVANCED_FACE('',(#382),#217,.T.);
#3200=ADVANCED_FACE('',(#383,#90),#218,.T.);
#3201=ADVANCED_FACE('',(#384),#219,.T.);
#3202=ADVANCED_FACE('',(#385),#220,.T.);
#3203=ADVANCED_FACE('',(#386),#3047,.F.);
#3204=ADVANCED_FACE('',(#387,#91),#221,.T.);
#3205=ADVANCED_FACE('',(#388),#222,.F.);
#3206=ADVANCED_FACE('',(#389,#92),#223,.F.);
#3207=ADVANCED_FACE('',(#390),#3048,.T.);
#3208=ADVANCED_FACE('',(#391),#224,.T.);
#3209=ADVANCED_FACE('',(#392),#3049,.F.);
#3210=ADVANCED_FACE('',(#393),#225,.T.);
#3211=ADVANCED_FACE('',(#394,#93),#226,.T.);
#3212=ADVANCED_FACE('',(#395),#227,.T.);
#3213=ADVANCED_FACE('',(#396),#228,.T.);
#3214=ADVANCED_FACE('',(#397),#229,.T.);
#3215=ADVANCED_FACE('',(#398),#230,.T.);
#3216=ADVANCED_FACE('',(#399),#231,.T.);
#3217=ADVANCED_FACE('',(#400),#232,.T.);
#3218=CLOSED_SHELL('',(#3050,#3051,#3052,#3053,#3054,#3055,#3056,#3057,
#3058,#3059,#3060,#3061,#3062,#3063,#3064,#3065,#3066,#3067,#3068,#3069,
#3070,#3071,#3072,#3073,#3074,#3075,#3076,#3077,#3078,#3079,#3080,#3081,
#3082,#3083,#3084,#3085,#3086,#3087,#3088,#3089,#3090,#3091,#3092,#3093,
#3094,#3095,#3096,#3097,#3098,#3099,#3100,#3101,#3102,#3103,#3104,#3105,
#3106,#3107,#3108,#3109,#3110,#3111));
#3219=CLOSED_SHELL('',(#3112,#3113,#3114,#3115));
#3220=CLOSED_SHELL('',(#3116,#3117,#3118,#3119,#3120,#3121,#3122,#3123,
#3124,#3125,#3126,#3127,#3128,#3129,#3130,#3131,#3132,#3133,#3134,#3135));
#3221=CLOSED_SHELL('',(#3136,#3137,#3138,#3139,#3140,#3141,#3142,#3143,
#3144,#3145,#3146,#3147,#3148,#3149,#3150,#3151,#3152,#3153,#3154,#3155,
#3156,#3157,#3158,#3159,#3160,#3161,#3162,#3163,#3164,#3165,#3166,#3167,
#3168,#3169,#3170,#3171,#3172,#3173,#3174,#3175,#3176,#3177,#3178,#3179,
#3180,#3181,#3182,#3183,#3184,#3185,#3186,#3187,#3188,#3189,#3190));
#3222=CLOSED_SHELL('',(#3191,#3192,#3193,#3194,#3195,#3196,#3197,#3198,
#3199,#3200,#3201,#3202,#3203,#3204,#3205,#3206,#3207,#3208,#3209,#3210,
#3211));
#3223=CLOSED_SHELL('',(#3212,#3213,#3214,#3215,#3216,#3217));
#3224=DERIVED_UNIT_ELEMENT(#3236,1.);
#3225=DERIVED_UNIT_ELEMENT(#5331,-3.);
#3226=DERIVED_UNIT_ELEMENT(#3236,1.);
#3227=DERIVED_UNIT_ELEMENT(#5331,-3.);
#3228=DERIVED_UNIT_ELEMENT(#3236,1.);
#3229=DERIVED_UNIT_ELEMENT(#5331,-3.);
#3230=DERIVED_UNIT_ELEMENT(#3236,1.);
#3231=DERIVED_UNIT_ELEMENT(#5331,-3.);
#3232=DERIVED_UNIT_ELEMENT(#3236,1.);
#3233=DERIVED_UNIT_ELEMENT(#5331,-3.);
#3234=DERIVED_UNIT_ELEMENT(#3236,1.);
#3235=DERIVED_UNIT_ELEMENT(#5331,-3.);
#3236=(
MASS_UNIT()
NAMED_UNIT(*)
SI_UNIT(.KILO.,.GRAM.)
);
#3237=DERIVED_UNIT((#3224,#3225));
#3238=DERIVED_UNIT((#3226,#3227));
#3239=DERIVED_UNIT((#3228,#3229));
#3240=DERIVED_UNIT((#3230,#3231));
#3241=DERIVED_UNIT((#3232,#3233));
#3242=DERIVED_UNIT((#3234,#3235));
#3243=MEASURE_REPRESENTATION_ITEM('density measure',
POSITIVE_RATIO_MEASURE(7850.),#3237);
#3244=MEASURE_REPRESENTATION_ITEM('density measure',
POSITIVE_RATIO_MEASURE(7850.),#3238);
#3245=MEASURE_REPRESENTATION_ITEM('density measure',
POSITIVE_RATIO_MEASURE(7850.),#3239);
#3246=MEASURE_REPRESENTATION_ITEM('density measure',
POSITIVE_RATIO_MEASURE(7850.),#3240);
#3247=MEASURE_REPRESENTATION_ITEM('density measure',
POSITIVE_RATIO_MEASURE(7850.),#3241);
#3248=MEASURE_REPRESENTATION_ITEM('density measure',
POSITIVE_RATIO_MEASURE(7850.),#3242);
#3249=PROPERTY_DEFINITION_REPRESENTATION(#3279,#3261);
#3250=PROPERTY_DEFINITION_REPRESENTATION(#3280,#3262);
#3251=PROPERTY_DEFINITION_REPRESENTATION(#3281,#3263);
#3252=PROPERTY_DEFINITION_REPRESENTATION(#3282,#3264);
#3253=PROPERTY_DEFINITION_REPRESENTATION(#3283,#3265);
#3254=PROPERTY_DEFINITION_REPRESENTATION(#3284,#3266);
#3255=PROPERTY_DEFINITION_REPRESENTATION(#3285,#3267);
#3256=PROPERTY_DEFINITION_REPRESENTATION(#3286,#3268);
#3257=PROPERTY_DEFINITION_REPRESENTATION(#3287,#3269);
#3258=PROPERTY_DEFINITION_REPRESENTATION(#3288,#3270);
#3259=PROPERTY_DEFINITION_REPRESENTATION(#3289,#3271);
#3260=PROPERTY_DEFINITION_REPRESENTATION(#3290,#3272);
#3261=REPRESENTATION('material name',(#3273),#5323);
#3262=REPRESENTATION('density',(#3243),#5323);
#3263=REPRESENTATION('material name',(#3274),#5324);
#3264=REPRESENTATION('density',(#3244),#5324);
#3265=REPRESENTATION('material name',(#3275),#5325);
#3266=REPRESENTATION('density',(#3245),#5325);
#3267=REPRESENTATION('material name',(#3276),#5326);
#3268=REPRESENTATION('density',(#3246),#5326);
#3269=REPRESENTATION('material name',(#3277),#5327);
#3270=REPRESENTATION('density',(#3247),#5327);
#3271=REPRESENTATION('material name',(#3278),#5328);
#3272=REPRESENTATION('density',(#3248),#5328);
#3273=DESCRIPTIVE_REPRESENTATION_ITEM('Steel','Steel');
#3274=DESCRIPTIVE_REPRESENTATION_ITEM('Steel','Steel');
#3275=DESCRIPTIVE_REPRESENTATION_ITEM('Steel','Steel');
#3276=DESCRIPTIVE_REPRESENTATION_ITEM('Steel','Steel');
#3277=DESCRIPTIVE_REPRESENTATION_ITEM('Steel','Steel');
#3278=DESCRIPTIVE_REPRESENTATION_ITEM('Steel','Steel');
#3279=PROPERTY_DEFINITION('material property','material name',#5363);
#3280=PROPERTY_DEFINITION('material property','density of part',#5363);
#3281=PROPERTY_DEFINITION('material property','material name',#5364);
#3282=PROPERTY_DEFINITION('material property','density of part',#5364);
#3283=PROPERTY_DEFINITION('material property','material name',#5365);
#3284=PROPERTY_DEFINITION('material property','density of part',#5365);
#3285=PROPERTY_DEFINITION('material property','material name',#5366);
#3286=PROPERTY_DEFINITION('material property','density of part',#5366);
#3287=PROPERTY_DEFINITION('material property','material name',#5367);
#3288=PROPERTY_DEFINITION('material property','density of part',#5367);
#3289=PROPERTY_DEFINITION('material property','material name',#5368);
#3290=PROPERTY_DEFINITION('material property','density of part',#5368);
#3291=AXIS2_PLACEMENT_3D('',#4383,#3529,#3530);
#3292=AXIS2_PLACEMENT_3D('',#4384,#3531,#3532);
#3293=AXIS2_PLACEMENT_3D('',#4385,#3533,#3534);
#3294=AXIS2_PLACEMENT_3D('',#4387,#3535,#3536);
#3295=AXIS2_PLACEMENT_3D('',#4390,#3538,#3539);
#3296=AXIS2_PLACEMENT_3D('',#4391,#3540,#3541);
#3297=AXIS2_PLACEMENT_3D('',#4393,#3542,#3543);
#3298=AXIS2_PLACEMENT_3D('',#4396,#3545,#3546);
#3299=AXIS2_PLACEMENT_3D('',#4397,#3547,#3548);
#3300=AXIS2_PLACEMENT_3D('',#4399,#3549,#3550);
#3301=AXIS2_PLACEMENT_3D('',#4402,#3552,#3553);
#3302=AXIS2_PLACEMENT_3D('',#4403,#3554,#3555);
#3303=AXIS2_PLACEMENT_3D('',#4412,#3560,#3561);
#3304=AXIS2_PLACEMENT_3D('',#4418,#3565,#3566);
#3305=AXIS2_PLACEMENT_3D('',#4424,#3570,#3571);
#3306=AXIS2_PLACEMENT_3D('',#4430,#3575,#3576);
#3307=AXIS2_PLACEMENT_3D('',#4436,#3580,#3581);
#3308=AXIS2_PLACEMENT_3D('',#4442,#3585,#3586);
#3309=AXIS2_PLACEMENT_3D('',#4448,#3590,#3591);
#3310=AXIS2_PLACEMENT_3D('',#4454,#3595,#3596);
#3311=AXIS2_PLACEMENT_3D('',#4460,#3600,#3601);
#3312=AXIS2_PLACEMENT_3D('',#4466,#3605,#3606);
#3313=AXIS2_PLACEMENT_3D('',#4472,#3610,#3611);
#3314=AXIS2_PLACEMENT_3D('',#4478,#3615,#3616);
#3315=AXIS2_PLACEMENT_3D('',#4484,#3620,#3621);
#3316=AXIS2_PLACEMENT_3D('',#4490,#3625,#3626);
#3317=AXIS2_PLACEMENT_3D('',#4496,#3630,#3631);
#3318=AXIS2_PLACEMENT_3D('',#4502,#3635,#3636);
#3319=AXIS2_PLACEMENT_3D('',#4508,#3640,#3641);
#3320=AXIS2_PLACEMENT_3D('',#4514,#3645,#3646);
#3321=AXIS2_PLACEMENT_3D('',#4520,#3650,#3651);
#3322=AXIS2_PLACEMENT_3D('',#4526,#3655,#3656);
#3323=AXIS2_PLACEMENT_3D('',#4532,#3660,#3661);
#3324=AXIS2_PLACEMENT_3D('',#4538,#3665,#3666);
#3325=AXIS2_PLACEMENT_3D('',#4544,#3670,#3671);
#3326=AXIS2_PLACEMENT_3D('',#4550,#3675,#3676);
#3327=AXIS2_PLACEMENT_3D('',#4556,#3680,#3681);
#3328=AXIS2_PLACEMENT_3D('',#4562,#3685,#3686);
#3329=AXIS2_PLACEMENT_3D('',#4568,#3690,#3691);
#3330=AXIS2_PLACEMENT_3D('',#4574,#3695,#3696);
#3331=AXIS2_PLACEMENT_3D('',#4580,#3700,#3701);
#3332=AXIS2_PLACEMENT_3D('',#4586,#3705,#3706);
#3333=AXIS2_PLACEMENT_3D('',#4592,#3710,#3711);
#3334=AXIS2_PLACEMENT_3D('',#4598,#3715,#3716);
#3335=AXIS2_PLACEMENT_3D('',#4604,#3720,#3721);
#3336=AXIS2_PLACEMENT_3D('',#4610,#3725,#3726);
#3337=AXIS2_PLACEMENT_3D('',#4616,#3730,#3731);
#3338=AXIS2_PLACEMENT_3D('',#4622,#3735,#3736);
#3339=AXIS2_PLACEMENT_3D('',#4628,#3740,#3741);
#3340=AXIS2_PLACEMENT_3D('',#4634,#3745,#3746);
#3341=AXIS2_PLACEMENT_3D('',#4640,#3750,#3751);
#3342=AXIS2_PLACEMENT_3D('',#4646,#3755,#3756);
#3343=AXIS2_PLACEMENT_3D('',#4652,#3760,#3761);
#3344=AXIS2_PLACEMENT_3D('',#4658,#3765,#3766);
#3345=AXIS2_PLACEMENT_3D('',#4664,#3770,#3771);
#3346=AXIS2_PLACEMENT_3D('',#4670,#3775,#3776);
#3347=AXIS2_PLACEMENT_3D('',#4676,#3780,#3781);
#3348=AXIS2_PLACEMENT_3D('',#4682,#3785,#3786);
#3349=AXIS2_PLACEMENT_3D('',#4688,#3790,#3791);
#3350=AXIS2_PLACEMENT_3D('',#4694,#3795,#3796);
#3351=AXIS2_PLACEMENT_3D('',#4700,#3800,#3801);
#3352=AXIS2_PLACEMENT_3D('',#4706,#3805,#3806);
#3353=AXIS2_PLACEMENT_3D('',#4712,#3810,#3811);
#3354=AXIS2_PLACEMENT_3D('',#4718,#3815,#3816);
#3355=AXIS2_PLACEMENT_3D('',#4724,#3820,#3821);
#3356=AXIS2_PLACEMENT_3D('',#4730,#3825,#3826);
#3357=AXIS2_PLACEMENT_3D('',#4736,#3830,#3831);
#3358=AXIS2_PLACEMENT_3D('',#4742,#3835,#3836);
#3359=AXIS2_PLACEMENT_3D('',#4745,#3839,#3840);
#3360=AXIS2_PLACEMENT_3D('',#4746,#3841,#3842);
#3361=AXIS2_PLACEMENT_3D('',#4747,#3843,#3844);
#3362=AXIS2_PLACEMENT_3D('',#4748,#3845,#3846);
#3363=AXIS2_PLACEMENT_3D('',#4750,#3847,#3848);
#3364=AXIS2_PLACEMENT_3D('',#4753,#3850,#3851);
#3365=AXIS2_PLACEMENT_3D('',#4754,#3852,#3853);
#3366=AXIS2_PLACEMENT_3D('',#4756,#3854,#3855);
#3367=AXIS2_PLACEMENT_3D('',#4759,#3857,#3858);
#3368=AXIS2_PLACEMENT_3D('',#4760,#3859,#3860);
#3369=AXIS2_PLACEMENT_3D('',#4761,#3861,#3862);
#3370=AXIS2_PLACEMENT_3D('',#4762,#3863,#3864);
#3371=AXIS2_PLACEMENT_3D('',#4763,#3865,#3866);
#3372=AXIS2_PLACEMENT_3D('',#4765,#3867,#3868);
#3373=AXIS2_PLACEMENT_3D('',#4768,#3870,#3871);
#3374=AXIS2_PLACEMENT_3D('',#4769,#3872,#3873);
#3375=AXIS2_PLACEMENT_3D('',#4771,#3874,#3875);
#3376=AXIS2_PLACEMENT_3D('',#4774,#3877,#3878);
#3377=AXIS2_PLACEMENT_3D('',#4775,#3879,#3880);
#3378=AXIS2_PLACEMENT_3D('',#4776,#3881,#3882);
#3379=AXIS2_PLACEMENT_3D('',#4789,#3889,#3890);
#3380=AXIS2_PLACEMENT_3D('',#4797,#3893,#3894);
#3381=AXIS2_PLACEMENT_3D('',#4807,#3896,#3897);
#3382=AXIS2_PLACEMENT_3D('',#4813,#3899,#3900);
#3383=AXIS2_PLACEMENT_3D('',#4819,#3902,#3903);
#3384=AXIS2_PLACEMENT_3D('',#4825,#3905,#3906);
#3385=AXIS2_PLACEMENT_3D('',#4829,#3907,#3908);
#3386=AXIS2_PLACEMENT_3D('',#4832,#3910,#3911);
#3387=AXIS2_PLACEMENT_3D('',#4833,#3912,#3913);
#3388=AXIS2_PLACEMENT_3D('',#4835,#3914,#3915);
#3389=AXIS2_PLACEMENT_3D('',#4837,#3917,#3918);
#3390=AXIS2_PLACEMENT_3D('',#4840,#3920,#3921);
#3391=AXIS2_PLACEMENT_3D('',#4841,#3922,#3923);
#3392=AXIS2_PLACEMENT_3D('',#4843,#3924,#3925);
#3393=AXIS2_PLACEMENT_3D('',#4844,#3926,#3927);
#3394=AXIS2_PLACEMENT_3D('',#4847,#3929,#3930);
#3395=AXIS2_PLACEMENT_3D('',#4848,#3931,#3932);
#3396=AXIS2_PLACEMENT_3D('',#4850,#3933,#3934);
#3397=AXIS2_PLACEMENT_3D('',#4851,#3935,#3936);
#3398=AXIS2_PLACEMENT_3D('',#4853,#3937,#3938);
#3399=AXIS2_PLACEMENT_3D('',#4855,#3939,#3940);
#3400=AXIS2_PLACEMENT_3D('',#4856,#3941,#3942);
#3401=AXIS2_PLACEMENT_3D('',#4858,#3944,#3945);
#3402=AXIS2_PLACEMENT_3D('',#4860,#3946,#3947);
#3403=AXIS2_PLACEMENT_3D('',#4862,#3949,#3950);
#3404=AXIS2_PLACEMENT_3D('',#4863,#3951,#3952);
#3405=AXIS2_PLACEMENT_3D('',#4864,#3953,#3954);
#3406=AXIS2_PLACEMENT_3D('',#4867,#3955,#3956);
#3407=AXIS2_PLACEMENT_3D('',#4871,#3958,#3959);
#3408=AXIS2_PLACEMENT_3D('',#4873,#3961,#3962);
#3409=AXIS2_PLACEMENT_3D('',#4879,#3966,#3967);
#3410=AXIS2_PLACEMENT_3D('',#4882,#3968,#3969);
#3411=AXIS2_PLACEMENT_3D('',#4886,#3971,#3972);
#3412=AXIS2_PLACEMENT_3D('',#4890,#3974,#3975);
#3413=AXIS2_PLACEMENT_3D('',#4892,#3977,#3978);
#3414=AXIS2_PLACEMENT_3D('',#4900,#3983,#3984);
#3415=AXIS2_PLACEMENT_3D('',#4902,#3985,#3986);
#3416=AXIS2_PLACEMENT_3D('',#4904,#3987,#3988);
#3417=AXIS2_PLACEMENT_3D('',#4908,#3990,#3991);
#3418=AXIS2_PLACEMENT_3D('',#4910,#3993,#3994);
#3419=AXIS2_PLACEMENT_3D('',#4918,#3999,#4000);
#3420=AXIS2_PLACEMENT_3D('',#4922,#4003,#4004);
#3421=AXIS2_PLACEMENT_3D('',#4925,#4007,#4008);
#3422=AXIS2_PLACEMENT_3D('',#4937,#4015,#4016);
#3423=AXIS2_PLACEMENT_3D('',#4939,#4018,#4019);
#3424=AXIS2_PLACEMENT_3D('',#4945,#4023,#4024);
#3425=AXIS2_PLACEMENT_3D('',#4947,#4025,#4026);
#3426=AXIS2_PLACEMENT_3D('',#4949,#4027,#4028);
#3427=AXIS2_PLACEMENT_3D('',#4951,#4030,#4031);
#3428=AXIS2_PLACEMENT_3D('',#4954,#4034,#4035);
#3429=AXIS2_PLACEMENT_3D('',#4957,#4036,#4037);
#3430=AXIS2_PLACEMENT_3D('',#4966,#4042,#4043);
#3431=AXIS2_PLACEMENT_3D('',#4972,#4047,#4048);
#3432=AXIS2_PLACEMENT_3D('',#4974,#4049,#4050);
#3433=AXIS2_PLACEMENT_3D('',#4977,#4052,#4053);
#3434=AXIS2_PLACEMENT_3D('',#4978,#4054,#4055);
#3435=AXIS2_PLACEMENT_3D('',#4980,#4056,#4057);
#3436=AXIS2_PLACEMENT_3D('',#4981,#4058,#4059);
#3437=AXIS2_PLACEMENT_3D('',#4990,#4063,#4064);
#3438=AXIS2_PLACEMENT_3D('',#4997,#4068,#4069);
#3439=AXIS2_PLACEMENT_3D('',#4999,#4070,#4071);
#3440=AXIS2_PLACEMENT_3D('',#5000,#4072,#4073);
#3441=AXIS2_PLACEMENT_3D('',#5002,#4075,#4076);
#3442=AXIS2_PLACEMENT_3D('',#5008,#4080,#4081);
#3443=AXIS2_PLACEMENT_3D('',#5012,#4084,#4085);
#3444=AXIS2_PLACEMENT_3D('',#5015,#4087,#4088);
#3445=AXIS2_PLACEMENT_3D('',#5016,#4089,#4090);
#3446=AXIS2_PLACEMENT_3D('',#5022,#4094,#4095);
#3447=AXIS2_PLACEMENT_3D('',#5026,#4098,#4099);
#3448=AXIS2_PLACEMENT_3D('',#5043,#4109,#4110);
#3449=AXIS2_PLACEMENT_3D('',#5047,#4113,#4114);
#3450=AXIS2_PLACEMENT_3D('',#5049,#4115,#4116);
#3451=AXIS2_PLACEMENT_3D('',#5051,#4118,#4119);
#3452=AXIS2_PLACEMENT_3D('',#5053,#4121,#4122);
#3453=AXIS2_PLACEMENT_3D('',#5057,#4125,#4126);
#3454=AXIS2_PLACEMENT_3D('',#5063,#4130,#4131);
#3455=AXIS2_PLACEMENT_3D('',#5065,#4132,#4133);
#3456=AXIS2_PLACEMENT_3D('',#5067,#4135,#4136);
#3457=AXIS2_PLACEMENT_3D('',#5071,#4139,#4140);
#3458=AXIS2_PLACEMENT_3D('',#5075,#4143,#4144);
#3459=AXIS2_PLACEMENT_3D('',#5079,#4147,#4148);
#3460=AXIS2_PLACEMENT_3D('',#5081,#4149,#4150);
#3461=AXIS2_PLACEMENT_3D('',#5083,#4152,#4153);
#3462=AXIS2_PLACEMENT_3D('',#5085,#4155,#4156);
#3463=AXIS2_PLACEMENT_3D('',#5088,#4159,#4160);
#3464=AXIS2_PLACEMENT_3D('',#5089,#4161,#4162);
#3465=AXIS2_PLACEMENT_3D('',#5090,#4163,#4164);
#3466=AXIS2_PLACEMENT_3D('',#5103,#4170,#4171);
#3467=AXIS2_PLACEMENT_3D('',#5119,#4180,#4181);
#3468=AXIS2_PLACEMENT_3D('',#5120,#4182,#4183);
#3469=AXIS2_PLACEMENT_3D('',#5124,#4186,#4187);
#3470=AXIS2_PLACEMENT_3D('',#5128,#4190,#4191);
#3471=AXIS2_PLACEMENT_3D('',#5132,#4194,#4195);
#3472=AXIS2_PLACEMENT_3D('',#5136,#4198,#4199);
#3473=AXIS2_PLACEMENT_3D('',#5139,#4201,#4202);
#3474=AXIS2_PLACEMENT_3D('',#5140,#4203,#4204);
#3475=AXIS2_PLACEMENT_3D('',#5144,#4207,#4208);
#3476=AXIS2_PLACEMENT_3D('',#5148,#4211,#4212);
#3477=AXIS2_PLACEMENT_3D('',#5152,#4215,#4216);
#3478=AXIS2_PLACEMENT_3D('',#5156,#4219,#4220);
#3479=AXIS2_PLACEMENT_3D('',#5160,#4223,#4224);
#3480=AXIS2_PLACEMENT_3D('',#5164,#4227,#4228);
#3481=AXIS2_PLACEMENT_3D('',#5168,#4231,#4232);
#3482=AXIS2_PLACEMENT_3D('',#5172,#4235,#4236);
#3483=AXIS2_PLACEMENT_3D('',#5176,#4239,#4240);
#3484=AXIS2_PLACEMENT_3D('',#5177,#4241,#4242);
#3485=AXIS2_PLACEMENT_3D('',#5178,#4243,#4244);
#3486=AXIS2_PLACEMENT_3D('',#5179,#4245,#4246);
#3487=AXIS2_PLACEMENT_3D('',#5180,#4247,#4248);
#3488=AXIS2_PLACEMENT_3D('',#5182,#4249,#4250);
#3489=AXIS2_PLACEMENT_3D('',#5185,#4252,#4253);
#3490=AXIS2_PLACEMENT_3D('',#5186,#4254,#4255);
#3491=AXIS2_PLACEMENT_3D('',#5187,#4256,#4257);
#3492=AXIS2_PLACEMENT_3D('',#5204,#4266,#4267);
#3493=AXIS2_PLACEMENT_3D('',#5210,#4271,#4272);
#3494=AXIS2_PLACEMENT_3D('',#5214,#4275,#4276);
#3495=AXIS2_PLACEMENT_3D('',#5218,#4279,#4280);
#3496=AXIS2_PLACEMENT_3D('',#5231,#4287,#4288);
#3497=AXIS2_PLACEMENT_3D('',#5232,#4289,#4290);
#3498=AXIS2_PLACEMENT_3D('',#5240,#4295,#4296);
#3499=AXIS2_PLACEMENT_3D('',#5246,#4300,#4301);
#3500=AXIS2_PLACEMENT_3D('',#5248,#4303,#4304);
#3501=AXIS2_PLACEMENT_3D('',#5254,#4308,#4309);
#3502=AXIS2_PLACEMENT_3D('',#5256,#4311,#4312);
#3503=AXIS2_PLACEMENT_3D('',#5258,#4313,#4314);
#3504=AXIS2_PLACEMENT_3D('',#5261,#4316,#4317);
#3505=AXIS2_PLACEMENT_3D('',#5262,#4318,#4319);
#3506=AXIS2_PLACEMENT_3D('',#5264,#4320,#4321);
#3507=AXIS2_PLACEMENT_3D('',#5265,#4322,#4323);
#3508=AXIS2_PLACEMENT_3D('',#5267,#4325,#4326);
#3509=AXIS2_PLACEMENT_3D('',#5269,#4327,#4328);
#3510=AXIS2_PLACEMENT_3D('',#5271,#4329,#4330);
#3511=AXIS2_PLACEMENT_3D('',#5272,#4331,#4332);
#3512=AXIS2_PLACEMENT_3D('',#5274,#4334,#4335);
#3513=AXIS2_PLACEMENT_3D('',#5276,#4337,#4338);
#3514=AXIS2_PLACEMENT_3D('',#5278,#4340,#4341);
#3515=AXIS2_PLACEMENT_3D('',#5280,#4343,#4344);
#3516=AXIS2_PLACEMENT_3D('',#5281,#4345,#4346);
#3517=AXIS2_PLACEMENT_3D('',#5282,#4347,#4348);
#3518=AXIS2_PLACEMENT_3D('',#5291,#4353,#4354);
#3519=AXIS2_PLACEMENT_3D('',#5297,#4358,#4359);
#3520=AXIS2_PLACEMENT_3D('',#5303,#4363,#4364);
#3521=AXIS2_PLACEMENT_3D('',#5306,#4367,#4368);
#3522=AXIS2_PLACEMENT_3D('',#5307,#4369,#4370);
#3523=AXIS2_PLACEMENT_3D('',#5308,#4371,#4372);
#3524=AXIS2_PLACEMENT_3D('',#5309,#4373,#4374);
#3525=AXIS2_PLACEMENT_3D('',#5310,#4375,#4376);
#3526=AXIS2_PLACEMENT_3D('',#5311,#4377,#4378);
#3527=AXIS2_PLACEMENT_3D('',#5312,#4379,#4380);
#3528=AXIS2_PLACEMENT_3D('',#5313,#4381,#4382);
#3529=DIRECTION('axis',(0.,0.,1.));
#3530=DIRECTION('refdir',(1.,0.,0.));
#3531=DIRECTION('axis',(0.,0.,1.));
#3532=DIRECTION('refdir',(1.,0.,0.));
#3533=DIRECTION('center_axis',(0.,0.,-1.));
#3534=DIRECTION('ref_axis',(-1.,0.,0.));
#3535=DIRECTION('center_axis',(0.,0.,-1.));
#3536=DIRECTION('ref_axis',(-1.,0.,0.));
#3537=DIRECTION('',(0.,0.,-1.));
#3538=DIRECTION('center_axis',(0.,0.,1.));
#3539=DIRECTION('ref_axis',(-1.,0.,0.));
#3540=DIRECTION('center_axis',(-1.,0.,0.));
#3541=DIRECTION('ref_axis',(0.,1.,0.));
#3542=DIRECTION('center_axis',(-1.,0.,0.));
#3543=DIRECTION('ref_axis',(0.,1.,0.));
#3544=DIRECTION('',(-1.,0.,0.));
#3545=DIRECTION('center_axis',(1.,0.,0.));
#3546=DIRECTION('ref_axis',(0.,1.,0.));
#3547=DIRECTION('center_axis',(-1.,0.,0.));
#3548=DIRECTION('ref_axis',(0.,1.,0.));
#3549=DIRECTION('center_axis',(-1.,0.,0.));
#3550=DIRECTION('ref_axis',(0.,1.,0.));
#3551=DIRECTION('',(-1.,0.,0.));
#3552=DIRECTION('center_axis',(1.,0.,0.));
#3553=DIRECTION('ref_axis',(0.,1.,0.));
#3554=DIRECTION('center_axis',(1.,0.,0.));
#3555=DIRECTION('ref_axis',(0.,0.,1.));
#3556=DIRECTION('',(0.,0.,-1.));
#3557=DIRECTION('',(0.,-1.,0.));
#3558=DIRECTION('',(0.,0.,1.));
#3559=DIRECTION('',(0.,-1.,0.));
#3560=DIRECTION('center_axis',(0.,0.,1.));
#3561=DIRECTION('ref_axis',(-1.,0.,0.));
#3562=DIRECTION('',(1.,0.,0.));
#3563=DIRECTION('',(-1.,0.,0.));
#3564=DIRECTION('',(0.,-1.,0.));
#3565=DIRECTION('center_axis',(1.,0.,0.));
#3566=DIRECTION('ref_axis',(0.,0.,1.));
#3567=DIRECTION('',(0.,0.,-1.));
#3568=DIRECTION('',(0.,0.,1.));
#3569=DIRECTION('',(0.,-1.,0.));
#3570=DIRECTION('center_axis',(0.,0.,-1.));
#3571=DIRECTION('ref_axis',(1.,0.,0.));
#3572=DIRECTION('',(-1.,0.,0.));
#3573=DIRECTION('',(1.,0.,0.));
#3574=DIRECTION('',(0.,-1.,0.));
#3575=DIRECTION('center_axis',(1.,0.,0.));
#3576=DIRECTION('ref_axis',(0.,0.,1.));
#3577=DIRECTION('',(0.,0.,-1.));
#3578=DIRECTION('',(0.,0.,1.));
#3579=DIRECTION('',(0.,-1.,0.));
#3580=DIRECTION('center_axis',(0.,0.,1.));
#3581=DIRECTION('ref_axis',(-1.,0.,0.));
#3582=DIRECTION('',(1.,0.,0.));
#3583=DIRECTION('',(-1.,0.,0.));
#3584=DIRECTION('',(0.,-1.,0.));
#3585=DIRECTION('center_axis',(1.,0.,0.));
#3586=DIRECTION('ref_axis',(0.,0.,1.));
#3587=DIRECTION('',(0.,0.,-1.));
#3588=DIRECTION('',(0.,0.,1.));
#3589=DIRECTION('',(0.,-1.,0.));
#3590=DIRECTION('center_axis',(0.,0.,-1.));
#3591=DIRECTION('ref_axis',(1.,0.,0.));
#3592=DIRECTION('',(-1.,0.,0.));
#3593=DIRECTION('',(1.,0.,0.));
#3594=DIRECTION('',(0.,-1.,0.));
#3595=DIRECTION('center_axis',(1.,0.,0.));
#3596=DIRECTION('ref_axis',(0.,0.,1.));
#3597=DIRECTION('',(0.,0.,-1.));
#3598=DIRECTION('',(0.,0.,1.));
#3599=DIRECTION('',(0.,-1.,0.));
#3600=DIRECTION('center_axis',(0.,0.,1.));
#3601=DIRECTION('ref_axis',(-1.,0.,0.));
#3602=DIRECTION('',(1.,0.,0.));
#3603=DIRECTION('',(-1.,0.,0.));
#3604=DIRECTION('',(0.,-1.,0.));
#3605=DIRECTION('center_axis',(1.,0.,0.));
#3606=DIRECTION('ref_axis',(0.,0.,1.));
#3607=DIRECTION('',(0.,0.,-1.));
#3608=DIRECTION('',(0.,0.,1.));
#3609=DIRECTION('',(0.,-1.,0.));
#3610=DIRECTION('center_axis',(0.,0.,-1.));
#3611=DIRECTION('ref_axis',(1.,0.,0.));
#3612=DIRECTION('',(-1.,0.,0.));
#3613=DIRECTION('',(1.,0.,0.));
#3614=DIRECTION('',(0.,-1.,0.));
#3615=DIRECTION('center_axis',(1.,0.,0.));
#3616=DIRECTION('ref_axis',(0.,0.,1.));
#3617=DIRECTION('',(0.,0.,-1.));
#3618=DIRECTION('',(0.,0.,1.));
#3619=DIRECTION('',(0.,-1.,0.));
#3620=DIRECTION('center_axis',(0.,0.,1.));
#3621=DIRECTION('ref_axis',(-1.,0.,0.));
#3622=DIRECTION('',(1.,0.,0.));
#3623=DIRECTION('',(-1.,0.,0.));
#3624=DIRECTION('',(0.,-1.,0.));
#3625=DIRECTION('center_axis',(1.,0.,0.));
#3626=DIRECTION('ref_axis',(0.,0.,1.));
#3627=DIRECTION('',(0.,0.,-1.));
#3628=DIRECTION('',(0.,0.,1.));
#3629=DIRECTION('',(0.,-1.,0.));
#3630=DIRECTION('center_axis',(0.,0.,-1.));
#3631=DIRECTION('ref_axis',(1.,0.,0.));
#3632=DIRECTION('',(-1.,0.,0.));
#3633=DIRECTION('',(1.,0.,0.));
#3634=DIRECTION('',(0.,-1.,0.));
#3635=DIRECTION('center_axis',(1.,0.,0.));
#3636=DIRECTION('ref_axis',(0.,0.,1.));
#3637=DIRECTION('',(0.,0.,-1.));
#3638=DIRECTION('',(0.,0.,1.));
#3639=DIRECTION('',(0.,-1.,0.));
#3640=DIRECTION('center_axis',(0.,0.,1.));
#3641=DIRECTION('ref_axis',(-1.,0.,0.));
#3642=DIRECTION('',(1.,0.,0.));
#3643=DIRECTION('',(-1.,0.,0.));
#3644=DIRECTION('',(0.,-1.,0.));
#3645=DIRECTION('center_axis',(1.,0.,0.));
#3646=DIRECTION('ref_axis',(0.,0.,1.));
#3647=DIRECTION('',(0.,0.,-1.));
#3648=DIRECTION('',(0.,0.,1.));
#3649=DIRECTION('',(0.,-1.,0.));
#3650=DIRECTION('center_axis',(0.,0.,-1.));
#3651=DIRECTION('ref_axis',(1.,0.,0.));
#3652=DIRECTION('',(-1.,0.,0.));
#3653=DIRECTION('',(1.,0.,0.));
#3654=DIRECTION('',(0.,-1.,0.));
#3655=DIRECTION('center_axis',(0.598801724244562,0.,-0.800897306177102));
#3656=DIRECTION('ref_axis',(0.800897306177102,0.,0.598801724244562));
#3657=DIRECTION('',(0.800897306177102,0.,0.598801724244562));
#3658=DIRECTION('',(0.800897306177102,0.,0.598801724244562));
#3659=DIRECTION('',(0.,-1.,0.));
#3660=DIRECTION('center_axis',(1.,0.,0.));
#3661=DIRECTION('ref_axis',(0.,0.,1.));
#3662=DIRECTION('',(0.,0.,1.));
#3663=DIRECTION('',(0.,0.,1.));
#3664=DIRECTION('',(0.,-1.,0.));
#3665=DIRECTION('center_axis',(0.,0.,-1.));
#3666=DIRECTION('ref_axis',(1.,0.,0.));
#3667=DIRECTION('',(-1.,0.,0.));
#3668=DIRECTION('',(1.,0.,0.));
#3669=DIRECTION('',(0.,-1.,0.));
#3670=DIRECTION('center_axis',(-1.,0.,0.));
#3671=DIRECTION('ref_axis',(0.,0.,-1.));
#3672=DIRECTION('',(0.,0.,1.));
#3673=DIRECTION('',(0.,0.,-1.));
#3674=DIRECTION('',(0.,-1.,0.));
#3675=DIRECTION('center_axis',(0.,0.,1.));
#3676=DIRECTION('ref_axis',(-1.,0.,0.));
#3677=DIRECTION('',(1.,0.,0.));
#3678=DIRECTION('',(-1.,0.,0.));
#3679=DIRECTION('',(0.,-1.,0.));
#3680=DIRECTION('center_axis',(-1.,0.,0.));
#3681=DIRECTION('ref_axis',(0.,0.,-1.));
#3682=DIRECTION('',(0.,0.,1.));
#3683=DIRECTION('',(0.,0.,-1.));
#3684=DIRECTION('',(0.,-1.,0.));
#3685=DIRECTION('center_axis',(0.,0.,-1.));
#3686=DIRECTION('ref_axis',(1.,0.,0.));
#3687=DIRECTION('',(-1.,0.,0.));
#3688=DIRECTION('',(1.,0.,0.));
#3689=DIRECTION('',(0.,-1.,0.));
#3690=DIRECTION('center_axis',(-1.,0.,0.));
#3691=DIRECTION('ref_axis',(0.,0.,-1.));
#3692=DIRECTION('',(0.,0.,1.));
#3693=DIRECTION('',(0.,0.,-1.));
#3694=DIRECTION('',(0.,-1.,0.));
#3695=DIRECTION('center_axis',(0.,0.,1.));
#3696=DIRECTION('ref_axis',(-1.,0.,0.));
#3697=DIRECTION('',(1.,0.,0.));
#3698=DIRECTION('',(-1.,0.,0.));
#3699=DIRECTION('',(0.,-1.,0.));
#3700=DIRECTION('center_axis',(-1.,0.,0.));
#3701=DIRECTION('ref_axis',(0.,0.,-1.));
#3702=DIRECTION('',(0.,0.,1.));
#3703=DIRECTION('',(0.,0.,-1.));
#3704=DIRECTION('',(0.,-1.,0.));
#3705=DIRECTION('center_axis',(0.,0.,-1.));
#3706=DIRECTION('ref_axis',(1.,0.,0.));
#3707=DIRECTION('',(-1.,0.,0.));
#3708=DIRECTION('',(1.,0.,0.));
#3709=DIRECTION('',(0.,-1.,0.));
#3710=DIRECTION('center_axis',(-1.,0.,0.));
#3711=DIRECTION('ref_axis',(0.,0.,-1.));
#3712=DIRECTION('',(0.,0.,1.));
#3713=DIRECTION('',(0.,0.,-1.));
#3714=DIRECTION('',(0.,-1.,0.));
#3715=DIRECTION('center_axis',(0.,0.,1.));
#3716=DIRECTION('ref_axis',(-1.,0.,0.));
#3717=DIRECTION('',(1.,0.,0.));
#3718=DIRECTION('',(-1.,0.,0.));
#3719=DIRECTION('',(0.,-1.,0.));
#3720=DIRECTION('center_axis',(-1.,0.,0.));
#3721=DIRECTION('ref_axis',(0.,0.,-1.));
#3722=DIRECTION('',(0.,0.,1.));
#3723=DIRECTION('',(0.,0.,-1.));
#3724=DIRECTION('',(0.,-1.,0.));
#3725=DIRECTION('center_axis',(0.,0.,-1.));
#3726=DIRECTION('ref_axis',(1.,0.,0.));
#3727=DIRECTION('',(-1.,0.,0.));
#3728=DIRECTION('',(1.,0.,0.));
#3729=DIRECTION('',(0.,-1.,0.));
#3730=DIRECTION('center_axis',(-1.,0.,0.));
#3731=DIRECTION('ref_axis',(0.,0.,-1.));
#3732=DIRECTION('',(0.,0.,1.));
#3733=DIRECTION('',(0.,0.,-1.));
#3734=DIRECTION('',(0.,-1.,0.));
#3735=DIRECTION('center_axis',(0.,0.,1.));
#3736=DIRECTION('ref_axis',(-1.,0.,0.));
#3737=DIRECTION('',(1.,0.,0.));
#3738=DIRECTION('',(-1.,0.,0.));
#3739=DIRECTION('',(0.,-1.,0.));
#3740=DIRECTION('center_axis',(-0.800897306177102,0.,-0.598801724244562));
#3741=DIRECTION('ref_axis',(0.598801724244562,0.,-0.800897306177102));
#3742=DIRECTION('',(-0.598801724244562,0.,0.800897306177102));
#3743=DIRECTION('',(0.598801724244562,0.,-0.800897306177102));
#3744=DIRECTION('',(0.,-1.,0.));
#3745=DIRECTION('center_axis',(-0.598801724244563,0.,0.800897306177102));
#3746=DIRECTION('ref_axis',(-0.800897306177102,0.,-0.598801724244563));
#3747=DIRECTION('',(0.800897306177102,0.,0.598801724244563));
#3748=DIRECTION('',(-0.800897306177102,0.,-0.598801724244563));
#3749=DIRECTION('',(0.,-1.,0.));
#3750=DIRECTION('center_axis',(0.,0.,-1.));
#3751=DIRECTION('ref_axis',(1.,0.,0.));
#3752=DIRECTION('',(-1.,0.,0.));
#3753=DIRECTION('',(1.,0.,0.));
#3754=DIRECTION('',(0.,-1.,0.));
#3755=DIRECTION('center_axis',(-1.,0.,0.));
#3756=DIRECTION('ref_axis',(0.,0.,-1.));
#3757=DIRECTION('',(0.,0.,1.));
#3758=DIRECTION('',(0.,0.,-1.));
#3759=DIRECTION('',(0.,-1.,0.));
#3760=DIRECTION('center_axis',(0.,0.,1.));
#3761=DIRECTION('ref_axis',(-1.,0.,0.));
#3762=DIRECTION('',(1.,0.,0.));
#3763=DIRECTION('',(-1.,0.,0.));
#3764=DIRECTION('',(0.,-1.,0.));
#3765=DIRECTION('center_axis',(-0.598801724244563,0.,0.800897306177102));
#3766=DIRECTION('ref_axis',(-0.800897306177102,0.,-0.598801724244563));
#3767=DIRECTION('',(0.800897306177102,0.,0.598801724244563));
#3768=DIRECTION('',(-0.800897306177102,0.,-0.598801724244563));
#3769=DIRECTION('',(0.,-1.,0.));
#3770=DIRECTION('center_axis',(-1.,0.,0.));
#3771=DIRECTION('ref_axis',(0.,0.,-1.));
#3772=DIRECTION('',(0.,0.,1.));
#3773=DIRECTION('',(0.,0.,-1.));
#3774=DIRECTION('',(0.,-1.,0.));
#3775=DIRECTION('center_axis',(0.,0.,-1.));
#3776=DIRECTION('ref_axis',(1.,0.,0.));
#3777=DIRECTION('',(-1.,0.,0.));
#3778=DIRECTION('',(1.,0.,0.));
#3779=DIRECTION('',(0.,-1.,0.));
#3780=DIRECTION('center_axis',(-1.,0.,0.));
#3781=DIRECTION('ref_axis',(0.,0.,-1.));
#3782=DIRECTION('',(0.,0.,1.));
#3783=DIRECTION('',(0.,0.,-1.));
#3784=DIRECTION('',(0.,-1.,0.));
#3785=DIRECTION('center_axis',(0.,0.,1.));
#3786=DIRECTION('ref_axis',(-1.,0.,0.));
#3787=DIRECTION('',(1.,0.,0.));
#3788=DIRECTION('',(-1.,0.,0.));
#3789=DIRECTION('',(0.,-1.,0.));
#3790=DIRECTION('center_axis',(-1.,0.,0.));
#3791=DIRECTION('ref_axis',(0.,0.,-1.));
#3792=DIRECTION('',(0.,0.,1.));
#3793=DIRECTION('',(0.,0.,-1.));
#3794=DIRECTION('',(0.,-1.,0.));
#3795=DIRECTION('center_axis',(0.,0.,-1.));
#3796=DIRECTION('ref_axis',(1.,0.,0.));
#3797=DIRECTION('',(-1.,0.,0.));
#3798=DIRECTION('',(1.,0.,0.));
#3799=DIRECTION('',(0.,-1.,0.));
#3800=DIRECTION('center_axis',(-1.,0.,0.));
#3801=DIRECTION('ref_axis',(0.,0.,-1.));
#3802=DIRECTION('',(0.,0.,1.));
#3803=DIRECTION('',(0.,0.,-1.));
#3804=DIRECTION('',(0.,-1.,0.));
#3805=DIRECTION('center_axis',(0.,0.,1.));
#3806=DIRECTION('ref_axis',(-1.,0.,0.));
#3807=DIRECTION('',(1.,0.,0.));
#3808=DIRECTION('',(-1.,0.,0.));
#3809=DIRECTION('',(0.,-1.,0.));
#3810=DIRECTION('center_axis',(-1.,0.,0.));
#3811=DIRECTION('ref_axis',(0.,0.,-1.));
#3812=DIRECTION('',(0.,0.,1.));
#3813=DIRECTION('',(0.,0.,-1.));
#3814=DIRECTION('',(0.,-1.,0.));
#3815=DIRECTION('center_axis',(0.,0.,-1.));
#3816=DIRECTION('ref_axis',(1.,0.,0.));
#3817=DIRECTION('',(-1.,0.,0.));
#3818=DIRECTION('',(1.,0.,0.));
#3819=DIRECTION('',(0.,-1.,0.));
#3820=DIRECTION('center_axis',(-1.,0.,0.));
#3821=DIRECTION('ref_axis',(0.,0.,-1.));
#3822=DIRECTION('',(0.,0.,1.));
#3823=DIRECTION('',(0.,0.,-1.));
#3824=DIRECTION('',(0.,-1.,0.));
#3825=DIRECTION('center_axis',(0.,0.,1.));
#3826=DIRECTION('ref_axis',(-1.,0.,0.));
#3827=DIRECTION('',(1.,0.,0.));
#3828=DIRECTION('',(-1.,0.,0.));
#3829=DIRECTION('',(0.,-1.,0.));
#3830=DIRECTION('center_axis',(-1.,0.,0.));
#3831=DIRECTION('ref_axis',(0.,0.,-1.));
#3832=DIRECTION('',(0.,0.,-1.));
#3833=DIRECTION('',(0.,0.,-1.));
#3834=DIRECTION('',(0.,-1.,0.));
#3835=DIRECTION('center_axis',(0.,0.,1.));
#3836=DIRECTION('ref_axis',(-1.,0.,0.));
#3837=DIRECTION('',(1.,0.,0.));
#3838=DIRECTION('',(-1.,0.,0.));
#3839=DIRECTION('center_axis',(0.,1.,0.));
#3840=DIRECTION('ref_axis',(1.,0.,0.));
#3841=DIRECTION('center_axis',(0.,-1.,0.));
#3842=DIRECTION('ref_axis',(0.,0.,-1.));
#3843=DIRECTION('axis',(0.,0.,1.));
#3844=DIRECTION('refdir',(1.,0.,0.));
#3845=DIRECTION('center_axis',(0.,0.,-1.));
#3846=DIRECTION('ref_axis',(1.,0.,0.));
#3847=DIRECTION('center_axis',(0.,0.,1.));
#3848=DIRECTION('ref_axis',(1.,0.,0.));
#3849=DIRECTION('',(0.,0.,-1.));
#3850=DIRECTION('center_axis',(0.,0.,1.));
#3851=DIRECTION('ref_axis',(1.,0.,0.));
#3852=DIRECTION('center_axis',(0.,0.,-1.));
#3853=DIRECTION('ref_axis',(1.,0.,0.));
#3854=DIRECTION('center_axis',(0.,0.,-1.));
#3855=DIRECTION('ref_axis',(1.,0.,0.));
#3856=DIRECTION('',(0.,0.,1.));
#3857=DIRECTION('center_axis',(0.,0.,-1.));
#3858=DIRECTION('ref_axis',(1.,0.,0.));
#3859=DIRECTION('center_axis',(0.,0.,-1.));
#3860=DIRECTION('ref_axis',(1.,0.,0.));
#3861=DIRECTION('center_axis',(0.,0.,-1.));
#3862=DIRECTION('ref_axis',(1.,0.,0.));
#3863=DIRECTION('axis',(0.,0.,1.));
#3864=DIRECTION('refdir',(1.,0.,0.));
#3865=DIRECTION('center_axis',(0.,0.,1.));
#3866=DIRECTION('ref_axis',(1.,0.,0.));
#3867=DIRECTION('center_axis',(0.,0.,1.));
#3868=DIRECTION('ref_axis',(1.,0.,0.));
#3869=DIRECTION('',(0.,0.,1.));
#3870=DIRECTION('center_axis',(0.,0.,-1.));
#3871=DIRECTION('ref_axis',(1.,0.,0.));
#3872=DIRECTION('center_axis',(0.,0.,1.));
#3873=DIRECTION('ref_axis',(1.,0.,0.));
#3874=DIRECTION('center_axis',(0.,0.,1.));
#3875=DIRECTION('ref_axis',(1.,0.,0.));
#3876=DIRECTION('',(0.,0.,-1.));
#3877=DIRECTION('center_axis',(0.,0.,1.));
#3878=DIRECTION('ref_axis',(1.,0.,0.));
#3879=DIRECTION('center_axis',(0.,0.,-1.));
#3880=DIRECTION('ref_axis',(1.,0.,0.));
#3881=DIRECTION('center_axis',(0.,0.,-1.));
#3882=DIRECTION('ref_axis',(1.,0.,0.));
#3883=DIRECTION('',(0.999998725847948,-0.00159634033954535,0.));
#3884=DIRECTION('',(0.501381834211106,0.865226130166621,0.));
#3885=DIRECTION('',(-0.498616891636842,0.866822470506166,0.));
#3886=DIRECTION('',(-0.999998725847948,0.00159634033954519,0.));
#3887=DIRECTION('',(-0.501381834211107,-0.865226130166621,0.));
#3888=DIRECTION('',(0.498616891636842,-0.866822470506166,0.));
#3889=DIRECTION('center_axis',(0.00159634033954535,0.999998725847948,0.));
#3890=DIRECTION('ref_axis',(0.999998725847949,-0.00159634033954535,0.));
#3891=DIRECTION('',(0.,0.,-1.));
#3892=DIRECTION('',(0.,0.,-1.));
#3893=DIRECTION('center_axis',(0.866822470506166,0.498616891636842,0.));
#3894=DIRECTION('ref_axis',(0.498616891636842,-0.866822470506166,0.));
#3895=DIRECTION('',(0.,0.,-1.));
#3896=DIRECTION('center_axis',(0.865226130166621,-0.501381834211107,0.));
#3897=DIRECTION('ref_axis',(-0.501381834211107,-0.865226130166621,0.));
#3898=DIRECTION('',(0.,0.,-1.));
#3899=DIRECTION('center_axis',(-0.00159634033954519,-0.999998725847948,
0.));
#3900=DIRECTION('ref_axis',(-0.999998725847949,0.00159634033954519,0.));
#3901=DIRECTION('',(0.,0.,-1.));
#3902=DIRECTION('center_axis',(-0.866822470506166,-0.498616891636842,0.));
#3903=DIRECTION('ref_axis',(-0.498616891636842,0.866822470506166,0.));
#3904=DIRECTION('',(0.,0.,-1.));
#3905=DIRECTION('center_axis',(-0.865226130166621,0.501381834211106,0.));
#3906=DIRECTION('ref_axis',(0.501381834211106,0.865226130166621,0.));
#3907=DIRECTION('center_axis',(0.,0.,1.));
#3908=DIRECTION('ref_axis',(1.,0.,0.));
#3909=DIRECTION('',(0.707106781186547,8.65956056235493E-17,-0.707106781186548));
#3910=DIRECTION('center_axis',(0.,0.,1.));
#3911=DIRECTION('ref_axis',(1.,0.,0.));
#3912=DIRECTION('center_axis',(0.,0.,-1.));
#3913=DIRECTION('ref_axis',(1.,0.,0.));
#3914=DIRECTION('center_axis',(0.,0.,-1.));
#3915=DIRECTION('ref_axis',(1.,0.,0.));
#3916=DIRECTION('',(0.,0.,1.));
#3917=DIRECTION('center_axis',(0.,0.,1.));
#3918=DIRECTION('ref_axis',(1.,0.,0.));
#3919=DIRECTION('',(0.707106781186547,8.65956056235492E-17,-0.707106781186549));
#3920=DIRECTION('center_axis',(0.,0.,1.));
#3921=DIRECTION('ref_axis',(1.,0.,0.));
#3922=DIRECTION('center_axis',(0.,0.,-1.));
#3923=DIRECTION('ref_axis',(1.,0.,0.));
#3924=DIRECTION('center_axis',(0.,0.,1.));
#3925=DIRECTION('ref_axis',(1.,0.,0.));
#3926=DIRECTION('center_axis',(0.,0.,1.));
#3927=DIRECTION('ref_axis',(1.,0.,0.));
#3928=DIRECTION('',(0.707106781186549,8.65956056235496E-17,-0.707106781186546));
#3929=DIRECTION('center_axis',(0.,0.,1.));
#3930=DIRECTION('ref_axis',(1.,0.,0.));
#3931=DIRECTION('center_axis',(0.,0.,-1.));
#3932=DIRECTION('ref_axis',(1.,0.,0.));
#3933=DIRECTION('center_axis',(0.,0.,1.));
#3934=DIRECTION('ref_axis',(1.,0.,0.));
#3935=DIRECTION('center_axis',(0.,0.,-1.));
#3936=DIRECTION('ref_axis',(1.,0.,0.));
#3937=DIRECTION('center_axis',(0.,0.,1.));
#3938=DIRECTION('ref_axis',(1.,0.,0.));
#3939=DIRECTION('center_axis',(0.,0.,1.));
#3940=DIRECTION('ref_axis',(1.,0.,0.));
#3941=DIRECTION('center_axis',(0.,0.,-1.));
#3942=DIRECTION('ref_axis',(1.,0.,0.));
#3943=DIRECTION('',(0.,0.,-1.));
#3944=DIRECTION('center_axis',(0.,0.,-1.));
#3945=DIRECTION('ref_axis',(1.,0.,0.));
#3946=DIRECTION('center_axis',(0.,0.,1.));
#3947=DIRECTION('ref_axis',(1.,0.,0.));
#3948=DIRECTION('',(0.,0.,-1.));
#3949=DIRECTION('center_axis',(0.,0.,-1.));
#3950=DIRECTION('ref_axis',(1.,0.,0.));
#3951=DIRECTION('axis',(0.,0.,1.));
#3952=DIRECTION('refdir',(1.,0.,0.));
#3953=DIRECTION('center_axis',(0.,1.,0.));
#3954=DIRECTION('ref_axis',(0.707106781186547,0.,-0.707106781186547));
#3955=DIRECTION('center_axis',(0.,1.,0.));
#3956=DIRECTION('ref_axis',(0.707106781186547,0.,-0.707106781186547));
#3957=DIRECTION('',(0.,-1.,0.));
#3958=DIRECTION('center_axis',(0.,-1.,0.));
#3959=DIRECTION('ref_axis',(0.707106781186547,0.,-0.707106781186547));
#3960=DIRECTION('',(0.,1.,0.));
#3961=DIRECTION('center_axis',(-0.707106781186548,0.,0.707106781186547));
#3962=DIRECTION('ref_axis',(0.707106781186547,0.,0.707106781186548));
#3963=DIRECTION('',(0.707106781186547,0.,0.707106781186548));
#3964=DIRECTION('',(0.,-1.,0.));
#3965=DIRECTION('',(-0.707106781186547,0.,-0.707106781186548));
#3966=DIRECTION('center_axis',(0.,-1.,0.));
#3967=DIRECTION('ref_axis',(-0.923879532511287,0.,-0.382683432365089));
#3968=DIRECTION('center_axis',(0.,-1.,0.));
#3969=DIRECTION('ref_axis',(-0.923879532511287,0.,-0.382683432365089));
#3970=DIRECTION('',(0.,-1.,0.));
#3971=DIRECTION('center_axis',(0.,-1.,0.));
#3972=DIRECTION('ref_axis',(-0.923879532511287,0.,-0.382683432365089));
#3973=DIRECTION('',(0.,1.,0.));
#3974=DIRECTION('center_axis',(0.,1.,0.));
#3975=DIRECTION('ref_axis',(-0.923879532511287,0.,-0.382683432365089));
#3976=DIRECTION('',(0.,1.,0.));
#3977=DIRECTION('center_axis',(0.,-1.,0.));
#3978=DIRECTION('ref_axis',(-1.,0.,0.));
#3979=DIRECTION('',(-1.,0.,0.));
#3980=DIRECTION('',(0.,0.,-1.));
#3981=DIRECTION('',(-1.,0.,0.));
#3982=DIRECTION('',(0.,0.,-1.));
#3983=DIRECTION('center_axis',(0.,1.,0.));
#3984=DIRECTION('ref_axis',(0.923879532511287,0.,-0.382683432365089));
#3985=DIRECTION('center_axis',(0.,1.,0.));
#3986=DIRECTION('ref_axis',(0.923879532511287,0.,-0.382683432365089));
#3987=DIRECTION('center_axis',(0.,-1.,0.));
#3988=DIRECTION('ref_axis',(0.923879532511287,0.,-0.382683432365089));
#3989=DIRECTION('',(0.,1.,0.));
#3990=DIRECTION('center_axis',(0.,-1.,0.));
#3991=DIRECTION('ref_axis',(0.923879532511287,0.,-0.382683432365089));
#3992=DIRECTION('',(0.,-1.,0.));
#3993=DIRECTION('center_axis',(0.,-1.,0.));
#3994=DIRECTION('ref_axis',(-1.,0.,0.));
#3995=DIRECTION('',(0.,0.,-1.));
#3996=DIRECTION('',(-1.,0.,0.));
#3997=DIRECTION('',(0.,0.,-1.));
#3998=DIRECTION('',(-1.,0.,0.));
#3999=DIRECTION('center_axis',(-1.,0.,0.));
#4000=DIRECTION('ref_axis',(0.,1.,0.));
#4001=DIRECTION('',(0.,0.,-1.));
#4002=DIRECTION('',(0.,-1.,0.));
#4003=DIRECTION('center_axis',(0.707106781186548,0.,0.707106781186547));
#4004=DIRECTION('ref_axis',(0.707106781186547,0.,-0.707106781186548));
#4005=DIRECTION('',(-0.707106781186547,0.,0.707106781186548));
#4006=DIRECTION('',(0.707106781186547,0.,-0.707106781186548));
#4007=DIRECTION('center_axis',(0.,-1.,0.));
#4008=DIRECTION('ref_axis',(-1.,0.,0.));
#4009=DIRECTION('',(0.,0.,1.));
#4010=DIRECTION('',(1.,0.,0.));
#4011=DIRECTION('',(0.,0.,-1.));
#4012=DIRECTION('',(-1.,0.,0.));
#4013=DIRECTION('',(0.,0.,-1.));
#4014=DIRECTION('',(1.,0.,0.));
#4015=DIRECTION('center_axis',(1.,0.,0.));
#4016=DIRECTION('ref_axis',(0.,-1.,0.));
#4017=DIRECTION('',(0.,-1.,0.));
#4018=DIRECTION('center_axis',(1.,0.,0.));
#4019=DIRECTION('ref_axis',(0.,-1.,0.));
#4020=DIRECTION('',(0.,-1.,0.));
#4021=DIRECTION('',(0.,-1.,0.));
#4022=DIRECTION('',(0.,0.,-1.));
#4023=DIRECTION('center_axis',(0.,0.,-1.));
#4024=DIRECTION('ref_axis',(-6.12323399573676E-17,1.,0.));
#4025=DIRECTION('center_axis',(0.,0.,1.));
#4026=DIRECTION('ref_axis',(-1.,0.,0.));
#4027=DIRECTION('center_axis',(0.,0.,1.));
#4028=DIRECTION('ref_axis',(-1.,0.,0.));
#4029=DIRECTION('',(0.,0.,-1.));
#4030=DIRECTION('center_axis',(-1.,0.,0.));
#4031=DIRECTION('ref_axis',(0.,1.,0.));
#4032=DIRECTION('',(0.,1.,0.));
#4033=DIRECTION('',(0.,1.,0.));
#4034=DIRECTION('center_axis',(0.,0.,1.));
#4035=DIRECTION('ref_axis',(-1.,0.,0.));
#4036=DIRECTION('center_axis',(0.,0.,1.));
#4037=DIRECTION('ref_axis',(0.,1.,0.));
#4038=DIRECTION('',(0.,1.,0.));
#4039=DIRECTION('',(1.,0.,0.));
#4040=DIRECTION('',(1.,0.,0.));
#4041=DIRECTION('',(0.,-1.,0.));
#4042=DIRECTION('center_axis',(0.,0.,1.));
#4043=DIRECTION('ref_axis',(0.,-1.,0.));
#4044=DIRECTION('',(0.,-1.,0.));
#4045=DIRECTION('',(-1.,5.07530525542929E-16,0.));
#4046=DIRECTION('',(0.,1.,0.));
#4047=DIRECTION('center_axis',(0.,0.,-1.));
#4048=DIRECTION('ref_axis',(1.,0.,0.));
#4049=DIRECTION('center_axis',(0.,0.,-1.));
#4050=DIRECTION('ref_axis',(1.,0.,0.));
#4051=DIRECTION('',(0.,0.,1.));
#4052=DIRECTION('center_axis',(0.,0.,1.));
#4053=DIRECTION('ref_axis',(1.,0.,0.));
#4054=DIRECTION('center_axis',(0.,0.,-1.));
#4055=DIRECTION('ref_axis',(1.,0.,0.));
#4056=DIRECTION('center_axis',(0.,0.,1.));
#4057=DIRECTION('ref_axis',(1.,0.,0.));
#4058=DIRECTION('center_axis',(0.,0.,-1.));
#4059=DIRECTION('ref_axis',(1.,0.,0.));
#4060=DIRECTION('',(0.,-1.,0.));
#4061=DIRECTION('',(1.,-5.07530525542929E-16,0.));
#4062=DIRECTION('',(0.,1.,0.));
#4063=DIRECTION('center_axis',(0.,0.,-1.));
#4064=DIRECTION('ref_axis',(0.,-1.,0.));
#4065=DIRECTION('',(0.,1.,0.));
#4066=DIRECTION('',(-1.,0.,0.));
#4067=DIRECTION('',(0.,-1.,0.));
#4068=DIRECTION('center_axis',(0.,0.,-1.));
#4069=DIRECTION('ref_axis',(0.,1.,0.));
#4070=DIRECTION('center_axis',(0.,0.,-1.));
#4071=DIRECTION('ref_axis',(1.,0.,0.));
#4072=DIRECTION('center_axis',(0.,0.,1.));
#4073=DIRECTION('ref_axis',(1.,0.,0.));
#4074=DIRECTION('',(0.,0.,1.));
#4075=DIRECTION('center_axis',(0.,1.,0.));
#4076=DIRECTION('ref_axis',(1.,0.,0.));
#4077=DIRECTION('',(0.,0.,-1.));
#4078=DIRECTION('',(1.,0.,0.));
#4079=DIRECTION('',(0.,0.,-1.));
#4080=DIRECTION('center_axis',(1.,0.,0.));
#4081=DIRECTION('ref_axis',(0.,-1.,0.));
#4082=DIRECTION('',(0.,0.,-1.));
#4083=DIRECTION('',(0.,-1.,0.));
#4084=DIRECTION('center_axis',(0.,0.,-1.));
#4085=DIRECTION('ref_axis',(0.,-1.,0.));
#4086=DIRECTION('',(0.,0.,-1.));
#4087=DIRECTION('center_axis',(0.,0.,1.));
#4088=DIRECTION('ref_axis',(1.,0.,0.));
#4089=DIRECTION('center_axis',(0.,0.,-1.));
#4090=DIRECTION('ref_axis',(1.,0.,0.));
#4091=DIRECTION('',(0.,-1.,0.));
#4092=DIRECTION('',(0.,1.,0.));
#4093=DIRECTION('',(1.,0.,0.));
#4094=DIRECTION('center_axis',(1.,0.,0.));
#4095=DIRECTION('ref_axis',(0.,-1.,0.));
#4096=DIRECTION('',(0.,0.,-1.));
#4097=DIRECTION('',(0.,-1.,0.));
#4098=DIRECTION('center_axis',(-5.07530525542929E-16,-1.,0.));
#4099=DIRECTION('ref_axis',(-1.,5.07530525542929E-16,0.));
#4100=DIRECTION('',(0.,0.,-1.));
#4101=DIRECTION('',(-1.,0.,0.));
#4102=DIRECTION('',(0.,0.,1.));
#4103=DIRECTION('',(-1.,0.,0.));
#4104=DIRECTION('',(0.,0.,1.));
#4105=DIRECTION('',(-1.,0.,0.));
#4106=DIRECTION('',(0.,0.,1.));
#4107=DIRECTION('',(-1.,0.,0.));
#4108=DIRECTION('',(0.,0.,1.));
#4109=DIRECTION('center_axis',(-1.,0.,0.));
#4110=DIRECTION('ref_axis',(0.,1.,0.));
#4111=DIRECTION('',(0.,1.,0.));
#4112=DIRECTION('',(0.,0.,-1.));
#4113=DIRECTION('center_axis',(0.,0.,-1.));
#4114=DIRECTION('ref_axis',(0.,1.,0.));
#4115=DIRECTION('center_axis',(0.,0.,1.));
#4116=DIRECTION('ref_axis',(1.,0.,0.));
#4117=DIRECTION('',(0.,0.,-1.));
#4118=DIRECTION('center_axis',(-1.,0.,0.));
#4119=DIRECTION('ref_axis',(0.,1.,0.));
#4120=DIRECTION('',(0.,1.,0.));
#4121=DIRECTION('center_axis',(-1.,0.,0.));
#4122=DIRECTION('ref_axis',(0.,1.,0.));
#4123=DIRECTION('',(0.,1.,0.));
#4124=DIRECTION('',(0.,0.,-1.));
#4125=DIRECTION('center_axis',(0.,0.,-1.));
#4126=DIRECTION('ref_axis',(1.,0.,0.));
#4127=DIRECTION('',(0.,1.,0.));
#4128=DIRECTION('',(-1.,0.,0.));
#4129=DIRECTION('',(0.,-1.,0.));
#4130=DIRECTION('center_axis',(0.,0.,-1.));
#4131=DIRECTION('ref_axis',(0.,1.,0.));
#4132=DIRECTION('center_axis',(0.,0.,1.));
#4133=DIRECTION('ref_axis',(1.,0.,0.));
#4134=DIRECTION('',(0.,0.,-1.));
#4135=DIRECTION('center_axis',(-1.,0.,0.));
#4136=DIRECTION('ref_axis',(0.,1.,0.));
#4137=DIRECTION('',(0.,1.,0.));
#4138=DIRECTION('',(0.,0.,-1.));
#4139=DIRECTION('center_axis',(0.,1.,0.));
#4140=DIRECTION('ref_axis',(1.,0.,0.));
#4141=DIRECTION('',(1.,0.,0.));
#4142=DIRECTION('',(0.,0.,-1.));
#4143=DIRECTION('center_axis',(1.,0.,0.));
#4144=DIRECTION('ref_axis',(0.,-1.,0.));
#4145=DIRECTION('',(0.,-1.,0.));
#4146=DIRECTION('',(0.,0.,-1.));
#4147=DIRECTION('center_axis',(0.,0.,-1.));
#4148=DIRECTION('ref_axis',(0.,-1.,0.));
#4149=DIRECTION('center_axis',(0.,0.,1.));
#4150=DIRECTION('ref_axis',(1.,0.,0.));
#4151=DIRECTION('',(0.,0.,-1.));
#4152=DIRECTION('center_axis',(1.,0.,0.));
#4153=DIRECTION('ref_axis',(0.,-1.,0.));
#4154=DIRECTION('',(0.,-1.,0.));
#4155=DIRECTION('center_axis',(0.,1.,0.));
#4156=DIRECTION('ref_axis',(1.,0.,0.));
#4157=DIRECTION('',(0.,0.,1.));
#4158=DIRECTION('',(0.,0.,-1.));
#4159=DIRECTION('center_axis',(-1.,0.,0.));
#4160=DIRECTION('ref_axis',(0.,1.,0.));
#4161=DIRECTION('center_axis',(1.,0.,0.));
#4162=DIRECTION('ref_axis',(0.,-1.,0.));
#4163=DIRECTION('center_axis',(0.,0.,-1.));
#4164=DIRECTION('ref_axis',(1.,0.,0.));
#4165=DIRECTION('',(-1.,0.,0.));
#4166=DIRECTION('',(0.,1.,0.));
#4167=DIRECTION('',(-1.,0.,0.));
#4168=DIRECTION('',(0.,-1.,0.));
#4169=DIRECTION('',(-1.,0.,0.));
#4170=DIRECTION('center_axis',(0.,0.,-1.));
#4171=DIRECTION('ref_axis',(1.,0.,0.));
#4172=DIRECTION('',(1.,0.,0.));
#4173=DIRECTION('',(0.,-1.,0.));
#4174=DIRECTION('',(1.,0.,0.));
#4175=DIRECTION('',(0.,-1.,0.));
#4176=DIRECTION('',(0.,1.,0.));
#4177=DIRECTION('',(1.,0.,0.));
#4178=DIRECTION('',(0.,1.,0.));
#4179=DIRECTION('',(1.,0.,0.));
#4180=DIRECTION('center_axis',(0.,0.,-1.));
#4181=DIRECTION('ref_axis',(1.,0.,0.));
#4182=DIRECTION('center_axis',(-1.,0.,0.));
#4183=DIRECTION('ref_axis',(0.,-1.,0.));
#4184=DIRECTION('',(0.,0.,1.));
#4185=DIRECTION('',(0.,-1.,0.));
#4186=DIRECTION('center_axis',(0.,-1.,0.));
#4187=DIRECTION('ref_axis',(1.,0.,0.));
#4188=DIRECTION('',(0.,0.,1.));
#4189=DIRECTION('',(1.,0.,0.));
#4190=DIRECTION('center_axis',(-1.,0.,0.));
#4191=DIRECTION('ref_axis',(0.,-1.,0.));
#4192=DIRECTION('',(0.,0.,1.));
#4193=DIRECTION('',(0.,-1.,0.));
#4194=DIRECTION('center_axis',(0.,-1.,0.));
#4195=DIRECTION('ref_axis',(1.,0.,0.));
#4196=DIRECTION('',(0.,0.,1.));
#4197=DIRECTION('',(1.,0.,0.));
#4198=DIRECTION('center_axis',(0.,0.,1.));
#4199=DIRECTION('ref_axis',(1.,0.,0.));
#4200=DIRECTION('',(0.,0.,1.));
#4201=DIRECTION('center_axis',(0.,0.,-1.));
#4202=DIRECTION('ref_axis',(1.,0.,0.));
#4203=DIRECTION('center_axis',(0.,1.,0.));
#4204=DIRECTION('ref_axis',(-1.,0.,0.));
#4205=DIRECTION('',(0.,0.,1.));
#4206=DIRECTION('',(-1.,0.,0.));
#4207=DIRECTION('center_axis',(-1.,0.,0.));
#4208=DIRECTION('ref_axis',(0.,-1.,0.));
#4209=DIRECTION('',(0.,0.,1.));
#4210=DIRECTION('',(0.,-1.,0.));
#4211=DIRECTION('center_axis',(0.,1.,0.));
#4212=DIRECTION('ref_axis',(-1.,0.,0.));
#4213=DIRECTION('',(0.,0.,1.));
#4214=DIRECTION('',(-1.,0.,0.));
#4215=DIRECTION('center_axis',(1.,0.,0.));
#4216=DIRECTION('ref_axis',(0.,1.,0.));
#4217=DIRECTION('',(0.,0.,1.));
#4218=DIRECTION('',(0.,1.,0.));
#4219=DIRECTION('center_axis',(0.,1.,0.));
#4220=DIRECTION('ref_axis',(-1.,0.,0.));
#4221=DIRECTION('',(0.,0.,1.));
#4222=DIRECTION('',(-1.,0.,0.));
#4223=DIRECTION('center_axis',(1.,0.,0.));
#4224=DIRECTION('ref_axis',(0.,1.,0.));
#4225=DIRECTION('',(0.,1.,0.));
#4226=DIRECTION('',(0.,0.,1.));
#4227=DIRECTION('center_axis',(0.,-1.,0.));
#4228=DIRECTION('ref_axis',(1.,0.,0.));
#4229=DIRECTION('',(1.,0.,0.));
#4230=DIRECTION('',(0.,0.,1.));
#4231=DIRECTION('center_axis',(1.,0.,0.));
#4232=DIRECTION('ref_axis',(0.,1.,0.));
#4233=DIRECTION('',(0.,1.,0.));
#4234=DIRECTION('',(0.,0.,1.));
#4235=DIRECTION('center_axis',(0.,-1.,0.));
#4236=DIRECTION('ref_axis',(1.,0.,0.));
#4237=DIRECTION('',(1.,0.,0.));
#4238=DIRECTION('',(0.,0.,1.));
#4239=DIRECTION('center_axis',(0.,0.,1.));
#4240=DIRECTION('ref_axis',(-1.,1.22464679914735E-16,0.));
#4241=DIRECTION('center_axis',(0.,0.,-1.));
#4242=DIRECTION('ref_axis',(1.,0.,0.));
#4243=DIRECTION('center_axis',(0.,0.,-1.));
#4244=DIRECTION('ref_axis',(1.,0.,0.));
#4245=DIRECTION('axis',(0.,0.,1.));
#4246=DIRECTION('refdir',(1.,0.,0.));
#4247=DIRECTION('center_axis',(-1.,0.,0.));
#4248=DIRECTION('ref_axis',(0.,1.,0.));
#4249=DIRECTION('center_axis',(-1.,0.,0.));
#4250=DIRECTION('ref_axis',(0.,1.,0.));
#4251=DIRECTION('',(-1.,0.,0.));
#4252=DIRECTION('center_axis',(-1.,0.,0.));
#4253=DIRECTION('ref_axis',(0.,1.,0.));
#4254=DIRECTION('center_axis',(1.,0.,0.));
#4255=DIRECTION('ref_axis',(0.,1.,0.));
#4256=DIRECTION('center_axis',(0.707106781186546,-0.707106781186549,0.));
#4257=DIRECTION('ref_axis',(0.,0.,-1.));
#4258=DIRECTION('',(0.707106781186549,0.707106781186546,0.));
#4259=DIRECTION('',(0.,0.,1.));
#4260=DIRECTION('',(-0.707106781186549,-0.707106781186546,0.));
#4261=DIRECTION('',(0.,0.,-1.));
#4262=DIRECTION('',(0.707106781186549,0.707106781186546,0.));
#4263=DIRECTION('',(0.,0.,-1.));
#4264=DIRECTION('',(-0.707106781186549,-0.707106781186546,0.));
#4265=DIRECTION('',(0.,0.,-1.));
#4266=DIRECTION('center_axis',(0.,-1.,0.));
#4267=DIRECTION('ref_axis',(0.,0.,-1.));
#4268=DIRECTION('',(-1.,0.,0.));
#4269=DIRECTION('',(0.,0.,1.));
#4270=DIRECTION('',(1.,0.,0.));
#4271=DIRECTION('center_axis',(0.,0.,1.));
#4272=DIRECTION('ref_axis',(-1.,0.,0.));
#4273=DIRECTION('',(1.,0.,0.));
#4274=DIRECTION('',(0.707106781186546,-0.707106781186549,0.));
#4275=DIRECTION('center_axis',(0.,-1.,0.));
#4276=DIRECTION('ref_axis',(-1.,0.,0.));
#4277=DIRECTION('',(-1.,0.,0.));
#4278=DIRECTION('',(0.,0.,1.));
#4279=DIRECTION('center_axis',(0.,0.,-1.));
#4280=DIRECTION('ref_axis',(1.,0.,0.));
#4281=DIRECTION('',(0.,-1.,0.));
#4282=DIRECTION('',(0.707106781186548,-0.707106781186547,0.));
#4283=DIRECTION('',(1.,0.,0.));
#4284=DIRECTION('',(0.707106781186548,0.707106781186547,0.));
#4285=DIRECTION('',(0.,1.,0.));
#4286=DIRECTION('',(-0.707106781186546,0.707106781186549,0.));
#4287=DIRECTION('center_axis',(0.,0.,-1.));
#4288=DIRECTION('ref_axis',(1.,0.,0.));
#4289=DIRECTION('center_axis',(-0.707106781186549,-0.707106781186546,0.));
#4290=DIRECTION('ref_axis',(0.,0.,1.));
#4291=DIRECTION('',(0.707106781186546,-0.707106781186549,0.));
#4292=DIRECTION('',(0.,0.,1.));
#4293=DIRECTION('',(-0.707106781186546,0.707106781186549,0.));
#4294=DIRECTION('',(0.,0.,-1.));
#4295=DIRECTION('center_axis',(0.707106781186547,0.707106781186548,0.));
#4296=DIRECTION('ref_axis',(0.,0.,-1.));
#4297=DIRECTION('',(-0.707106781186548,0.707106781186547,0.));
#4298=DIRECTION('',(0.,0.,1.));
#4299=DIRECTION('',(0.,0.,-1.));
#4300=DIRECTION('center_axis',(1.,0.,0.));
#4301=DIRECTION('ref_axis',(0.,-1.,0.));
#4302=DIRECTION('',(0.,-1.,0.));
#4303=DIRECTION('center_axis',(-0.707106781186547,0.707106781186548,0.));
#4304=DIRECTION('ref_axis',(0.,0.,1.));
#4305=DIRECTION('',(-0.707106781186548,-0.707106781186547,0.));
#4306=DIRECTION('',(0.,0.,1.));
#4307=DIRECTION('',(0.,0.,-1.));
#4308=DIRECTION('center_axis',(-1.,0.,0.));
#4309=DIRECTION('ref_axis',(0.,1.,0.));
#4310=DIRECTION('',(0.,1.,0.));
#4311=DIRECTION('center_axis',(0.,0.,1.));
#4312=DIRECTION('ref_axis',(1.,0.,0.));
#4313=DIRECTION('center_axis',(0.,0.,1.));
#4314=DIRECTION('ref_axis',(1.,0.,0.));
#4315=DIRECTION('',(0.,0.,1.));
#4316=DIRECTION('center_axis',(0.,0.,1.));
#4317=DIRECTION('ref_axis',(1.,0.,0.));
#4318=DIRECTION('center_axis',(0.,0.,-1.));
#4319=DIRECTION('ref_axis',(1.,0.,0.));
#4320=DIRECTION('center_axis',(0.,0.,-1.));
#4321=DIRECTION('ref_axis',(1.,0.,0.));
#4322=DIRECTION('center_axis',(0.,0.,-1.));
#4323=DIRECTION('ref_axis',(1.,0.,0.));
#4324=DIRECTION('',(-1.,0.,0.));
#4325=DIRECTION('center_axis',(0.,0.,-1.));
#4326=DIRECTION('ref_axis',(1.,0.,0.));
#4327=DIRECTION('center_axis',(0.,0.,-1.));
#4328=DIRECTION('ref_axis',(1.,0.,0.));
#4329=DIRECTION('center_axis',(0.,0.,1.));
#4330=DIRECTION('ref_axis',(1.,0.,0.));
#4331=DIRECTION('center_axis',(0.,0.,-1.));
#4332=DIRECTION('ref_axis',(1.,0.,0.));
#4333=DIRECTION('',(0.,0.,1.));
#4334=DIRECTION('center_axis',(0.,-1.,0.));
#4335=DIRECTION('ref_axis',(-1.,0.,0.));
#4336=DIRECTION('',(-1.,0.,0.));
#4337=DIRECTION('center_axis',(0.,0.,-1.));
#4338=DIRECTION('ref_axis',(1.,0.,0.));
#4339=DIRECTION('',(0.,0.,-1.));
#4340=DIRECTION('center_axis',(0.,1.,0.));
#4341=DIRECTION('ref_axis',(1.,0.,0.));
#4342=DIRECTION('',(1.,0.,0.));
#4343=DIRECTION('center_axis',(0.,0.,-1.));
#4344=DIRECTION('ref_axis',(1.,0.,0.));
#4345=DIRECTION('axis',(0.,0.,1.));
#4346=DIRECTION('refdir',(1.,0.,0.));
#4347=DIRECTION('center_axis',(0.,0.,1.));
#4348=DIRECTION('ref_axis',(-1.,0.,0.));
#4349=DIRECTION('',(1.,0.,0.));
#4350=DIRECTION('',(0.,-1.,0.));
#4351=DIRECTION('',(-1.,0.,0.));
#4352=DIRECTION('',(0.,-1.,0.));
#4353=DIRECTION('center_axis',(1.,0.,0.));
#4354=DIRECTION('ref_axis',(0.,0.,1.));
#4355=DIRECTION('',(0.,0.,-1.));
#4356=DIRECTION('',(0.,0.,1.));
#4357=DIRECTION('',(0.,-1.,0.));
#4358=DIRECTION('center_axis',(0.,0.,-1.));
#4359=DIRECTION('ref_axis',(1.,0.,0.));
#4360=DIRECTION('',(-1.,0.,0.));
#4361=DIRECTION('',(1.,0.,0.));
#4362=DIRECTION('',(0.,-1.,0.));
#4363=DIRECTION('center_axis',(-1.,0.,0.));
#4364=DIRECTION('ref_axis',(0.,0.,-1.));
#4365=DIRECTION('',(0.,0.,1.));
#4366=DIRECTION('',(0.,0.,-1.));
#4367=DIRECTION('center_axis',(0.,1.,0.));
#4368=DIRECTION('ref_axis',(-1.,0.,0.));
#4369=DIRECTION('center_axis',(0.,-1.,0.));
#4370=DIRECTION('ref_axis',(0.,0.,-1.));
#4371=DIRECTION('',(0.,0.,1.));
#4372=DIRECTION('',(1.,0.,0.));
#4373=DIRECTION('',(0.,0.,1.));
#4374=DIRECTION('',(1.,0.,0.));
#4375=DIRECTION('',(0.,0.,1.));
#4376=DIRECTION('',(1.,0.,0.));
#4377=DIRECTION('',(0.,0.,1.));
#4378=DIRECTION('',(1.,0.,0.));
#4379=DIRECTION('',(0.,0.,1.));
#4380=DIRECTION('',(1.,0.,0.));
#4381=DIRECTION('',(0.,0.,1.));
#4382=DIRECTION('',(1.,0.,0.));
#4383=CARTESIAN_POINT('',(0.,0.,0.));
#4384=CARTESIAN_POINT('',(0.,0.,0.));
#4385=CARTESIAN_POINT('Origin',(18.5,-5.,0.));
#4386=CARTESIAN_POINT('',(19.425,-5.,0.));
#4387=CARTESIAN_POINT('Origin',(18.5,-5.,0.));
#4388=CARTESIAN_POINT('',(19.425,-5.,-19.));
#4389=CARTESIAN_POINT('',(19.425,-5.,0.));
#4390=CARTESIAN_POINT('Origin',(18.5,-5.,-19.));
#4391=CARTESIAN_POINT('Origin',(21.65,-21.,-4.));
#4392=CARTESIAN_POINT('',(21.65,-22.6,-4.));
#4393=CARTESIAN_POINT('Origin',(21.65,-21.,-4.));
#4394=CARTESIAN_POINT('',(15.35,-22.6,-4.));
#4395=CARTESIAN_POINT('',(21.65,-22.6,-4.));
#4396=CARTESIAN_POINT('Origin',(15.35,-21.,-4.));
#4397=CARTESIAN_POINT('Origin',(21.65,-9.,-4.));
#4398=CARTESIAN_POINT('',(21.65,-10.6,-4.));
#4399=CARTESIAN_POINT('Origin',(21.65,-9.,-4.));
#4400=CARTESIAN_POINT('',(15.35,-10.6,-4.));
#4401=CARTESIAN_POINT('',(21.65,-10.6,-4.));
#4402=CARTESIAN_POINT('Origin',(15.35,-9.,-4.));
#4403=CARTESIAN_POINT('Origin',(21.65,0.,-8.));
#4404=CARTESIAN_POINT('',(21.65,0.,6.74075480535533E-33));
#4405=CARTESIAN_POINT('',(21.65,0.,-8.));
#4406=CARTESIAN_POINT('',(21.65,0.,6.74075480535533E-33));
#4407=CARTESIAN_POINT('',(21.65,-24.,6.74075480535533E-33));
#4408=CARTESIAN_POINT('',(21.65,0.,6.74075480535533E-33));
#4409=CARTESIAN_POINT('',(21.65,-24.,-8.));
#4410=CARTESIAN_POINT('',(21.65,-24.,6.74075480535533E-33));
#4411=CARTESIAN_POINT('',(21.65,0.,-8.));
#4412=CARTESIAN_POINT('Origin',(30.0000004470348,0.,-8.));
#4413=CARTESIAN_POINT('',(30.0000004470348,0.,-8.));
#4414=CARTESIAN_POINT('',(21.65,0.,-8.));
#4415=CARTESIAN_POINT('',(30.0000004470348,-24.,-8.));
#4416=CARTESIAN_POINT('',(21.65,-24.,-8.));
#4417=CARTESIAN_POINT('',(30.0000004470348,0.,-8.));
#4418=CARTESIAN_POINT('Origin',(30.0000004470348,0.,-9.));
#4419=CARTESIAN_POINT('',(30.0000004470348,0.,-9.));
#4420=CARTESIAN_POINT('',(30.0000004470348,0.,-8.));
#4421=CARTESIAN_POINT('',(30.0000004470348,-24.,-9.));
#4422=CARTESIAN_POINT('',(30.0000004470348,-24.,-8.));
#4423=CARTESIAN_POINT('',(30.0000004470348,0.,-9.));
#4424=CARTESIAN_POINT('Origin',(21.65,0.,-9.));
#4425=CARTESIAN_POINT('',(21.65,0.,-9.));
#4426=CARTESIAN_POINT('',(30.0000004470348,0.,-9.));
#4427=CARTESIAN_POINT('',(21.65,-24.,-9.));
#4428=CARTESIAN_POINT('',(30.0000004470348,-24.,-9.));
#4429=CARTESIAN_POINT('',(21.65,0.,-9.));
#4430=CARTESIAN_POINT('Origin',(21.65,0.,-10.5));
#4431=CARTESIAN_POINT('',(21.65,0.,-10.5));
#4432=CARTESIAN_POINT('',(21.65,0.,-9.));
#4433=CARTESIAN_POINT('',(21.65,-24.,-10.5));
#4434=CARTESIAN_POINT('',(21.65,-24.,-9.));
#4435=CARTESIAN_POINT('',(21.65,0.,-10.5));
#4436=CARTESIAN_POINT('Origin',(30.0000004470348,0.,-10.5));
#4437=CARTESIAN_POINT('',(30.0000004470348,0.,-10.5));
#4438=CARTESIAN_POINT('',(21.65,0.,-10.5));
#4439=CARTESIAN_POINT('',(30.0000004470348,-24.,-10.5));
#4440=CARTESIAN_POINT('',(21.65,-24.,-10.5));
#4441=CARTESIAN_POINT('',(30.0000004470348,0.,-10.5));
#4442=CARTESIAN_POINT('Origin',(30.0000004470348,0.,-11.5));
#4443=CARTESIAN_POINT('',(30.0000004470348,0.,-11.5));
#4444=CARTESIAN_POINT('',(30.0000004470348,0.,-10.5));
#4445=CARTESIAN_POINT('',(30.0000004470348,-24.,-11.5));
#4446=CARTESIAN_POINT('',(30.0000004470348,-24.,-10.5));
#4447=CARTESIAN_POINT('',(30.0000004470348,0.,-11.5));
#4448=CARTESIAN_POINT('Origin',(21.65,0.,-11.5));
#4449=CARTESIAN_POINT('',(21.65,0.,-11.5));
#4450=CARTESIAN_POINT('',(30.0000004470348,0.,-11.5));
#4451=CARTESIAN_POINT('',(21.65,-24.,-11.5));
#4452=CARTESIAN_POINT('',(30.0000004470348,-24.,-11.5));
#4453=CARTESIAN_POINT('',(21.65,0.,-11.5));
#4454=CARTESIAN_POINT('Origin',(21.65,0.,-13.));
#4455=CARTESIAN_POINT('',(21.65,0.,-13.));
#4456=CARTESIAN_POINT('',(21.65,0.,-9.));
#4457=CARTESIAN_POINT('',(21.65,-24.,-13.));
#4458=CARTESIAN_POINT('',(21.65,-24.,-9.));
#4459=CARTESIAN_POINT('',(21.65,0.,-13.));
#4460=CARTESIAN_POINT('Origin',(30.0000004470348,0.,-13.));
#4461=CARTESIAN_POINT('',(30.0000004470348,0.,-13.));
#4462=CARTESIAN_POINT('',(21.65,0.,-13.));
#4463=CARTESIAN_POINT('',(30.0000004470348,-24.,-13.));
#4464=CARTESIAN_POINT('',(21.65,-24.,-13.));
#4465=CARTESIAN_POINT('',(30.0000004470348,0.,-13.));
#4466=CARTESIAN_POINT('Origin',(30.0000004470348,0.,-14.));
#4467=CARTESIAN_POINT('',(30.0000004470348,0.,-14.));
#4468=CARTESIAN_POINT('',(30.0000004470348,0.,-13.));
#4469=CARTESIAN_POINT('',(30.0000004470348,-24.,-14.));
#4470=CARTESIAN_POINT('',(30.0000004470348,-24.,-13.));
#4471=CARTESIAN_POINT('',(30.0000004470348,0.,-14.));
#4472=CARTESIAN_POINT('Origin',(21.65,0.,-14.));
#4473=CARTESIAN_POINT('',(21.65,0.,-14.));
#4474=CARTESIAN_POINT('',(30.0000004470348,0.,-14.));
#4475=CARTESIAN_POINT('',(21.65,-24.,-14.));
#4476=CARTESIAN_POINT('',(30.0000004470348,-24.,-14.));
#4477=CARTESIAN_POINT('',(21.65,0.,-14.));
#4478=CARTESIAN_POINT('Origin',(21.65,0.,-15.5));
#4479=CARTESIAN_POINT('',(21.65,0.,-15.5));
#4480=CARTESIAN_POINT('',(21.65,0.,-9.));
#4481=CARTESIAN_POINT('',(21.65,-24.,-15.5));
#4482=CARTESIAN_POINT('',(21.65,-24.,-9.));
#4483=CARTESIAN_POINT('',(21.65,0.,-15.5));
#4484=CARTESIAN_POINT('Origin',(30.0000004470348,0.,-15.5));
#4485=CARTESIAN_POINT('',(30.0000004470348,0.,-15.5));
#4486=CARTESIAN_POINT('',(21.65,0.,-15.5));
#4487=CARTESIAN_POINT('',(30.0000004470348,-24.,-15.5));
#4488=CARTESIAN_POINT('',(21.65,-24.,-15.5));
#4489=CARTESIAN_POINT('',(30.0000004470348,0.,-15.5));
#4490=CARTESIAN_POINT('Origin',(30.0000004470348,0.,-16.5));
#4491=CARTESIAN_POINT('',(30.0000004470348,0.,-16.5));
#4492=CARTESIAN_POINT('',(30.0000004470348,0.,-15.5));
#4493=CARTESIAN_POINT('',(30.0000004470348,-24.,-16.5));
#4494=CARTESIAN_POINT('',(30.0000004470348,-24.,-15.5));
#4495=CARTESIAN_POINT('',(30.0000004470348,0.,-16.5));
#4496=CARTESIAN_POINT('Origin',(21.65,0.,-16.5));
#4497=CARTESIAN_POINT('',(21.65,0.,-16.5));
#4498=CARTESIAN_POINT('',(30.0000004470348,0.,-16.5));
#4499=CARTESIAN_POINT('',(21.65,-24.,-16.5));
#4500=CARTESIAN_POINT('',(30.0000004470348,-24.,-16.5));
#4501=CARTESIAN_POINT('',(21.65,0.,-16.5));
#4502=CARTESIAN_POINT('Origin',(21.65,0.,-18.));
#4503=CARTESIAN_POINT('',(21.65,0.,-18.));
#4504=CARTESIAN_POINT('',(21.65,0.,-9.));
#4505=CARTESIAN_POINT('',(21.65,-24.,-18.));
#4506=CARTESIAN_POINT('',(21.65,-24.,-9.));
#4507=CARTESIAN_POINT('',(21.65,0.,-18.));
#4508=CARTESIAN_POINT('Origin',(30.0000004470348,0.,-18.));
#4509=CARTESIAN_POINT('',(30.0000004470348,0.,-18.));
#4510=CARTESIAN_POINT('',(21.65,0.,-18.));
#4511=CARTESIAN_POINT('',(30.0000004470348,-24.,-18.));
#4512=CARTESIAN_POINT('',(21.65,-24.,-18.));
#4513=CARTESIAN_POINT('',(30.0000004470348,0.,-18.));
#4514=CARTESIAN_POINT('Origin',(30.0000004470348,0.,-19.));
#4515=CARTESIAN_POINT('',(30.0000004470348,0.,-19.));
#4516=CARTESIAN_POINT('',(30.0000004470348,0.,-18.));
#4517=CARTESIAN_POINT('',(30.0000004470348,-24.,-19.));
#4518=CARTESIAN_POINT('',(30.0000004470348,-24.,-18.));
#4519=CARTESIAN_POINT('',(30.0000004470348,0.,-19.));
#4520=CARTESIAN_POINT('Origin',(15.35,0.,-19.));
#4521=CARTESIAN_POINT('',(15.35,0.,-19.));
#4522=CARTESIAN_POINT('',(30.0000004470348,0.,-19.));
#4523=CARTESIAN_POINT('',(15.35,-24.,-19.));
#4524=CARTESIAN_POINT('',(30.0000004470348,-24.,-19.));
#4525=CARTESIAN_POINT('',(15.35,0.,-19.));
#4526=CARTESIAN_POINT('Origin',(10.,0.,-23.));
#4527=CARTESIAN_POINT('',(10.,0.,-23.));
#4528=CARTESIAN_POINT('',(10.,0.,-23.));
#4529=CARTESIAN_POINT('',(10.,-24.,-23.));
#4530=CARTESIAN_POINT('',(10.,-24.,-23.));
#4531=CARTESIAN_POINT('',(10.,0.,-23.));
#4532=CARTESIAN_POINT('Origin',(10.,0.,-29.));
#4533=CARTESIAN_POINT('',(10.,0.,-29.));
#4534=CARTESIAN_POINT('',(10.,0.,-29.));
#4535=CARTESIAN_POINT('',(10.,-24.,-29.));
#4536=CARTESIAN_POINT('',(10.,-24.,-29.));
#4537=CARTESIAN_POINT('',(10.,0.,-29.));
#4538=CARTESIAN_POINT('Origin',(0.,0.,-29.));
#4539=CARTESIAN_POINT('',(0.,0.,-29.));
#4540=CARTESIAN_POINT('',(15.35,0.,-29.));
#4541=CARTESIAN_POINT('',(0.,-24.,-29.));
#4542=CARTESIAN_POINT('',(15.35,-24.,-29.));
#4543=CARTESIAN_POINT('',(0.,0.,-29.));
#4544=CARTESIAN_POINT('Origin',(0.,0.,-28.));
#4545=CARTESIAN_POINT('',(0.,0.,-28.));
#4546=CARTESIAN_POINT('',(0.,0.,-29.));
#4547=CARTESIAN_POINT('',(0.,-24.,-28.));
#4548=CARTESIAN_POINT('',(0.,-24.,-29.));
#4549=CARTESIAN_POINT('',(0.,0.,-28.));
#4550=CARTESIAN_POINT('Origin',(8.25,0.,-28.));
#4551=CARTESIAN_POINT('',(8.25,0.,-28.));
#4552=CARTESIAN_POINT('',(0.,0.,-28.));
#4553=CARTESIAN_POINT('',(8.25,-24.,-28.));
#4554=CARTESIAN_POINT('',(0.,-24.,-28.));
#4555=CARTESIAN_POINT('',(8.25,0.,-28.));
#4556=CARTESIAN_POINT('Origin',(8.25,0.,-26.1428571428571));
#4557=CARTESIAN_POINT('',(8.25,0.,-26.1428571428571));
#4558=CARTESIAN_POINT('',(8.25,0.,-29.));
#4559=CARTESIAN_POINT('',(8.25,-24.,-26.1428571428571));
#4560=CARTESIAN_POINT('',(8.25,-24.,-29.));
#4561=CARTESIAN_POINT('',(8.25,0.,-26.1428571428571));
#4562=CARTESIAN_POINT('Origin',(0.,0.,-26.1428571428571));
#4563=CARTESIAN_POINT('',(0.,0.,-26.1428571428571));
#4564=CARTESIAN_POINT('',(15.35,0.,-26.1428571428571));
#4565=CARTESIAN_POINT('',(0.,-24.,-26.1428571428571));
#4566=CARTESIAN_POINT('',(15.35,-24.,-26.1428571428571));
#4567=CARTESIAN_POINT('',(0.,0.,-26.1428571428571));
#4568=CARTESIAN_POINT('Origin',(0.,0.,-25.1428571428571));
#4569=CARTESIAN_POINT('',(0.,0.,-25.1428571428571));
#4570=CARTESIAN_POINT('',(0.,0.,-26.1428571428571));
#4571=CARTESIAN_POINT('',(0.,-24.,-25.1428571428571));
#4572=CARTESIAN_POINT('',(0.,-24.,-26.1428571428571));
#4573=CARTESIAN_POINT('',(0.,0.,-25.1428571428571));
#4574=CARTESIAN_POINT('Origin',(8.25,0.,-25.1428571428571));
#4575=CARTESIAN_POINT('',(8.25,0.,-25.1428571428571));
#4576=CARTESIAN_POINT('',(0.,0.,-25.1428571428571));
#4577=CARTESIAN_POINT('',(8.25,-24.,-25.1428571428571));
#4578=CARTESIAN_POINT('',(0.,-24.,-25.1428571428571));
#4579=CARTESIAN_POINT('',(8.25,0.,-25.1428571428571));
#4580=CARTESIAN_POINT('Origin',(8.25,0.,-23.2857142857143));
#4581=CARTESIAN_POINT('',(8.25,0.,-23.2857142857143));
#4582=CARTESIAN_POINT('',(8.25,0.,-29.));
#4583=CARTESIAN_POINT('',(8.25,-24.,-23.2857142857143));
#4584=CARTESIAN_POINT('',(8.25,-24.,-29.));
#4585=CARTESIAN_POINT('',(8.25,0.,-23.2857142857143));
#4586=CARTESIAN_POINT('Origin',(0.,0.,-23.2857142857143));
#4587=CARTESIAN_POINT('',(0.,0.,-23.2857142857143));
#4588=CARTESIAN_POINT('',(15.35,0.,-23.2857142857143));
#4589=CARTESIAN_POINT('',(0.,-24.,-23.2857142857143));
#4590=CARTESIAN_POINT('',(15.35,-24.,-23.2857142857143));
#4591=CARTESIAN_POINT('',(0.,0.,-23.2857142857143));
#4592=CARTESIAN_POINT('Origin',(0.,0.,-22.2857142857143));
#4593=CARTESIAN_POINT('',(0.,0.,-22.2857142857143));
#4594=CARTESIAN_POINT('',(0.,0.,-23.2857142857143));
#4595=CARTESIAN_POINT('',(0.,-24.,-22.2857142857143));
#4596=CARTESIAN_POINT('',(0.,-24.,-23.2857142857143));
#4597=CARTESIAN_POINT('',(0.,0.,-22.2857142857143));
#4598=CARTESIAN_POINT('Origin',(8.25,0.,-22.2857142857143));
#4599=CARTESIAN_POINT('',(8.25,0.,-22.2857142857143));
#4600=CARTESIAN_POINT('',(0.,0.,-22.2857142857143));
#4601=CARTESIAN_POINT('',(8.25,-24.,-22.2857142857143));
#4602=CARTESIAN_POINT('',(0.,-24.,-22.2857142857143));
#4603=CARTESIAN_POINT('',(8.25,0.,-22.2857142857143));
#4604=CARTESIAN_POINT('Origin',(8.25,0.,-20.4285714285714));
#4605=CARTESIAN_POINT('',(8.25,0.,-20.4285714285714));
#4606=CARTESIAN_POINT('',(8.25,0.,-29.));
#4607=CARTESIAN_POINT('',(8.25,-24.,-20.4285714285714));
#4608=CARTESIAN_POINT('',(8.25,-24.,-29.));
#4609=CARTESIAN_POINT('',(8.25,0.,-20.4285714285714));
#4610=CARTESIAN_POINT('Origin',(0.,0.,-20.4285714285714));
#4611=CARTESIAN_POINT('',(0.,0.,-20.4285714285714));
#4612=CARTESIAN_POINT('',(15.35,0.,-20.4285714285714));
#4613=CARTESIAN_POINT('',(0.,-24.,-20.4285714285714));
#4614=CARTESIAN_POINT('',(15.35,-24.,-20.4285714285714));
#4615=CARTESIAN_POINT('',(0.,0.,-20.4285714285714));
#4616=CARTESIAN_POINT('Origin',(0.,0.,-19.4285714285714));
#4617=CARTESIAN_POINT('',(0.,0.,-19.4285714285714));
#4618=CARTESIAN_POINT('',(0.,0.,-20.4285714285714));
#4619=CARTESIAN_POINT('',(0.,-24.,-19.4285714285714));
#4620=CARTESIAN_POINT('',(0.,-24.,-20.4285714285714));
#4621=CARTESIAN_POINT('',(0.,0.,-19.4285714285714));
#4622=CARTESIAN_POINT('Origin',(10.2311261280402,0.,-19.4285714285714));
#4623=CARTESIAN_POINT('',(10.2311261280402,0.,-19.4285714285714));
#4624=CARTESIAN_POINT('',(0.,0.,-19.4285714285714));
#4625=CARTESIAN_POINT('',(10.2311261280402,-24.,-19.4285714285714));
#4626=CARTESIAN_POINT('',(0.,-24.,-19.4285714285714));
#4627=CARTESIAN_POINT('',(10.2311261280402,0.,-19.4285714285714));
#4628=CARTESIAN_POINT('Origin',(10.2143290199589,0.,-19.4061052965128));
#4629=CARTESIAN_POINT('',(10.2143290199589,0.,-19.4061052965128));
#4630=CARTESIAN_POINT('',(11.8610337616315,0.,-21.6085728884998));
#4631=CARTESIAN_POINT('',(10.2143290199589,-24.,-19.4061052965128));
#4632=CARTESIAN_POINT('',(11.8610337616315,-24.,-21.6085728884998));
#4633=CARTESIAN_POINT('',(10.2143290199589,0.,-19.4061052965128));
#4634=CARTESIAN_POINT('Origin',(12.6682091397591,0.,-17.5714285714286));
#4635=CARTESIAN_POINT('',(12.6682091397591,0.,-17.5714285714286));
#4636=CARTESIAN_POINT('',(6.85221989715767,0.,-21.919831743467));
#4637=CARTESIAN_POINT('',(12.6682091397591,-24.,-17.5714285714286));
#4638=CARTESIAN_POINT('',(6.85221989715767,-24.,-21.919831743467));
#4639=CARTESIAN_POINT('',(12.6682091397591,0.,-17.5714285714286));
#4640=CARTESIAN_POINT('Origin',(0.,0.,-17.5714285714286));
#4641=CARTESIAN_POINT('',(0.,0.,-17.5714285714286));
#4642=CARTESIAN_POINT('',(15.35,0.,-17.5714285714286));
#4643=CARTESIAN_POINT('',(0.,-24.,-17.5714285714286));
#4644=CARTESIAN_POINT('',(15.35,-24.,-17.5714285714286));
#4645=CARTESIAN_POINT('',(0.,0.,-17.5714285714286));
#4646=CARTESIAN_POINT('Origin',(0.,0.,-16.5714285714286));
#4647=CARTESIAN_POINT('',(0.,0.,-16.5714285714286));
#4648=CARTESIAN_POINT('',(0.,0.,-17.5714285714286));
#4649=CARTESIAN_POINT('',(0.,-24.,-16.5714285714286));
#4650=CARTESIAN_POINT('',(0.,-24.,-17.5714285714286));
#4651=CARTESIAN_POINT('',(0.,0.,-16.5714285714286));
#4652=CARTESIAN_POINT('Origin',(14.0057091397591,0.,-16.5714285714286));
#4653=CARTESIAN_POINT('',(14.0057091397591,0.,-16.5714285714286));
#4654=CARTESIAN_POINT('',(0.,0.,-16.5714285714286));
#4655=CARTESIAN_POINT('',(14.0057091397591,-24.,-16.5714285714286));
#4656=CARTESIAN_POINT('',(0.,-24.,-16.5714285714286));
#4657=CARTESIAN_POINT('',(14.0057091397591,0.,-16.5714285714286));
#4658=CARTESIAN_POINT('Origin',(15.35,0.,-15.5663512927438));
#4659=CARTESIAN_POINT('',(15.35,0.,-15.5663512927438));
#4660=CARTESIAN_POINT('',(6.85221989715767,0.,-21.919831743467));
#4661=CARTESIAN_POINT('',(15.35,-24.,-15.5663512927438));
#4662=CARTESIAN_POINT('',(6.85221989715767,-24.,-21.919831743467));
#4663=CARTESIAN_POINT('',(15.35,0.,-15.5663512927438));
#4664=CARTESIAN_POINT('Origin',(15.35,0.,-14.7142857142857));
#4665=CARTESIAN_POINT('',(15.35,0.,-14.7142857142857));
#4666=CARTESIAN_POINT('',(15.35,0.,-16.5714285714286));
#4667=CARTESIAN_POINT('',(15.35,-24.,-14.7142857142857));
#4668=CARTESIAN_POINT('',(15.35,-24.,-16.5714285714286));
#4669=CARTESIAN_POINT('',(15.35,0.,-14.7142857142857));
#4670=CARTESIAN_POINT('Origin',(0.,0.,-14.7142857142857));
#4671=CARTESIAN_POINT('',(0.,0.,-14.7142857142857));
#4672=CARTESIAN_POINT('',(15.35,0.,-14.7142857142857));
#4673=CARTESIAN_POINT('',(0.,-24.,-14.7142857142857));
#4674=CARTESIAN_POINT('',(15.35,-24.,-14.7142857142857));
#4675=CARTESIAN_POINT('',(0.,0.,-14.7142857142857));
#4676=CARTESIAN_POINT('Origin',(0.,0.,-13.7142857142857));
#4677=CARTESIAN_POINT('',(0.,0.,-13.7142857142857));
#4678=CARTESIAN_POINT('',(0.,0.,-14.7142857142857));
#4679=CARTESIAN_POINT('',(0.,-24.,-13.7142857142857));
#4680=CARTESIAN_POINT('',(0.,-24.,-14.7142857142857));
#4681=CARTESIAN_POINT('',(0.,0.,-13.7142857142857));
#4682=CARTESIAN_POINT('Origin',(15.35,0.,-13.7142857142857));
#4683=CARTESIAN_POINT('',(15.35,0.,-13.7142857142857));
#4684=CARTESIAN_POINT('',(0.,0.,-13.7142857142857));
#4685=CARTESIAN_POINT('',(15.35,-24.,-13.7142857142857));
#4686=CARTESIAN_POINT('',(0.,-24.,-13.7142857142857));
#4687=CARTESIAN_POINT('',(15.35,0.,-13.7142857142857));
#4688=CARTESIAN_POINT('Origin',(15.35,0.,-11.8571428571429));
#4689=CARTESIAN_POINT('',(15.35,0.,-11.8571428571429));
#4690=CARTESIAN_POINT('',(15.35,0.,-16.5714285714286));
#4691=CARTESIAN_POINT('',(15.35,-24.,-11.8571428571429));
#4692=CARTESIAN_POINT('',(15.35,-24.,-16.5714285714286));
#4693=CARTESIAN_POINT('',(15.35,0.,-11.8571428571429));
#4694=CARTESIAN_POINT('Origin',(0.,0.,-11.8571428571429));
#4695=CARTESIAN_POINT('',(0.,0.,-11.8571428571429));
#4696=CARTESIAN_POINT('',(15.35,0.,-11.8571428571429));
#4697=CARTESIAN_POINT('',(0.,-24.,-11.8571428571429));
#4698=CARTESIAN_POINT('',(15.35,-24.,-11.8571428571429));
#4699=CARTESIAN_POINT('',(0.,0.,-11.8571428571429));
#4700=CARTESIAN_POINT('Origin',(0.,0.,-10.8571428571429));
#4701=CARTESIAN_POINT('',(0.,0.,-10.8571428571429));
#4702=CARTESIAN_POINT('',(0.,0.,-11.8571428571429));
#4703=CARTESIAN_POINT('',(0.,-24.,-10.8571428571429));
#4704=CARTESIAN_POINT('',(0.,-24.,-11.8571428571429));
#4705=CARTESIAN_POINT('',(0.,0.,-10.8571428571429));
#4706=CARTESIAN_POINT('Origin',(15.35,0.,-10.8571428571429));
#4707=CARTESIAN_POINT('',(15.35,0.,-10.8571428571429));
#4708=CARTESIAN_POINT('',(0.,0.,-10.8571428571429));
#4709=CARTESIAN_POINT('',(15.35,-24.,-10.8571428571429));
#4710=CARTESIAN_POINT('',(0.,-24.,-10.8571428571429));
#4711=CARTESIAN_POINT('',(15.35,0.,-10.8571428571429));
#4712=CARTESIAN_POINT('Origin',(15.35,0.,-9.));
#4713=CARTESIAN_POINT('',(15.35,0.,-9.));
#4714=CARTESIAN_POINT('',(15.35,0.,-16.5714285714286));
#4715=CARTESIAN_POINT('',(15.35,-24.,-9.));
#4716=CARTESIAN_POINT('',(15.35,-24.,-16.5714285714286));
#4717=CARTESIAN_POINT('',(15.35,0.,-9.));
#4718=CARTESIAN_POINT('Origin',(0.,0.,-9.));
#4719=CARTESIAN_POINT('',(0.,0.,-9.));
#4720=CARTESIAN_POINT('',(15.35,0.,-9.));
#4721=CARTESIAN_POINT('',(0.,-24.,-9.));
#4722=CARTESIAN_POINT('',(15.35,-24.,-9.));
#4723=CARTESIAN_POINT('',(0.,0.,-9.));
#4724=CARTESIAN_POINT('Origin',(0.,0.,-8.));
#4725=CARTESIAN_POINT('',(0.,0.,-8.));
#4726=CARTESIAN_POINT('',(0.,0.,-9.));
#4727=CARTESIAN_POINT('',(0.,-24.,-8.));
#4728=CARTESIAN_POINT('',(0.,-24.,-9.));
#4729=CARTESIAN_POINT('',(0.,0.,-8.));
#4730=CARTESIAN_POINT('Origin',(15.35,0.,-8.));
#4731=CARTESIAN_POINT('',(15.35,0.,-8.));
#4732=CARTESIAN_POINT('',(0.,0.,-8.));
#4733=CARTESIAN_POINT('',(15.35,-24.,-8.));
#4734=CARTESIAN_POINT('',(0.,-24.,-8.));
#4735=CARTESIAN_POINT('',(15.35,0.,-8.));
#4736=CARTESIAN_POINT('Origin',(15.35,0.,0.));
#4737=CARTESIAN_POINT('',(15.35,0.,0.));
#4738=CARTESIAN_POINT('',(15.35,0.,0.));
#4739=CARTESIAN_POINT('',(15.35,-24.,0.));
#4740=CARTESIAN_POINT('',(15.35,-24.,0.));
#4741=CARTESIAN_POINT('',(15.35,0.,0.));
#4742=CARTESIAN_POINT('Origin',(21.65,0.,0.));
#4743=CARTESIAN_POINT('',(0.,0.,0.));
#4744=CARTESIAN_POINT('',(0.,-24.,0.));
#4745=CARTESIAN_POINT('Origin',(15.0000002235174,0.,-14.5));
#4746=CARTESIAN_POINT('Origin',(15.0000002235174,-24.,-14.5));
#4747=CARTESIAN_POINT('',(0.,0.,0.));
#4748=CARTESIAN_POINT('Origin',(18.5,-5.,-19.));
#4749=CARTESIAN_POINT('',(17.575,-5.,-19.));
#4750=CARTESIAN_POINT('Origin',(18.5,-5.,-19.));
#4751=CARTESIAN_POINT('',(17.575,-5.,-21.));
#4752=CARTESIAN_POINT('',(17.575,-5.,-19.));
#4753=CARTESIAN_POINT('Origin',(18.5,-5.,-21.));
#4754=CARTESIAN_POINT('Origin',(18.5,-5.,-19.));
#4755=CARTESIAN_POINT('',(17.125,-5.,-21.));
#4756=CARTESIAN_POINT('Origin',(18.5,-5.,-21.));
#4757=CARTESIAN_POINT('',(17.125,-5.,-19.));
#4758=CARTESIAN_POINT('',(17.125,-5.,-19.));
#4759=CARTESIAN_POINT('Origin',(18.5,-5.,-19.));
#4760=CARTESIAN_POINT('Origin',(18.5,-5.,-21.));
#4761=CARTESIAN_POINT('Origin',(18.5,-5.,-19.));
#4762=CARTESIAN_POINT('',(0.,0.,0.));
#4763=CARTESIAN_POINT('Origin',(18.5,-5.,-49.5));
#4764=CARTESIAN_POINT('',(17.25,-5.,-49.5));
#4765=CARTESIAN_POINT('Origin',(18.5,-5.,-49.5));
#4766=CARTESIAN_POINT('',(17.25,-5.,-29.5));
#4767=CARTESIAN_POINT('',(17.25,-5.,-49.5));
#4768=CARTESIAN_POINT('Origin',(18.5,-5.,-29.5));
#4769=CARTESIAN_POINT('Origin',(18.5,-5.,-49.5));
#4770=CARTESIAN_POINT('',(15.558,-5.,-29.5));
#4771=CARTESIAN_POINT('Origin',(18.5,-5.,-29.5));
#4772=CARTESIAN_POINT('',(15.558,-5.,-49.5));
#4773=CARTESIAN_POINT('',(15.558,-5.,-49.5));
#4774=CARTESIAN_POINT('Origin',(18.5,-5.,-49.5));
#4775=CARTESIAN_POINT('Origin',(18.5,-5.,-29.5));
#4776=CARTESIAN_POINT('Origin',(18.5,-5.,-49.5));
#4777=CARTESIAN_POINT('',(16.7631623783086,-7.99723123496958,-49.5));
#4778=CARTESIAN_POINT('',(20.2272595796542,-8.00276112011811,-49.5));
#4779=CARTESIAN_POINT('',(17.629186678645,-7.99861370625671,-49.5));
#4780=CARTESIAN_POINT('',(21.9640972013456,-5.00552988514853,-49.5));
#4781=CARTESIAN_POINT('',(20.661468985077,-7.25345331137572,-49.5));
#4782=CARTESIAN_POINT('',(20.2368376216914,-2.00276876503042,-49.5));
#4783=CARTESIAN_POINT('',(21.532282306432,-4.254839605119,-49.5));
#4784=CARTESIAN_POINT('',(16.7727404203458,-1.99723887988189,-49.5));
#4785=CARTESIAN_POINT('',(19.370813321355,-2.00138629374329,-49.5));
#4786=CARTESIAN_POINT('',(15.0359027986544,-4.99447011485147,-49.5));
#4787=CARTESIAN_POINT('',(16.338531014923,-2.74654668862429,-49.5));
#4788=CARTESIAN_POINT('',(15.467717693568,-5.745160394881,-49.5));
#4789=CARTESIAN_POINT('Origin',(16.7631623783086,-7.99723123496958,-49.5));
#4790=CARTESIAN_POINT('',(16.7631623783086,-7.99723123496958,-52.2358983848623));
#4791=CARTESIAN_POINT('',(16.7631623783086,-7.99723123496958,-49.5));
#4792=CARTESIAN_POINT('',(20.2272595796542,-8.00276112011811,-52.2358983848623));
#4793=CARTESIAN_POINT('Ctrl Pts',(20.2272595796542,-8.00276112011811,-52.2358983848623));
#4794=CARTESIAN_POINT('Ctrl Pts',(18.4952109789764,-7.99999617754384,-53.1019237886426));
#4795=CARTESIAN_POINT('Ctrl Pts',(16.7631623783086,-7.99723123496958,-52.2358983848622));
#4796=CARTESIAN_POINT('',(20.2272595796542,-8.00276112011811,-49.5));
#4797=CARTESIAN_POINT('Origin',(15.0359027986544,-4.99447011485147,-49.5));
#4798=CARTESIAN_POINT('',(15.0359027986544,-4.99447011485147,-52.2358983848623));
#4799=CARTESIAN_POINT('',(15.0359027986544,-4.99447011485147,-49.5));
#4800=CARTESIAN_POINT('',(15.0390837200515,-5.,-52.2390837200515));
#4801=CARTESIAN_POINT('Ctrl Pts',(15.0359027986553,-4.99447011485304,-52.2358983848631));
#4802=CARTESIAN_POINT('Ctrl Pts',(15.0374939909256,-4.99723632923101,-52.2374939909256));
#4803=CARTESIAN_POINT('Ctrl Pts',(15.0390837200515,-5.,-52.2390837200515));
#4804=CARTESIAN_POINT('Ctrl Pts',(15.0390837200515,-5.,-52.2390837200515));
#4805=CARTESIAN_POINT('Ctrl Pts',(15.9007265326289,-6.49792629174763,-53.100726532629));
#4806=CARTESIAN_POINT('Ctrl Pts',(16.7631623783077,-7.99723123496806,-52.2358983848631));
#4807=CARTESIAN_POINT('Origin',(16.7727404203458,-1.99723887988189,-49.5));
#4808=CARTESIAN_POINT('',(16.7727404203458,-1.99723887988189,-52.2358983848623));
#4809=CARTESIAN_POINT('',(16.7727404203458,-1.99723887988189,-49.5));
#4810=CARTESIAN_POINT('Ctrl Pts',(15.0359027986544,-4.99447011485147,-52.2358983848623));
#4811=CARTESIAN_POINT('Ctrl Pts',(15.9043216095026,-3.49585449736243,-53.1019237886425));
#4812=CARTESIAN_POINT('Ctrl Pts',(16.7727404203458,-1.99723887988189,-52.2358983848623));
#4813=CARTESIAN_POINT('Origin',(20.2368376216914,-2.00276876503042,-49.5));
#4814=CARTESIAN_POINT('',(20.2368376216914,-2.00276876503042,-52.2358983848623));
#4815=CARTESIAN_POINT('',(20.2368376216914,-2.00276876503042,-49.5));
#4816=CARTESIAN_POINT('Ctrl Pts',(16.7727404203458,-1.99723887988189,-52.2358983848623));
#4817=CARTESIAN_POINT('Ctrl Pts',(18.5047890210235,-2.00000382245616,-53.1019237886426));
#4818=CARTESIAN_POINT('Ctrl Pts',(20.2368376216914,-2.00276876503042,-52.2358983848623));
#4819=CARTESIAN_POINT('Origin',(21.9640972013456,-5.00552988514853,-49.5));
#4820=CARTESIAN_POINT('',(21.9640972013456,-5.00552988514853,-52.2358983848623));
#4821=CARTESIAN_POINT('',(21.9640972013456,-5.00552988514853,-49.5));
#4822=CARTESIAN_POINT('Ctrl Pts',(20.2368376216914,-2.00276876503042,-52.2358983848623));
#4823=CARTESIAN_POINT('Ctrl Pts',(21.100467411521,-3.50414932509373,-53.1019237886426));
#4824=CARTESIAN_POINT('Ctrl Pts',(21.9640972013456,-5.00552988514853,-52.2358983848623));
#4825=CARTESIAN_POINT('Origin',(20.2272595796542,-8.00276112011811,-49.5));
#4826=CARTESIAN_POINT('Ctrl Pts',(21.9640972013456,-5.00552988514853,-52.2358983848623));
#4827=CARTESIAN_POINT('Ctrl Pts',(21.0956783904974,-6.50414550263757,-53.1019237886426));
#4828=CARTESIAN_POINT('Ctrl Pts',(20.2272595796542,-8.00276112011811,-52.2358983848622));
#4829=CARTESIAN_POINT('Origin',(18.5,-5.,-52.4));
#4830=CARTESIAN_POINT('',(15.6,-5.,-52.8));
#4831=CARTESIAN_POINT('',(15.2,-5.,-52.4));
#4832=CARTESIAN_POINT('Origin',(18.5,-5.,-52.8));
#4833=CARTESIAN_POINT('Origin',(18.5,-5.,-49.5));
#4834=CARTESIAN_POINT('',(15.6,-5.,-54.));
#4835=CARTESIAN_POINT('Origin',(18.5,-5.,-54.));
#4836=CARTESIAN_POINT('',(15.6,-5.,-49.5));
#4837=CARTESIAN_POINT('Origin',(18.5,-5.,-54.75));
#4838=CARTESIAN_POINT('',(17.1,-5.,-55.5));
#4839=CARTESIAN_POINT('',(16.35,-5.,-54.75));
#4840=CARTESIAN_POINT('Origin',(18.5,-5.,-55.5));
#4841=CARTESIAN_POINT('Origin',(18.5,-5.,-55.5));
#4842=CARTESIAN_POINT('',(17.25,-5.,-55.5));
#4843=CARTESIAN_POINT('Origin',(18.5,-5.,-55.5));
#4844=CARTESIAN_POINT('Origin',(18.5,-5.,-56.));
#4845=CARTESIAN_POINT('',(18.25,-5.,-56.5));
#4846=CARTESIAN_POINT('',(17.75,-5.,-56.));
#4847=CARTESIAN_POINT('Origin',(18.5,-5.,-56.5));
#4848=CARTESIAN_POINT('Origin',(18.5,-5.,-56.5));
#4849=CARTESIAN_POINT('',(18.3,-5.,-56.5));
#4850=CARTESIAN_POINT('Origin',(18.5,-5.,-56.5));
#4851=CARTESIAN_POINT('Origin',(18.5,-5.,-55.5));
#4852=CARTESIAN_POINT('',(17.575,-5.,-55.5));
#4853=CARTESIAN_POINT('Origin',(18.5,-5.,-55.5));
#4854=CARTESIAN_POINT('',(18.3,-5.,-55.5));
#4855=CARTESIAN_POINT('Origin',(18.5,-5.,-55.5));
#4856=CARTESIAN_POINT('Origin',(18.5,-5.,-49.5));
#4857=CARTESIAN_POINT('',(18.3,-5.,-49.5));
#4858=CARTESIAN_POINT('Origin',(18.5,-5.,-49.5));
#4859=CARTESIAN_POINT('',(17.575,-5.,-49.5));
#4860=CARTESIAN_POINT('Origin',(18.5,-5.,-49.5));
#4861=CARTESIAN_POINT('',(17.575,-5.,-49.5));
#4862=CARTESIAN_POINT('Origin',(18.5,-5.,-49.5));
#4863=CARTESIAN_POINT('',(0.,0.,0.));
#4864=CARTESIAN_POINT('Origin',(18.5,-13.125,-25.2573593128807));
#4865=CARTESIAN_POINT('',(16.3786796564404,-12.75,-27.3786796564404));
#4866=CARTESIAN_POINT('',(20.6213203435596,-12.75,-27.3786796564404));
#4867=CARTESIAN_POINT('Origin',(18.5,-12.75,-25.2573593128807));
#4868=CARTESIAN_POINT('',(16.3786796564404,-14.25,-27.3786796564404));
#4869=CARTESIAN_POINT('',(16.3786796564404,-13.125,-27.3786796564404));
#4870=CARTESIAN_POINT('',(20.6213203435596,-14.25,-27.3786796564404));
#4871=CARTESIAN_POINT('Origin',(18.5,-14.25,-25.2573593128807));
#4872=CARTESIAN_POINT('',(20.6213203435596,-13.125,-27.3786796564404));
#4873=CARTESIAN_POINT('Origin',(20.75,-13.125,-27.25));
#4874=CARTESIAN_POINT('',(21.3713203435596,-14.25,-26.6286796564404));
#4875=CARTESIAN_POINT('',(17.6875,-14.25,-30.3125));
#4876=CARTESIAN_POINT('',(21.3713203435596,-12.75,-26.6286796564403));
#4877=CARTESIAN_POINT('',(21.3713203435596,-12.9375,-26.6286796564403));
#4878=CARTESIAN_POINT('',(14.96875,-12.75,-33.03125));
#4879=CARTESIAN_POINT('Origin',(17.75,-11.4375,-24.5073593128807));
#4880=CARTESIAN_POINT('',(14.75,-10.75,-24.5073593128807));
#4881=CARTESIAN_POINT('',(14.7598285171325,-10.75,-24.75));
#4882=CARTESIAN_POINT('Origin',(17.75,-10.75,-24.5073593128807));
#4883=CARTESIAN_POINT('',(14.75,-14.25,-24.5073593128807));
#4884=CARTESIAN_POINT('',(14.75,-11.4375,-24.5073593128807));
#4885=CARTESIAN_POINT('',(15.6286796564404,-14.25,-26.6286796564404));
#4886=CARTESIAN_POINT('Origin',(17.75,-14.25,-24.5073593128807));
#4887=CARTESIAN_POINT('',(15.6286796564404,-12.75,-26.6286796564403));
#4888=CARTESIAN_POINT('',(15.6286796564404,-11.4375,-26.6286796564403));
#4889=CARTESIAN_POINT('',(14.7598285171325,-12.75,-24.75));
#4890=CARTESIAN_POINT('Origin',(17.75,-12.75,-24.5073593128807));
#4891=CARTESIAN_POINT('',(14.7598285171325,-11.4375,-24.75));
#4892=CARTESIAN_POINT('Origin',(17.25,-10.75,-23.75));
#4893=CARTESIAN_POINT('',(17.25,-10.75,-24.75));
#4894=CARTESIAN_POINT('',(22.25,-10.75,-24.75));
#4895=CARTESIAN_POINT('',(17.25,-10.75,-23.75));
#4896=CARTESIAN_POINT('',(17.25,-10.75,-23.75));
#4897=CARTESIAN_POINT('',(14.75,-10.75,-23.75));
#4898=CARTESIAN_POINT('',(22.25,-10.75,-23.75));
#4899=CARTESIAN_POINT('',(14.75,-10.75,-23.75));
#4900=CARTESIAN_POINT('Origin',(19.25,-12.9375,-24.5073593128807));
#4901=CARTESIAN_POINT('',(22.2401714828675,-12.75,-24.75));
#4902=CARTESIAN_POINT('Origin',(19.25,-12.75,-24.5073593128807));
#4903=CARTESIAN_POINT('',(22.25,-14.25,-24.5073593128807));
#4904=CARTESIAN_POINT('Origin',(19.25,-14.25,-24.5073593128807));
#4905=CARTESIAN_POINT('',(22.25,-10.75,-24.5073593128807));
#4906=CARTESIAN_POINT('',(22.25,-12.9375,-24.5073593128807));
#4907=CARTESIAN_POINT('',(22.2401714828675,-10.75,-24.75));
#4908=CARTESIAN_POINT('Origin',(19.25,-10.75,-24.5073593128807));
#4909=CARTESIAN_POINT('',(22.2401714828675,-12.9375,-24.75));
#4910=CARTESIAN_POINT('Origin',(22.25,-10.75,-23.75));
#4911=CARTESIAN_POINT('',(22.25,-10.75,-23.75));
#4912=CARTESIAN_POINT('',(22.25,-10.75,-23.75));
#4913=CARTESIAN_POINT('',(19.75,-10.75,-23.75));
#4914=CARTESIAN_POINT('',(22.25,-10.75,-23.75));
#4915=CARTESIAN_POINT('',(19.75,-10.75,-24.75));
#4916=CARTESIAN_POINT('',(19.75,-10.75,-23.75));
#4917=CARTESIAN_POINT('',(22.25,-10.75,-24.75));
#4918=CARTESIAN_POINT('Origin',(22.25,-12.75,-23.75));
#4919=CARTESIAN_POINT('',(22.25,-14.25,-23.75));
#4920=CARTESIAN_POINT('',(22.25,-14.25,-33.625));
#4921=CARTESIAN_POINT('',(22.25,-9.625,-23.75));
#4922=CARTESIAN_POINT('Origin',(16.25,-12.125,-27.25));
#4923=CARTESIAN_POINT('',(19.71875,-12.75,-30.71875));
#4924=CARTESIAN_POINT('',(22.4375,-14.25,-33.4375));
#4925=CARTESIAN_POINT('Origin',(24.75,-14.25,-43.5));
#4926=CARTESIAN_POINT('',(14.75,-14.25,-23.75));
#4927=CARTESIAN_POINT('',(14.75,-14.25,-33.625));
#4928=CARTESIAN_POINT('',(12.25,-14.25,-23.75));
#4929=CARTESIAN_POINT('',(24.75,-14.25,-23.75));
#4930=CARTESIAN_POINT('',(12.25,-14.25,-51.25));
#4931=CARTESIAN_POINT('',(12.25,-14.25,-43.5));
#4932=CARTESIAN_POINT('',(24.75,-14.25,-51.25));
#4933=CARTESIAN_POINT('',(24.75,-14.25,-51.25));
#4934=CARTESIAN_POINT('',(24.75,-14.25,-23.75));
#4935=CARTESIAN_POINT('',(24.75,-14.25,-43.5));
#4936=CARTESIAN_POINT('',(24.75,-14.25,-23.75));
#4937=CARTESIAN_POINT('Origin',(14.75,-10.75,-23.75));
#4938=CARTESIAN_POINT('',(14.75,-10.75,-23.75));
#4939=CARTESIAN_POINT('Origin',(17.25,-8.53553390593274,-23.75));
#4940=CARTESIAN_POINT('',(17.25,-8.53553390593274,-23.75));
#4941=CARTESIAN_POINT('',(17.25,-8.07252731395867,-23.75));
#4942=CARTESIAN_POINT('',(17.25,-8.53553390593274,-24.75));
#4943=CARTESIAN_POINT('',(17.25,-8.07252731395867,-24.75));
#4944=CARTESIAN_POINT('',(17.25,-8.53553390593274,-23.75));
#4945=CARTESIAN_POINT('Origin',(18.5,-5.,-23.75));
#4946=CARTESIAN_POINT('',(19.75,-8.53553390593274,-23.75));
#4947=CARTESIAN_POINT('Origin',(18.5,-5.,-23.75));
#4948=CARTESIAN_POINT('',(19.75,-8.53553390593274,-24.75));
#4949=CARTESIAN_POINT('Origin',(18.5,-5.,-24.75));
#4950=CARTESIAN_POINT('',(19.75,-8.53553390593274,-23.75));
#4951=CARTESIAN_POINT('Origin',(19.75,-10.75,-23.75));
#4952=CARTESIAN_POINT('',(19.75,-13.4274726860413,-23.75));
#4953=CARTESIAN_POINT('',(19.75,-13.4274726860413,-24.75));
#4954=CARTESIAN_POINT('Origin',(18.5,-6.5,-24.75));
#4955=CARTESIAN_POINT('',(23.125,-11.,-24.75));
#4956=CARTESIAN_POINT('',(23.125,-9.,-24.75));
#4957=CARTESIAN_POINT('Origin',(23.125,-10.,-24.75));
#4958=CARTESIAN_POINT('',(23.125,-12.75,-24.75));
#4959=CARTESIAN_POINT('',(23.125,-9.625,-24.75));
#4960=CARTESIAN_POINT('',(16.1875,-12.75,-24.75));
#4961=CARTESIAN_POINT('',(13.875,-12.75,-24.75));
#4962=CARTESIAN_POINT('',(16.1875,-12.75,-24.75));
#4963=CARTESIAN_POINT('',(13.875,-11.,-24.75));
#4964=CARTESIAN_POINT('',(13.875,-8.75,-24.75));
#4965=CARTESIAN_POINT('',(13.875,-9.,-24.75));
#4966=CARTESIAN_POINT('Origin',(13.875,-10.,-24.75));
#4967=CARTESIAN_POINT('',(13.875,-0.249999999999999,-24.75));
#4968=CARTESIAN_POINT('',(13.875,-3.375,-24.75));
#4969=CARTESIAN_POINT('',(23.125,-0.250000000000001,-24.75));
#4970=CARTESIAN_POINT('',(20.8125,-0.250000000000002,-24.75));
#4971=CARTESIAN_POINT('',(23.125,-7.75,-24.75));
#4972=CARTESIAN_POINT('Origin',(18.5,-5.,-51.25));
#4973=CARTESIAN_POINT('',(13.5,-5.,-52.25));
#4974=CARTESIAN_POINT('Origin',(18.5,-5.,-52.25));
#4975=CARTESIAN_POINT('',(13.5,-5.,-51.25));
#4976=CARTESIAN_POINT('',(13.5,-5.,-51.25));
#4977=CARTESIAN_POINT('Origin',(18.5,-5.,-51.25));
#4978=CARTESIAN_POINT('Origin',(18.5,-5.,-52.25));
#4979=CARTESIAN_POINT('',(15.,-5.,-52.25));
#4980=CARTESIAN_POINT('Origin',(18.5,-5.,-52.25));
#4981=CARTESIAN_POINT('Origin',(18.5,-6.5,-50.25));
#4982=CARTESIAN_POINT('',(23.125,-0.250000000000001,-50.25));
#4983=CARTESIAN_POINT('',(23.125,-9.,-50.25));
#4984=CARTESIAN_POINT('',(23.125,-7.75,-50.25));
#4985=CARTESIAN_POINT('',(13.875,-0.249999999999999,-50.25));
#4986=CARTESIAN_POINT('',(20.8125,-0.250000000000002,-50.25));
#4987=CARTESIAN_POINT('',(13.875,-9.,-50.25));
#4988=CARTESIAN_POINT('',(13.875,-3.375,-50.25));
#4989=CARTESIAN_POINT('',(13.875,-11.,-50.25));
#4990=CARTESIAN_POINT('Origin',(13.875,-10.,-50.25));
#4991=CARTESIAN_POINT('',(13.875,-12.75,-50.25));
#4992=CARTESIAN_POINT('',(13.875,-8.75,-50.25));
#4993=CARTESIAN_POINT('',(23.125,-12.75,-50.25));
#4994=CARTESIAN_POINT('',(16.1875,-12.75,-50.25));
#4995=CARTESIAN_POINT('',(23.125,-11.,-50.25));
#4996=CARTESIAN_POINT('',(23.125,-9.625,-50.25));
#4997=CARTESIAN_POINT('Origin',(23.125,-10.,-50.25));
#4998=CARTESIAN_POINT('',(15.,-5.,-50.25));
#4999=CARTESIAN_POINT('Origin',(18.5,-5.,-50.25));
#5000=CARTESIAN_POINT('Origin',(18.5,-5.,-51.25));
#5001=CARTESIAN_POINT('',(15.,-5.,-51.25));
#5002=CARTESIAN_POINT('Origin',(13.875,-12.75,-43.5));
#5003=CARTESIAN_POINT('',(13.875,-12.75,-43.5));
#5004=CARTESIAN_POINT('',(13.875,-12.75,-43.5));
#5005=CARTESIAN_POINT('',(23.125,-12.75,-43.5));
#5006=CARTESIAN_POINT('',(16.1875,-12.75,-43.5));
#5007=CARTESIAN_POINT('',(23.125,-12.75,-43.5));
#5008=CARTESIAN_POINT('Origin',(13.875,-11.,-43.5));
#5009=CARTESIAN_POINT('',(13.875,-11.,-43.5));
#5010=CARTESIAN_POINT('',(13.875,-11.,-43.5));
#5011=CARTESIAN_POINT('',(13.875,-8.75,-43.5));
#5012=CARTESIAN_POINT('Origin',(13.875,-10.,-43.5));
#5013=CARTESIAN_POINT('',(13.875,-9.,-43.5));
#5014=CARTESIAN_POINT('',(13.875,-9.,-43.5));
#5015=CARTESIAN_POINT('Origin',(13.875,-10.,-43.5));
#5016=CARTESIAN_POINT('Origin',(18.5,-6.5,-51.25));
#5017=CARTESIAN_POINT('',(24.75,1.25,-51.25));
#5018=CARTESIAN_POINT('',(24.75,1.25,-51.25));
#5019=CARTESIAN_POINT('',(12.25,1.25,-51.25));
#5020=CARTESIAN_POINT('',(12.25,-14.25,-51.25));
#5021=CARTESIAN_POINT('',(12.25,1.25,-51.25));
#5022=CARTESIAN_POINT('Origin',(13.875,-0.249999999999999,-43.5));
#5023=CARTESIAN_POINT('',(13.875,-0.249999999999999,-43.5));
#5024=CARTESIAN_POINT('',(13.875,-0.249999999999999,-43.5));
#5025=CARTESIAN_POINT('',(13.875,-3.375,-43.5));
#5026=CARTESIAN_POINT('Origin',(23.125,-0.250000000000004,-43.5));
#5027=CARTESIAN_POINT('',(13.875,-0.249999999999999,-33.5));
#5028=CARTESIAN_POINT('',(13.875,-0.249999999999999,-43.5));
#5029=CARTESIAN_POINT('',(18.25,-0.250000000000001,-33.5));
#5030=CARTESIAN_POINT('',(13.875,-0.25,-33.5));
#5031=CARTESIAN_POINT('',(18.25,-0.250000000000001,-43.5));
#5032=CARTESIAN_POINT('',(18.25,-0.25,-49.5));
#5033=CARTESIAN_POINT('',(18.375,-0.25,-43.5));
#5034=CARTESIAN_POINT('',(23.125,-0.250000000000001,-43.5));
#5035=CARTESIAN_POINT('',(23.125,-0.250000000000001,-43.5));
#5036=CARTESIAN_POINT('',(18.75,-0.250000000000001,-43.5));
#5037=CARTESIAN_POINT('',(20.8125,-0.25,-43.5));
#5038=CARTESIAN_POINT('',(18.75,-0.250000000000001,-33.5));
#5039=CARTESIAN_POINT('',(18.75,-0.25,-49.5));
#5040=CARTESIAN_POINT('',(23.125,-0.250000000000001,-33.5));
#5041=CARTESIAN_POINT('',(13.875,-0.25,-33.5));
#5042=CARTESIAN_POINT('',(23.125,-0.250000000000001,-43.5));
#5043=CARTESIAN_POINT('Origin',(23.125,-12.75,-43.5));
#5044=CARTESIAN_POINT('',(23.125,-11.,-43.5));
#5045=CARTESIAN_POINT('',(23.125,-9.625,-43.5));
#5046=CARTESIAN_POINT('',(23.125,-11.,-43.5));
#5047=CARTESIAN_POINT('Origin',(23.125,-10.,-43.5));
#5048=CARTESIAN_POINT('',(23.125,-9.,-43.5));
#5049=CARTESIAN_POINT('Origin',(23.125,-10.,-43.5));
#5050=CARTESIAN_POINT('',(23.125,-9.,-43.5));
#5051=CARTESIAN_POINT('Origin',(23.125,-9.,-43.5));
#5052=CARTESIAN_POINT('',(23.125,-7.75,-43.5));
#5053=CARTESIAN_POINT('Origin',(23.125,-9.,-43.5));
#5054=CARTESIAN_POINT('',(23.125,-9.,-33.5));
#5055=CARTESIAN_POINT('',(23.125,-0.25,-33.5));
#5056=CARTESIAN_POINT('',(23.125,-9.,-43.5));
#5057=CARTESIAN_POINT('Origin',(18.5,-6.5,-23.75));
#5058=CARTESIAN_POINT('',(24.75,1.25,-23.75));
#5059=CARTESIAN_POINT('',(24.75,1.25,-23.75));
#5060=CARTESIAN_POINT('',(12.25,1.25,-23.75));
#5061=CARTESIAN_POINT('',(12.25,1.25,-23.75));
#5062=CARTESIAN_POINT('',(12.25,-14.25,-23.75));
#5063=CARTESIAN_POINT('Origin',(23.125,-10.,-43.5));
#5064=CARTESIAN_POINT('',(23.125,-11.,-33.5));
#5065=CARTESIAN_POINT('Origin',(23.125,-10.,-33.5));
#5066=CARTESIAN_POINT('',(23.125,-11.,-43.5));
#5067=CARTESIAN_POINT('Origin',(23.125,-12.75,-43.5));
#5068=CARTESIAN_POINT('',(23.125,-12.75,-33.5));
#5069=CARTESIAN_POINT('',(23.125,-0.25,-33.5));
#5070=CARTESIAN_POINT('',(23.125,-12.75,-43.5));
#5071=CARTESIAN_POINT('Origin',(13.875,-12.75,-43.5));
#5072=CARTESIAN_POINT('',(13.875,-12.75,-33.5));
#5073=CARTESIAN_POINT('',(23.125,-12.75,-33.5));
#5074=CARTESIAN_POINT('',(13.875,-12.75,-43.5));
#5075=CARTESIAN_POINT('Origin',(13.875,-11.,-43.5));
#5076=CARTESIAN_POINT('',(13.875,-11.,-33.5));
#5077=CARTESIAN_POINT('',(13.875,-12.75,-33.5));
#5078=CARTESIAN_POINT('',(13.875,-11.,-43.5));
#5079=CARTESIAN_POINT('Origin',(13.875,-10.,-43.5));
#5080=CARTESIAN_POINT('',(13.875,-9.,-33.5));
#5081=CARTESIAN_POINT('Origin',(13.875,-10.,-33.5));
#5082=CARTESIAN_POINT('',(13.875,-9.,-43.5));
#5083=CARTESIAN_POINT('Origin',(13.875,-0.249999999999999,-43.5));
#5084=CARTESIAN_POINT('',(13.875,-12.75,-33.5));
#5085=CARTESIAN_POINT('Origin',(12.25,1.25,-43.5));
#5086=CARTESIAN_POINT('',(24.75,1.25,-43.5));
#5087=CARTESIAN_POINT('',(12.25,1.25,-43.5));
#5088=CARTESIAN_POINT('Origin',(12.25,-14.25,-43.5));
#5089=CARTESIAN_POINT('Origin',(24.75,1.25,-43.5));
#5090=CARTESIAN_POINT('Origin',(18.5,-6.5,-43.5));
#5091=CARTESIAN_POINT('',(14.375,-10.5,-43.5));
#5092=CARTESIAN_POINT('',(13.875,-10.5,-43.5));
#5093=CARTESIAN_POINT('',(16.4375,-10.5,-43.5));
#5094=CARTESIAN_POINT('',(14.375,-12.25,-43.5));
#5095=CARTESIAN_POINT('',(14.375,-9.375,-43.5));
#5096=CARTESIAN_POINT('',(22.625,-12.25,-43.5));
#5097=CARTESIAN_POINT('',(20.5625,-12.25,-43.5));
#5098=CARTESIAN_POINT('',(22.625,-10.5,-43.5));
#5099=CARTESIAN_POINT('',(22.625,-8.5,-43.5));
#5100=CARTESIAN_POINT('',(23.125,-10.5,-43.5));
#5101=CARTESIAN_POINT('',(20.8125,-10.5,-43.5));
#5102=CARTESIAN_POINT('',(23.125,-9.5,-43.5));
#5103=CARTESIAN_POINT('Origin',(23.125,-10.,-43.5));
#5104=CARTESIAN_POINT('',(22.625,-9.5,-43.5));
#5105=CARTESIAN_POINT('',(20.5625,-9.5,-43.5));
#5106=CARTESIAN_POINT('',(22.625,-0.75,-43.5));
#5107=CARTESIAN_POINT('',(22.625,-3.625,-43.5));
#5108=CARTESIAN_POINT('',(18.75,-0.75,-43.5));
#5109=CARTESIAN_POINT('',(18.625,-0.75,-43.5));
#5110=CARTESIAN_POINT('',(18.75,-3.375,-43.5));
#5111=CARTESIAN_POINT('',(18.25,-0.75,-43.5));
#5112=CARTESIAN_POINT('',(18.25,-3.625,-43.5));
#5113=CARTESIAN_POINT('',(14.375,-0.75,-43.5));
#5114=CARTESIAN_POINT('',(16.4375,-0.75,-43.5));
#5115=CARTESIAN_POINT('',(14.375,-9.5,-43.5));
#5116=CARTESIAN_POINT('',(14.375,-8.,-43.5));
#5117=CARTESIAN_POINT('',(13.875,-9.5,-43.5));
#5118=CARTESIAN_POINT('',(16.1875,-9.5,-43.5));
#5119=CARTESIAN_POINT('Origin',(13.875,-10.,-43.5));
#5120=CARTESIAN_POINT('Origin',(18.75,-0.25,-49.5));
#5121=CARTESIAN_POINT('',(18.75,-0.75,-33.5));
#5122=CARTESIAN_POINT('',(18.75,-0.75,-49.5));
#5123=CARTESIAN_POINT('',(18.75,-0.75,-33.5));
#5124=CARTESIAN_POINT('Origin',(18.75,-0.75,-49.5));
#5125=CARTESIAN_POINT('',(22.625,-0.75,-33.5));
#5126=CARTESIAN_POINT('',(22.625,-0.75,-49.5));
#5127=CARTESIAN_POINT('',(22.625,-0.75,-33.5));
#5128=CARTESIAN_POINT('Origin',(22.625,-0.75,-49.5));
#5129=CARTESIAN_POINT('',(22.625,-9.5,-33.5));
#5130=CARTESIAN_POINT('',(22.625,-9.5,-49.5));
#5131=CARTESIAN_POINT('',(22.625,-12.25,-33.5));
#5132=CARTESIAN_POINT('Origin',(22.625,-9.5,-49.5));
#5133=CARTESIAN_POINT('',(23.125,-9.5,-33.5));
#5134=CARTESIAN_POINT('',(23.125,-9.5,-49.5));
#5135=CARTESIAN_POINT('',(23.125,-9.5,-33.5));
#5136=CARTESIAN_POINT('Origin',(23.125,-10.,-49.5));
#5137=CARTESIAN_POINT('',(23.125,-10.5,-33.5));
#5138=CARTESIAN_POINT('',(23.125,-10.5,-49.5));
#5139=CARTESIAN_POINT('Origin',(23.125,-10.,-33.5));
#5140=CARTESIAN_POINT('Origin',(23.125,-10.5,-49.5));
#5141=CARTESIAN_POINT('',(22.625,-10.5,-33.5));
#5142=CARTESIAN_POINT('',(22.625,-10.5,-49.5));
#5143=CARTESIAN_POINT('',(13.875,-10.5,-33.5));
#5144=CARTESIAN_POINT('Origin',(22.625,-10.5,-49.5));
#5145=CARTESIAN_POINT('',(22.625,-12.25,-33.5));
#5146=CARTESIAN_POINT('',(22.625,-12.25,-49.5));
#5147=CARTESIAN_POINT('',(22.625,-12.25,-33.5));
#5148=CARTESIAN_POINT('Origin',(22.625,-12.25,-49.5));
#5149=CARTESIAN_POINT('',(14.375,-12.25,-33.5));
#5150=CARTESIAN_POINT('',(14.375,-12.25,-49.5));
#5151=CARTESIAN_POINT('',(14.375,-12.25,-33.5));
#5152=CARTESIAN_POINT('Origin',(14.375,-12.25,-49.5));
#5153=CARTESIAN_POINT('',(14.375,-10.5,-33.5));
#5154=CARTESIAN_POINT('',(14.375,-10.5,-49.5));
#5155=CARTESIAN_POINT('',(14.375,-0.75,-33.5));
#5156=CARTESIAN_POINT('Origin',(14.375,-10.5,-49.5));
#5157=CARTESIAN_POINT('',(13.875,-10.5,-33.5));
#5158=CARTESIAN_POINT('',(13.875,-10.5,-49.5));
#5159=CARTESIAN_POINT('',(13.875,-10.5,-33.5));
#5160=CARTESIAN_POINT('Origin',(18.25,-0.75,-49.5));
#5161=CARTESIAN_POINT('',(18.25,-0.75,-33.5));
#5162=CARTESIAN_POINT('',(18.25,0.249999999999999,-33.5));
#5163=CARTESIAN_POINT('',(18.25,-0.75,-49.5));
#5164=CARTESIAN_POINT('Origin',(14.375,-0.75,-49.5));
#5165=CARTESIAN_POINT('',(14.375,-0.75,-33.5));
#5166=CARTESIAN_POINT('',(22.625,-0.75,-33.5));
#5167=CARTESIAN_POINT('',(14.375,-0.75,-49.5));
#5168=CARTESIAN_POINT('Origin',(14.375,-9.5,-49.5));
#5169=CARTESIAN_POINT('',(14.375,-9.5,-33.5));
#5170=CARTESIAN_POINT('',(14.375,-0.75,-33.5));
#5171=CARTESIAN_POINT('',(14.375,-9.5,-49.5));
#5172=CARTESIAN_POINT('Origin',(13.875,-9.5,-49.5));
#5173=CARTESIAN_POINT('',(13.875,-9.5,-33.5));
#5174=CARTESIAN_POINT('',(23.125,-9.5,-33.5));
#5175=CARTESIAN_POINT('',(13.875,-9.5,-49.5));
#5176=CARTESIAN_POINT('Origin',(13.875,-10.,-49.5));
#5177=CARTESIAN_POINT('Origin',(13.875,-10.,-33.5));
#5178=CARTESIAN_POINT('Origin',(18.5,-6.5,-33.5));
#5179=CARTESIAN_POINT('',(0.,0.,0.));
#5180=CARTESIAN_POINT('Origin',(22.5,-9.99999999999999,-48.));
#5181=CARTESIAN_POINT('',(22.5,-10.7,-48.));
#5182=CARTESIAN_POINT('Origin',(22.5,-9.99999999999999,-48.));
#5183=CARTESIAN_POINT('',(18.5,-10.7,-48.));
#5184=CARTESIAN_POINT('',(22.5,-10.7,-48.));
#5185=CARTESIAN_POINT('Origin',(18.5,-9.99999999999999,-48.));
#5186=CARTESIAN_POINT('Origin',(18.5,-9.99999999999999,-48.));
#5187=CARTESIAN_POINT('Origin',(22.125,-11.125,-19.));
#5188=CARTESIAN_POINT('',(21.75,-11.5,-49.5));
#5189=CARTESIAN_POINT('',(22.5,-10.75,-49.5));
#5190=CARTESIAN_POINT('',(22.4375,-10.8125,-49.5));
#5191=CARTESIAN_POINT('',(22.5,-10.75,-25.5));
#5192=CARTESIAN_POINT('',(22.5,-10.75,-19.));
#5193=CARTESIAN_POINT('',(21.75,-11.5,-25.5));
#5194=CARTESIAN_POINT('',(22.4375,-10.8125,-25.5));
#5195=CARTESIAN_POINT('',(21.75,-11.5,-27.5));
#5196=CARTESIAN_POINT('',(21.75,-11.5,-19.));
#5197=CARTESIAN_POINT('',(22.25,-11.,-27.5));
#5198=CARTESIAN_POINT('',(24.75,-8.50000000000001,-27.5));
#5199=CARTESIAN_POINT('',(22.25,-11.,-45.5));
#5200=CARTESIAN_POINT('',(22.25,-11.,-27.75));
#5201=CARTESIAN_POINT('',(21.75,-11.5,-45.5));
#5202=CARTESIAN_POINT('',(22.75,-10.5,-45.5));
#5203=CARTESIAN_POINT('',(21.75,-11.5,-19.));
#5204=CARTESIAN_POINT('Origin',(18.5,-11.,-36.5));
#5205=CARTESIAN_POINT('',(14.75,-11.,-27.5));
#5206=CARTESIAN_POINT('',(20.5,-11.,-27.5));
#5207=CARTESIAN_POINT('',(14.75,-11.,-45.5));
#5208=CARTESIAN_POINT('',(14.75,-11.,-27.75));
#5209=CARTESIAN_POINT('',(16.5,-11.,-45.5));
#5210=CARTESIAN_POINT('Origin',(22.5,-1.,-27.5));
#5211=CARTESIAN_POINT('',(15.25,-11.5,-27.5));
#5212=CARTESIAN_POINT('',(22.5,-11.5,-27.5));
#5213=CARTESIAN_POINT('',(14.25,-10.5,-27.5));
#5214=CARTESIAN_POINT('Origin',(22.5,-11.5,-19.));
#5215=CARTESIAN_POINT('',(15.25,-11.5,-25.5));
#5216=CARTESIAN_POINT('',(20.5,-11.5,-25.5));
#5217=CARTESIAN_POINT('',(15.25,-11.5,-19.));
#5218=CARTESIAN_POINT('Origin',(18.5,-6.25,-25.5));
#5219=CARTESIAN_POINT('',(22.5,-1.75,-25.5));
#5220=CARTESIAN_POINT('',(22.5,-3.625,-25.5));
#5221=CARTESIAN_POINT('',(21.75,-1.,-25.5));
#5222=CARTESIAN_POINT('',(22.4375,-1.6875,-25.5));
#5223=CARTESIAN_POINT('',(15.25,-1.,-25.5));
#5224=CARTESIAN_POINT('',(16.5,-1.,-25.5));
#5225=CARTESIAN_POINT('',(14.5,-1.75,-25.5));
#5226=CARTESIAN_POINT('',(14.5625,-1.6875,-25.5));
#5227=CARTESIAN_POINT('',(14.5,-10.75,-25.5));
#5228=CARTESIAN_POINT('',(14.5,-8.875,-25.5));
#5229=CARTESIAN_POINT('',(14.5625,-10.8125,-25.5));
#5230=CARTESIAN_POINT('',(15.25,-5.,-25.5));
#5231=CARTESIAN_POINT('Origin',(18.5,-5.,-25.5));
#5232=CARTESIAN_POINT('Origin',(14.875,-11.125,-19.));
#5233=CARTESIAN_POINT('',(14.5,-10.75,-49.5));
#5234=CARTESIAN_POINT('',(15.25,-11.5,-49.5));
#5235=CARTESIAN_POINT('',(14.5625,-10.8125,-49.5));
#5236=CARTESIAN_POINT('',(15.25,-11.5,-45.5));
#5237=CARTESIAN_POINT('',(15.25,-11.5,-19.));
#5238=CARTESIAN_POINT('',(12.25,-8.49999999999999,-45.5));
#5239=CARTESIAN_POINT('',(14.5,-10.75,-19.));
#5240=CARTESIAN_POINT('Origin',(22.125,-1.375,-19.));
#5241=CARTESIAN_POINT('',(22.5,-1.75,-49.5));
#5242=CARTESIAN_POINT('',(21.75,-1.,-49.5));
#5243=CARTESIAN_POINT('',(22.4375,-1.6875,-49.5));
#5244=CARTESIAN_POINT('',(21.75,-1.,-19.));
#5245=CARTESIAN_POINT('',(22.5,-1.75,-19.));
#5246=CARTESIAN_POINT('Origin',(22.5,-1.,-19.));
#5247=CARTESIAN_POINT('',(22.5,-1.,-49.5));
#5248=CARTESIAN_POINT('Origin',(14.875,-1.375,-19.));
#5249=CARTESIAN_POINT('',(15.25,-1.,-49.5));
#5250=CARTESIAN_POINT('',(14.5,-1.75,-49.5));
#5251=CARTESIAN_POINT('',(14.5625,-1.6875,-49.5));
#5252=CARTESIAN_POINT('',(14.5,-1.75,-19.));
#5253=CARTESIAN_POINT('',(15.25,-1.,-19.));
#5254=CARTESIAN_POINT('Origin',(14.5,-11.5,-19.));
#5255=CARTESIAN_POINT('',(14.5,-11.5,-49.5));
#5256=CARTESIAN_POINT('Origin',(18.5,-5.,-49.5));
#5257=CARTESIAN_POINT('',(15.9825,-5.,-49.5));
#5258=CARTESIAN_POINT('Origin',(18.5,-5.,-49.5));
#5259=CARTESIAN_POINT('',(15.9825,-5.,-29.5));
#5260=CARTESIAN_POINT('',(15.9825,-5.,-49.5));
#5261=CARTESIAN_POINT('Origin',(18.5,-5.,-29.5));
#5262=CARTESIAN_POINT('Origin',(18.5,-5.,-29.5));
#5263=CARTESIAN_POINT('',(17.575,-5.,-29.5));
#5264=CARTESIAN_POINT('Origin',(18.5,-5.,-29.5));
#5265=CARTESIAN_POINT('Origin',(14.5,-1.,-45.5));
#5266=CARTESIAN_POINT('',(18.5,-11.5,-45.5));
#5267=CARTESIAN_POINT('Origin',(18.5,-5.,-21.));
#5268=CARTESIAN_POINT('',(15.25,-5.,-21.));
#5269=CARTESIAN_POINT('Origin',(18.5,-5.,-21.));
#5270=CARTESIAN_POINT('',(17.575,-5.,-21.));
#5271=CARTESIAN_POINT('Origin',(18.5,-5.,-21.));
#5272=CARTESIAN_POINT('Origin',(18.5,-5.,-19.));
#5273=CARTESIAN_POINT('',(15.25,-5.,-19.));
#5274=CARTESIAN_POINT('Origin',(22.5,-11.5,-19.));
#5275=CARTESIAN_POINT('',(22.5,-11.5,-49.5));
#5276=CARTESIAN_POINT('Origin',(18.5,-5.,-19.));
#5277=CARTESIAN_POINT('',(17.575,-5.,-19.));
#5278=CARTESIAN_POINT('Origin',(14.5,-1.,-19.));
#5279=CARTESIAN_POINT('',(14.5,-1.,-49.5));
#5280=CARTESIAN_POINT('Origin',(18.5,-6.25,-49.5));
#5281=CARTESIAN_POINT('',(0.,0.,0.));
#5282=CARTESIAN_POINT('Origin',(22.5,-11.,-27.75));
#5283=CARTESIAN_POINT('',(14.5,-11.,-27.75));
#5284=CARTESIAN_POINT('',(22.5,-11.,-27.75));
#5285=CARTESIAN_POINT('',(14.5,-11.,-27.75));
#5286=CARTESIAN_POINT('',(14.5,-12.,-27.75));
#5287=CARTESIAN_POINT('',(14.5,-11.,-27.75));
#5288=CARTESIAN_POINT('',(22.5,-12.,-27.75));
#5289=CARTESIAN_POINT('',(14.5,-12.,-27.75));
#5290=CARTESIAN_POINT('',(22.5,-11.,-27.75));
#5291=CARTESIAN_POINT('Origin',(22.5,-11.,-45.25));
#5292=CARTESIAN_POINT('',(22.5,-11.,-45.25));
#5293=CARTESIAN_POINT('',(22.5,-11.,-27.75));
#5294=CARTESIAN_POINT('',(22.5,-12.,-45.25));
#5295=CARTESIAN_POINT('',(22.5,-12.,-27.75));
#5296=CARTESIAN_POINT('',(22.5,-11.,-45.25));
#5297=CARTESIAN_POINT('Origin',(14.5,-11.,-45.25));
#5298=CARTESIAN_POINT('',(14.5,-11.,-45.25));
#5299=CARTESIAN_POINT('',(22.5,-11.,-45.25));
#5300=CARTESIAN_POINT('',(14.5,-12.,-45.25));
#5301=CARTESIAN_POINT('',(22.5,-12.,-45.25));
#5302=CARTESIAN_POINT('',(14.5,-11.,-45.25));
#5303=CARTESIAN_POINT('Origin',(14.5,-11.,-27.75));
#5304=CARTESIAN_POINT('',(14.5,-11.,-45.25));
#5305=CARTESIAN_POINT('',(14.5,-12.,-45.25));
#5306=CARTESIAN_POINT('Origin',(18.5,-11.,-36.5));
#5307=CARTESIAN_POINT('Origin',(18.5,-12.,-36.5));
#5308=CARTESIAN_POINT('',(0.,0.,0.));
#5309=CARTESIAN_POINT('',(0.,0.,0.));
#5310=CARTESIAN_POINT('',(0.,0.,0.));
#5311=CARTESIAN_POINT('',(0.,0.,0.));
#5312=CARTESIAN_POINT('',(0.,0.,0.));
#5313=CARTESIAN_POINT('',(0.,0.,0.));
#5314=UNCERTAINTY_MEASURE_WITH_UNIT(LENGTH_MEASURE(0.01),#5330,
'DISTANCE_ACCURACY_VALUE',
'Maximum model space distance between geometric entities at asserted c
onnectivities');
#5315=UNCERTAINTY_MEASURE_WITH_UNIT(LENGTH_MEASURE(0.01),#5330,
'DISTANCE_ACCURACY_VALUE',
'Maximum model space distance between geometric entities at asserted c
onnectivities');
#5316=UNCERTAINTY_MEASURE_WITH_UNIT(LENGTH_MEASURE(0.01),#5330,
'DISTANCE_ACCURACY_VALUE',
'Maximum model space distance between geometric entities at asserted c
onnectivities');
#5317=UNCERTAINTY_MEASURE_WITH_UNIT(LENGTH_MEASURE(0.01),#5330,
'DISTANCE_ACCURACY_VALUE',
'Maximum model space distance between geometric entities at asserted c
onnectivities');
#5318=UNCERTAINTY_MEASURE_WITH_UNIT(LENGTH_MEASURE(0.01),#5330,
'DISTANCE_ACCURACY_VALUE',
'Maximum model space distance between geometric entities at asserted c
onnectivities');
#5319=UNCERTAINTY_MEASURE_WITH_UNIT(LENGTH_MEASURE(0.01),#5330,
'DISTANCE_ACCURACY_VALUE',
'Maximum model space distance between geometric entities at asserted c
onnectivities');
#5320=UNCERTAINTY_MEASURE_WITH_UNIT(LENGTH_MEASURE(0.01),#5330,
'DISTANCE_ACCURACY_VALUE',
'Maximum model space distance between geometric entities at asserted c
onnectivities');
#5321=UNCERTAINTY_MEASURE_WITH_UNIT(LENGTH_MEASURE(0.01),#5330,
'DISTANCE_ACCURACY_VALUE',
'Maximum model space distance between geometric entities at asserted c
onnectivities');
#5322=(
GEOMETRIC_REPRESENTATION_CONTEXT(3)
GLOBAL_UNCERTAINTY_ASSIGNED_CONTEXT((#5314))
GLOBAL_UNIT_ASSIGNED_CONTEXT((#5330,#5332,#5333))
REPRESENTATION_CONTEXT('','3D')
);
#5323=(
GEOMETRIC_REPRESENTATION_CONTEXT(3)
GLOBAL_UNCERTAINTY_ASSIGNED_CONTEXT((#5315))
GLOBAL_UNIT_ASSIGNED_CONTEXT((#5330,#5332,#5333))
REPRESENTATION_CONTEXT('','3D')
);
#5324=(
GEOMETRIC_REPRESENTATION_CONTEXT(3)
GLOBAL_UNCERTAINTY_ASSIGNED_CONTEXT((#5316))
GLOBAL_UNIT_ASSIGNED_CONTEXT((#5330,#5332,#5333))
REPRESENTATION_CONTEXT('','3D')
);
#5325=(
GEOMETRIC_REPRESENTATION_CONTEXT(3)
GLOBAL_UNCERTAINTY_ASSIGNED_CONTEXT((#5317))
GLOBAL_UNIT_ASSIGNED_CONTEXT((#5330,#5332,#5333))
REPRESENTATION_CONTEXT('','3D')
);
#5326=(
GEOMETRIC_REPRESENTATION_CONTEXT(3)
GLOBAL_UNCERTAINTY_ASSIGNED_CONTEXT((#5318))
GLOBAL_UNIT_ASSIGNED_CONTEXT((#5330,#5332,#5333))
REPRESENTATION_CONTEXT('','3D')
);
#5327=(
GEOMETRIC_REPRESENTATION_CONTEXT(3)
GLOBAL_UNCERTAINTY_ASSIGNED_CONTEXT((#5319))
GLOBAL_UNIT_ASSIGNED_CONTEXT((#5330,#5332,#5333))
REPRESENTATION_CONTEXT('','3D')
);
#5328=(
GEOMETRIC_REPRESENTATION_CONTEXT(3)
GLOBAL_UNCERTAINTY_ASSIGNED_CONTEXT((#5320))
GLOBAL_UNIT_ASSIGNED_CONTEXT((#5330,#5332,#5333))
REPRESENTATION_CONTEXT('','3D')
);
#5329=(
GEOMETRIC_REPRESENTATION_CONTEXT(3)
GLOBAL_UNCERTAINTY_ASSIGNED_CONTEXT((#5321))
GLOBAL_UNIT_ASSIGNED_CONTEXT((#5330,#5332,#5333))
REPRESENTATION_CONTEXT('','3D')
);
#5330=(
LENGTH_UNIT()
NAMED_UNIT(*)
SI_UNIT(.MILLI.,.METRE.)
);
#5331=(
LENGTH_UNIT()
NAMED_UNIT(*)
SI_UNIT($,.METRE.)
);
#5332=(
NAMED_UNIT(*)
PLANE_ANGLE_UNIT()
SI_UNIT($,.RADIAN.)
);
#5333=(
NAMED_UNIT(*)
SI_UNIT($,.STERADIAN.)
SOLID_ANGLE_UNIT()
);
#5334=SHAPE_DEFINITION_REPRESENTATION(#5341,#5354);
#5335=SHAPE_DEFINITION_REPRESENTATION(#5342,#5355);
#5336=SHAPE_DEFINITION_REPRESENTATION(#5343,#5356);
#5337=SHAPE_DEFINITION_REPRESENTATION(#5344,#5357);
#5338=SHAPE_DEFINITION_REPRESENTATION(#5345,#5358);
#5339=SHAPE_DEFINITION_REPRESENTATION(#5346,#5359);
#5340=SHAPE_DEFINITION_REPRESENTATION(#5347,#5360);
#5341=PRODUCT_DEFINITION_SHAPE('',$,#5362);
#5342=PRODUCT_DEFINITION_SHAPE('',$,#5363);
#5343=PRODUCT_DEFINITION_SHAPE('',$,#5364);
#5344=PRODUCT_DEFINITION_SHAPE('',$,#5365);
#5345=PRODUCT_DEFINITION_SHAPE('',$,#5366);
#5346=PRODUCT_DEFINITION_SHAPE('',$,#5367);
#5347=PRODUCT_DEFINITION_SHAPE('',$,#5368);
#5348=PRODUCT_DEFINITION_SHAPE($,$,#29);
#5349=PRODUCT_DEFINITION_SHAPE($,$,#30);
#5350=PRODUCT_DEFINITION_SHAPE($,$,#31);
#5351=PRODUCT_DEFINITION_SHAPE($,$,#32);
#5352=PRODUCT_DEFINITION_SHAPE($,$,#33);
#5353=PRODUCT_DEFINITION_SHAPE($,$,#34);
#5354=SHAPE_REPRESENTATION('',(#3291,#3523,#3524,#3525,#3526,#3527,#3528),
#5322);
#5355=SHAPE_REPRESENTATION('',(#3292),#5323);
#5356=SHAPE_REPRESENTATION('',(#3361),#5324);
#5357=SHAPE_REPRESENTATION('',(#3370),#5325);
#5358=SHAPE_REPRESENTATION('',(#3404),#5326);
#5359=SHAPE_REPRESENTATION('',(#3486),#5327);
#5360=SHAPE_REPRESENTATION('',(#3516),#5328);
#5361=PRODUCT_DEFINITION_CONTEXT('part definition',#5384,'design');
#5362=PRODUCT_DEFINITION('cc hotend','(Unsaved)',#5369,#5361);
#5363=PRODUCT_DEFINITION('Component1','heatsink',#5370,#5361);
#5364=PRODUCT_DEFINITION('Component2','heatbreak',#5371,#5361);
#5365=PRODUCT_DEFINITION('Component3','bimetal_nozzle',#5372,#5361);
#5366=PRODUCT_DEFINITION('Component4','sock',#5373,#5361);
#5367=PRODUCT_DEFINITION('Component5','heatblock',#5374,#5361);
#5368=PRODUCT_DEFINITION('Component6','heater',#5375,#5361);
#5369=PRODUCT_DEFINITION_FORMATION('',$,#5386);
#5370=PRODUCT_DEFINITION_FORMATION('',$,#5387);
#5371=PRODUCT_DEFINITION_FORMATION('',$,#5388);
#5372=PRODUCT_DEFINITION_FORMATION('',$,#5389);
#5373=PRODUCT_DEFINITION_FORMATION('',$,#5390);
#5374=PRODUCT_DEFINITION_FORMATION('',$,#5391);
#5375=PRODUCT_DEFINITION_FORMATION('',$,#5392);
#5376=PRODUCT_RELATED_PRODUCT_CATEGORY('(Unsaved)','(Unsaved)',(#5386));
#5377=PRODUCT_RELATED_PRODUCT_CATEGORY('heatsink','heatsink',(#5387));
#5378=PRODUCT_RELATED_PRODUCT_CATEGORY('heatbreak','heatbreak',(#5388));
#5379=PRODUCT_RELATED_PRODUCT_CATEGORY('bimetal_nozzle',
'bimetal_nozzle',(#5389));
#5380=PRODUCT_RELATED_PRODUCT_CATEGORY('sock','sock',(#5390));
#5381=PRODUCT_RELATED_PRODUCT_CATEGORY('heatblock','heatblock',(#5391));
#5382=PRODUCT_RELATED_PRODUCT_CATEGORY('heater','heater',(#5392));
#5383=APPLICATION_PROTOCOL_DEFINITION('international standard',
'automotive_design',2009,#5384);
#5384=APPLICATION_CONTEXT(
'Core Data for Automotive Mechanical Design Process');
#5385=PRODUCT_CONTEXT('part definition',#5384,'mechanical');
#5386=PRODUCT('cc hotend','(Unsaved)',$,(#5385));
#5387=PRODUCT('Component1','heatsink',$,(#5385));
#5388=PRODUCT('Component2','heatbreak',$,(#5385));
#5389=PRODUCT('Component3','bimetal_nozzle',$,(#5385));
#5390=PRODUCT('Component4','sock',$,(#5385));
#5391=PRODUCT('Component5','heatblock',$,(#5385));
#5392=PRODUCT('Component6','heater',$,(#5385));
#5393=PRESENTATION_STYLE_ASSIGNMENT((#5400));
#5394=PRESENTATION_STYLE_ASSIGNMENT((#5401));
#5395=PRESENTATION_STYLE_ASSIGNMENT((#5402));
#5396=PRESENTATION_STYLE_ASSIGNMENT((#5403));
#5397=PRESENTATION_STYLE_ASSIGNMENT((#5404));
#5398=PRESENTATION_STYLE_ASSIGNMENT((#5405));
#5399=PRESENTATION_STYLE_ASSIGNMENT((#5406));
#5400=SURFACE_STYLE_USAGE(.BOTH.,#5407);
#5401=SURFACE_STYLE_USAGE(.BOTH.,#5408);
#5402=SURFACE_STYLE_USAGE(.BOTH.,#5409);
#5403=SURFACE_STYLE_USAGE(.BOTH.,#5410);
#5404=SURFACE_STYLE_USAGE(.BOTH.,#5411);
#5405=SURFACE_STYLE_USAGE(.BOTH.,#5412);
#5406=SURFACE_STYLE_USAGE(.BOTH.,#5413);
#5407=SURFACE_SIDE_STYLE('',(#5414));
#5408=SURFACE_SIDE_STYLE('',(#5415));
#5409=SURFACE_SIDE_STYLE('',(#5416));
#5410=SURFACE_SIDE_STYLE('',(#5417));
#5411=SURFACE_SIDE_STYLE('',(#5418));
#5412=SURFACE_SIDE_STYLE('',(#5419));
#5413=SURFACE_SIDE_STYLE('',(#5420));
#5414=SURFACE_STYLE_FILL_AREA(#5421);
#5415=SURFACE_STYLE_FILL_AREA(#5422);
#5416=SURFACE_STYLE_FILL_AREA(#5423);
#5417=SURFACE_STYLE_FILL_AREA(#5424);
#5418=SURFACE_STYLE_FILL_AREA(#5425);
#5419=SURFACE_STYLE_FILL_AREA(#5426);
#5420=SURFACE_STYLE_FILL_AREA(#5427);
#5421=FILL_AREA_STYLE('Steel - Satin',(#5428));
#5422=FILL_AREA_STYLE('Opaque(245,245,246)',(#5429));
#5423=FILL_AREA_STYLE('Opaque(160,160,160)',(#5430));
#5424=FILL_AREA_STYLE('Opaque(243,203,124)',(#5431));
#5425=FILL_AREA_STYLE('Opaque(44,44,44)',(#5432));
#5426=FILL_AREA_STYLE('Opaque(25,25,25)',(#5433));
#5427=FILL_AREA_STYLE('Opaque(246,246,243)',(#5434));
#5428=FILL_AREA_STYLE_COLOUR('Steel - Satin',#5435);
#5429=FILL_AREA_STYLE_COLOUR('Opaque(245,245,246)',#5436);
#5430=FILL_AREA_STYLE_COLOUR('Opaque(160,160,160)',#5437);
#5431=FILL_AREA_STYLE_COLOUR('Opaque(243,203,124)',#5438);
#5432=FILL_AREA_STYLE_COLOUR('Opaque(44,44,44)',#5439);
#5433=FILL_AREA_STYLE_COLOUR('Opaque(25,25,25)',#5440);
#5434=FILL_AREA_STYLE_COLOUR('Opaque(246,246,243)',#5441);
#5435=COLOUR_RGB('Steel - Satin',0.627450980392157,0.627450980392157,0.627450980392157);
#5436=COLOUR_RGB('Opaque(245,245,246)',0.96078431372549,0.96078431372549,
0.964705882352941);
#5437=COLOUR_RGB('Opaque(160,160,160)',0.627450980392157,0.627450980392157,
0.627450980392157);
#5438=COLOUR_RGB('Opaque(243,203,124)',0.952941176470588,0.796078431372549,
0.486274509803922);
#5439=COLOUR_RGB('Opaque(44,44,44)',0.172549019607843,0.172549019607843,
0.172549019607843);
#5440=COLOUR_RGB('Opaque(25,25,25)',0.0980392156862745,0.0980392156862745,
0.0980392156862745);
#5441=COLOUR_RGB('Opaque(246,246,243)',0.964705882352941,0.964705882352941,
0.952941176470588);
ENDSEC;
END-ISO-10303-21;
