ISO-10303-21;
HEADER;
/* Generated by software containing ST-Developer
 * from STEP Tools, Inc. (www.steptools.com) 
 */

FILE_DESCRIPTION(
/* description */ (''),
/* implementation_level */ '2;1');

FILE_NAME(
/* name */ 'Self-lubricating Brass Bearing 10-14-45mm.step',
/* time_stamp */ '2026-08-05T01:59:01-04:00',
/* author */ (''),
/* organization */ (''),
/* preprocessor_version */ 'ST-DEVELOPER v20.1',
/* originating_system */ 'Autodesk Translation Framework v15.8.0.0',
/* authorisation */ '');

FILE_SCHEMA (('AUTOMOTIVE_DESIGN { 1 0 10303 214 3 1 1 }'));
ENDSEC;

DATA;
#10=MECHANICAL_DESIGN_GEOMETRIC_PRESENTATION_REPRESENTATION('',(#13,#14,
#15,#16,#17,#18,#19,#20,#21,#22,#23,#24,#25,#26,#27,#28,#29,#30,#31,#32,
#33,#34,#35),#5522);
#11=SHAPE_REPRESENTATION_RELATIONSHIP('SRR','None',#5529,#12);
#12=ADVANCED_BREP_SHAPE_REPRESENTATION('',(#36,#37,#38,#39,#40,#41,#42,
#43,#44,#45,#46,#47,#48,#49,#50,#51,#52,#53,#54,#55,#56,#57,#58),#5521);
#13=STYLED_ITEM('',(#5539),#36);
#14=STYLED_ITEM('',(#5540),#37);
#15=STYLED_ITEM('',(#5540),#38);
#16=STYLED_ITEM('',(#5540),#39);
#17=STYLED_ITEM('',(#5540),#40);
#18=STYLED_ITEM('',(#5540),#41);
#19=STYLED_ITEM('',(#5540),#42);
#20=STYLED_ITEM('',(#5540),#43);
#21=STYLED_ITEM('',(#5540),#44);
#22=STYLED_ITEM('',(#5540),#45);
#23=STYLED_ITEM('',(#5540),#46);
#24=STYLED_ITEM('',(#5540),#47);
#25=STYLED_ITEM('',(#5540),#48);
#26=STYLED_ITEM('',(#5540),#49);
#27=STYLED_ITEM('',(#5540),#50);
#28=STYLED_ITEM('',(#5540),#51);
#29=STYLED_ITEM('',(#5540),#52);
#30=STYLED_ITEM('',(#5540),#53);
#31=STYLED_ITEM('',(#5540),#54);
#32=STYLED_ITEM('',(#5540),#55);
#33=STYLED_ITEM('',(#5540),#56);
#34=STYLED_ITEM('',(#5540),#57);
#35=STYLED_ITEM('',(#5540),#58);
#36=MANIFOLD_SOLID_BREP('Body1',#1631);
#37=MANIFOLD_SOLID_BREP('Body2',#1632);
#38=MANIFOLD_SOLID_BREP('Body3',#1633);
#39=MANIFOLD_SOLID_BREP('Body4',#1634);
#40=MANIFOLD_SOLID_BREP('Body5',#1635);
#41=MANIFOLD_SOLID_BREP('Body6',#1636);
#42=MANIFOLD_SOLID_BREP('Body7',#1637);
#43=MANIFOLD_SOLID_BREP('Body8',#1638);
#44=MANIFOLD_SOLID_BREP('Body9',#1639);
#45=MANIFOLD_SOLID_BREP('Body10',#1640);
#46=MANIFOLD_SOLID_BREP('Body11',#1641);
#47=MANIFOLD_SOLID_BREP('Body12',#1642);
#48=MANIFOLD_SOLID_BREP('Body13',#1643);
#49=MANIFOLD_SOLID_BREP('Body14',#1644);
#50=MANIFOLD_SOLID_BREP('Body15',#1645);
#51=MANIFOLD_SOLID_BREP('Body16',#1646);
#52=MANIFOLD_SOLID_BREP('Body17',#1647);
#53=MANIFOLD_SOLID_BREP('Body18',#1648);
#54=MANIFOLD_SOLID_BREP('Body19',#1649);
#55=MANIFOLD_SOLID_BREP('Body20',#1650);
#56=MANIFOLD_SOLID_BREP('Body21',#1651);
#57=MANIFOLD_SOLID_BREP('Body22',#1652);
#58=MANIFOLD_SOLID_BREP('Body23',#1653);
#59=CONICAL_SURFACE('',#1698,6.75,0.321750554396643);
#60=CONICAL_SURFACE('',#1702,5.25,0.785398163397451);
#61=CONICAL_SURFACE('',#1706,6.75,0.785398163397451);
#62=FACE_BOUND('',#237,.T.);
#63=FACE_BOUND('',#239,.T.);
#64=FACE_BOUND('',#240,.T.);
#65=FACE_BOUND('',#241,.T.);
#66=FACE_BOUND('',#242,.T.);
#67=FACE_BOUND('',#243,.T.);
#68=FACE_BOUND('',#244,.T.);
#69=FACE_BOUND('',#245,.T.);
#70=FACE_BOUND('',#246,.T.);
#71=FACE_BOUND('',#247,.T.);
#72=FACE_BOUND('',#248,.T.);
#73=FACE_BOUND('',#249,.T.);
#74=FACE_BOUND('',#250,.T.);
#75=FACE_BOUND('',#251,.T.);
#76=FACE_BOUND('',#252,.T.);
#77=FACE_BOUND('',#253,.T.);
#78=FACE_BOUND('',#254,.T.);
#79=FACE_BOUND('',#255,.T.);
#80=FACE_BOUND('',#256,.T.);
#81=FACE_BOUND('',#259,.T.);
#82=FACE_BOUND('',#260,.T.);
#83=FACE_BOUND('',#261,.T.);
#84=FACE_BOUND('',#262,.T.);
#85=FACE_BOUND('',#263,.T.);
#86=FACE_BOUND('',#264,.T.);
#87=FACE_BOUND('',#265,.T.);
#88=FACE_BOUND('',#266,.T.);
#89=FACE_BOUND('',#267,.T.);
#90=FACE_BOUND('',#268,.T.);
#91=FACE_BOUND('',#269,.T.);
#92=FACE_BOUND('',#270,.T.);
#93=FACE_BOUND('',#271,.T.);
#94=FACE_BOUND('',#272,.T.);
#95=FACE_BOUND('',#273,.T.);
#96=FACE_BOUND('',#274,.T.);
#97=FACE_BOUND('',#275,.T.);
#98=FACE_BOUND('',#276,.T.);
#99=FACE_BOUND('',#277,.T.);
#100=FACE_BOUND('',#278,.T.);
#101=FACE_BOUND('',#279,.T.);
#102=FACE_BOUND('',#280,.T.);
#103=FACE_BOUND('',#283,.T.);
#104=PLANE('',#1694);
#105=PLANE('',#1704);
#106=CIRCLE('',#1690,5.5);
#107=CIRCLE('',#1691,0.5);
#108=CIRCLE('',#1692,5.);
#109=CIRCLE('',#1693,5.);
#110=CIRCLE('',#1695,6.5);
#111=CIRCLE('',#1697,5.);
#112=CIRCLE('',#1699,7.);
#113=CIRCLE('',#1701,7.);
#114=CIRCLE('',#1703,5.5);
#115=CIRCLE('',#1705,6.5);
#116=TOROIDAL_SURFACE('',#1689,5.5,0.5);
#117=FACE_OUTER_BOUND('',#213,.T.);
#118=FACE_OUTER_BOUND('',#214,.T.);
#119=FACE_OUTER_BOUND('',#215,.T.);
#120=FACE_OUTER_BOUND('',#216,.T.);
#121=FACE_OUTER_BOUND('',#217,.T.);
#122=FACE_OUTER_BOUND('',#218,.T.);
#123=FACE_OUTER_BOUND('',#219,.T.);
#124=FACE_OUTER_BOUND('',#220,.T.);
#125=FACE_OUTER_BOUND('',#221,.T.);
#126=FACE_OUTER_BOUND('',#222,.T.);
#127=FACE_OUTER_BOUND('',#223,.T.);
#128=FACE_OUTER_BOUND('',#224,.T.);
#129=FACE_OUTER_BOUND('',#225,.T.);
#130=FACE_OUTER_BOUND('',#226,.T.);
#131=FACE_OUTER_BOUND('',#227,.T.);
#132=FACE_OUTER_BOUND('',#228,.T.);
#133=FACE_OUTER_BOUND('',#229,.T.);
#134=FACE_OUTER_BOUND('',#230,.T.);
#135=FACE_OUTER_BOUND('',#231,.T.);
#136=FACE_OUTER_BOUND('',#232,.T.);
#137=FACE_OUTER_BOUND('',#233,.T.);
#138=FACE_OUTER_BOUND('',#234,.T.);
#139=FACE_OUTER_BOUND('',#235,.T.);
#140=FACE_OUTER_BOUND('',#236,.T.);
#141=FACE_OUTER_BOUND('',#238,.T.);
#142=FACE_OUTER_BOUND('',#257,.T.);
#143=FACE_OUTER_BOUND('',#258,.T.);
#144=FACE_OUTER_BOUND('',#281,.T.);
#145=FACE_OUTER_BOUND('',#282,.T.);
#146=FACE_OUTER_BOUND('',#284,.T.);
#147=FACE_OUTER_BOUND('',#285,.T.);
#148=FACE_OUTER_BOUND('',#286,.T.);
#149=FACE_OUTER_BOUND('',#287,.T.);
#150=FACE_OUTER_BOUND('',#288,.T.);
#151=FACE_OUTER_BOUND('',#289,.T.);
#152=FACE_OUTER_BOUND('',#290,.T.);
#153=FACE_OUTER_BOUND('',#291,.T.);
#154=FACE_OUTER_BOUND('',#292,.T.);
#155=FACE_OUTER_BOUND('',#293,.T.);
#156=FACE_OUTER_BOUND('',#294,.T.);
#157=FACE_OUTER_BOUND('',#295,.T.);
#158=FACE_OUTER_BOUND('',#296,.T.);
#159=FACE_OUTER_BOUND('',#297,.T.);
#160=FACE_OUTER_BOUND('',#298,.T.);
#161=FACE_OUTER_BOUND('',#299,.T.);
#162=FACE_OUTER_BOUND('',#300,.T.);
#163=FACE_OUTER_BOUND('',#301,.T.);
#164=FACE_OUTER_BOUND('',#302,.T.);
#165=FACE_OUTER_BOUND('',#303,.T.);
#166=FACE_OUTER_BOUND('',#304,.T.);
#167=FACE_OUTER_BOUND('',#305,.T.);
#168=FACE_OUTER_BOUND('',#306,.T.);
#169=FACE_OUTER_BOUND('',#307,.T.);
#170=FACE_OUTER_BOUND('',#308,.T.);
#171=FACE_OUTER_BOUND('',#309,.T.);
#172=FACE_OUTER_BOUND('',#310,.T.);
#173=FACE_OUTER_BOUND('',#311,.T.);
#174=FACE_OUTER_BOUND('',#312,.T.);
#175=FACE_OUTER_BOUND('',#313,.T.);
#176=FACE_OUTER_BOUND('',#314,.T.);
#177=FACE_OUTER_BOUND('',#315,.T.);
#178=FACE_OUTER_BOUND('',#316,.T.);
#179=FACE_OUTER_BOUND('',#317,.T.);
#180=FACE_OUTER_BOUND('',#318,.T.);
#181=FACE_OUTER_BOUND('',#319,.T.);
#182=FACE_OUTER_BOUND('',#320,.T.);
#183=FACE_OUTER_BOUND('',#321,.T.);
#184=FACE_OUTER_BOUND('',#322,.T.);
#185=FACE_OUTER_BOUND('',#323,.T.);
#186=FACE_OUTER_BOUND('',#324,.T.);
#187=FACE_OUTER_BOUND('',#325,.T.);
#188=FACE_OUTER_BOUND('',#326,.T.);
#189=FACE_OUTER_BOUND('',#327,.T.);
#190=FACE_OUTER_BOUND('',#328,.T.);
#191=FACE_OUTER_BOUND('',#329,.T.);
#192=FACE_OUTER_BOUND('',#330,.T.);
#193=FACE_OUTER_BOUND('',#331,.T.);
#194=FACE_OUTER_BOUND('',#332,.T.);
#195=FACE_OUTER_BOUND('',#333,.T.);
#196=FACE_OUTER_BOUND('',#334,.T.);
#197=FACE_OUTER_BOUND('',#335,.T.);
#198=FACE_OUTER_BOUND('',#336,.T.);
#199=FACE_OUTER_BOUND('',#337,.T.);
#200=FACE_OUTER_BOUND('',#338,.T.);
#201=FACE_OUTER_BOUND('',#339,.T.);
#202=FACE_OUTER_BOUND('',#340,.T.);
#203=FACE_OUTER_BOUND('',#341,.T.);
#204=FACE_OUTER_BOUND('',#342,.T.);
#205=FACE_OUTER_BOUND('',#343,.T.);
#206=FACE_OUTER_BOUND('',#344,.T.);
#207=FACE_OUTER_BOUND('',#345,.T.);
#208=FACE_OUTER_BOUND('',#346,.T.);
#209=FACE_OUTER_BOUND('',#347,.T.);
#210=FACE_OUTER_BOUND('',#348,.T.);
#211=FACE_OUTER_BOUND('',#349,.T.);
#212=FACE_OUTER_BOUND('',#350,.T.);
#213=EDGE_LOOP('',(#1003,#1004,#1005,#1006,#1007,#1008));
#214=EDGE_LOOP('',(#1009,#1010,#1011,#1012,#1013,#1014));
#215=EDGE_LOOP('',(#1015,#1016,#1017,#1018,#1019,#1020));
#216=EDGE_LOOP('',(#1021,#1022,#1023,#1024,#1025,#1026));
#217=EDGE_LOOP('',(#1027,#1028,#1029,#1030,#1031,#1032));
#218=EDGE_LOOP('',(#1033,#1034,#1035,#1036,#1037,#1038,#1039));
#219=EDGE_LOOP('',(#1040,#1041,#1042,#1043,#1044,#1045));
#220=EDGE_LOOP('',(#1046,#1047,#1048,#1049,#1050,#1051,#1052));
#221=EDGE_LOOP('',(#1053,#1054,#1055,#1056,#1057,#1058));
#222=EDGE_LOOP('',(#1059,#1060,#1061,#1062,#1063,#1064));
#223=EDGE_LOOP('',(#1065,#1066,#1067,#1068,#1069,#1070));
#224=EDGE_LOOP('',(#1071,#1072,#1073,#1074,#1075,#1076,#1077));
#225=EDGE_LOOP('',(#1078,#1079,#1080,#1081,#1082,#1083));
#226=EDGE_LOOP('',(#1084,#1085,#1086,#1087,#1088,#1089));
#227=EDGE_LOOP('',(#1090,#1091,#1092,#1093,#1094,#1095));
#228=EDGE_LOOP('',(#1096,#1097,#1098,#1099,#1100,#1101));
#229=EDGE_LOOP('',(#1102,#1103,#1104,#1105,#1106,#1107));
#230=EDGE_LOOP('',(#1108,#1109,#1110,#1111,#1112,#1113));
#231=EDGE_LOOP('',(#1114,#1115,#1116,#1117,#1118,#1119));
#232=EDGE_LOOP('',(#1120,#1121,#1122,#1123,#1124,#1125,#1126));
#233=EDGE_LOOP('',(#1127,#1128,#1129,#1130,#1131,#1132));
#234=EDGE_LOOP('',(#1133,#1134,#1135,#1136,#1137,#1138));
#235=EDGE_LOOP('',(#1139,#1140,#1141,#1142,#1143));
#236=EDGE_LOOP('',(#1144));
#237=EDGE_LOOP('',(#1145));
#238=EDGE_LOOP('',(#1146,#1147,#1148,#1149,#1150,#1151,#1152,#1153,#1154,
#1155,#1156,#1157,#1158,#1159,#1160,#1161,#1162,#1163,#1164,#1165,#1166,
#1167,#1168,#1169,#1170));
#239=EDGE_LOOP('',(#1171,#1172));
#240=EDGE_LOOP('',(#1173,#1174));
#241=EDGE_LOOP('',(#1175,#1176));
#242=EDGE_LOOP('',(#1177,#1178));
#243=EDGE_LOOP('',(#1179,#1180));
#244=EDGE_LOOP('',(#1181,#1182));
#245=EDGE_LOOP('',(#1183,#1184));
#246=EDGE_LOOP('',(#1185,#1186));
#247=EDGE_LOOP('',(#1187,#1188));
#248=EDGE_LOOP('',(#1189,#1190));
#249=EDGE_LOOP('',(#1191,#1192));
#250=EDGE_LOOP('',(#1193,#1194));
#251=EDGE_LOOP('',(#1195,#1196));
#252=EDGE_LOOP('',(#1197,#1198));
#253=EDGE_LOOP('',(#1199,#1200));
#254=EDGE_LOOP('',(#1201,#1202));
#255=EDGE_LOOP('',(#1203,#1204));
#256=EDGE_LOOP('',(#1205,#1206));
#257=EDGE_LOOP('',(#1207,#1208,#1209,#1210));
#258=EDGE_LOOP('',(#1211,#1212,#1213,#1214));
#259=EDGE_LOOP('',(#1215,#1216));
#260=EDGE_LOOP('',(#1217,#1218));
#261=EDGE_LOOP('',(#1219,#1220));
#262=EDGE_LOOP('',(#1221,#1222));
#263=EDGE_LOOP('',(#1223,#1224));
#264=EDGE_LOOP('',(#1225,#1226));
#265=EDGE_LOOP('',(#1227,#1228));
#266=EDGE_LOOP('',(#1229,#1230));
#267=EDGE_LOOP('',(#1231,#1232));
#268=EDGE_LOOP('',(#1233,#1234));
#269=EDGE_LOOP('',(#1235,#1236));
#270=EDGE_LOOP('',(#1237,#1238));
#271=EDGE_LOOP('',(#1239,#1240));
#272=EDGE_LOOP('',(#1241,#1242));
#273=EDGE_LOOP('',(#1243,#1244));
#274=EDGE_LOOP('',(#1245,#1246));
#275=EDGE_LOOP('',(#1247,#1248));
#276=EDGE_LOOP('',(#1249,#1250));
#277=EDGE_LOOP('',(#1251,#1252));
#278=EDGE_LOOP('',(#1253,#1254));
#279=EDGE_LOOP('',(#1255,#1256));
#280=EDGE_LOOP('',(#1257,#1258));
#281=EDGE_LOOP('',(#1259,#1260,#1261,#1262));
#282=EDGE_LOOP('',(#1263));
#283=EDGE_LOOP('',(#1264));
#284=EDGE_LOOP('',(#1265,#1266,#1267,#1268));
#285=EDGE_LOOP('',(#1269,#1270,#1271,#1272));
#286=EDGE_LOOP('',(#1273));
#287=EDGE_LOOP('',(#1274));
#288=EDGE_LOOP('',(#1275,#1276));
#289=EDGE_LOOP('',(#1277,#1278));
#290=EDGE_LOOP('',(#1279,#1280,#1281,#1282,#1283,#1284));
#291=EDGE_LOOP('',(#1285,#1286,#1287,#1288));
#292=EDGE_LOOP('',(#1289));
#293=EDGE_LOOP('',(#1290));
#294=EDGE_LOOP('',(#1291,#1292));
#295=EDGE_LOOP('',(#1293,#1294));
#296=EDGE_LOOP('',(#1295,#1296,#1297,#1298,#1299,#1300));
#297=EDGE_LOOP('',(#1301,#1302,#1303,#1304));
#298=EDGE_LOOP('',(#1305));
#299=EDGE_LOOP('',(#1306));
#300=EDGE_LOOP('',(#1307,#1308));
#301=EDGE_LOOP('',(#1309,#1310));
#302=EDGE_LOOP('',(#1311,#1312,#1313,#1314,#1315,#1316));
#303=EDGE_LOOP('',(#1317,#1318,#1319,#1320));
#304=EDGE_LOOP('',(#1321));
#305=EDGE_LOOP('',(#1322));
#306=EDGE_LOOP('',(#1323,#1324));
#307=EDGE_LOOP('',(#1325,#1326));
#308=EDGE_LOOP('',(#1327,#1328,#1329,#1330,#1331,#1332));
#309=EDGE_LOOP('',(#1333,#1334,#1335,#1336));
#310=EDGE_LOOP('',(#1337));
#311=EDGE_LOOP('',(#1338));
#312=EDGE_LOOP('',(#1339,#1340));
#313=EDGE_LOOP('',(#1341,#1342));
#314=EDGE_LOOP('',(#1343,#1344,#1345,#1346,#1347,#1348));
#315=EDGE_LOOP('',(#1349,#1350,#1351,#1352));
#316=EDGE_LOOP('',(#1353));
#317=EDGE_LOOP('',(#1354));
#318=EDGE_LOOP('',(#1355,#1356));
#319=EDGE_LOOP('',(#1357,#1358));
#320=EDGE_LOOP('',(#1359,#1360,#1361,#1362,#1363,#1364));
#321=EDGE_LOOP('',(#1365,#1366,#1367,#1368));
#322=EDGE_LOOP('',(#1369));
#323=EDGE_LOOP('',(#1370));
#324=EDGE_LOOP('',(#1371,#1372));
#325=EDGE_LOOP('',(#1373,#1374));
#326=EDGE_LOOP('',(#1375,#1376,#1377,#1378,#1379,#1380));
#327=EDGE_LOOP('',(#1381,#1382,#1383,#1384));
#328=EDGE_LOOP('',(#1385));
#329=EDGE_LOOP('',(#1386));
#330=EDGE_LOOP('',(#1387,#1388));
#331=EDGE_LOOP('',(#1389,#1390));
#332=EDGE_LOOP('',(#1391,#1392,#1393,#1394,#1395,#1396));
#333=EDGE_LOOP('',(#1397,#1398,#1399,#1400));
#334=EDGE_LOOP('',(#1401));
#335=EDGE_LOOP('',(#1402));
#336=EDGE_LOOP('',(#1403,#1404));
#337=EDGE_LOOP('',(#1405,#1406));
#338=EDGE_LOOP('',(#1407,#1408,#1409,#1410,#1411,#1412));
#339=EDGE_LOOP('',(#1413,#1414,#1415,#1416));
#340=EDGE_LOOP('',(#1417));
#341=EDGE_LOOP('',(#1418));
#342=EDGE_LOOP('',(#1419,#1420));
#343=EDGE_LOOP('',(#1421,#1422));
#344=EDGE_LOOP('',(#1423,#1424,#1425,#1426,#1427,#1428));
#345=EDGE_LOOP('',(#1429,#1430,#1431,#1432));
#346=EDGE_LOOP('',(#1433));
#347=EDGE_LOOP('',(#1434));
#348=EDGE_LOOP('',(#1435,#1436));
#349=EDGE_LOOP('',(#1437,#1438));
#350=EDGE_LOOP('',(#1439,#1440,#1441,#1442,#1443,#1444));
#351=LINE('',#2081,#404);
#352=LINE('',#2159,#405);
#353=LINE('',#2237,#406);
#354=LINE('',#2315,#407);
#355=LINE('',#2393,#408);
#356=LINE('',#2473,#409);
#357=LINE('',#2557,#410);
#358=LINE('',#2635,#411);
#359=LINE('',#2721,#412);
#360=LINE('',#2799,#413);
#361=LINE('',#2877,#414);
#362=LINE('',#2957,#415);
#363=LINE('',#3041,#416);
#364=LINE('',#3119,#417);
#365=LINE('',#3197,#418);
#366=LINE('',#3275,#419);
#367=LINE('',#3353,#420);
#368=LINE('',#3431,#421);
#369=LINE('',#3509,#422);
#370=LINE('',#3587,#423);
#371=LINE('',#3673,#424);
#372=LINE('',#3751,#425);
#373=LINE('',#3801,#426);
#374=LINE('',#3802,#427);
#375=LINE('',#3803,#428);
#376=LINE('',#3804,#429);
#377=LINE('',#3806,#430);
#378=LINE('',#3811,#431);
#379=LINE('',#3815,#432);
#380=LINE('',#3818,#433);
#381=LINE('',#3824,#434);
#382=LINE('',#3862,#435);
#383=LINE('',#3978,#436);
#384=LINE('',#4016,#437);
#385=LINE('',#4132,#438);
#386=LINE('',#4170,#439);
#387=LINE('',#4286,#440);
#388=LINE('',#4324,#441);
#389=LINE('',#4440,#442);
#390=LINE('',#4478,#443);
#391=LINE('',#4594,#444);
#392=LINE('',#4632,#445);
#393=LINE('',#4748,#446);
#394=LINE('',#4786,#447);
#395=LINE('',#4902,#448);
#396=LINE('',#4940,#449);
#397=LINE('',#5056,#450);
#398=LINE('',#5094,#451);
#399=LINE('',#5210,#452);
#400=LINE('',#5248,#453);
#401=LINE('',#5364,#454);
#402=LINE('',#5402,#455);
#403=LINE('',#5518,#456);
#404=VECTOR('',#1777,2.);
#405=VECTOR('',#1780,2.);
#406=VECTOR('',#1783,2.);
#407=VECTOR('',#1786,2.);
#408=VECTOR('',#1789,2.);
#409=VECTOR('',#1792,2.);
#410=VECTOR('',#1795,2.);
#411=VECTOR('',#1798,2.);
#412=VECTOR('',#1801,2.);
#413=VECTOR('',#1804,2.);
#414=VECTOR('',#1807,2.);
#415=VECTOR('',#1810,2.);
#416=VECTOR('',#1813,2.);
#417=VECTOR('',#1816,2.);
#418=VECTOR('',#1819,2.);
#419=VECTOR('',#1822,2.);
#420=VECTOR('',#1825,2.);
#421=VECTOR('',#1828,2.);
#422=VECTOR('',#1831,2.);
#423=VECTOR('',#1834,2.);
#424=VECTOR('',#1837,2.);
#425=VECTOR('',#1840,2.);
#426=VECTOR('',#1857,5.);
#427=VECTOR('',#1858,5.);
#428=VECTOR('',#1859,5.);
#429=VECTOR('',#1860,5.);
#430=VECTOR('',#1861,5.);
#431=VECTOR('',#1868,6.75);
#432=VECTOR('',#1873,7.);
#433=VECTOR('',#1876,5.25);
#434=VECTOR('',#1885,6.75);
#435=VECTOR('',#1888,2.);
#436=VECTOR('',#1899,2.);
#437=VECTOR('',#1902,2.);
#438=VECTOR('',#1913,2.);
#439=VECTOR('',#1916,2.);
#440=VECTOR('',#1927,2.);
#441=VECTOR('',#1930,2.);
#442=VECTOR('',#1941,2.);
#443=VECTOR('',#1944,2.);
#444=VECTOR('',#1955,2.);
#445=VECTOR('',#1958,2.);
#446=VECTOR('',#1969,2.);
#447=VECTOR('',#1972,2.);
#448=VECTOR('',#1983,2.);
#449=VECTOR('',#1986,2.);
#450=VECTOR('',#1997,2.);
#451=VECTOR('',#2000,2.);
#452=VECTOR('',#2011,2.);
#453=VECTOR('',#2014,2.);
#454=VECTOR('',#2025,2.);
#455=VECTOR('',#2028,2.);
#456=VECTOR('',#2039,2.);
#457=B_SPLINE_CURVE_WITH_KNOTS('',3,(#2044,#2045,#2046,#2047,#2048,#2049,
#2050,#2051,#2052,#2053,#2054,#2055,#2056,#2057,#2058,#2059,#2060,#2061),
 .UNSPECIFIED.,.F.,.F.,(4,2,2,2,2,2,2,2,4),(-1.2203669368831,-1.14405540383257,
-1.06774387078204,-0.991509536722179,-0.915275202662323,-0.839040868602466,
-0.762806534542609,-0.686495001492079,-0.610183468441548),.UNSPECIFIED.);
#458=B_SPLINE_CURVE_WITH_KNOTS('',3,(#2062,#2063,#2064,#2065,#2066,#2067,
#2068,#2069,#2070,#2071,#2072,#2073,#2074,#2075,#2076,#2077,#2078,#2079),
 .UNSPECIFIED.,.F.,.F.,(4,2,2,2,2,2,2,2,4),(-0.610183468441548,-0.533871935391018,
-0.457560402340488,-0.381326068280631,-0.305091734220774,-0.228857400160917,
-0.15262306610106,-0.0763115330505302,0.),.UNSPECIFIED.);
#459=B_SPLINE_CURVE_WITH_KNOTS('',3,(#2083,#2084,#2085,#2086,#2087,#2088,
#2089,#2090,#2091,#2092,#2093,#2094,#2095,#2096,#2097,#2098,#2099,#2100),
 .UNSPECIFIED.,.F.,.F.,(4,2,2,2,2,2,2,2,4),(0.,0.0758042563376236,0.151608512675247,
0.227394344301023,0.303180175926799,0.378966007552575,0.454751839178351,
0.530556095515975,0.606360351853599),.UNSPECIFIED.);
#460=B_SPLINE_CURVE_WITH_KNOTS('',3,(#2101,#2102,#2103,#2104,#2105,#2106,
#2107,#2108,#2109,#2110,#2111,#2112,#2113,#2114,#2115,#2116,#2117,#2118),
 .UNSPECIFIED.,.F.,.F.,(4,2,2,2,2,2,2,2,4),(0.606360351853599,0.682164608191222,
0.757968864528846,0.833754696154622,0.909540527780398,0.985326359406174,
1.06111219103195,1.13691644736957,1.2127207037072),.UNSPECIFIED.);
#461=B_SPLINE_CURVE_WITH_KNOTS('',3,(#2122,#2123,#2124,#2125,#2126,#2127,
#2128,#2129,#2130,#2131,#2132,#2133,#2134,#2135,#2136,#2137,#2138,#2139),
 .UNSPECIFIED.,.F.,.F.,(4,2,2,2,2,2,2,2,4),(0.,0.0758042563376237,0.151608512675247,
0.227394344301023,0.3031801759268,0.378966007552576,0.454751839178352,0.530556095515975,
0.606360351853599),.UNSPECIFIED.);
#462=B_SPLINE_CURVE_WITH_KNOTS('',3,(#2140,#2141,#2142,#2143,#2144,#2145,
#2146,#2147,#2148,#2149,#2150,#2151,#2152,#2153,#2154,#2155,#2156,#2157),
 .UNSPECIFIED.,.F.,.F.,(4,2,2,2,2,2,2,2,4),(0.606360351853599,0.682164608191223,
0.757968864528846,0.833754696154622,0.909540527780399,0.985326359406175,
1.06111219103195,1.13691644736957,1.2127207037072),.UNSPECIFIED.);
#463=B_SPLINE_CURVE_WITH_KNOTS('',3,(#2161,#2162,#2163,#2164,#2165,#2166,
#2167,#2168,#2169,#2170,#2171,#2172,#2173,#2174,#2175,#2176,#2177,#2178),
 .UNSPECIFIED.,.F.,.F.,(4,2,2,2,2,2,2,2,4),(-1.2203669368831,-1.14405540383257,
-1.06774387078204,-0.991509536722179,-0.915275202662322,-0.839040868602465,
-0.762806534542608,-0.686495001492078,-0.610183468441548),.UNSPECIFIED.);
#464=B_SPLINE_CURVE_WITH_KNOTS('',3,(#2179,#2180,#2181,#2182,#2183,#2184,
#2185,#2186,#2187,#2188,#2189,#2190,#2191,#2192,#2193,#2194,#2195,#2196),
 .UNSPECIFIED.,.F.,.F.,(4,2,2,2,2,2,2,2,4),(-0.610183468441548,-0.533871935391018,
-0.457560402340488,-0.381326068280631,-0.305091734220774,-0.228857400160917,
-0.15262306610106,-0.0763115330505302,0.),.UNSPECIFIED.);
#465=B_SPLINE_CURVE_WITH_KNOTS('',3,(#2200,#2201,#2202,#2203,#2204,#2205,
#2206,#2207,#2208,#2209,#2210,#2211,#2212,#2213,#2214,#2215,#2216,#2217),
 .UNSPECIFIED.,.F.,.F.,(4,2,2,2,2,2,2,2,4),(0.,0.0758042563376236,0.151608512675247,
0.227394344301023,0.303180175926799,0.378966007552575,0.454751839178351,
0.530556095515975,0.606360351853599),.UNSPECIFIED.);
#466=B_SPLINE_CURVE_WITH_KNOTS('',3,(#2218,#2219,#2220,#2221,#2222,#2223,
#2224,#2225,#2226,#2227,#2228,#2229,#2230,#2231,#2232,#2233,#2234,#2235),
 .UNSPECIFIED.,.F.,.F.,(4,2,2,2,2,2,2,2,4),(0.606360351853599,0.682164608191222,
0.757968864528846,0.833754696154622,0.909540527780398,0.985326359406174,
1.06111219103195,1.13691644736957,1.2127207037072),.UNSPECIFIED.);
#467=B_SPLINE_CURVE_WITH_KNOTS('',3,(#2239,#2240,#2241,#2242,#2243,#2244,
#2245,#2246,#2247,#2248,#2249,#2250,#2251,#2252,#2253,#2254,#2255,#2256),
 .UNSPECIFIED.,.F.,.F.,(4,2,2,2,2,2,2,2,4),(-1.2203669368831,-1.14405540383257,
-1.06774387078204,-0.991509536722179,-0.915275202662322,-0.839040868602466,
-0.762806534542609,-0.686495001492079,-0.610183468441548),.UNSPECIFIED.);
#468=B_SPLINE_CURVE_WITH_KNOTS('',3,(#2257,#2258,#2259,#2260,#2261,#2262,
#2263,#2264,#2265,#2266,#2267,#2268,#2269,#2270,#2271,#2272,#2273,#2274),
 .UNSPECIFIED.,.F.,.F.,(4,2,2,2,2,2,2,2,4),(-0.610183468441548,-0.533871935391018,
-0.457560402340488,-0.381326068280631,-0.305091734220774,-0.228857400160917,
-0.15262306610106,-0.0763115330505302,0.),.UNSPECIFIED.);
#469=B_SPLINE_CURVE_WITH_KNOTS('',3,(#2278,#2279,#2280,#2281,#2282,#2283,
#2284,#2285,#2286,#2287,#2288,#2289,#2290,#2291,#2292,#2293,#2294,#2295),
 .UNSPECIFIED.,.F.,.F.,(4,2,2,2,2,2,2,2,4),(0.,0.0758042563376237,0.151608512675247,
0.227394344301023,0.303180175926799,0.378966007552575,0.454751839178351,
0.530556095515975,0.606360351853599),.UNSPECIFIED.);
#470=B_SPLINE_CURVE_WITH_KNOTS('',3,(#2296,#2297,#2298,#2299,#2300,#2301,
#2302,#2303,#2304,#2305,#2306,#2307,#2308,#2309,#2310,#2311,#2312,#2313),
 .UNSPECIFIED.,.F.,.F.,(4,2,2,2,2,2,2,2,4),(0.606360351853599,0.682164608191222,
0.757968864528846,0.833754696154622,0.909540527780398,0.985326359406174,
1.06111219103195,1.13691644736957,1.2127207037072),.UNSPECIFIED.);
#471=B_SPLINE_CURVE_WITH_KNOTS('',3,(#2317,#2318,#2319,#2320,#2321,#2322,
#2323,#2324,#2325,#2326,#2327,#2328,#2329,#2330,#2331,#2332,#2333,#2334),
 .UNSPECIFIED.,.F.,.F.,(4,2,2,2,2,2,2,2,4),(-1.2203669368831,-1.14405540383257,
-1.06774387078204,-0.991509536722179,-0.915275202662322,-0.839040868602466,
-0.762806534542609,-0.686495001492078,-0.610183468441548),.UNSPECIFIED.);
#472=B_SPLINE_CURVE_WITH_KNOTS('',3,(#2335,#2336,#2337,#2338,#2339,#2340,
#2341,#2342,#2343,#2344,#2345,#2346,#2347,#2348,#2349,#2350,#2351,#2352),
 .UNSPECIFIED.,.F.,.F.,(4,2,2,2,2,2,2,2,4),(-0.610183468441548,-0.533871935391018,
-0.457560402340488,-0.381326068280631,-0.305091734220774,-0.228857400160917,
-0.152623066101061,-0.0763115330505303,0.),.UNSPECIFIED.);
#473=B_SPLINE_CURVE_WITH_KNOTS('',3,(#2356,#2357,#2358,#2359,#2360,#2361,
#2362,#2363,#2364,#2365,#2366,#2367,#2368,#2369,#2370,#2371,#2372,#2373),
 .UNSPECIFIED.,.F.,.F.,(4,2,2,2,2,2,2,2,4),(-1.2203669368831,-1.14405540383257,
-1.06774387078204,-0.991509536722179,-0.915275202662322,-0.839040868602466,
-0.762806534542609,-0.686495001492078,-0.610183468441548),.UNSPECIFIED.);
#474=B_SPLINE_CURVE_WITH_KNOTS('',3,(#2374,#2375,#2376,#2377,#2378,#2379,
#2380,#2381,#2382,#2383,#2384,#2385,#2386,#2387,#2388,#2389,#2390,#2391),
 .UNSPECIFIED.,.F.,.F.,(4,2,2,2,2,2,2,2,4),(-0.610183468441548,-0.533871935391018,
-0.457560402340488,-0.381326068280631,-0.305091734220774,-0.228857400160917,
-0.15262306610106,-0.0763115330505302,0.),.UNSPECIFIED.);
#475=B_SPLINE_CURVE_WITH_KNOTS('',3,(#2395,#2396,#2397,#2398,#2399,#2400,
#2401,#2402,#2403,#2404,#2405,#2406,#2407,#2408,#2409,#2410,#2411,#2412),
 .UNSPECIFIED.,.F.,.F.,(4,2,2,2,2,2,2,2,4),(0.,0.0758042563376237,0.151608512675247,
0.227394344301023,0.303180175926799,0.378966007552575,0.454751839178352,
0.530556095515975,0.606360351853599),.UNSPECIFIED.);
#476=B_SPLINE_CURVE_WITH_KNOTS('',3,(#2413,#2414,#2415,#2416,#2417,#2418,
#2419,#2420,#2421,#2422,#2423,#2424,#2425,#2426,#2427,#2428,#2429,#2430),
 .UNSPECIFIED.,.F.,.F.,(4,2,2,2,2,2,2,2,4),(0.606360351853599,0.682164608191222,
0.757968864528846,0.833754696154622,0.909540527780398,0.985326359406174,
1.06111219103195,1.13691644736957,1.2127207037072),.UNSPECIFIED.);
#477=B_SPLINE_CURVE_WITH_KNOTS('',3,(#2434,#2435,#2436,#2437,#2438,#2439,
#2440,#2441,#2442,#2443,#2444,#2445,#2446,#2447,#2448,#2449,#2450,#2451,
#2452,#2453,#2454,#2455,#2456,#2457,#2458,#2459,#2460,#2461,#2462,#2463,
#2464),.UNSPECIFIED.,.F.,.F.,(4,2,2,2,2,2,2,3,2,2,2,2,2,2,4),(0.743215799548095,
0.762806534542609,0.839040868602466,0.915275202662322,0.991509536722179,
1.06774387078204,1.14405540383257,1.2203669368831,1.29667846993363,1.37299000298416,
1.44922433704401,1.52545867110387,1.60169300516373,1.67792733922358,1.69751807470614),
 .UNSPECIFIED.);
#478=B_SPLINE_CURVE_WITH_KNOTS('',3,(#2466,#2467,#2468,#2469,#2470,#2471),
 .UNSPECIFIED.,.F.,.F.,(4,2,4),(0.477151137823045,0.533871935391018,0.610183468441548),
 .UNSPECIFIED.);
#479=B_SPLINE_CURVE_WITH_KNOTS('',3,(#2475,#2476,#2477,#2478,#2479,#2480,
#2481,#2482,#2483,#2484,#2485,#2486,#2487,#2488,#2489,#2490,#2491,#2492),
 .UNSPECIFIED.,.F.,.F.,(4,2,2,2,2,2,2,2,4),(0.,0.0758042563376236,0.151608512675247,
0.227394344301023,0.303180175926799,0.378966007552575,0.454751839178351,
0.530556095515975,0.606360351853599),.UNSPECIFIED.);
#480=B_SPLINE_CURVE_WITH_KNOTS('',3,(#2493,#2494,#2495,#2496,#2497,#2498,
#2499,#2500,#2501,#2502,#2503,#2504,#2505,#2506,#2507,#2508,#2509,#2510),
 .UNSPECIFIED.,.F.,.F.,(4,2,2,2,2,2,2,2,4),(0.606360351853599,0.682164608191223,
0.757968864528846,0.833754696154622,0.909540527780398,0.985326359406174,
1.06111219103195,1.13691644736957,1.2127207037072),.UNSPECIFIED.);
#481=B_SPLINE_CURVE_WITH_KNOTS('',3,(#2511,#2512,#2513,#2514,#2515,#2516),
 .UNSPECIFIED.,.F.,.F.,(4,2,4),(0.610183468441548,0.686495001492079,0.743215799548095),
 .UNSPECIFIED.);
#482=B_SPLINE_CURVE_WITH_KNOTS('',3,(#2520,#2521,#2522,#2523,#2524,#2525,
#2526,#2527,#2528,#2529,#2530,#2531,#2532,#2533,#2534,#2535,#2536,#2537),
 .UNSPECIFIED.,.F.,.F.,(4,2,2,2,2,2,2,2,4),(-1.2203669368831,-1.14405540383257,
-1.06774387078204,-0.991509536722179,-0.915275202662322,-0.839040868602466,
-0.762806534542609,-0.686495001492079,-0.610183468441548),.UNSPECIFIED.);
#483=B_SPLINE_CURVE_WITH_KNOTS('',3,(#2538,#2539,#2540,#2541,#2542,#2543,
#2544,#2545,#2546,#2547,#2548,#2549,#2550,#2551,#2552,#2553,#2554,#2555),
 .UNSPECIFIED.,.F.,.F.,(4,2,2,2,2,2,2,2,4),(-0.610183468441548,-0.533871935391018,
-0.457560402340488,-0.381326068280631,-0.305091734220774,-0.228857400160917,
-0.152623066101061,-0.0763115330505303,0.),.UNSPECIFIED.);
#484=B_SPLINE_CURVE_WITH_KNOTS('',3,(#2559,#2560,#2561,#2562,#2563,#2564,
#2565,#2566,#2567,#2568,#2569,#2570,#2571,#2572,#2573,#2574,#2575,#2576),
 .UNSPECIFIED.,.F.,.F.,(4,2,2,2,2,2,2,2,4),(0.,0.0758042563376238,0.151608512675248,
0.227394344301024,0.303180175926799,0.378966007552576,0.454751839178352,
0.530556095515975,0.606360351853599),.UNSPECIFIED.);
#485=B_SPLINE_CURVE_WITH_KNOTS('',3,(#2577,#2578,#2579,#2580,#2581,#2582,
#2583,#2584,#2585,#2586,#2587,#2588,#2589,#2590,#2591,#2592,#2593,#2594),
 .UNSPECIFIED.,.F.,.F.,(4,2,2,2,2,2,2,2,4),(0.606360351853599,0.682164608191222,
0.757968864528846,0.833754696154622,0.909540527780398,0.985326359406174,
1.06111219103195,1.13691644736957,1.2127207037072),.UNSPECIFIED.);
#486=B_SPLINE_CURVE_WITH_KNOTS('',3,(#2598,#2599,#2600,#2601,#2602,#2603,
#2604,#2605,#2606,#2607,#2608,#2609,#2610,#2611,#2612,#2613,#2614,#2615),
 .UNSPECIFIED.,.F.,.F.,(4,2,2,2,2,2,2,2,4),(0.,0.0758042563376236,0.151608512675247,
0.227394344301023,0.303180175926799,0.378966007552575,0.454751839178351,
0.530556095515975,0.606360351853599),.UNSPECIFIED.);
#487=B_SPLINE_CURVE_WITH_KNOTS('',3,(#2616,#2617,#2618,#2619,#2620,#2621,
#2622,#2623,#2624,#2625,#2626,#2627,#2628,#2629,#2630,#2631,#2632,#2633),
 .UNSPECIFIED.,.F.,.F.,(4,2,2,2,2,2,2,2,4),(0.606360351853599,0.682164608191222,
0.757968864528846,0.833754696154622,0.909540527780399,0.985326359406175,
1.06111219103195,1.13691644736957,1.2127207037072),.UNSPECIFIED.);
#488=B_SPLINE_CURVE_WITH_KNOTS('',3,(#2637,#2638,#2639,#2640,#2641,#2642),
 .UNSPECIFIED.,.F.,.F.,(4,2,4),(0.610183468441548,0.686495001492079,0.743215799548095),
 .UNSPECIFIED.);
#489=B_SPLINE_CURVE_WITH_KNOTS('',3,(#2644,#2645,#2646,#2647,#2648,#2649,
#2650,#2651,#2652,#2653,#2654,#2655,#2656,#2657,#2658,#2659,#2660,#2661,
#2662,#2663,#2664,#2665,#2666,#2667,#2668,#2669,#2670,#2671,#2672,#2673,
#2674),.UNSPECIFIED.,.F.,.F.,(4,2,2,2,2,2,2,3,2,2,2,2,2,2,4),(0.743215799548095,
0.762806534542609,0.839040868602466,0.915275202662322,0.991509536722179,
1.06774387078204,1.14405540383257,1.2203669368831,1.29667846993363,1.37299000298416,
1.44922433704401,1.52545867110387,1.60169300516373,1.67792733922358,1.69751807470614),
 .UNSPECIFIED.);
#490=B_SPLINE_CURVE_WITH_KNOTS('',3,(#2675,#2676,#2677,#2678,#2679,#2680),
 .UNSPECIFIED.,.F.,.F.,(4,2,4),(0.477151137823045,0.533871935391018,0.610183468441548),
 .UNSPECIFIED.);
#491=B_SPLINE_CURVE_WITH_KNOTS('',3,(#2684,#2685,#2686,#2687,#2688,#2689,
#2690,#2691,#2692,#2693,#2694,#2695,#2696,#2697,#2698,#2699,#2700,#2701),
 .UNSPECIFIED.,.F.,.F.,(4,2,2,2,2,2,2,2,4),(-1.2203669368831,-1.14405540383257,
-1.06774387078204,-0.991509536722179,-0.915275202662322,-0.839040868602466,
-0.762806534542609,-0.686495001492079,-0.610183468441548),.UNSPECIFIED.);
#492=B_SPLINE_CURVE_WITH_KNOTS('',3,(#2702,#2703,#2704,#2705,#2706,#2707,
#2708,#2709,#2710,#2711,#2712,#2713,#2714,#2715,#2716,#2717,#2718,#2719),
 .UNSPECIFIED.,.F.,.F.,(4,2,2,2,2,2,2,2,4),(-0.610183468441548,-0.533871935391018,
-0.457560402340488,-0.381326068280631,-0.305091734220774,-0.228857400160917,
-0.152623066101061,-0.0763115330505303,0.),.UNSPECIFIED.);
#493=B_SPLINE_CURVE_WITH_KNOTS('',3,(#2723,#2724,#2725,#2726,#2727,#2728,
#2729,#2730,#2731,#2732,#2733,#2734,#2735,#2736,#2737,#2738,#2739,#2740),
 .UNSPECIFIED.,.F.,.F.,(4,2,2,2,2,2,2,2,4),(0.,0.0758042563376238,0.151608512675248,
0.227394344301024,0.3031801759268,0.378966007552576,0.454751839178352,0.530556095515975,
0.606360351853599),.UNSPECIFIED.);
#494=B_SPLINE_CURVE_WITH_KNOTS('',3,(#2741,#2742,#2743,#2744,#2745,#2746,
#2747,#2748,#2749,#2750,#2751,#2752,#2753,#2754,#2755,#2756,#2757,#2758),
 .UNSPECIFIED.,.F.,.F.,(4,2,2,2,2,2,2,2,4),(0.606360351853599,0.682164608191222,
0.757968864528846,0.833754696154622,0.909540527780398,0.985326359406174,
1.06111219103195,1.13691644736957,1.2127207037072),.UNSPECIFIED.);
#495=B_SPLINE_CURVE_WITH_KNOTS('',3,(#2762,#2763,#2764,#2765,#2766,#2767,
#2768,#2769,#2770,#2771,#2772,#2773,#2774,#2775,#2776,#2777,#2778,#2779),
 .UNSPECIFIED.,.F.,.F.,(4,2,2,2,2,2,2,2,4),(0.,0.0758042563376236,0.151608512675247,
0.227394344301023,0.303180175926799,0.378966007552575,0.454751839178351,
0.530556095515975,0.606360351853599),.UNSPECIFIED.);
#496=B_SPLINE_CURVE_WITH_KNOTS('',3,(#2780,#2781,#2782,#2783,#2784,#2785,
#2786,#2787,#2788,#2789,#2790,#2791,#2792,#2793,#2794,#2795,#2796,#2797),
 .UNSPECIFIED.,.F.,.F.,(4,2,2,2,2,2,2,2,4),(0.606360351853599,0.682164608191222,
0.757968864528846,0.833754696154622,0.909540527780398,0.985326359406174,
1.06111219103195,1.13691644736957,1.2127207037072),.UNSPECIFIED.);
#497=B_SPLINE_CURVE_WITH_KNOTS('',3,(#2801,#2802,#2803,#2804,#2805,#2806,
#2807,#2808,#2809,#2810,#2811,#2812,#2813,#2814,#2815,#2816,#2817,#2818),
 .UNSPECIFIED.,.F.,.F.,(4,2,2,2,2,2,2,2,4),(-1.2203669368831,-1.14405540383257,
-1.06774387078204,-0.991509536722179,-0.915275202662323,-0.839040868602466,
-0.762806534542609,-0.686495001492079,-0.610183468441548),.UNSPECIFIED.);
#498=B_SPLINE_CURVE_WITH_KNOTS('',3,(#2819,#2820,#2821,#2822,#2823,#2824,
#2825,#2826,#2827,#2828,#2829,#2830,#2831,#2832,#2833,#2834,#2835,#2836),
 .UNSPECIFIED.,.F.,.F.,(4,2,2,2,2,2,2,2,4),(-0.610183468441548,-0.533871935391018,
-0.457560402340488,-0.381326068280631,-0.305091734220774,-0.228857400160917,
-0.15262306610106,-0.0763115330505302,0.),.UNSPECIFIED.);
#499=B_SPLINE_CURVE_WITH_KNOTS('',3,(#2840,#2841,#2842,#2843,#2844,#2845,
#2846,#2847,#2848,#2849,#2850,#2851,#2852,#2853,#2854,#2855,#2856,#2857),
 .UNSPECIFIED.,.F.,.F.,(4,2,2,2,2,2,2,2,4),(-1.2203669368831,-1.14405540383257,
-1.06774387078204,-0.991509536722179,-0.915275202662322,-0.839040868602466,
-0.762806534542609,-0.686495001492079,-0.610183468441548),.UNSPECIFIED.);
#500=B_SPLINE_CURVE_WITH_KNOTS('',3,(#2858,#2859,#2860,#2861,#2862,#2863,
#2864,#2865,#2866,#2867,#2868,#2869,#2870,#2871,#2872,#2873,#2874,#2875),
 .UNSPECIFIED.,.F.,.F.,(4,2,2,2,2,2,2,2,4),(-0.610183468441548,-0.533871935391018,
-0.457560402340488,-0.381326068280631,-0.305091734220774,-0.228857400160917,
-0.152623066101061,-0.0763115330505303,0.),.UNSPECIFIED.);
#501=B_SPLINE_CURVE_WITH_KNOTS('',3,(#2879,#2880,#2881,#2882,#2883,#2884,
#2885,#2886,#2887,#2888,#2889,#2890,#2891,#2892,#2893,#2894,#2895,#2896),
 .UNSPECIFIED.,.F.,.F.,(4,2,2,2,2,2,2,2,4),(0.,0.0758042563376237,0.151608512675247,
0.227394344301023,0.303180175926799,0.378966007552576,0.454751839178352,
0.530556095515975,0.606360351853599),.UNSPECIFIED.);
#502=B_SPLINE_CURVE_WITH_KNOTS('',3,(#2897,#2898,#2899,#2900,#2901,#2902,
#2903,#2904,#2905,#2906,#2907,#2908,#2909,#2910,#2911,#2912,#2913,#2914),
 .UNSPECIFIED.,.F.,.F.,(4,2,2,2,2,2,2,2,4),(0.606360351853599,0.682164608191223,
0.757968864528846,0.833754696154622,0.909540527780399,0.985326359406175,
1.06111219103195,1.13691644736957,1.2127207037072),.UNSPECIFIED.);
#503=B_SPLINE_CURVE_WITH_KNOTS('',3,(#2918,#2919,#2920,#2921,#2922,#2923,
#2924,#2925,#2926,#2927,#2928,#2929,#2930,#2931,#2932,#2933,#2934,#2935,
#2936,#2937,#2938,#2939,#2940,#2941,#2942,#2943,#2944,#2945,#2946,#2947,
#2948),.UNSPECIFIED.,.F.,.F.,(4,2,2,2,2,2,2,3,2,2,2,2,2,2,4),(0.743215799548095,
0.762806534542609,0.839040868602465,0.915275202662322,0.991509536722179,
1.06774387078204,1.14405540383257,1.2203669368831,1.29667846993363,1.37299000298416,
1.44922433704401,1.52545867110387,1.60169300516373,1.67792733922358,1.69751807470614),
 .UNSPECIFIED.);
#504=B_SPLINE_CURVE_WITH_KNOTS('',3,(#2950,#2951,#2952,#2953,#2954,#2955),
 .UNSPECIFIED.,.F.,.F.,(4,2,4),(0.477151137823041,0.533871935391018,0.610183468441548),
 .UNSPECIFIED.);
#505=B_SPLINE_CURVE_WITH_KNOTS('',3,(#2959,#2960,#2961,#2962,#2963,#2964,
#2965,#2966,#2967,#2968,#2969,#2970,#2971,#2972,#2973,#2974,#2975,#2976),
 .UNSPECIFIED.,.F.,.F.,(4,2,2,2,2,2,2,2,4),(0.,0.0758042563376236,0.151608512675247,
0.227394344301023,0.303180175926799,0.378966007552575,0.454751839178351,
0.530556095515975,0.606360351853599),.UNSPECIFIED.);
#506=B_SPLINE_CURVE_WITH_KNOTS('',3,(#2977,#2978,#2979,#2980,#2981,#2982,
#2983,#2984,#2985,#2986,#2987,#2988,#2989,#2990,#2991,#2992,#2993,#2994),
 .UNSPECIFIED.,.F.,.F.,(4,2,2,2,2,2,2,2,4),(0.606360351853599,0.682164608191222,
0.757968864528846,0.833754696154622,0.909540527780398,0.985326359406174,
1.06111219103195,1.13691644736957,1.2127207037072),.UNSPECIFIED.);
#507=B_SPLINE_CURVE_WITH_KNOTS('',3,(#2995,#2996,#2997,#2998,#2999,#3000),
 .UNSPECIFIED.,.F.,.F.,(4,2,4),(0.610183468441548,0.686495001492078,0.743215799548095),
 .UNSPECIFIED.);
#508=B_SPLINE_CURVE_WITH_KNOTS('',3,(#3004,#3005,#3006,#3007,#3008,#3009,
#3010,#3011,#3012,#3013,#3014,#3015,#3016,#3017,#3018,#3019,#3020,#3021),
 .UNSPECIFIED.,.F.,.F.,(4,2,2,2,2,2,2,2,4),(0.,0.0758042563376237,0.151608512675247,
0.227394344301023,0.303180175926799,0.378966007552575,0.454751839178351,
0.530556095515975,0.606360351853599),.UNSPECIFIED.);
#509=B_SPLINE_CURVE_WITH_KNOTS('',3,(#3022,#3023,#3024,#3025,#3026,#3027,
#3028,#3029,#3030,#3031,#3032,#3033,#3034,#3035,#3036,#3037,#3038,#3039),
 .UNSPECIFIED.,.F.,.F.,(4,2,2,2,2,2,2,2,4),(0.606360351853599,0.682164608191222,
0.757968864528846,0.833754696154622,0.909540527780398,0.985326359406174,
1.06111219103195,1.13691644736957,1.2127207037072),.UNSPECIFIED.);
#510=B_SPLINE_CURVE_WITH_KNOTS('',3,(#3043,#3044,#3045,#3046,#3047,#3048,
#3049,#3050,#3051,#3052,#3053,#3054,#3055,#3056,#3057,#3058,#3059,#3060),
 .UNSPECIFIED.,.F.,.F.,(4,2,2,2,2,2,2,2,4),(-1.2203669368831,-1.14405540383257,
-1.06774387078204,-0.991509536722179,-0.915275202662322,-0.839040868602466,
-0.762806534542609,-0.686495001492079,-0.610183468441548),.UNSPECIFIED.);
#511=B_SPLINE_CURVE_WITH_KNOTS('',3,(#3061,#3062,#3063,#3064,#3065,#3066,
#3067,#3068,#3069,#3070,#3071,#3072,#3073,#3074,#3075,#3076,#3077,#3078),
 .UNSPECIFIED.,.F.,.F.,(4,2,2,2,2,2,2,2,4),(-0.610183468441548,-0.533871935391018,
-0.457560402340488,-0.381326068280631,-0.305091734220774,-0.228857400160917,
-0.15262306610106,-0.0763115330505302,0.),.UNSPECIFIED.);
#512=B_SPLINE_CURVE_WITH_KNOTS('',3,(#3082,#3083,#3084,#3085,#3086,#3087,
#3088,#3089,#3090,#3091,#3092,#3093,#3094,#3095,#3096,#3097,#3098,#3099),
 .UNSPECIFIED.,.F.,.F.,(4,2,2,2,2,2,2,2,4),(0.,0.0758042563376237,0.151608512675247,
0.227394344301024,0.3031801759268,0.378966007552576,0.454751839178352,0.530556095515976,
0.606360351853599),.UNSPECIFIED.);
#513=B_SPLINE_CURVE_WITH_KNOTS('',3,(#3100,#3101,#3102,#3103,#3104,#3105,
#3106,#3107,#3108,#3109,#3110,#3111,#3112,#3113,#3114,#3115,#3116,#3117),
 .UNSPECIFIED.,.F.,.F.,(4,2,2,2,2,2,2,2,4),(0.606360351853599,0.682164608191223,
0.757968864528846,0.833754696154622,0.909540527780399,0.985326359406175,
1.06111219103195,1.13691644736957,1.2127207037072),.UNSPECIFIED.);
#514=B_SPLINE_CURVE_WITH_KNOTS('',3,(#3121,#3122,#3123,#3124,#3125,#3126,
#3127,#3128,#3129,#3130,#3131,#3132,#3133,#3134,#3135,#3136,#3137,#3138),
 .UNSPECIFIED.,.F.,.F.,(4,2,2,2,2,2,2,2,4),(-1.2203669368831,-1.14405540383257,
-1.06774387078204,-0.991509536722179,-0.915275202662322,-0.839040868602465,
-0.762806534542608,-0.686495001492078,-0.610183468441548),.UNSPECIFIED.);
#515=B_SPLINE_CURVE_WITH_KNOTS('',3,(#3139,#3140,#3141,#3142,#3143,#3144,
#3145,#3146,#3147,#3148,#3149,#3150,#3151,#3152,#3153,#3154,#3155,#3156),
 .UNSPECIFIED.,.F.,.F.,(4,2,2,2,2,2,2,2,4),(-0.610183468441548,-0.533871935391018,
-0.457560402340488,-0.381326068280631,-0.305091734220774,-0.228857400160917,
-0.15262306610106,-0.0763115330505302,0.),.UNSPECIFIED.);
#516=B_SPLINE_CURVE_WITH_KNOTS('',3,(#3160,#3161,#3162,#3163,#3164,#3165,
#3166,#3167,#3168,#3169,#3170,#3171,#3172,#3173,#3174,#3175,#3176,#3177),
 .UNSPECIFIED.,.F.,.F.,(4,2,2,2,2,2,2,2,4),(-1.2203669368831,-1.14405540383257,
-1.06774387078204,-0.991509536722179,-0.915275202662322,-0.839040868602465,
-0.762806534542608,-0.686495001492078,-0.610183468441548),.UNSPECIFIED.);
#517=B_SPLINE_CURVE_WITH_KNOTS('',3,(#3178,#3179,#3180,#3181,#3182,#3183,
#3184,#3185,#3186,#3187,#3188,#3189,#3190,#3191,#3192,#3193,#3194,#3195),
 .UNSPECIFIED.,.F.,.F.,(4,2,2,2,2,2,2,2,4),(-0.610183468441548,-0.533871935391018,
-0.457560402340488,-0.381326068280631,-0.305091734220774,-0.228857400160917,
-0.15262306610106,-0.0763115330505302,0.),.UNSPECIFIED.);
#518=B_SPLINE_CURVE_WITH_KNOTS('',3,(#3199,#3200,#3201,#3202,#3203,#3204,
#3205,#3206,#3207,#3208,#3209,#3210,#3211,#3212,#3213,#3214,#3215,#3216),
 .UNSPECIFIED.,.F.,.F.,(4,2,2,2,2,2,2,2,4),(0.,0.0758042563376235,0.151608512675247,
0.227394344301023,0.303180175926799,0.378966007552575,0.454751839178351,
0.530556095515975,0.606360351853598),.UNSPECIFIED.);
#519=B_SPLINE_CURVE_WITH_KNOTS('',3,(#3217,#3218,#3219,#3220,#3221,#3222,
#3223,#3224,#3225,#3226,#3227,#3228,#3229,#3230,#3231,#3232,#3233,#3234),
 .UNSPECIFIED.,.F.,.F.,(4,2,2,2,2,2,2,2,4),(0.606360351853598,0.682164608191222,
0.757968864528846,0.833754696154622,0.909540527780398,0.985326359406174,
1.06111219103195,1.13691644736957,1.2127207037072),.UNSPECIFIED.);
#520=B_SPLINE_CURVE_WITH_KNOTS('',3,(#3238,#3239,#3240,#3241,#3242,#3243,
#3244,#3245,#3246,#3247,#3248,#3249,#3250,#3251,#3252,#3253,#3254,#3255),
 .UNSPECIFIED.,.F.,.F.,(4,2,2,2,2,2,2,2,4),(0.,0.0758042563376236,0.151608512675247,
0.227394344301023,0.3031801759268,0.378966007552575,0.454751839178351,0.530556095515975,
0.606360351853599),.UNSPECIFIED.);
#521=B_SPLINE_CURVE_WITH_KNOTS('',3,(#3256,#3257,#3258,#3259,#3260,#3261,
#3262,#3263,#3264,#3265,#3266,#3267,#3268,#3269,#3270,#3271,#3272,#3273),
 .UNSPECIFIED.,.F.,.F.,(4,2,2,2,2,2,2,2,4),(0.606360351853599,0.682164608191223,
0.757968864528846,0.833754696154622,0.909540527780398,0.985326359406175,
1.06111219103195,1.13691644736957,1.2127207037072),.UNSPECIFIED.);
#522=B_SPLINE_CURVE_WITH_KNOTS('',3,(#3277,#3278,#3279,#3280,#3281,#3282,
#3283,#3284,#3285,#3286,#3287,#3288,#3289,#3290,#3291,#3292,#3293,#3294),
 .UNSPECIFIED.,.F.,.F.,(4,2,2,2,2,2,2,2,4),(-1.2203669368831,-1.14405540383257,
-1.06774387078204,-0.99150953672218,-0.915275202662323,-0.839040868602466,
-0.762806534542609,-0.686495001492079,-0.610183468441549),.UNSPECIFIED.);
#523=B_SPLINE_CURVE_WITH_KNOTS('',3,(#3295,#3296,#3297,#3298,#3299,#3300,
#3301,#3302,#3303,#3304,#3305,#3306,#3307,#3308,#3309,#3310,#3311,#3312),
 .UNSPECIFIED.,.F.,.F.,(4,2,2,2,2,2,2,2,4),(-0.610183468441549,-0.533871935391018,
-0.457560402340488,-0.381326068280631,-0.305091734220774,-0.228857400160917,
-0.15262306610106,-0.0763115330505302,0.),.UNSPECIFIED.);
#524=B_SPLINE_CURVE_WITH_KNOTS('',3,(#3316,#3317,#3318,#3319,#3320,#3321,
#3322,#3323,#3324,#3325,#3326,#3327,#3328,#3329,#3330,#3331,#3332,#3333),
 .UNSPECIFIED.,.F.,.F.,(4,2,2,2,2,2,2,2,4),(0.,0.0758042563376235,0.151608512675247,
0.227394344301023,0.303180175926799,0.378966007552575,0.454751839178351,
0.530556095515975,0.606360351853598),.UNSPECIFIED.);
#525=B_SPLINE_CURVE_WITH_KNOTS('',3,(#3334,#3335,#3336,#3337,#3338,#3339,
#3340,#3341,#3342,#3343,#3344,#3345,#3346,#3347,#3348,#3349,#3350,#3351),
 .UNSPECIFIED.,.F.,.F.,(4,2,2,2,2,2,2,2,4),(0.606360351853598,0.682164608191222,
0.757968864528846,0.833754696154622,0.909540527780398,0.985326359406174,
1.06111219103195,1.13691644736957,1.2127207037072),.UNSPECIFIED.);
#526=B_SPLINE_CURVE_WITH_KNOTS('',3,(#3355,#3356,#3357,#3358,#3359,#3360,
#3361,#3362,#3363,#3364,#3365,#3366,#3367,#3368,#3369,#3370,#3371,#3372),
 .UNSPECIFIED.,.F.,.F.,(4,2,2,2,2,2,2,2,4),(-1.2203669368831,-1.14405540383257,
-1.06774387078204,-0.991509536722179,-0.915275202662322,-0.839040868602465,
-0.762806534542608,-0.686495001492078,-0.610183468441548),.UNSPECIFIED.);
#527=B_SPLINE_CURVE_WITH_KNOTS('',3,(#3373,#3374,#3375,#3376,#3377,#3378,
#3379,#3380,#3381,#3382,#3383,#3384,#3385,#3386,#3387,#3388,#3389,#3390),
 .UNSPECIFIED.,.F.,.F.,(4,2,2,2,2,2,2,2,4),(-0.610183468441548,-0.533871935391018,
-0.457560402340488,-0.381326068280631,-0.305091734220774,-0.228857400160917,
-0.15262306610106,-0.0763115330505302,0.),.UNSPECIFIED.);
#528=B_SPLINE_CURVE_WITH_KNOTS('',3,(#3394,#3395,#3396,#3397,#3398,#3399,
#3400,#3401,#3402,#3403,#3404,#3405,#3406,#3407,#3408,#3409,#3410,#3411),
 .UNSPECIFIED.,.F.,.F.,(4,2,2,2,2,2,2,2,4),(-1.2203669368831,-1.14405540383257,
-1.06774387078204,-0.991509536722179,-0.915275202662323,-0.839040868602466,
-0.762806534542609,-0.686495001492079,-0.610183468441548),.UNSPECIFIED.);
#529=B_SPLINE_CURVE_WITH_KNOTS('',3,(#3412,#3413,#3414,#3415,#3416,#3417,
#3418,#3419,#3420,#3421,#3422,#3423,#3424,#3425,#3426,#3427,#3428,#3429),
 .UNSPECIFIED.,.F.,.F.,(4,2,2,2,2,2,2,2,4),(-0.610183468441548,-0.533871935391018,
-0.457560402340488,-0.381326068280631,-0.305091734220774,-0.228857400160917,
-0.152623066101061,-0.0763115330505303,0.),.UNSPECIFIED.);
#530=B_SPLINE_CURVE_WITH_KNOTS('',3,(#3433,#3434,#3435,#3436,#3437,#3438,
#3439,#3440,#3441,#3442,#3443,#3444,#3445,#3446,#3447,#3448,#3449,#3450),
 .UNSPECIFIED.,.F.,.F.,(4,2,2,2,2,2,2,2,4),(0.,0.0758042563376236,0.151608512675247,
0.227394344301023,0.303180175926799,0.378966007552576,0.454751839178352,
0.530556095515975,0.606360351853599),.UNSPECIFIED.);
#531=B_SPLINE_CURVE_WITH_KNOTS('',3,(#3451,#3452,#3453,#3454,#3455,#3456,
#3457,#3458,#3459,#3460,#3461,#3462,#3463,#3464,#3465,#3466,#3467,#3468),
 .UNSPECIFIED.,.F.,.F.,(4,2,2,2,2,2,2,2,4),(0.606360351853599,0.682164608191223,
0.757968864528846,0.833754696154623,0.909540527780399,0.985326359406175,
1.06111219103195,1.13691644736957,1.2127207037072),.UNSPECIFIED.);
#532=B_SPLINE_CURVE_WITH_KNOTS('',3,(#3472,#3473,#3474,#3475,#3476,#3477,
#3478,#3479,#3480,#3481,#3482,#3483,#3484,#3485,#3486,#3487,#3488,#3489),
 .UNSPECIFIED.,.F.,.F.,(4,2,2,2,2,2,2,2,4),(-1.2203669368831,-1.14405540383257,
-1.06774387078204,-0.991509536722179,-0.915275202662322,-0.839040868602465,
-0.762806534542608,-0.686495001492078,-0.610183468441548),.UNSPECIFIED.);
#533=B_SPLINE_CURVE_WITH_KNOTS('',3,(#3490,#3491,#3492,#3493,#3494,#3495,
#3496,#3497,#3498,#3499,#3500,#3501,#3502,#3503,#3504,#3505,#3506,#3507),
 .UNSPECIFIED.,.F.,.F.,(4,2,2,2,2,2,2,2,4),(-0.610183468441548,-0.533871935391018,
-0.457560402340488,-0.381326068280631,-0.305091734220774,-0.228857400160917,
-0.15262306610106,-0.0763115330505302,0.),.UNSPECIFIED.);
#534=B_SPLINE_CURVE_WITH_KNOTS('',3,(#3511,#3512,#3513,#3514,#3515,#3516,
#3517,#3518,#3519,#3520,#3521,#3522,#3523,#3524,#3525,#3526,#3527,#3528),
 .UNSPECIFIED.,.F.,.F.,(4,2,2,2,2,2,2,2,4),(0.,0.0758042563376237,0.151608512675247,
0.227394344301024,0.3031801759268,0.378966007552576,0.454751839178352,0.530556095515976,
0.606360351853599),.UNSPECIFIED.);
#535=B_SPLINE_CURVE_WITH_KNOTS('',3,(#3529,#3530,#3531,#3532,#3533,#3534,
#3535,#3536,#3537,#3538,#3539,#3540,#3541,#3542,#3543,#3544,#3545,#3546),
 .UNSPECIFIED.,.F.,.F.,(4,2,2,2,2,2,2,2,4),(0.606360351853599,0.682164608191223,
0.757968864528846,0.833754696154622,0.909540527780399,0.985326359406175,
1.06111219103195,1.13691644736957,1.2127207037072),.UNSPECIFIED.);
#536=B_SPLINE_CURVE_WITH_KNOTS('',3,(#3550,#3551,#3552,#3553,#3554,#3555,
#3556,#3557,#3558,#3559,#3560,#3561,#3562,#3563,#3564,#3565,#3566,#3567),
 .UNSPECIFIED.,.F.,.F.,(4,2,2,2,2,2,2,2,4),(0.,0.0758042563376236,0.151608512675247,
0.227394344301023,0.303180175926799,0.378966007552575,0.454751839178351,
0.530556095515975,0.606360351853599),.UNSPECIFIED.);
#537=B_SPLINE_CURVE_WITH_KNOTS('',3,(#3568,#3569,#3570,#3571,#3572,#3573,
#3574,#3575,#3576,#3577,#3578,#3579,#3580,#3581,#3582,#3583,#3584,#3585),
 .UNSPECIFIED.,.F.,.F.,(4,2,2,2,2,2,2,2,4),(0.606360351853599,0.682164608191222,
0.757968864528846,0.833754696154622,0.909540527780399,0.985326359406175,
1.06111219103195,1.13691644736957,1.2127207037072),.UNSPECIFIED.);
#538=B_SPLINE_CURVE_WITH_KNOTS('',3,(#3589,#3590,#3591,#3592,#3593,#3594),
 .UNSPECIFIED.,.F.,.F.,(4,2,4),(0.610183468441548,0.686495001492078,0.743215799548095),
 .UNSPECIFIED.);
#539=B_SPLINE_CURVE_WITH_KNOTS('',3,(#3596,#3597,#3598,#3599,#3600,#3601,
#3602,#3603,#3604,#3605,#3606,#3607,#3608,#3609,#3610,#3611,#3612,#3613,
#3614,#3615,#3616,#3617,#3618,#3619,#3620,#3621,#3622,#3623,#3624,#3625,
#3626),.UNSPECIFIED.,.F.,.F.,(4,2,2,2,2,2,2,3,2,2,2,2,2,2,4),(0.743215799548095,
0.762806534542609,0.839040868602465,0.915275202662322,0.991509536722179,
1.06774387078204,1.14405540383257,1.2203669368831,1.29667846993363,1.37299000298416,
1.44922433704401,1.52545867110387,1.60169300516373,1.67792733922358,1.69751807470614),
 .UNSPECIFIED.);
#540=B_SPLINE_CURVE_WITH_KNOTS('',3,(#3627,#3628,#3629,#3630,#3631,#3632),
 .UNSPECIFIED.,.F.,.F.,(4,2,4),(0.477151137823041,0.533871935391018,0.610183468441548),
 .UNSPECIFIED.);
#541=B_SPLINE_CURVE_WITH_KNOTS('',3,(#3636,#3637,#3638,#3639,#3640,#3641,
#3642,#3643,#3644,#3645,#3646,#3647,#3648,#3649,#3650,#3651,#3652,#3653),
 .UNSPECIFIED.,.F.,.F.,(4,2,2,2,2,2,2,2,4),(-1.2203669368831,-1.14405540383257,
-1.06774387078204,-0.991509536722179,-0.915275202662322,-0.839040868602466,
-0.762806534542609,-0.686495001492078,-0.610183468441548),.UNSPECIFIED.);
#542=B_SPLINE_CURVE_WITH_KNOTS('',3,(#3654,#3655,#3656,#3657,#3658,#3659,
#3660,#3661,#3662,#3663,#3664,#3665,#3666,#3667,#3668,#3669,#3670,#3671),
 .UNSPECIFIED.,.F.,.F.,(4,2,2,2,2,2,2,2,4),(-0.610183468441548,-0.533871935391018,
-0.457560402340488,-0.381326068280631,-0.305091734220774,-0.228857400160917,
-0.152623066101061,-0.0763115330505303,0.),.UNSPECIFIED.);
#543=B_SPLINE_CURVE_WITH_KNOTS('',3,(#3675,#3676,#3677,#3678,#3679,#3680,
#3681,#3682,#3683,#3684,#3685,#3686,#3687,#3688,#3689,#3690,#3691,#3692),
 .UNSPECIFIED.,.F.,.F.,(4,2,2,2,2,2,2,2,4),(0.,0.0758042563376238,0.151608512675248,
0.227394344301024,0.3031801759268,0.378966007552576,0.454751839178352,0.530556095515975,
0.606360351853599),.UNSPECIFIED.);
#544=B_SPLINE_CURVE_WITH_KNOTS('',3,(#3693,#3694,#3695,#3696,#3697,#3698,
#3699,#3700,#3701,#3702,#3703,#3704,#3705,#3706,#3707,#3708,#3709,#3710),
 .UNSPECIFIED.,.F.,.F.,(4,2,2,2,2,2,2,2,4),(0.606360351853599,0.682164608191222,
0.757968864528846,0.833754696154622,0.909540527780398,0.985326359406174,
1.06111219103195,1.13691644736957,1.2127207037072),.UNSPECIFIED.);
#545=B_SPLINE_CURVE_WITH_KNOTS('',3,(#3714,#3715,#3716,#3717,#3718,#3719,
#3720,#3721,#3722,#3723,#3724,#3725,#3726,#3727,#3728,#3729,#3730,#3731),
 .UNSPECIFIED.,.F.,.F.,(4,2,2,2,2,2,2,2,4),(0.,0.0758042563376236,0.151608512675247,
0.227394344301023,0.3031801759268,0.378966007552575,0.454751839178351,0.530556095515975,
0.606360351853599),.UNSPECIFIED.);
#546=B_SPLINE_CURVE_WITH_KNOTS('',3,(#3732,#3733,#3734,#3735,#3736,#3737,
#3738,#3739,#3740,#3741,#3742,#3743,#3744,#3745,#3746,#3747,#3748,#3749),
 .UNSPECIFIED.,.F.,.F.,(4,2,2,2,2,2,2,2,4),(0.606360351853599,0.682164608191222,
0.757968864528846,0.833754696154622,0.909540527780398,0.985326359406174,
1.06111219103195,1.13691644736957,1.2127207037072),.UNSPECIFIED.);
#547=B_SPLINE_CURVE_WITH_KNOTS('',3,(#3753,#3754,#3755,#3756,#3757,#3758,
#3759,#3760,#3761,#3762,#3763,#3764,#3765,#3766,#3767,#3768,#3769,#3770),
 .UNSPECIFIED.,.F.,.F.,(4,2,2,2,2,2,2,2,4),(-1.2203669368831,-1.14405540383257,
-1.06774387078204,-0.991509536722179,-0.915275202662323,-0.839040868602466,
-0.762806534542609,-0.686495001492079,-0.610183468441548),.UNSPECIFIED.);
#548=B_SPLINE_CURVE_WITH_KNOTS('',3,(#3771,#3772,#3773,#3774,#3775,#3776,
#3777,#3778,#3779,#3780,#3781,#3782,#3783,#3784,#3785,#3786,#3787,#3788),
 .UNSPECIFIED.,.F.,.F.,(4,2,2,2,2,2,2,2,4),(-0.610183468441548,-0.533871935391018,
-0.457560402340488,-0.381326068280631,-0.305091734220774,-0.228857400160917,
-0.15262306610106,-0.0763115330505302,0.),.UNSPECIFIED.);
#549=B_SPLINE_CURVE_WITH_KNOTS('',3,(#3827,#3828,#3829,#3830,#3831,#3832,
#3833,#3834,#3835,#3836,#3837,#3838,#3839,#3840,#3841,#3842,#3843,#3844,
#3845,#3846,#3847,#3848,#3849,#3850,#3851,#3852,#3853,#3854,#3855,#3856,
#3857,#3858,#3859,#3860),.UNSPECIFIED.,.T.,.F.,(4,2,2,2,2,2,2,2,2,2,2,2,
2,2,2,2,4),(-1.2203669368831,-1.14405540383257,-1.06774387078204,-0.991509536722179,
-0.915275202662323,-0.839040868602466,-0.762806534542609,-0.686495001492079,
-0.610183468441548,-0.533871935391018,-0.457560402340488,-0.381326068280631,
-0.305091734220774,-0.228857400160917,-0.15262306610106,-0.0763115330505302,
0.),.UNSPECIFIED.);
#550=B_SPLINE_CURVE_WITH_KNOTS('',3,(#3863,#3864,#3865,#3866,#3867,#3868,
#3869,#3870,#3871,#3872,#3873,#3874,#3875,#3876,#3877,#3878,#3879,#3880,
#3881,#3882,#3883,#3884,#3885,#3886,#3887,#3888,#3889,#3890,#3891,#3892,
#3893,#3894,#3895,#3896),.UNSPECIFIED.,.T.,.F.,(4,2,2,2,2,2,2,2,2,2,2,2,
2,2,2,2,4),(0.,0.0758042563376236,0.151608512675247,0.227394344301023,0.3031801759268,
0.378966007552575,0.454751839178351,0.530556095515975,0.606360351853599,
0.682164608191222,0.757968864528846,0.833754696154622,0.909540527780398,
0.985326359406174,1.06111219103195,1.13691644736957,1.2127207037072),
 .UNSPECIFIED.);
#551=B_SPLINE_CURVE_WITH_KNOTS('',3,(#3902,#3903,#3904,#3905,#3906,#3907,
#3908,#3909,#3910,#3911,#3912,#3913,#3914,#3915,#3916,#3917,#3918,#3919),
 .UNSPECIFIED.,.F.,.F.,(4,2,2,2,2,2,2,2,4),(-1.2127207037072,-1.13691644736957,
-1.06111219103195,-0.985326359406174,-0.909540527780398,-0.833754696154622,
-0.757968864528846,-0.682164608191222,-0.606360351853599),.UNSPECIFIED.);
#552=B_SPLINE_CURVE_WITH_KNOTS('',3,(#3920,#3921,#3922,#3923,#3924,#3925,
#3926,#3927,#3928,#3929,#3930,#3931,#3932,#3933,#3934,#3935,#3936,#3937),
 .UNSPECIFIED.,.F.,.F.,(4,2,2,2,2,2,2,2,4),(-0.606360351853599,-0.530556095515975,
-0.454751839178351,-0.378966007552575,-0.303180175926799,-0.227394344301023,
-0.151608512675247,-0.0758042563376236,0.),.UNSPECIFIED.);
#553=B_SPLINE_CURVE_WITH_KNOTS('',3,(#3941,#3942,#3943,#3944,#3945,#3946,
#3947,#3948,#3949,#3950,#3951,#3952,#3953,#3954,#3955,#3956,#3957,#3958),
 .UNSPECIFIED.,.F.,.F.,(4,2,2,2,2,2,2,2,4),(0.,0.0763115330505302,0.15262306610106,
0.228857400160917,0.305091734220774,0.381326068280631,0.457560402340488,
0.533871935391018,0.610183468441548),.UNSPECIFIED.);
#554=B_SPLINE_CURVE_WITH_KNOTS('',3,(#3959,#3960,#3961,#3962,#3963,#3964,
#3965,#3966,#3967,#3968,#3969,#3970,#3971,#3972,#3973,#3974,#3975,#3976),
 .UNSPECIFIED.,.F.,.F.,(4,2,2,2,2,2,2,2,4),(0.610183468441548,0.686495001492079,
0.762806534542609,0.839040868602466,0.915275202662323,0.991509536722179,
1.06774387078204,1.14405540383257,1.2203669368831),.UNSPECIFIED.);
#555=B_SPLINE_CURVE_WITH_KNOTS('',3,(#3981,#3982,#3983,#3984,#3985,#3986,
#3987,#3988,#3989,#3990,#3991,#3992,#3993,#3994,#3995,#3996,#3997,#3998,
#3999,#4000,#4001,#4002,#4003,#4004,#4005,#4006,#4007,#4008,#4009,#4010,
#4011,#4012,#4013,#4014),.UNSPECIFIED.,.T.,.F.,(4,2,2,2,2,2,2,2,2,2,2,2,
2,2,2,2,4),(-1.2203669368831,-1.14405540383257,-1.06774387078204,-0.991509536722179,
-0.915275202662323,-0.839040868602466,-0.762806534542609,-0.686495001492079,
-0.610183468441548,-0.533871935391018,-0.457560402340488,-0.381326068280631,
-0.305091734220774,-0.228857400160917,-0.15262306610106,-0.0763115330505302,
0.),.UNSPECIFIED.);
#556=B_SPLINE_CURVE_WITH_KNOTS('',3,(#4017,#4018,#4019,#4020,#4021,#4022,
#4023,#4024,#4025,#4026,#4027,#4028,#4029,#4030,#4031,#4032,#4033,#4034,
#4035,#4036,#4037,#4038,#4039,#4040,#4041,#4042,#4043,#4044,#4045,#4046,
#4047,#4048,#4049,#4050),.UNSPECIFIED.,.T.,.F.,(4,2,2,2,2,2,2,2,2,2,2,2,
2,2,2,2,4),(0.,0.0758042563376236,0.151608512675247,0.227394344301023,0.303180175926799,
0.378966007552575,0.454751839178351,0.530556095515975,0.606360351853599,
0.682164608191222,0.757968864528846,0.833754696154622,0.909540527780398,
0.985326359406174,1.06111219103195,1.13691644736957,1.2127207037072),
 .UNSPECIFIED.);
#557=B_SPLINE_CURVE_WITH_KNOTS('',3,(#4056,#4057,#4058,#4059,#4060,#4061,
#4062,#4063,#4064,#4065,#4066,#4067,#4068,#4069,#4070,#4071,#4072,#4073),
 .UNSPECIFIED.,.F.,.F.,(4,2,2,2,2,2,2,2,4),(-1.2127207037072,-1.13691644736957,
-1.06111219103195,-0.985326359406174,-0.909540527780398,-0.833754696154622,
-0.757968864528846,-0.682164608191222,-0.606360351853599),.UNSPECIFIED.);
#558=B_SPLINE_CURVE_WITH_KNOTS('',3,(#4074,#4075,#4076,#4077,#4078,#4079,
#4080,#4081,#4082,#4083,#4084,#4085,#4086,#4087,#4088,#4089,#4090,#4091),
 .UNSPECIFIED.,.F.,.F.,(4,2,2,2,2,2,2,2,4),(-0.606360351853599,-0.530556095515975,
-0.454751839178352,-0.378966007552576,-0.3031801759268,-0.227394344301024,
-0.151608512675248,-0.0758042563376238,0.),.UNSPECIFIED.);
#559=B_SPLINE_CURVE_WITH_KNOTS('',3,(#4095,#4096,#4097,#4098,#4099,#4100,
#4101,#4102,#4103,#4104,#4105,#4106,#4107,#4108,#4109,#4110,#4111,#4112),
 .UNSPECIFIED.,.F.,.F.,(4,2,2,2,2,2,2,2,4),(0.,0.0763115330505303,0.152623066101061,
0.228857400160917,0.305091734220774,0.381326068280631,0.457560402340488,
0.533871935391018,0.610183468441548),.UNSPECIFIED.);
#560=B_SPLINE_CURVE_WITH_KNOTS('',3,(#4113,#4114,#4115,#4116,#4117,#4118,
#4119,#4120,#4121,#4122,#4123,#4124,#4125,#4126,#4127,#4128,#4129,#4130),
 .UNSPECIFIED.,.F.,.F.,(4,2,2,2,2,2,2,2,4),(0.610183468441548,0.686495001492079,
0.762806534542609,0.839040868602466,0.915275202662323,0.991509536722179,
1.06774387078204,1.14405540383257,1.2203669368831),.UNSPECIFIED.);
#561=B_SPLINE_CURVE_WITH_KNOTS('',3,(#4135,#4136,#4137,#4138,#4139,#4140,
#4141,#4142,#4143,#4144,#4145,#4146,#4147,#4148,#4149,#4150,#4151,#4152,
#4153,#4154,#4155,#4156,#4157,#4158,#4159,#4160,#4161,#4162,#4163,#4164,
#4165,#4166,#4167,#4168),.UNSPECIFIED.,.T.,.F.,(4,2,2,2,2,2,2,2,2,2,2,2,
2,2,2,2,4),(-1.2203669368831,-1.14405540383257,-1.06774387078204,-0.991509536722179,
-0.915275202662322,-0.839040868602466,-0.762806534542609,-0.686495001492079,
-0.610183468441548,-0.533871935391018,-0.457560402340488,-0.381326068280631,
-0.305091734220774,-0.228857400160917,-0.152623066101061,-0.0763115330505303,
0.),.UNSPECIFIED.);
#562=B_SPLINE_CURVE_WITH_KNOTS('',3,(#4171,#4172,#4173,#4174,#4175,#4176,
#4177,#4178,#4179,#4180,#4181,#4182,#4183,#4184,#4185,#4186,#4187,#4188,
#4189,#4190,#4191,#4192,#4193,#4194,#4195,#4196,#4197,#4198,#4199,#4200,
#4201,#4202,#4203,#4204),.UNSPECIFIED.,.T.,.F.,(4,2,2,2,2,2,2,2,2,2,2,2,
2,2,2,2,4),(0.,0.0758042563376236,0.151608512675247,0.227394344301023,0.303180175926799,
0.378966007552575,0.454751839178351,0.530556095515975,0.606360351853599,
0.682164608191222,0.757968864528846,0.833754696154622,0.909540527780399,
0.985326359406175,1.06111219103195,1.13691644736957,1.2127207037072),
 .UNSPECIFIED.);
#563=B_SPLINE_CURVE_WITH_KNOTS('',3,(#4210,#4211,#4212,#4213,#4214,#4215,
#4216,#4217,#4218,#4219,#4220,#4221,#4222,#4223,#4224,#4225,#4226,#4227),
 .UNSPECIFIED.,.F.,.F.,(4,2,2,2,2,2,2,2,4),(-1.2127207037072,-1.13691644736957,
-1.06111219103195,-0.985326359406174,-0.909540527780398,-0.833754696154622,
-0.757968864528846,-0.682164608191222,-0.606360351853599),.UNSPECIFIED.);
#564=B_SPLINE_CURVE_WITH_KNOTS('',3,(#4228,#4229,#4230,#4231,#4232,#4233,
#4234,#4235,#4236,#4237,#4238,#4239,#4240,#4241,#4242,#4243,#4244,#4245),
 .UNSPECIFIED.,.F.,.F.,(4,2,2,2,2,2,2,2,4),(-0.606360351853599,-0.530556095515975,
-0.454751839178352,-0.378966007552576,-0.303180175926799,-0.227394344301023,
-0.151608512675247,-0.0758042563376237,0.),.UNSPECIFIED.);
#565=B_SPLINE_CURVE_WITH_KNOTS('',3,(#4249,#4250,#4251,#4252,#4253,#4254,
#4255,#4256,#4257,#4258,#4259,#4260,#4261,#4262,#4263,#4264,#4265,#4266),
 .UNSPECIFIED.,.F.,.F.,(4,2,2,2,2,2,2,2,4),(0.,0.0763115330505303,0.152623066101061,
0.228857400160917,0.305091734220774,0.381326068280631,0.457560402340488,
0.533871935391018,0.610183468441548),.UNSPECIFIED.);
#566=B_SPLINE_CURVE_WITH_KNOTS('',3,(#4267,#4268,#4269,#4270,#4271,#4272,
#4273,#4274,#4275,#4276,#4277,#4278,#4279,#4280,#4281,#4282,#4283,#4284),
 .UNSPECIFIED.,.F.,.F.,(4,2,2,2,2,2,2,2,4),(0.610183468441548,0.686495001492079,
0.762806534542609,0.839040868602466,0.915275202662322,0.991509536722179,
1.06774387078204,1.14405540383257,1.2203669368831),.UNSPECIFIED.);
#567=B_SPLINE_CURVE_WITH_KNOTS('',3,(#4289,#4290,#4291,#4292,#4293,#4294,
#4295,#4296,#4297,#4298,#4299,#4300,#4301,#4302,#4303,#4304,#4305,#4306,
#4307,#4308,#4309,#4310,#4311,#4312,#4313,#4314,#4315,#4316,#4317,#4318,
#4319,#4320,#4321,#4322),.UNSPECIFIED.,.T.,.F.,(4,2,2,2,2,2,2,2,2,2,2,2,
2,2,2,2,4),(-1.2203669368831,-1.14405540383257,-1.06774387078204,-0.991509536722179,
-0.915275202662322,-0.839040868602466,-0.762806534542609,-0.686495001492079,
-0.610183468441548,-0.533871935391018,-0.457560402340488,-0.381326068280631,
-0.305091734220774,-0.228857400160917,-0.15262306610106,-0.0763115330505302,
0.),.UNSPECIFIED.);
#568=B_SPLINE_CURVE_WITH_KNOTS('',3,(#4325,#4326,#4327,#4328,#4329,#4330,
#4331,#4332,#4333,#4334,#4335,#4336,#4337,#4338,#4339,#4340,#4341,#4342,
#4343,#4344,#4345,#4346,#4347,#4348,#4349,#4350,#4351,#4352,#4353,#4354,
#4355,#4356,#4357,#4358),.UNSPECIFIED.,.T.,.F.,(4,2,2,2,2,2,2,2,2,2,2,2,
2,2,2,2,4),(0.,0.0758042563376236,0.151608512675247,0.227394344301023,0.303180175926799,
0.378966007552575,0.454751839178351,0.530556095515975,0.606360351853599,
0.682164608191222,0.757968864528846,0.833754696154622,0.909540527780398,
0.985326359406174,1.06111219103195,1.13691644736957,1.2127207037072),
 .UNSPECIFIED.);
#569=B_SPLINE_CURVE_WITH_KNOTS('',3,(#4364,#4365,#4366,#4367,#4368,#4369,
#4370,#4371,#4372,#4373,#4374,#4375,#4376,#4377,#4378,#4379,#4380,#4381),
 .UNSPECIFIED.,.F.,.F.,(4,2,2,2,2,2,2,2,4),(-1.2127207037072,-1.13691644736957,
-1.06111219103195,-0.985326359406174,-0.909540527780398,-0.833754696154622,
-0.757968864528846,-0.682164608191222,-0.606360351853599),.UNSPECIFIED.);
#570=B_SPLINE_CURVE_WITH_KNOTS('',3,(#4382,#4383,#4384,#4385,#4386,#4387,
#4388,#4389,#4390,#4391,#4392,#4393,#4394,#4395,#4396,#4397,#4398,#4399),
 .UNSPECIFIED.,.F.,.F.,(4,2,2,2,2,2,2,2,4),(-0.606360351853599,-0.530556095515975,
-0.454751839178351,-0.378966007552575,-0.303180175926799,-0.227394344301023,
-0.151608512675247,-0.0758042563376236,0.),.UNSPECIFIED.);
#571=B_SPLINE_CURVE_WITH_KNOTS('',3,(#4403,#4404,#4405,#4406,#4407,#4408,
#4409,#4410,#4411,#4412,#4413,#4414,#4415,#4416,#4417,#4418,#4419,#4420),
 .UNSPECIFIED.,.F.,.F.,(4,2,2,2,2,2,2,2,4),(0.,0.0763115330505303,0.152623066101061,
0.228857400160917,0.305091734220774,0.381326068280631,0.457560402340488,
0.533871935391018,0.610183468441548),.UNSPECIFIED.);
#572=B_SPLINE_CURVE_WITH_KNOTS('',3,(#4421,#4422,#4423,#4424,#4425,#4426,
#4427,#4428,#4429,#4430,#4431,#4432,#4433,#4434,#4435,#4436,#4437,#4438),
 .UNSPECIFIED.,.F.,.F.,(4,2,2,2,2,2,2,2,4),(0.610183468441548,0.686495001492079,
0.762806534542609,0.839040868602466,0.915275202662322,0.991509536722179,
1.06774387078204,1.14405540383257,1.2203669368831),.UNSPECIFIED.);
#573=B_SPLINE_CURVE_WITH_KNOTS('',3,(#4443,#4444,#4445,#4446,#4447,#4448,
#4449,#4450,#4451,#4452,#4453,#4454,#4455,#4456,#4457,#4458,#4459,#4460,
#4461,#4462,#4463,#4464,#4465,#4466,#4467,#4468,#4469,#4470,#4471,#4472,
#4473,#4474,#4475,#4476),.UNSPECIFIED.,.T.,.F.,(4,2,2,2,2,2,2,2,2,2,2,2,
2,2,2,2,4),(-1.2203669368831,-1.14405540383257,-1.06774387078204,-0.991509536722179,
-0.915275202662322,-0.839040868602466,-0.762806534542609,-0.686495001492078,
-0.610183468441548,-0.533871935391018,-0.457560402340488,-0.381326068280631,
-0.305091734220774,-0.228857400160917,-0.152623066101061,-0.0763115330505303,
0.),.UNSPECIFIED.);
#574=B_SPLINE_CURVE_WITH_KNOTS('',3,(#4479,#4480,#4481,#4482,#4483,#4484,
#4485,#4486,#4487,#4488,#4489,#4490,#4491,#4492,#4493,#4494,#4495,#4496,
#4497,#4498,#4499,#4500,#4501,#4502,#4503,#4504,#4505,#4506,#4507,#4508,
#4509,#4510,#4511,#4512),.UNSPECIFIED.,.T.,.F.,(4,2,2,2,2,2,2,2,2,2,2,2,
2,2,2,2,4),(0.,0.0758042563376237,0.151608512675247,0.227394344301023,0.303180175926799,
0.378966007552575,0.454751839178351,0.530556095515975,0.606360351853599,
0.682164608191222,0.757968864528846,0.833754696154622,0.909540527780398,
0.985326359406174,1.06111219103195,1.13691644736957,1.2127207037072),
 .UNSPECIFIED.);
#575=B_SPLINE_CURVE_WITH_KNOTS('',3,(#4518,#4519,#4520,#4521,#4522,#4523,
#4524,#4525,#4526,#4527,#4528,#4529,#4530,#4531,#4532,#4533,#4534,#4535),
 .UNSPECIFIED.,.F.,.F.,(4,2,2,2,2,2,2,2,4),(-1.2127207037072,-1.13691644736957,
-1.06111219103195,-0.985326359406174,-0.909540527780398,-0.833754696154622,
-0.757968864528846,-0.682164608191222,-0.606360351853599),.UNSPECIFIED.);
#576=B_SPLINE_CURVE_WITH_KNOTS('',3,(#4536,#4537,#4538,#4539,#4540,#4541,
#4542,#4543,#4544,#4545,#4546,#4547,#4548,#4549,#4550,#4551,#4552,#4553),
 .UNSPECIFIED.,.F.,.F.,(4,2,2,2,2,2,2,2,4),(-0.606360351853599,-0.530556095515975,
-0.454751839178352,-0.378966007552576,-0.303180175926799,-0.227394344301023,
-0.151608512675247,-0.0758042563376237,0.),.UNSPECIFIED.);
#577=B_SPLINE_CURVE_WITH_KNOTS('',3,(#4557,#4558,#4559,#4560,#4561,#4562,
#4563,#4564,#4565,#4566,#4567,#4568,#4569,#4570,#4571,#4572,#4573,#4574),
 .UNSPECIFIED.,.F.,.F.,(4,2,2,2,2,2,2,2,4),(0.,0.0763115330505302,0.15262306610106,
0.228857400160917,0.305091734220774,0.381326068280631,0.457560402340488,
0.533871935391018,0.610183468441548),.UNSPECIFIED.);
#578=B_SPLINE_CURVE_WITH_KNOTS('',3,(#4575,#4576,#4577,#4578,#4579,#4580,
#4581,#4582,#4583,#4584,#4585,#4586,#4587,#4588,#4589,#4590,#4591,#4592),
 .UNSPECIFIED.,.F.,.F.,(4,2,2,2,2,2,2,2,4),(0.610183468441548,0.686495001492078,
0.762806534542608,0.839040868602465,0.915275202662322,0.991509536722179,
1.06774387078204,1.14405540383257,1.2203669368831),.UNSPECIFIED.);
#579=B_SPLINE_CURVE_WITH_KNOTS('',3,(#4597,#4598,#4599,#4600,#4601,#4602,
#4603,#4604,#4605,#4606,#4607,#4608,#4609,#4610,#4611,#4612,#4613,#4614,
#4615,#4616,#4617,#4618,#4619,#4620,#4621,#4622,#4623,#4624,#4625,#4626,
#4627,#4628,#4629,#4630),.UNSPECIFIED.,.T.,.F.,(4,2,2,2,2,2,2,2,2,2,2,2,
2,2,2,2,4),(-1.2203669368831,-1.14405540383257,-1.06774387078204,-0.991509536722179,
-0.915275202662322,-0.839040868602465,-0.762806534542608,-0.686495001492078,
-0.610183468441548,-0.533871935391018,-0.457560402340488,-0.381326068280631,
-0.305091734220774,-0.228857400160917,-0.15262306610106,-0.0763115330505302,
0.),.UNSPECIFIED.);
#580=B_SPLINE_CURVE_WITH_KNOTS('',3,(#4633,#4634,#4635,#4636,#4637,#4638,
#4639,#4640,#4641,#4642,#4643,#4644,#4645,#4646,#4647,#4648,#4649,#4650,
#4651,#4652,#4653,#4654,#4655,#4656,#4657,#4658,#4659,#4660,#4661,#4662,
#4663,#4664,#4665,#4666),.UNSPECIFIED.,.T.,.F.,(4,2,2,2,2,2,2,2,2,2,2,2,
2,2,2,2,4),(0.,0.0758042563376237,0.151608512675247,0.227394344301023,0.3031801759268,
0.378966007552576,0.454751839178352,0.530556095515975,0.606360351853599,
0.682164608191223,0.757968864528846,0.833754696154622,0.909540527780399,
0.985326359406175,1.06111219103195,1.13691644736957,1.2127207037072),
 .UNSPECIFIED.);
#581=B_SPLINE_CURVE_WITH_KNOTS('',3,(#4672,#4673,#4674,#4675,#4676,#4677,
#4678,#4679,#4680,#4681,#4682,#4683,#4684,#4685,#4686,#4687,#4688,#4689),
 .UNSPECIFIED.,.F.,.F.,(4,2,2,2,2,2,2,2,4),(-1.2127207037072,-1.13691644736957,
-1.06111219103195,-0.985326359406174,-0.909540527780398,-0.833754696154622,
-0.757968864528846,-0.682164608191222,-0.606360351853599),.UNSPECIFIED.);
#582=B_SPLINE_CURVE_WITH_KNOTS('',3,(#4690,#4691,#4692,#4693,#4694,#4695,
#4696,#4697,#4698,#4699,#4700,#4701,#4702,#4703,#4704,#4705,#4706,#4707),
 .UNSPECIFIED.,.F.,.F.,(4,2,2,2,2,2,2,2,4),(-0.606360351853599,-0.530556095515975,
-0.454751839178352,-0.378966007552576,-0.3031801759268,-0.227394344301024,
-0.151608512675248,-0.0758042563376238,0.),.UNSPECIFIED.);
#583=B_SPLINE_CURVE_WITH_KNOTS('',3,(#4711,#4712,#4713,#4714,#4715,#4716,
#4717,#4718,#4719,#4720,#4721,#4722,#4723,#4724,#4725,#4726,#4727,#4728),
 .UNSPECIFIED.,.F.,.F.,(4,2,2,2,2,2,2,2,4),(0.,0.0763115330505303,0.152623066101061,
0.228857400160917,0.305091734220774,0.381326068280631,0.457560402340488,
0.533871935391018,0.610183468441548),.UNSPECIFIED.);
#584=B_SPLINE_CURVE_WITH_KNOTS('',3,(#4729,#4730,#4731,#4732,#4733,#4734,
#4735,#4736,#4737,#4738,#4739,#4740,#4741,#4742,#4743,#4744,#4745,#4746),
 .UNSPECIFIED.,.F.,.F.,(4,2,2,2,2,2,2,2,4),(0.610183468441548,0.686495001492078,
0.762806534542609,0.839040868602466,0.915275202662322,0.991509536722179,
1.06774387078204,1.14405540383257,1.2203669368831),.UNSPECIFIED.);
#585=B_SPLINE_CURVE_WITH_KNOTS('',3,(#4751,#4752,#4753,#4754,#4755,#4756,
#4757,#4758,#4759,#4760,#4761,#4762,#4763,#4764,#4765,#4766,#4767,#4768,
#4769,#4770,#4771,#4772,#4773,#4774,#4775,#4776,#4777,#4778,#4779,#4780,
#4781,#4782,#4783,#4784),.UNSPECIFIED.,.T.,.F.,(4,2,2,2,2,2,2,2,2,2,2,2,
2,2,2,2,4),(-1.2203669368831,-1.14405540383257,-1.06774387078204,-0.991509536722179,
-0.915275202662322,-0.839040868602465,-0.762806534542609,-0.686495001492078,
-0.610183468441548,-0.533871935391018,-0.457560402340488,-0.381326068280631,
-0.305091734220774,-0.228857400160917,-0.152623066101061,-0.0763115330505303,
0.),.UNSPECIFIED.);
#586=B_SPLINE_CURVE_WITH_KNOTS('',3,(#4787,#4788,#4789,#4790,#4791,#4792,
#4793,#4794,#4795,#4796,#4797,#4798,#4799,#4800,#4801,#4802,#4803,#4804,
#4805,#4806,#4807,#4808,#4809,#4810,#4811,#4812,#4813,#4814,#4815,#4816,
#4817,#4818,#4819,#4820),.UNSPECIFIED.,.T.,.F.,(4,2,2,2,2,2,2,2,2,2,2,2,
2,2,2,2,4),(0.,0.0758042563376236,0.151608512675247,0.227394344301023,0.303180175926799,
0.378966007552575,0.454751839178351,0.530556095515975,0.606360351853599,
0.682164608191222,0.757968864528846,0.833754696154622,0.909540527780399,
0.985326359406175,1.06111219103195,1.13691644736957,1.2127207037072),
 .UNSPECIFIED.);
#587=B_SPLINE_CURVE_WITH_KNOTS('',3,(#4826,#4827,#4828,#4829,#4830,#4831,
#4832,#4833,#4834,#4835,#4836,#4837,#4838,#4839,#4840,#4841,#4842,#4843),
 .UNSPECIFIED.,.F.,.F.,(4,2,2,2,2,2,2,2,4),(-1.2127207037072,-1.13691644736957,
-1.06111219103195,-0.985326359406174,-0.909540527780398,-0.833754696154622,
-0.757968864528846,-0.682164608191222,-0.606360351853598),.UNSPECIFIED.);
#588=B_SPLINE_CURVE_WITH_KNOTS('',3,(#4844,#4845,#4846,#4847,#4848,#4849,
#4850,#4851,#4852,#4853,#4854,#4855,#4856,#4857,#4858,#4859,#4860,#4861),
 .UNSPECIFIED.,.F.,.F.,(4,2,2,2,2,2,2,2,4),(-0.606360351853598,-0.530556095515975,
-0.454751839178351,-0.378966007552575,-0.303180175926799,-0.227394344301023,
-0.151608512675247,-0.0758042563376235,0.),.UNSPECIFIED.);
#589=B_SPLINE_CURVE_WITH_KNOTS('',3,(#4865,#4866,#4867,#4868,#4869,#4870,
#4871,#4872,#4873,#4874,#4875,#4876,#4877,#4878,#4879,#4880,#4881,#4882),
 .UNSPECIFIED.,.F.,.F.,(4,2,2,2,2,2,2,2,4),(0.,0.0763115330505302,0.15262306610106,
0.228857400160917,0.305091734220774,0.381326068280631,0.457560402340488,
0.533871935391018,0.610183468441548),.UNSPECIFIED.);
#590=B_SPLINE_CURVE_WITH_KNOTS('',3,(#4883,#4884,#4885,#4886,#4887,#4888,
#4889,#4890,#4891,#4892,#4893,#4894,#4895,#4896,#4897,#4898,#4899,#4900),
 .UNSPECIFIED.,.F.,.F.,(4,2,2,2,2,2,2,2,4),(0.610183468441548,0.686495001492078,
0.762806534542608,0.839040868602465,0.915275202662322,0.991509536722179,
1.06774387078204,1.14405540383257,1.2203669368831),.UNSPECIFIED.);
#591=B_SPLINE_CURVE_WITH_KNOTS('',3,(#4905,#4906,#4907,#4908,#4909,#4910,
#4911,#4912,#4913,#4914,#4915,#4916,#4917,#4918,#4919,#4920,#4921,#4922,
#4923,#4924,#4925,#4926,#4927,#4928,#4929,#4930,#4931,#4932,#4933,#4934,
#4935,#4936,#4937,#4938),.UNSPECIFIED.,.T.,.F.,(4,2,2,2,2,2,2,2,2,2,2,2,
2,2,2,2,4),(-1.2203669368831,-1.14405540383257,-1.06774387078204,-0.991509536722179,
-0.915275202662322,-0.839040868602465,-0.762806534542608,-0.686495001492078,
-0.610183468441548,-0.533871935391018,-0.457560402340488,-0.381326068280631,
-0.305091734220774,-0.228857400160917,-0.15262306610106,-0.0763115330505302,
0.),.UNSPECIFIED.);
#592=B_SPLINE_CURVE_WITH_KNOTS('',3,(#4941,#4942,#4943,#4944,#4945,#4946,
#4947,#4948,#4949,#4950,#4951,#4952,#4953,#4954,#4955,#4956,#4957,#4958,
#4959,#4960,#4961,#4962,#4963,#4964,#4965,#4966,#4967,#4968,#4969,#4970,
#4971,#4972,#4973,#4974),.UNSPECIFIED.,.T.,.F.,(4,2,2,2,2,2,2,2,2,2,2,2,
2,2,2,2,4),(0.,0.0758042563376235,0.151608512675247,0.227394344301023,0.303180175926799,
0.378966007552575,0.454751839178351,0.530556095515975,0.606360351853598,
0.682164608191222,0.757968864528846,0.833754696154622,0.909540527780398,
0.985326359406174,1.06111219103195,1.13691644736957,1.2127207037072),
 .UNSPECIFIED.);
#593=B_SPLINE_CURVE_WITH_KNOTS('',3,(#4980,#4981,#4982,#4983,#4984,#4985,
#4986,#4987,#4988,#4989,#4990,#4991,#4992,#4993,#4994,#4995,#4996,#4997),
 .UNSPECIFIED.,.F.,.F.,(4,2,2,2,2,2,2,2,4),(-1.2127207037072,-1.13691644736957,
-1.06111219103195,-0.985326359406175,-0.909540527780399,-0.833754696154623,
-0.757968864528846,-0.682164608191223,-0.606360351853599),.UNSPECIFIED.);
#594=B_SPLINE_CURVE_WITH_KNOTS('',3,(#4998,#4999,#5000,#5001,#5002,#5003,
#5004,#5005,#5006,#5007,#5008,#5009,#5010,#5011,#5012,#5013,#5014,#5015),
 .UNSPECIFIED.,.F.,.F.,(4,2,2,2,2,2,2,2,4),(-0.606360351853599,-0.530556095515975,
-0.454751839178352,-0.378966007552576,-0.303180175926799,-0.227394344301023,
-0.151608512675247,-0.0758042563376237,0.),.UNSPECIFIED.);
#595=B_SPLINE_CURVE_WITH_KNOTS('',3,(#5019,#5020,#5021,#5022,#5023,#5024,
#5025,#5026,#5027,#5028,#5029,#5030,#5031,#5032,#5033,#5034,#5035,#5036),
 .UNSPECIFIED.,.F.,.F.,(4,2,2,2,2,2,2,2,4),(0.,0.0763115330505303,0.152623066101061,
0.228857400160917,0.305091734220774,0.381326068280631,0.457560402340488,
0.533871935391018,0.610183468441548),.UNSPECIFIED.);
#596=B_SPLINE_CURVE_WITH_KNOTS('',3,(#5037,#5038,#5039,#5040,#5041,#5042,
#5043,#5044,#5045,#5046,#5047,#5048,#5049,#5050,#5051,#5052,#5053,#5054),
 .UNSPECIFIED.,.F.,.F.,(4,2,2,2,2,2,2,2,4),(0.610183468441548,0.686495001492079,
0.762806534542609,0.839040868602466,0.915275202662323,0.991509536722179,
1.06774387078204,1.14405540383257,1.2203669368831),.UNSPECIFIED.);
#597=B_SPLINE_CURVE_WITH_KNOTS('',3,(#5059,#5060,#5061,#5062,#5063,#5064,
#5065,#5066,#5067,#5068,#5069,#5070,#5071,#5072,#5073,#5074,#5075,#5076,
#5077,#5078,#5079,#5080,#5081,#5082,#5083,#5084,#5085,#5086,#5087,#5088,
#5089,#5090,#5091,#5092),.UNSPECIFIED.,.T.,.F.,(4,2,2,2,2,2,2,2,2,2,2,2,
2,2,2,2,4),(-1.2203669368831,-1.14405540383257,-1.06774387078204,-0.99150953672218,
-0.915275202662323,-0.839040868602466,-0.762806534542609,-0.686495001492079,
-0.610183468441549,-0.533871935391018,-0.457560402340488,-0.381326068280631,
-0.305091734220774,-0.228857400160917,-0.15262306610106,-0.0763115330505302,
0.),.UNSPECIFIED.);
#598=B_SPLINE_CURVE_WITH_KNOTS('',3,(#5095,#5096,#5097,#5098,#5099,#5100,
#5101,#5102,#5103,#5104,#5105,#5106,#5107,#5108,#5109,#5110,#5111,#5112,
#5113,#5114,#5115,#5116,#5117,#5118,#5119,#5120,#5121,#5122,#5123,#5124,
#5125,#5126,#5127,#5128),.UNSPECIFIED.,.T.,.F.,(4,2,2,2,2,2,2,2,2,2,2,2,
2,2,2,2,4),(0.,0.0758042563376236,0.151608512675247,0.227394344301023,0.3031801759268,
0.378966007552575,0.454751839178351,0.530556095515975,0.606360351853599,
0.682164608191223,0.757968864528846,0.833754696154622,0.909540527780398,
0.985326359406175,1.06111219103195,1.13691644736957,1.2127207037072),
 .UNSPECIFIED.);
#599=B_SPLINE_CURVE_WITH_KNOTS('',3,(#5134,#5135,#5136,#5137,#5138,#5139,
#5140,#5141,#5142,#5143,#5144,#5145,#5146,#5147,#5148,#5149,#5150,#5151),
 .UNSPECIFIED.,.F.,.F.,(4,2,2,2,2,2,2,2,4),(-1.2127207037072,-1.13691644736957,
-1.06111219103195,-0.985326359406175,-0.909540527780398,-0.833754696154622,
-0.757968864528846,-0.682164608191223,-0.606360351853599),.UNSPECIFIED.);
#600=B_SPLINE_CURVE_WITH_KNOTS('',3,(#5152,#5153,#5154,#5155,#5156,#5157,
#5158,#5159,#5160,#5161,#5162,#5163,#5164,#5165,#5166,#5167,#5168,#5169),
 .UNSPECIFIED.,.F.,.F.,(4,2,2,2,2,2,2,2,4),(-0.606360351853599,-0.530556095515976,
-0.454751839178352,-0.378966007552576,-0.3031801759268,-0.227394344301023,
-0.151608512675247,-0.0758042563376237,0.),.UNSPECIFIED.);
#601=B_SPLINE_CURVE_WITH_KNOTS('',3,(#5173,#5174,#5175,#5176,#5177,#5178,
#5179,#5180,#5181,#5182,#5183,#5184,#5185,#5186,#5187,#5188,#5189,#5190),
 .UNSPECIFIED.,.F.,.F.,(4,2,2,2,2,2,2,2,4),(0.,0.0763115330505302,0.15262306610106,
0.228857400160917,0.305091734220774,0.381326068280631,0.457560402340488,
0.533871935391018,0.610183468441548),.UNSPECIFIED.);
#602=B_SPLINE_CURVE_WITH_KNOTS('',3,(#5191,#5192,#5193,#5194,#5195,#5196,
#5197,#5198,#5199,#5200,#5201,#5202,#5203,#5204,#5205,#5206,#5207,#5208),
 .UNSPECIFIED.,.F.,.F.,(4,2,2,2,2,2,2,2,4),(0.610183468441548,0.686495001492078,
0.762806534542608,0.839040868602465,0.915275202662322,0.991509536722179,
1.06774387078204,1.14405540383257,1.2203669368831),.UNSPECIFIED.);
#603=B_SPLINE_CURVE_WITH_KNOTS('',3,(#5213,#5214,#5215,#5216,#5217,#5218,
#5219,#5220,#5221,#5222,#5223,#5224,#5225,#5226,#5227,#5228,#5229,#5230,
#5231,#5232,#5233,#5234,#5235,#5236,#5237,#5238,#5239,#5240,#5241,#5242,
#5243,#5244,#5245,#5246),.UNSPECIFIED.,.T.,.F.,(4,2,2,2,2,2,2,2,2,2,2,2,
2,2,2,2,4),(-1.2203669368831,-1.14405540383257,-1.06774387078204,-0.991509536722179,
-0.915275202662322,-0.839040868602465,-0.762806534542608,-0.686495001492078,
-0.610183468441548,-0.533871935391018,-0.457560402340488,-0.381326068280631,
-0.305091734220774,-0.228857400160917,-0.15262306610106,-0.0763115330505302,
0.),.UNSPECIFIED.);
#604=B_SPLINE_CURVE_WITH_KNOTS('',3,(#5249,#5250,#5251,#5252,#5253,#5254,
#5255,#5256,#5257,#5258,#5259,#5260,#5261,#5262,#5263,#5264,#5265,#5266,
#5267,#5268,#5269,#5270,#5271,#5272,#5273,#5274,#5275,#5276,#5277,#5278,
#5279,#5280,#5281,#5282),.UNSPECIFIED.,.T.,.F.,(4,2,2,2,2,2,2,2,2,2,2,2,
2,2,2,2,4),(0.,0.0758042563376237,0.151608512675247,0.227394344301024,0.3031801759268,
0.378966007552576,0.454751839178352,0.530556095515976,0.606360351853599,
0.682164608191223,0.757968864528846,0.833754696154622,0.909540527780399,
0.985326359406175,1.06111219103195,1.13691644736957,1.2127207037072),
 .UNSPECIFIED.);
#605=B_SPLINE_CURVE_WITH_KNOTS('',3,(#5288,#5289,#5290,#5291,#5292,#5293,
#5294,#5295,#5296,#5297,#5298,#5299,#5300,#5301,#5302,#5303,#5304,#5305),
 .UNSPECIFIED.,.F.,.F.,(4,2,2,2,2,2,2,2,4),(-1.2127207037072,-1.13691644736957,
-1.06111219103195,-0.985326359406174,-0.909540527780398,-0.833754696154622,
-0.757968864528846,-0.682164608191222,-0.606360351853599),.UNSPECIFIED.);
#606=B_SPLINE_CURVE_WITH_KNOTS('',3,(#5306,#5307,#5308,#5309,#5310,#5311,
#5312,#5313,#5314,#5315,#5316,#5317,#5318,#5319,#5320,#5321,#5322,#5323),
 .UNSPECIFIED.,.F.,.F.,(4,2,2,2,2,2,2,2,4),(-0.606360351853599,-0.530556095515975,
-0.454751839178351,-0.378966007552575,-0.303180175926799,-0.227394344301023,
-0.151608512675247,-0.0758042563376236,0.),.UNSPECIFIED.);
#607=B_SPLINE_CURVE_WITH_KNOTS('',3,(#5327,#5328,#5329,#5330,#5331,#5332,
#5333,#5334,#5335,#5336,#5337,#5338,#5339,#5340,#5341,#5342,#5343,#5344),
 .UNSPECIFIED.,.F.,.F.,(4,2,2,2,2,2,2,2,4),(0.,0.0763115330505302,0.15262306610106,
0.228857400160917,0.305091734220774,0.381326068280631,0.457560402340488,
0.533871935391018,0.610183468441548),.UNSPECIFIED.);
#608=B_SPLINE_CURVE_WITH_KNOTS('',3,(#5345,#5346,#5347,#5348,#5349,#5350,
#5351,#5352,#5353,#5354,#5355,#5356,#5357,#5358,#5359,#5360,#5361,#5362),
 .UNSPECIFIED.,.F.,.F.,(4,2,2,2,2,2,2,2,4),(0.610183468441548,0.686495001492078,
0.762806534542609,0.839040868602465,0.915275202662322,0.991509536722179,
1.06774387078204,1.14405540383257,1.2203669368831),.UNSPECIFIED.);
#609=B_SPLINE_CURVE_WITH_KNOTS('',3,(#5367,#5368,#5369,#5370,#5371,#5372,
#5373,#5374,#5375,#5376,#5377,#5378,#5379,#5380,#5381,#5382,#5383,#5384,
#5385,#5386,#5387,#5388,#5389,#5390,#5391,#5392,#5393,#5394,#5395,#5396,
#5397,#5398,#5399,#5400),.UNSPECIFIED.,.T.,.F.,(4,2,2,2,2,2,2,2,2,2,2,2,
2,2,2,2,4),(-1.2203669368831,-1.14405540383257,-1.06774387078204,-0.991509536722179,
-0.915275202662322,-0.839040868602466,-0.762806534542609,-0.686495001492079,
-0.610183468441548,-0.533871935391018,-0.457560402340488,-0.381326068280631,
-0.305091734220774,-0.228857400160917,-0.15262306610106,-0.0763115330505302,
0.),.UNSPECIFIED.);
#610=B_SPLINE_CURVE_WITH_KNOTS('',3,(#5403,#5404,#5405,#5406,#5407,#5408,
#5409,#5410,#5411,#5412,#5413,#5414,#5415,#5416,#5417,#5418,#5419,#5420,
#5421,#5422,#5423,#5424,#5425,#5426,#5427,#5428,#5429,#5430,#5431,#5432,
#5433,#5434,#5435,#5436),.UNSPECIFIED.,.T.,.F.,(4,2,2,2,2,2,2,2,2,2,2,2,
2,2,2,2,4),(0.,0.0758042563376237,0.151608512675247,0.227394344301023,0.303180175926799,
0.378966007552575,0.454751839178351,0.530556095515975,0.606360351853599,
0.682164608191222,0.757968864528846,0.833754696154622,0.909540527780398,
0.985326359406174,1.06111219103195,1.13691644736957,1.2127207037072),
 .UNSPECIFIED.);
#611=B_SPLINE_CURVE_WITH_KNOTS('',3,(#5442,#5443,#5444,#5445,#5446,#5447,
#5448,#5449,#5450,#5451,#5452,#5453,#5454,#5455,#5456,#5457,#5458,#5459),
 .UNSPECIFIED.,.F.,.F.,(4,2,2,2,2,2,2,2,4),(-1.2127207037072,-1.13691644736957,
-1.06111219103195,-0.985326359406175,-0.909540527780399,-0.833754696154622,
-0.757968864528846,-0.682164608191223,-0.606360351853599),.UNSPECIFIED.);
#612=B_SPLINE_CURVE_WITH_KNOTS('',3,(#5460,#5461,#5462,#5463,#5464,#5465,
#5466,#5467,#5468,#5469,#5470,#5471,#5472,#5473,#5474,#5475,#5476,#5477),
 .UNSPECIFIED.,.F.,.F.,(4,2,2,2,2,2,2,2,4),(-0.606360351853599,-0.530556095515975,
-0.454751839178352,-0.378966007552576,-0.303180175926799,-0.227394344301023,
-0.151608512675247,-0.0758042563376237,0.),.UNSPECIFIED.);
#613=B_SPLINE_CURVE_WITH_KNOTS('',3,(#5481,#5482,#5483,#5484,#5485,#5486,
#5487,#5488,#5489,#5490,#5491,#5492,#5493,#5494,#5495,#5496,#5497,#5498),
 .UNSPECIFIED.,.F.,.F.,(4,2,2,2,2,2,2,2,4),(0.,0.0763115330505303,0.152623066101061,
0.228857400160917,0.305091734220774,0.381326068280631,0.457560402340488,
0.533871935391018,0.610183468441548),.UNSPECIFIED.);
#614=B_SPLINE_CURVE_WITH_KNOTS('',3,(#5499,#5500,#5501,#5502,#5503,#5504,
#5505,#5506,#5507,#5508,#5509,#5510,#5511,#5512,#5513,#5514,#5515,#5516),
 .UNSPECIFIED.,.F.,.F.,(4,2,2,2,2,2,2,2,4),(0.610183468441548,0.686495001492079,
0.762806534542609,0.839040868602466,0.915275202662322,0.991509536722179,
1.06774387078204,1.14405540383257,1.2203669368831),.UNSPECIFIED.);
#615=VERTEX_POINT('',#2042);
#616=VERTEX_POINT('',#2043);
#617=VERTEX_POINT('',#2080);
#618=VERTEX_POINT('',#2082);
#619=VERTEX_POINT('',#2120);
#620=VERTEX_POINT('',#2121);
#621=VERTEX_POINT('',#2158);
#622=VERTEX_POINT('',#2160);
#623=VERTEX_POINT('',#2198);
#624=VERTEX_POINT('',#2199);
#625=VERTEX_POINT('',#2236);
#626=VERTEX_POINT('',#2238);
#627=VERTEX_POINT('',#2276);
#628=VERTEX_POINT('',#2277);
#629=VERTEX_POINT('',#2314);
#630=VERTEX_POINT('',#2316);
#631=VERTEX_POINT('',#2354);
#632=VERTEX_POINT('',#2355);
#633=VERTEX_POINT('',#2392);
#634=VERTEX_POINT('',#2394);
#635=VERTEX_POINT('',#2432);
#636=VERTEX_POINT('',#2433);
#637=VERTEX_POINT('',#2465);
#638=VERTEX_POINT('',#2472);
#639=VERTEX_POINT('',#2474);
#640=VERTEX_POINT('',#2518);
#641=VERTEX_POINT('',#2519);
#642=VERTEX_POINT('',#2556);
#643=VERTEX_POINT('',#2558);
#644=VERTEX_POINT('',#2596);
#645=VERTEX_POINT('',#2597);
#646=VERTEX_POINT('',#2634);
#647=VERTEX_POINT('',#2636);
#648=VERTEX_POINT('',#2643);
#649=VERTEX_POINT('',#2682);
#650=VERTEX_POINT('',#2683);
#651=VERTEX_POINT('',#2720);
#652=VERTEX_POINT('',#2722);
#653=VERTEX_POINT('',#2760);
#654=VERTEX_POINT('',#2761);
#655=VERTEX_POINT('',#2798);
#656=VERTEX_POINT('',#2800);
#657=VERTEX_POINT('',#2838);
#658=VERTEX_POINT('',#2839);
#659=VERTEX_POINT('',#2876);
#660=VERTEX_POINT('',#2878);
#661=VERTEX_POINT('',#2916);
#662=VERTEX_POINT('',#2917);
#663=VERTEX_POINT('',#2949);
#664=VERTEX_POINT('',#2956);
#665=VERTEX_POINT('',#2958);
#666=VERTEX_POINT('',#3002);
#667=VERTEX_POINT('',#3003);
#668=VERTEX_POINT('',#3040);
#669=VERTEX_POINT('',#3042);
#670=VERTEX_POINT('',#3080);
#671=VERTEX_POINT('',#3081);
#672=VERTEX_POINT('',#3118);
#673=VERTEX_POINT('',#3120);
#674=VERTEX_POINT('',#3158);
#675=VERTEX_POINT('',#3159);
#676=VERTEX_POINT('',#3196);
#677=VERTEX_POINT('',#3198);
#678=VERTEX_POINT('',#3236);
#679=VERTEX_POINT('',#3237);
#680=VERTEX_POINT('',#3274);
#681=VERTEX_POINT('',#3276);
#682=VERTEX_POINT('',#3314);
#683=VERTEX_POINT('',#3315);
#684=VERTEX_POINT('',#3352);
#685=VERTEX_POINT('',#3354);
#686=VERTEX_POINT('',#3392);
#687=VERTEX_POINT('',#3393);
#688=VERTEX_POINT('',#3430);
#689=VERTEX_POINT('',#3432);
#690=VERTEX_POINT('',#3470);
#691=VERTEX_POINT('',#3471);
#692=VERTEX_POINT('',#3508);
#693=VERTEX_POINT('',#3510);
#694=VERTEX_POINT('',#3548);
#695=VERTEX_POINT('',#3549);
#696=VERTEX_POINT('',#3586);
#697=VERTEX_POINT('',#3588);
#698=VERTEX_POINT('',#3595);
#699=VERTEX_POINT('',#3634);
#700=VERTEX_POINT('',#3635);
#701=VERTEX_POINT('',#3672);
#702=VERTEX_POINT('',#3674);
#703=VERTEX_POINT('',#3712);
#704=VERTEX_POINT('',#3713);
#705=VERTEX_POINT('',#3750);
#706=VERTEX_POINT('',#3752);
#707=VERTEX_POINT('',#3790);
#708=VERTEX_POINT('',#3792);
#709=VERTEX_POINT('',#3794);
#710=VERTEX_POINT('',#3798);
#711=VERTEX_POINT('',#3805);
#712=VERTEX_POINT('',#3809);
#713=VERTEX_POINT('',#3813);
#714=VERTEX_POINT('',#3817);
#715=VERTEX_POINT('',#3821);
#716=VERTEX_POINT('',#3826);
#717=VERTEX_POINT('',#3861);
#718=VERTEX_POINT('',#3900);
#719=VERTEX_POINT('',#3901);
#720=VERTEX_POINT('',#3939);
#721=VERTEX_POINT('',#3940);
#722=VERTEX_POINT('',#3980);
#723=VERTEX_POINT('',#4015);
#724=VERTEX_POINT('',#4054);
#725=VERTEX_POINT('',#4055);
#726=VERTEX_POINT('',#4093);
#727=VERTEX_POINT('',#4094);
#728=VERTEX_POINT('',#4134);
#729=VERTEX_POINT('',#4169);
#730=VERTEX_POINT('',#4208);
#731=VERTEX_POINT('',#4209);
#732=VERTEX_POINT('',#4247);
#733=VERTEX_POINT('',#4248);
#734=VERTEX_POINT('',#4288);
#735=VERTEX_POINT('',#4323);
#736=VERTEX_POINT('',#4362);
#737=VERTEX_POINT('',#4363);
#738=VERTEX_POINT('',#4401);
#739=VERTEX_POINT('',#4402);
#740=VERTEX_POINT('',#4442);
#741=VERTEX_POINT('',#4477);
#742=VERTEX_POINT('',#4516);
#743=VERTEX_POINT('',#4517);
#744=VERTEX_POINT('',#4555);
#745=VERTEX_POINT('',#4556);
#746=VERTEX_POINT('',#4596);
#747=VERTEX_POINT('',#4631);
#748=VERTEX_POINT('',#4670);
#749=VERTEX_POINT('',#4671);
#750=VERTEX_POINT('',#4709);
#751=VERTEX_POINT('',#4710);
#752=VERTEX_POINT('',#4750);
#753=VERTEX_POINT('',#4785);
#754=VERTEX_POINT('',#4824);
#755=VERTEX_POINT('',#4825);
#756=VERTEX_POINT('',#4863);
#757=VERTEX_POINT('',#4864);
#758=VERTEX_POINT('',#4904);
#759=VERTEX_POINT('',#4939);
#760=VERTEX_POINT('',#4978);
#761=VERTEX_POINT('',#4979);
#762=VERTEX_POINT('',#5017);
#763=VERTEX_POINT('',#5018);
#764=VERTEX_POINT('',#5058);
#765=VERTEX_POINT('',#5093);
#766=VERTEX_POINT('',#5132);
#767=VERTEX_POINT('',#5133);
#768=VERTEX_POINT('',#5171);
#769=VERTEX_POINT('',#5172);
#770=VERTEX_POINT('',#5212);
#771=VERTEX_POINT('',#5247);
#772=VERTEX_POINT('',#5286);
#773=VERTEX_POINT('',#5287);
#774=VERTEX_POINT('',#5325);
#775=VERTEX_POINT('',#5326);
#776=VERTEX_POINT('',#5366);
#777=VERTEX_POINT('',#5401);
#778=VERTEX_POINT('',#5440);
#779=VERTEX_POINT('',#5441);
#780=VERTEX_POINT('',#5479);
#781=VERTEX_POINT('',#5480);
#782=EDGE_CURVE('',#615,#616,#457,.T.);
#783=EDGE_CURVE('',#616,#615,#458,.T.);
#784=EDGE_CURVE('',#616,#617,#351,.T.);
#785=EDGE_CURVE('',#618,#617,#459,.T.);
#786=EDGE_CURVE('',#617,#618,#460,.T.);
#787=EDGE_CURVE('',#619,#620,#461,.T.);
#788=EDGE_CURVE('',#620,#619,#462,.T.);
#789=EDGE_CURVE('',#620,#621,#352,.T.);
#790=EDGE_CURVE('',#622,#621,#463,.T.);
#791=EDGE_CURVE('',#621,#622,#464,.T.);
#792=EDGE_CURVE('',#623,#624,#465,.T.);
#793=EDGE_CURVE('',#624,#623,#466,.T.);
#794=EDGE_CURVE('',#624,#625,#353,.T.);
#795=EDGE_CURVE('',#626,#625,#467,.T.);
#796=EDGE_CURVE('',#625,#626,#468,.T.);
#797=EDGE_CURVE('',#627,#628,#469,.T.);
#798=EDGE_CURVE('',#628,#627,#470,.T.);
#799=EDGE_CURVE('',#628,#629,#354,.T.);
#800=EDGE_CURVE('',#630,#629,#471,.T.);
#801=EDGE_CURVE('',#629,#630,#472,.T.);
#802=EDGE_CURVE('',#631,#632,#473,.T.);
#803=EDGE_CURVE('',#632,#631,#474,.T.);
#804=EDGE_CURVE('',#632,#633,#355,.T.);
#805=EDGE_CURVE('',#634,#633,#475,.T.);
#806=EDGE_CURVE('',#633,#634,#476,.T.);
#807=EDGE_CURVE('',#635,#636,#477,.F.);
#808=EDGE_CURVE('',#637,#635,#478,.F.);
#809=EDGE_CURVE('',#637,#638,#356,.T.);
#810=EDGE_CURVE('',#639,#638,#479,.T.);
#811=EDGE_CURVE('',#638,#639,#480,.T.);
#812=EDGE_CURVE('',#636,#637,#481,.F.);
#813=EDGE_CURVE('',#640,#641,#482,.T.);
#814=EDGE_CURVE('',#641,#640,#483,.T.);
#815=EDGE_CURVE('',#641,#642,#357,.T.);
#816=EDGE_CURVE('',#643,#642,#484,.T.);
#817=EDGE_CURVE('',#642,#643,#485,.T.);
#818=EDGE_CURVE('',#644,#645,#486,.T.);
#819=EDGE_CURVE('',#645,#644,#487,.T.);
#820=EDGE_CURVE('',#645,#646,#358,.T.);
#821=EDGE_CURVE('',#647,#646,#488,.F.);
#822=EDGE_CURVE('',#648,#647,#489,.F.);
#823=EDGE_CURVE('',#646,#648,#490,.F.);
#824=EDGE_CURVE('',#649,#650,#491,.T.);
#825=EDGE_CURVE('',#650,#649,#492,.T.);
#826=EDGE_CURVE('',#650,#651,#359,.T.);
#827=EDGE_CURVE('',#652,#651,#493,.T.);
#828=EDGE_CURVE('',#651,#652,#494,.T.);
#829=EDGE_CURVE('',#653,#654,#495,.T.);
#830=EDGE_CURVE('',#654,#653,#496,.T.);
#831=EDGE_CURVE('',#654,#655,#360,.T.);
#832=EDGE_CURVE('',#656,#655,#497,.T.);
#833=EDGE_CURVE('',#655,#656,#498,.T.);
#834=EDGE_CURVE('',#657,#658,#499,.T.);
#835=EDGE_CURVE('',#658,#657,#500,.T.);
#836=EDGE_CURVE('',#658,#659,#361,.T.);
#837=EDGE_CURVE('',#660,#659,#501,.T.);
#838=EDGE_CURVE('',#659,#660,#502,.T.);
#839=EDGE_CURVE('',#661,#662,#503,.F.);
#840=EDGE_CURVE('',#663,#661,#504,.F.);
#841=EDGE_CURVE('',#663,#664,#362,.T.);
#842=EDGE_CURVE('',#665,#664,#505,.T.);
#843=EDGE_CURVE('',#664,#665,#506,.T.);
#844=EDGE_CURVE('',#662,#663,#507,.F.);
#845=EDGE_CURVE('',#666,#667,#508,.T.);
#846=EDGE_CURVE('',#667,#666,#509,.T.);
#847=EDGE_CURVE('',#667,#668,#363,.T.);
#848=EDGE_CURVE('',#669,#668,#510,.T.);
#849=EDGE_CURVE('',#668,#669,#511,.T.);
#850=EDGE_CURVE('',#670,#671,#512,.T.);
#851=EDGE_CURVE('',#671,#670,#513,.T.);
#852=EDGE_CURVE('',#671,#672,#364,.T.);
#853=EDGE_CURVE('',#673,#672,#514,.T.);
#854=EDGE_CURVE('',#672,#673,#515,.T.);
#855=EDGE_CURVE('',#674,#675,#516,.T.);
#856=EDGE_CURVE('',#675,#674,#517,.T.);
#857=EDGE_CURVE('',#675,#676,#365,.T.);
#858=EDGE_CURVE('',#677,#676,#518,.T.);
#859=EDGE_CURVE('',#676,#677,#519,.T.);
#860=EDGE_CURVE('',#678,#679,#520,.T.);
#861=EDGE_CURVE('',#679,#678,#521,.T.);
#862=EDGE_CURVE('',#679,#680,#366,.T.);
#863=EDGE_CURVE('',#681,#680,#522,.T.);
#864=EDGE_CURVE('',#680,#681,#523,.T.);
#865=EDGE_CURVE('',#682,#683,#524,.T.);
#866=EDGE_CURVE('',#683,#682,#525,.T.);
#867=EDGE_CURVE('',#683,#684,#367,.T.);
#868=EDGE_CURVE('',#685,#684,#526,.T.);
#869=EDGE_CURVE('',#684,#685,#527,.T.);
#870=EDGE_CURVE('',#686,#687,#528,.T.);
#871=EDGE_CURVE('',#687,#686,#529,.T.);
#872=EDGE_CURVE('',#687,#688,#368,.T.);
#873=EDGE_CURVE('',#689,#688,#530,.T.);
#874=EDGE_CURVE('',#688,#689,#531,.T.);
#875=EDGE_CURVE('',#690,#691,#532,.T.);
#876=EDGE_CURVE('',#691,#690,#533,.T.);
#877=EDGE_CURVE('',#691,#692,#369,.T.);
#878=EDGE_CURVE('',#693,#692,#534,.T.);
#879=EDGE_CURVE('',#692,#693,#535,.T.);
#880=EDGE_CURVE('',#694,#695,#536,.T.);
#881=EDGE_CURVE('',#695,#694,#537,.T.);
#882=EDGE_CURVE('',#695,#696,#370,.T.);
#883=EDGE_CURVE('',#697,#696,#538,.F.);
#884=EDGE_CURVE('',#698,#697,#539,.F.);
#885=EDGE_CURVE('',#696,#698,#540,.F.);
#886=EDGE_CURVE('',#699,#700,#541,.T.);
#887=EDGE_CURVE('',#700,#699,#542,.T.);
#888=EDGE_CURVE('',#700,#701,#371,.T.);
#889=EDGE_CURVE('',#702,#701,#543,.T.);
#890=EDGE_CURVE('',#701,#702,#544,.T.);
#891=EDGE_CURVE('',#703,#704,#545,.T.);
#892=EDGE_CURVE('',#704,#703,#546,.T.);
#893=EDGE_CURVE('',#704,#705,#372,.T.);
#894=EDGE_CURVE('',#706,#705,#547,.T.);
#895=EDGE_CURVE('',#705,#706,#548,.T.);
#896=EDGE_CURVE('',#707,#707,#106,.T.);
#897=EDGE_CURVE('',#707,#708,#107,.T.);
#898=EDGE_CURVE('',#708,#709,#108,.T.);
#899=EDGE_CURVE('',#709,#708,#109,.T.);
#900=EDGE_CURVE('',#710,#710,#110,.T.);
#901=EDGE_CURVE('',#709,#697,#373,.T.);
#902=EDGE_CURVE('',#698,#635,#374,.T.);
#903=EDGE_CURVE('',#636,#647,#375,.T.);
#904=EDGE_CURVE('',#648,#661,#376,.T.);
#905=EDGE_CURVE('',#662,#711,#377,.T.);
#906=EDGE_CURVE('',#711,#711,#111,.T.);
#907=EDGE_CURVE('',#712,#712,#112,.T.);
#908=EDGE_CURVE('',#712,#710,#378,.T.);
#909=EDGE_CURVE('',#713,#713,#113,.T.);
#910=EDGE_CURVE('',#713,#712,#379,.T.);
#911=EDGE_CURVE('',#711,#714,#380,.T.);
#912=EDGE_CURVE('',#714,#714,#114,.T.);
#913=EDGE_CURVE('',#715,#715,#115,.T.);
#914=EDGE_CURVE('',#713,#715,#381,.T.);
#915=EDGE_CURVE('',#716,#716,#549,.T.);
#916=EDGE_CURVE('',#716,#717,#382,.T.);
#917=EDGE_CURVE('',#717,#717,#550,.T.);
#918=EDGE_CURVE('',#718,#719,#551,.T.);
#919=EDGE_CURVE('',#719,#718,#552,.T.);
#920=EDGE_CURVE('',#720,#721,#553,.T.);
#921=EDGE_CURVE('',#721,#720,#554,.T.);
#922=EDGE_CURVE('',#719,#721,#383,.T.);
#923=EDGE_CURVE('',#722,#722,#555,.T.);
#924=EDGE_CURVE('',#722,#723,#384,.T.);
#925=EDGE_CURVE('',#723,#723,#556,.T.);
#926=EDGE_CURVE('',#724,#725,#557,.T.);
#927=EDGE_CURVE('',#725,#724,#558,.T.);
#928=EDGE_CURVE('',#726,#727,#559,.T.);
#929=EDGE_CURVE('',#727,#726,#560,.T.);
#930=EDGE_CURVE('',#725,#727,#385,.T.);
#931=EDGE_CURVE('',#728,#728,#561,.T.);
#932=EDGE_CURVE('',#728,#729,#386,.T.);
#933=EDGE_CURVE('',#729,#729,#562,.T.);
#934=EDGE_CURVE('',#730,#731,#563,.T.);
#935=EDGE_CURVE('',#731,#730,#564,.T.);
#936=EDGE_CURVE('',#732,#733,#565,.T.);
#937=EDGE_CURVE('',#733,#732,#566,.T.);
#938=EDGE_CURVE('',#731,#733,#387,.T.);
#939=EDGE_CURVE('',#734,#734,#567,.T.);
#940=EDGE_CURVE('',#734,#735,#388,.T.);
#941=EDGE_CURVE('',#735,#735,#568,.T.);
#942=EDGE_CURVE('',#736,#737,#569,.T.);
#943=EDGE_CURVE('',#737,#736,#570,.T.);
#944=EDGE_CURVE('',#738,#739,#571,.T.);
#945=EDGE_CURVE('',#739,#738,#572,.T.);
#946=EDGE_CURVE('',#737,#739,#389,.T.);
#947=EDGE_CURVE('',#740,#740,#573,.T.);
#948=EDGE_CURVE('',#740,#741,#390,.T.);
#949=EDGE_CURVE('',#741,#741,#574,.T.);
#950=EDGE_CURVE('',#742,#743,#575,.T.);
#951=EDGE_CURVE('',#743,#742,#576,.T.);
#952=EDGE_CURVE('',#744,#745,#577,.T.);
#953=EDGE_CURVE('',#745,#744,#578,.T.);
#954=EDGE_CURVE('',#743,#745,#391,.T.);
#955=EDGE_CURVE('',#746,#746,#579,.T.);
#956=EDGE_CURVE('',#746,#747,#392,.T.);
#957=EDGE_CURVE('',#747,#747,#580,.T.);
#958=EDGE_CURVE('',#748,#749,#581,.T.);
#959=EDGE_CURVE('',#749,#748,#582,.T.);
#960=EDGE_CURVE('',#750,#751,#583,.T.);
#961=EDGE_CURVE('',#751,#750,#584,.T.);
#962=EDGE_CURVE('',#749,#751,#393,.T.);
#963=EDGE_CURVE('',#752,#752,#585,.T.);
#964=EDGE_CURVE('',#752,#753,#394,.T.);
#965=EDGE_CURVE('',#753,#753,#586,.T.);
#966=EDGE_CURVE('',#754,#755,#587,.T.);
#967=EDGE_CURVE('',#755,#754,#588,.T.);
#968=EDGE_CURVE('',#756,#757,#589,.T.);
#969=EDGE_CURVE('',#757,#756,#590,.T.);
#970=EDGE_CURVE('',#755,#757,#395,.T.);
#971=EDGE_CURVE('',#758,#758,#591,.T.);
#972=EDGE_CURVE('',#758,#759,#396,.T.);
#973=EDGE_CURVE('',#759,#759,#592,.T.);
#974=EDGE_CURVE('',#760,#761,#593,.T.);
#975=EDGE_CURVE('',#761,#760,#594,.T.);
#976=EDGE_CURVE('',#762,#763,#595,.T.);
#977=EDGE_CURVE('',#763,#762,#596,.T.);
#978=EDGE_CURVE('',#761,#763,#397,.T.);
#979=EDGE_CURVE('',#764,#764,#597,.T.);
#980=EDGE_CURVE('',#764,#765,#398,.T.);
#981=EDGE_CURVE('',#765,#765,#598,.T.);
#982=EDGE_CURVE('',#766,#767,#599,.T.);
#983=EDGE_CURVE('',#767,#766,#600,.T.);
#984=EDGE_CURVE('',#768,#769,#601,.T.);
#985=EDGE_CURVE('',#769,#768,#602,.T.);
#986=EDGE_CURVE('',#767,#769,#399,.T.);
#987=EDGE_CURVE('',#770,#770,#603,.T.);
#988=EDGE_CURVE('',#770,#771,#400,.T.);
#989=EDGE_CURVE('',#771,#771,#604,.T.);
#990=EDGE_CURVE('',#772,#773,#605,.T.);
#991=EDGE_CURVE('',#773,#772,#606,.T.);
#992=EDGE_CURVE('',#774,#775,#607,.T.);
#993=EDGE_CURVE('',#775,#774,#608,.T.);
#994=EDGE_CURVE('',#773,#775,#401,.T.);
#995=EDGE_CURVE('',#776,#776,#609,.T.);
#996=EDGE_CURVE('',#776,#777,#402,.T.);
#997=EDGE_CURVE('',#777,#777,#610,.T.);
#998=EDGE_CURVE('',#778,#779,#611,.T.);
#999=EDGE_CURVE('',#779,#778,#612,.T.);
#1000=EDGE_CURVE('',#780,#781,#613,.T.);
#1001=EDGE_CURVE('',#781,#780,#614,.T.);
#1002=EDGE_CURVE('',#779,#781,#403,.T.);
#1003=ORIENTED_EDGE('',*,*,#782,.F.);
#1004=ORIENTED_EDGE('',*,*,#783,.F.);
#1005=ORIENTED_EDGE('',*,*,#784,.T.);
#1006=ORIENTED_EDGE('',*,*,#785,.F.);
#1007=ORIENTED_EDGE('',*,*,#786,.F.);
#1008=ORIENTED_EDGE('',*,*,#784,.F.);
#1009=ORIENTED_EDGE('',*,*,#787,.F.);
#1010=ORIENTED_EDGE('',*,*,#788,.F.);
#1011=ORIENTED_EDGE('',*,*,#789,.T.);
#1012=ORIENTED_EDGE('',*,*,#790,.F.);
#1013=ORIENTED_EDGE('',*,*,#791,.F.);
#1014=ORIENTED_EDGE('',*,*,#789,.F.);
#1015=ORIENTED_EDGE('',*,*,#792,.F.);
#1016=ORIENTED_EDGE('',*,*,#793,.F.);
#1017=ORIENTED_EDGE('',*,*,#794,.T.);
#1018=ORIENTED_EDGE('',*,*,#795,.F.);
#1019=ORIENTED_EDGE('',*,*,#796,.F.);
#1020=ORIENTED_EDGE('',*,*,#794,.F.);
#1021=ORIENTED_EDGE('',*,*,#797,.F.);
#1022=ORIENTED_EDGE('',*,*,#798,.F.);
#1023=ORIENTED_EDGE('',*,*,#799,.T.);
#1024=ORIENTED_EDGE('',*,*,#800,.F.);
#1025=ORIENTED_EDGE('',*,*,#801,.F.);
#1026=ORIENTED_EDGE('',*,*,#799,.F.);
#1027=ORIENTED_EDGE('',*,*,#802,.F.);
#1028=ORIENTED_EDGE('',*,*,#803,.F.);
#1029=ORIENTED_EDGE('',*,*,#804,.T.);
#1030=ORIENTED_EDGE('',*,*,#805,.F.);
#1031=ORIENTED_EDGE('',*,*,#806,.F.);
#1032=ORIENTED_EDGE('',*,*,#804,.F.);
#1033=ORIENTED_EDGE('',*,*,#807,.F.);
#1034=ORIENTED_EDGE('',*,*,#808,.F.);
#1035=ORIENTED_EDGE('',*,*,#809,.T.);
#1036=ORIENTED_EDGE('',*,*,#810,.F.);
#1037=ORIENTED_EDGE('',*,*,#811,.F.);
#1038=ORIENTED_EDGE('',*,*,#809,.F.);
#1039=ORIENTED_EDGE('',*,*,#812,.F.);
#1040=ORIENTED_EDGE('',*,*,#813,.F.);
#1041=ORIENTED_EDGE('',*,*,#814,.F.);
#1042=ORIENTED_EDGE('',*,*,#815,.T.);
#1043=ORIENTED_EDGE('',*,*,#816,.F.);
#1044=ORIENTED_EDGE('',*,*,#817,.F.);
#1045=ORIENTED_EDGE('',*,*,#815,.F.);
#1046=ORIENTED_EDGE('',*,*,#818,.F.);
#1047=ORIENTED_EDGE('',*,*,#819,.F.);
#1048=ORIENTED_EDGE('',*,*,#820,.T.);
#1049=ORIENTED_EDGE('',*,*,#821,.F.);
#1050=ORIENTED_EDGE('',*,*,#822,.F.);
#1051=ORIENTED_EDGE('',*,*,#823,.F.);
#1052=ORIENTED_EDGE('',*,*,#820,.F.);
#1053=ORIENTED_EDGE('',*,*,#824,.F.);
#1054=ORIENTED_EDGE('',*,*,#825,.F.);
#1055=ORIENTED_EDGE('',*,*,#826,.T.);
#1056=ORIENTED_EDGE('',*,*,#827,.F.);
#1057=ORIENTED_EDGE('',*,*,#828,.F.);
#1058=ORIENTED_EDGE('',*,*,#826,.F.);
#1059=ORIENTED_EDGE('',*,*,#829,.F.);
#1060=ORIENTED_EDGE('',*,*,#830,.F.);
#1061=ORIENTED_EDGE('',*,*,#831,.T.);
#1062=ORIENTED_EDGE('',*,*,#832,.F.);
#1063=ORIENTED_EDGE('',*,*,#833,.F.);
#1064=ORIENTED_EDGE('',*,*,#831,.F.);
#1065=ORIENTED_EDGE('',*,*,#834,.F.);
#1066=ORIENTED_EDGE('',*,*,#835,.F.);
#1067=ORIENTED_EDGE('',*,*,#836,.T.);
#1068=ORIENTED_EDGE('',*,*,#837,.F.);
#1069=ORIENTED_EDGE('',*,*,#838,.F.);
#1070=ORIENTED_EDGE('',*,*,#836,.F.);
#1071=ORIENTED_EDGE('',*,*,#839,.F.);
#1072=ORIENTED_EDGE('',*,*,#840,.F.);
#1073=ORIENTED_EDGE('',*,*,#841,.T.);
#1074=ORIENTED_EDGE('',*,*,#842,.F.);
#1075=ORIENTED_EDGE('',*,*,#843,.F.);
#1076=ORIENTED_EDGE('',*,*,#841,.F.);
#1077=ORIENTED_EDGE('',*,*,#844,.F.);
#1078=ORIENTED_EDGE('',*,*,#845,.F.);
#1079=ORIENTED_EDGE('',*,*,#846,.F.);
#1080=ORIENTED_EDGE('',*,*,#847,.T.);
#1081=ORIENTED_EDGE('',*,*,#848,.F.);
#1082=ORIENTED_EDGE('',*,*,#849,.F.);
#1083=ORIENTED_EDGE('',*,*,#847,.F.);
#1084=ORIENTED_EDGE('',*,*,#850,.F.);
#1085=ORIENTED_EDGE('',*,*,#851,.F.);
#1086=ORIENTED_EDGE('',*,*,#852,.T.);
#1087=ORIENTED_EDGE('',*,*,#853,.F.);
#1088=ORIENTED_EDGE('',*,*,#854,.F.);
#1089=ORIENTED_EDGE('',*,*,#852,.F.);
#1090=ORIENTED_EDGE('',*,*,#855,.F.);
#1091=ORIENTED_EDGE('',*,*,#856,.F.);
#1092=ORIENTED_EDGE('',*,*,#857,.T.);
#1093=ORIENTED_EDGE('',*,*,#858,.F.);
#1094=ORIENTED_EDGE('',*,*,#859,.F.);
#1095=ORIENTED_EDGE('',*,*,#857,.F.);
#1096=ORIENTED_EDGE('',*,*,#860,.F.);
#1097=ORIENTED_EDGE('',*,*,#861,.F.);
#1098=ORIENTED_EDGE('',*,*,#862,.T.);
#1099=ORIENTED_EDGE('',*,*,#863,.F.);
#1100=ORIENTED_EDGE('',*,*,#864,.F.);
#1101=ORIENTED_EDGE('',*,*,#862,.F.);
#1102=ORIENTED_EDGE('',*,*,#865,.F.);
#1103=ORIENTED_EDGE('',*,*,#866,.F.);
#1104=ORIENTED_EDGE('',*,*,#867,.T.);
#1105=ORIENTED_EDGE('',*,*,#868,.F.);
#1106=ORIENTED_EDGE('',*,*,#869,.F.);
#1107=ORIENTED_EDGE('',*,*,#867,.F.);
#1108=ORIENTED_EDGE('',*,*,#870,.F.);
#1109=ORIENTED_EDGE('',*,*,#871,.F.);
#1110=ORIENTED_EDGE('',*,*,#872,.T.);
#1111=ORIENTED_EDGE('',*,*,#873,.F.);
#1112=ORIENTED_EDGE('',*,*,#874,.F.);
#1113=ORIENTED_EDGE('',*,*,#872,.F.);
#1114=ORIENTED_EDGE('',*,*,#875,.F.);
#1115=ORIENTED_EDGE('',*,*,#876,.F.);
#1116=ORIENTED_EDGE('',*,*,#877,.T.);
#1117=ORIENTED_EDGE('',*,*,#878,.F.);
#1118=ORIENTED_EDGE('',*,*,#879,.F.);
#1119=ORIENTED_EDGE('',*,*,#877,.F.);
#1120=ORIENTED_EDGE('',*,*,#880,.F.);
#1121=ORIENTED_EDGE('',*,*,#881,.F.);
#1122=ORIENTED_EDGE('',*,*,#882,.T.);
#1123=ORIENTED_EDGE('',*,*,#883,.F.);
#1124=ORIENTED_EDGE('',*,*,#884,.F.);
#1125=ORIENTED_EDGE('',*,*,#885,.F.);
#1126=ORIENTED_EDGE('',*,*,#882,.F.);
#1127=ORIENTED_EDGE('',*,*,#886,.F.);
#1128=ORIENTED_EDGE('',*,*,#887,.F.);
#1129=ORIENTED_EDGE('',*,*,#888,.T.);
#1130=ORIENTED_EDGE('',*,*,#889,.F.);
#1131=ORIENTED_EDGE('',*,*,#890,.F.);
#1132=ORIENTED_EDGE('',*,*,#888,.F.);
#1133=ORIENTED_EDGE('',*,*,#891,.F.);
#1134=ORIENTED_EDGE('',*,*,#892,.F.);
#1135=ORIENTED_EDGE('',*,*,#893,.T.);
#1136=ORIENTED_EDGE('',*,*,#894,.F.);
#1137=ORIENTED_EDGE('',*,*,#895,.F.);
#1138=ORIENTED_EDGE('',*,*,#893,.F.);
#1139=ORIENTED_EDGE('',*,*,#896,.T.);
#1140=ORIENTED_EDGE('',*,*,#897,.T.);
#1141=ORIENTED_EDGE('',*,*,#898,.T.);
#1142=ORIENTED_EDGE('',*,*,#899,.T.);
#1143=ORIENTED_EDGE('',*,*,#897,.F.);
#1144=ORIENTED_EDGE('',*,*,#900,.F.);
#1145=ORIENTED_EDGE('',*,*,#896,.F.);
#1146=ORIENTED_EDGE('',*,*,#899,.F.);
#1147=ORIENTED_EDGE('',*,*,#901,.T.);
#1148=ORIENTED_EDGE('',*,*,#883,.T.);
#1149=ORIENTED_EDGE('',*,*,#885,.T.);
#1150=ORIENTED_EDGE('',*,*,#902,.T.);
#1151=ORIENTED_EDGE('',*,*,#807,.T.);
#1152=ORIENTED_EDGE('',*,*,#903,.T.);
#1153=ORIENTED_EDGE('',*,*,#821,.T.);
#1154=ORIENTED_EDGE('',*,*,#823,.T.);
#1155=ORIENTED_EDGE('',*,*,#904,.T.);
#1156=ORIENTED_EDGE('',*,*,#839,.T.);
#1157=ORIENTED_EDGE('',*,*,#905,.T.);
#1158=ORIENTED_EDGE('',*,*,#906,.F.);
#1159=ORIENTED_EDGE('',*,*,#905,.F.);
#1160=ORIENTED_EDGE('',*,*,#844,.T.);
#1161=ORIENTED_EDGE('',*,*,#840,.T.);
#1162=ORIENTED_EDGE('',*,*,#904,.F.);
#1163=ORIENTED_EDGE('',*,*,#822,.T.);
#1164=ORIENTED_EDGE('',*,*,#903,.F.);
#1165=ORIENTED_EDGE('',*,*,#812,.T.);
#1166=ORIENTED_EDGE('',*,*,#808,.T.);
#1167=ORIENTED_EDGE('',*,*,#902,.F.);
#1168=ORIENTED_EDGE('',*,*,#884,.T.);
#1169=ORIENTED_EDGE('',*,*,#901,.F.);
#1170=ORIENTED_EDGE('',*,*,#898,.F.);
#1171=ORIENTED_EDGE('',*,*,#782,.T.);
#1172=ORIENTED_EDGE('',*,*,#783,.T.);
#1173=ORIENTED_EDGE('',*,*,#790,.T.);
#1174=ORIENTED_EDGE('',*,*,#791,.T.);
#1175=ORIENTED_EDGE('',*,*,#795,.T.);
#1176=ORIENTED_EDGE('',*,*,#796,.T.);
#1177=ORIENTED_EDGE('',*,*,#800,.T.);
#1178=ORIENTED_EDGE('',*,*,#801,.T.);
#1179=ORIENTED_EDGE('',*,*,#802,.T.);
#1180=ORIENTED_EDGE('',*,*,#803,.T.);
#1181=ORIENTED_EDGE('',*,*,#813,.T.);
#1182=ORIENTED_EDGE('',*,*,#814,.T.);
#1183=ORIENTED_EDGE('',*,*,#824,.T.);
#1184=ORIENTED_EDGE('',*,*,#825,.T.);
#1185=ORIENTED_EDGE('',*,*,#832,.T.);
#1186=ORIENTED_EDGE('',*,*,#833,.T.);
#1187=ORIENTED_EDGE('',*,*,#834,.T.);
#1188=ORIENTED_EDGE('',*,*,#835,.T.);
#1189=ORIENTED_EDGE('',*,*,#848,.T.);
#1190=ORIENTED_EDGE('',*,*,#849,.T.);
#1191=ORIENTED_EDGE('',*,*,#853,.T.);
#1192=ORIENTED_EDGE('',*,*,#854,.T.);
#1193=ORIENTED_EDGE('',*,*,#855,.T.);
#1194=ORIENTED_EDGE('',*,*,#856,.T.);
#1195=ORIENTED_EDGE('',*,*,#863,.T.);
#1196=ORIENTED_EDGE('',*,*,#864,.T.);
#1197=ORIENTED_EDGE('',*,*,#868,.T.);
#1198=ORIENTED_EDGE('',*,*,#869,.T.);
#1199=ORIENTED_EDGE('',*,*,#870,.T.);
#1200=ORIENTED_EDGE('',*,*,#871,.T.);
#1201=ORIENTED_EDGE('',*,*,#875,.T.);
#1202=ORIENTED_EDGE('',*,*,#876,.T.);
#1203=ORIENTED_EDGE('',*,*,#886,.T.);
#1204=ORIENTED_EDGE('',*,*,#887,.T.);
#1205=ORIENTED_EDGE('',*,*,#894,.T.);
#1206=ORIENTED_EDGE('',*,*,#895,.T.);
#1207=ORIENTED_EDGE('',*,*,#907,.T.);
#1208=ORIENTED_EDGE('',*,*,#908,.T.);
#1209=ORIENTED_EDGE('',*,*,#900,.T.);
#1210=ORIENTED_EDGE('',*,*,#908,.F.);
#1211=ORIENTED_EDGE('',*,*,#909,.F.);
#1212=ORIENTED_EDGE('',*,*,#910,.T.);
#1213=ORIENTED_EDGE('',*,*,#907,.F.);
#1214=ORIENTED_EDGE('',*,*,#910,.F.);
#1215=ORIENTED_EDGE('',*,*,#785,.T.);
#1216=ORIENTED_EDGE('',*,*,#786,.T.);
#1217=ORIENTED_EDGE('',*,*,#787,.T.);
#1218=ORIENTED_EDGE('',*,*,#788,.T.);
#1219=ORIENTED_EDGE('',*,*,#792,.T.);
#1220=ORIENTED_EDGE('',*,*,#793,.T.);
#1221=ORIENTED_EDGE('',*,*,#797,.T.);
#1222=ORIENTED_EDGE('',*,*,#798,.T.);
#1223=ORIENTED_EDGE('',*,*,#805,.T.);
#1224=ORIENTED_EDGE('',*,*,#806,.T.);
#1225=ORIENTED_EDGE('',*,*,#810,.T.);
#1226=ORIENTED_EDGE('',*,*,#811,.T.);
#1227=ORIENTED_EDGE('',*,*,#816,.T.);
#1228=ORIENTED_EDGE('',*,*,#817,.T.);
#1229=ORIENTED_EDGE('',*,*,#818,.T.);
#1230=ORIENTED_EDGE('',*,*,#819,.T.);
#1231=ORIENTED_EDGE('',*,*,#827,.T.);
#1232=ORIENTED_EDGE('',*,*,#828,.T.);
#1233=ORIENTED_EDGE('',*,*,#829,.T.);
#1234=ORIENTED_EDGE('',*,*,#830,.T.);
#1235=ORIENTED_EDGE('',*,*,#837,.T.);
#1236=ORIENTED_EDGE('',*,*,#838,.T.);
#1237=ORIENTED_EDGE('',*,*,#842,.T.);
#1238=ORIENTED_EDGE('',*,*,#843,.T.);
#1239=ORIENTED_EDGE('',*,*,#845,.T.);
#1240=ORIENTED_EDGE('',*,*,#846,.T.);
#1241=ORIENTED_EDGE('',*,*,#850,.T.);
#1242=ORIENTED_EDGE('',*,*,#851,.T.);
#1243=ORIENTED_EDGE('',*,*,#858,.T.);
#1244=ORIENTED_EDGE('',*,*,#859,.T.);
#1245=ORIENTED_EDGE('',*,*,#860,.T.);
#1246=ORIENTED_EDGE('',*,*,#861,.T.);
#1247=ORIENTED_EDGE('',*,*,#865,.T.);
#1248=ORIENTED_EDGE('',*,*,#866,.T.);
#1249=ORIENTED_EDGE('',*,*,#873,.T.);
#1250=ORIENTED_EDGE('',*,*,#874,.T.);
#1251=ORIENTED_EDGE('',*,*,#878,.T.);
#1252=ORIENTED_EDGE('',*,*,#879,.T.);
#1253=ORIENTED_EDGE('',*,*,#880,.T.);
#1254=ORIENTED_EDGE('',*,*,#881,.T.);
#1255=ORIENTED_EDGE('',*,*,#889,.T.);
#1256=ORIENTED_EDGE('',*,*,#890,.T.);
#1257=ORIENTED_EDGE('',*,*,#891,.T.);
#1258=ORIENTED_EDGE('',*,*,#892,.T.);
#1259=ORIENTED_EDGE('',*,*,#906,.T.);
#1260=ORIENTED_EDGE('',*,*,#911,.T.);
#1261=ORIENTED_EDGE('',*,*,#912,.T.);
#1262=ORIENTED_EDGE('',*,*,#911,.F.);
#1263=ORIENTED_EDGE('',*,*,#913,.F.);
#1264=ORIENTED_EDGE('',*,*,#912,.F.);
#1265=ORIENTED_EDGE('',*,*,#909,.T.);
#1266=ORIENTED_EDGE('',*,*,#914,.T.);
#1267=ORIENTED_EDGE('',*,*,#913,.T.);
#1268=ORIENTED_EDGE('',*,*,#914,.F.);
#1269=ORIENTED_EDGE('',*,*,#915,.T.);
#1270=ORIENTED_EDGE('',*,*,#916,.T.);
#1271=ORIENTED_EDGE('',*,*,#917,.T.);
#1272=ORIENTED_EDGE('',*,*,#916,.F.);
#1273=ORIENTED_EDGE('',*,*,#915,.F.);
#1274=ORIENTED_EDGE('',*,*,#917,.F.);
#1275=ORIENTED_EDGE('',*,*,#918,.F.);
#1276=ORIENTED_EDGE('',*,*,#919,.F.);
#1277=ORIENTED_EDGE('',*,*,#920,.F.);
#1278=ORIENTED_EDGE('',*,*,#921,.F.);
#1279=ORIENTED_EDGE('',*,*,#918,.T.);
#1280=ORIENTED_EDGE('',*,*,#922,.T.);
#1281=ORIENTED_EDGE('',*,*,#921,.T.);
#1282=ORIENTED_EDGE('',*,*,#920,.T.);
#1283=ORIENTED_EDGE('',*,*,#922,.F.);
#1284=ORIENTED_EDGE('',*,*,#919,.T.);
#1285=ORIENTED_EDGE('',*,*,#923,.T.);
#1286=ORIENTED_EDGE('',*,*,#924,.T.);
#1287=ORIENTED_EDGE('',*,*,#925,.T.);
#1288=ORIENTED_EDGE('',*,*,#924,.F.);
#1289=ORIENTED_EDGE('',*,*,#923,.F.);
#1290=ORIENTED_EDGE('',*,*,#925,.F.);
#1291=ORIENTED_EDGE('',*,*,#926,.F.);
#1292=ORIENTED_EDGE('',*,*,#927,.F.);
#1293=ORIENTED_EDGE('',*,*,#928,.F.);
#1294=ORIENTED_EDGE('',*,*,#929,.F.);
#1295=ORIENTED_EDGE('',*,*,#926,.T.);
#1296=ORIENTED_EDGE('',*,*,#930,.T.);
#1297=ORIENTED_EDGE('',*,*,#929,.T.);
#1298=ORIENTED_EDGE('',*,*,#928,.T.);
#1299=ORIENTED_EDGE('',*,*,#930,.F.);
#1300=ORIENTED_EDGE('',*,*,#927,.T.);
#1301=ORIENTED_EDGE('',*,*,#931,.T.);
#1302=ORIENTED_EDGE('',*,*,#932,.T.);
#1303=ORIENTED_EDGE('',*,*,#933,.T.);
#1304=ORIENTED_EDGE('',*,*,#932,.F.);
#1305=ORIENTED_EDGE('',*,*,#931,.F.);
#1306=ORIENTED_EDGE('',*,*,#933,.F.);
#1307=ORIENTED_EDGE('',*,*,#934,.F.);
#1308=ORIENTED_EDGE('',*,*,#935,.F.);
#1309=ORIENTED_EDGE('',*,*,#936,.F.);
#1310=ORIENTED_EDGE('',*,*,#937,.F.);
#1311=ORIENTED_EDGE('',*,*,#934,.T.);
#1312=ORIENTED_EDGE('',*,*,#938,.T.);
#1313=ORIENTED_EDGE('',*,*,#937,.T.);
#1314=ORIENTED_EDGE('',*,*,#936,.T.);
#1315=ORIENTED_EDGE('',*,*,#938,.F.);
#1316=ORIENTED_EDGE('',*,*,#935,.T.);
#1317=ORIENTED_EDGE('',*,*,#939,.T.);
#1318=ORIENTED_EDGE('',*,*,#940,.T.);
#1319=ORIENTED_EDGE('',*,*,#941,.T.);
#1320=ORIENTED_EDGE('',*,*,#940,.F.);
#1321=ORIENTED_EDGE('',*,*,#939,.F.);
#1322=ORIENTED_EDGE('',*,*,#941,.F.);
#1323=ORIENTED_EDGE('',*,*,#942,.F.);
#1324=ORIENTED_EDGE('',*,*,#943,.F.);
#1325=ORIENTED_EDGE('',*,*,#944,.F.);
#1326=ORIENTED_EDGE('',*,*,#945,.F.);
#1327=ORIENTED_EDGE('',*,*,#942,.T.);
#1328=ORIENTED_EDGE('',*,*,#946,.T.);
#1329=ORIENTED_EDGE('',*,*,#945,.T.);
#1330=ORIENTED_EDGE('',*,*,#944,.T.);
#1331=ORIENTED_EDGE('',*,*,#946,.F.);
#1332=ORIENTED_EDGE('',*,*,#943,.T.);
#1333=ORIENTED_EDGE('',*,*,#947,.T.);
#1334=ORIENTED_EDGE('',*,*,#948,.T.);
#1335=ORIENTED_EDGE('',*,*,#949,.T.);
#1336=ORIENTED_EDGE('',*,*,#948,.F.);
#1337=ORIENTED_EDGE('',*,*,#947,.F.);
#1338=ORIENTED_EDGE('',*,*,#949,.F.);
#1339=ORIENTED_EDGE('',*,*,#950,.F.);
#1340=ORIENTED_EDGE('',*,*,#951,.F.);
#1341=ORIENTED_EDGE('',*,*,#952,.F.);
#1342=ORIENTED_EDGE('',*,*,#953,.F.);
#1343=ORIENTED_EDGE('',*,*,#950,.T.);
#1344=ORIENTED_EDGE('',*,*,#954,.T.);
#1345=ORIENTED_EDGE('',*,*,#953,.T.);
#1346=ORIENTED_EDGE('',*,*,#952,.T.);
#1347=ORIENTED_EDGE('',*,*,#954,.F.);
#1348=ORIENTED_EDGE('',*,*,#951,.T.);
#1349=ORIENTED_EDGE('',*,*,#955,.T.);
#1350=ORIENTED_EDGE('',*,*,#956,.T.);
#1351=ORIENTED_EDGE('',*,*,#957,.T.);
#1352=ORIENTED_EDGE('',*,*,#956,.F.);
#1353=ORIENTED_EDGE('',*,*,#955,.F.);
#1354=ORIENTED_EDGE('',*,*,#957,.F.);
#1355=ORIENTED_EDGE('',*,*,#958,.F.);
#1356=ORIENTED_EDGE('',*,*,#959,.F.);
#1357=ORIENTED_EDGE('',*,*,#960,.F.);
#1358=ORIENTED_EDGE('',*,*,#961,.F.);
#1359=ORIENTED_EDGE('',*,*,#958,.T.);
#1360=ORIENTED_EDGE('',*,*,#962,.T.);
#1361=ORIENTED_EDGE('',*,*,#961,.T.);
#1362=ORIENTED_EDGE('',*,*,#960,.T.);
#1363=ORIENTED_EDGE('',*,*,#962,.F.);
#1364=ORIENTED_EDGE('',*,*,#959,.T.);
#1365=ORIENTED_EDGE('',*,*,#963,.T.);
#1366=ORIENTED_EDGE('',*,*,#964,.T.);
#1367=ORIENTED_EDGE('',*,*,#965,.T.);
#1368=ORIENTED_EDGE('',*,*,#964,.F.);
#1369=ORIENTED_EDGE('',*,*,#963,.F.);
#1370=ORIENTED_EDGE('',*,*,#965,.F.);
#1371=ORIENTED_EDGE('',*,*,#966,.F.);
#1372=ORIENTED_EDGE('',*,*,#967,.F.);
#1373=ORIENTED_EDGE('',*,*,#968,.F.);
#1374=ORIENTED_EDGE('',*,*,#969,.F.);
#1375=ORIENTED_EDGE('',*,*,#966,.T.);
#1376=ORIENTED_EDGE('',*,*,#970,.T.);
#1377=ORIENTED_EDGE('',*,*,#969,.T.);
#1378=ORIENTED_EDGE('',*,*,#968,.T.);
#1379=ORIENTED_EDGE('',*,*,#970,.F.);
#1380=ORIENTED_EDGE('',*,*,#967,.T.);
#1381=ORIENTED_EDGE('',*,*,#971,.T.);
#1382=ORIENTED_EDGE('',*,*,#972,.T.);
#1383=ORIENTED_EDGE('',*,*,#973,.T.);
#1384=ORIENTED_EDGE('',*,*,#972,.F.);
#1385=ORIENTED_EDGE('',*,*,#971,.F.);
#1386=ORIENTED_EDGE('',*,*,#973,.F.);
#1387=ORIENTED_EDGE('',*,*,#974,.F.);
#1388=ORIENTED_EDGE('',*,*,#975,.F.);
#1389=ORIENTED_EDGE('',*,*,#976,.F.);
#1390=ORIENTED_EDGE('',*,*,#977,.F.);
#1391=ORIENTED_EDGE('',*,*,#974,.T.);
#1392=ORIENTED_EDGE('',*,*,#978,.T.);
#1393=ORIENTED_EDGE('',*,*,#977,.T.);
#1394=ORIENTED_EDGE('',*,*,#976,.T.);
#1395=ORIENTED_EDGE('',*,*,#978,.F.);
#1396=ORIENTED_EDGE('',*,*,#975,.T.);
#1397=ORIENTED_EDGE('',*,*,#979,.T.);
#1398=ORIENTED_EDGE('',*,*,#980,.T.);
#1399=ORIENTED_EDGE('',*,*,#981,.T.);
#1400=ORIENTED_EDGE('',*,*,#980,.F.);
#1401=ORIENTED_EDGE('',*,*,#979,.F.);
#1402=ORIENTED_EDGE('',*,*,#981,.F.);
#1403=ORIENTED_EDGE('',*,*,#982,.F.);
#1404=ORIENTED_EDGE('',*,*,#983,.F.);
#1405=ORIENTED_EDGE('',*,*,#984,.F.);
#1406=ORIENTED_EDGE('',*,*,#985,.F.);
#1407=ORIENTED_EDGE('',*,*,#982,.T.);
#1408=ORIENTED_EDGE('',*,*,#986,.T.);
#1409=ORIENTED_EDGE('',*,*,#985,.T.);
#1410=ORIENTED_EDGE('',*,*,#984,.T.);
#1411=ORIENTED_EDGE('',*,*,#986,.F.);
#1412=ORIENTED_EDGE('',*,*,#983,.T.);
#1413=ORIENTED_EDGE('',*,*,#987,.T.);
#1414=ORIENTED_EDGE('',*,*,#988,.T.);
#1415=ORIENTED_EDGE('',*,*,#989,.T.);
#1416=ORIENTED_EDGE('',*,*,#988,.F.);
#1417=ORIENTED_EDGE('',*,*,#987,.F.);
#1418=ORIENTED_EDGE('',*,*,#989,.F.);
#1419=ORIENTED_EDGE('',*,*,#990,.F.);
#1420=ORIENTED_EDGE('',*,*,#991,.F.);
#1421=ORIENTED_EDGE('',*,*,#992,.F.);
#1422=ORIENTED_EDGE('',*,*,#993,.F.);
#1423=ORIENTED_EDGE('',*,*,#990,.T.);
#1424=ORIENTED_EDGE('',*,*,#994,.T.);
#1425=ORIENTED_EDGE('',*,*,#993,.T.);
#1426=ORIENTED_EDGE('',*,*,#992,.T.);
#1427=ORIENTED_EDGE('',*,*,#994,.F.);
#1428=ORIENTED_EDGE('',*,*,#991,.T.);
#1429=ORIENTED_EDGE('',*,*,#995,.T.);
#1430=ORIENTED_EDGE('',*,*,#996,.T.);
#1431=ORIENTED_EDGE('',*,*,#997,.T.);
#1432=ORIENTED_EDGE('',*,*,#996,.F.);
#1433=ORIENTED_EDGE('',*,*,#995,.F.);
#1434=ORIENTED_EDGE('',*,*,#997,.F.);
#1435=ORIENTED_EDGE('',*,*,#998,.F.);
#1436=ORIENTED_EDGE('',*,*,#999,.F.);
#1437=ORIENTED_EDGE('',*,*,#1000,.F.);
#1438=ORIENTED_EDGE('',*,*,#1001,.F.);
#1439=ORIENTED_EDGE('',*,*,#998,.T.);
#1440=ORIENTED_EDGE('',*,*,#1002,.T.);
#1441=ORIENTED_EDGE('',*,*,#1001,.T.);
#1442=ORIENTED_EDGE('',*,*,#1000,.T.);
#1443=ORIENTED_EDGE('',*,*,#1002,.F.);
#1444=ORIENTED_EDGE('',*,*,#999,.T.);
#1445=CYLINDRICAL_SURFACE('',#1667,2.);
#1446=CYLINDRICAL_SURFACE('',#1668,2.);
#1447=CYLINDRICAL_SURFACE('',#1669,2.);
#1448=CYLINDRICAL_SURFACE('',#1670,2.);
#1449=CYLINDRICAL_SURFACE('',#1671,2.);
#1450=CYLINDRICAL_SURFACE('',#1672,2.);
#1451=CYLINDRICAL_SURFACE('',#1673,2.);
#1452=CYLINDRICAL_SURFACE('',#1674,2.);
#1453=CYLINDRICAL_SURFACE('',#1675,2.);
#1454=CYLINDRICAL_SURFACE('',#1676,2.);
#1455=CYLINDRICAL_SURFACE('',#1677,2.);
#1456=CYLINDRICAL_SURFACE('',#1678,2.);
#1457=CYLINDRICAL_SURFACE('',#1679,2.);
#1458=CYLINDRICAL_SURFACE('',#1680,2.);
#1459=CYLINDRICAL_SURFACE('',#1681,2.);
#1460=CYLINDRICAL_SURFACE('',#1682,2.);
#1461=CYLINDRICAL_SURFACE('',#1683,2.);
#1462=CYLINDRICAL_SURFACE('',#1684,2.);
#1463=CYLINDRICAL_SURFACE('',#1685,2.);
#1464=CYLINDRICAL_SURFACE('',#1686,2.);
#1465=CYLINDRICAL_SURFACE('',#1687,2.);
#1466=CYLINDRICAL_SURFACE('',#1688,2.);
#1467=CYLINDRICAL_SURFACE('',#1696,5.);
#1468=CYLINDRICAL_SURFACE('',#1700,7.);
#1469=CYLINDRICAL_SURFACE('',#1707,2.);
#1470=CYLINDRICAL_SURFACE('',#1708,5.);
#1471=CYLINDRICAL_SURFACE('',#1709,7.);
#1472=CYLINDRICAL_SURFACE('',#1710,7.);
#1473=CYLINDRICAL_SURFACE('',#1711,5.);
#1474=CYLINDRICAL_SURFACE('',#1712,2.);
#1475=CYLINDRICAL_SURFACE('',#1713,2.);
#1476=CYLINDRICAL_SURFACE('',#1714,5.);
#1477=CYLINDRICAL_SURFACE('',#1715,7.);
#1478=CYLINDRICAL_SURFACE('',#1716,7.);
#1479=CYLINDRICAL_SURFACE('',#1717,5.);
#1480=CYLINDRICAL_SURFACE('',#1718,2.);
#1481=CYLINDRICAL_SURFACE('',#1719,2.);
#1482=CYLINDRICAL_SURFACE('',#1720,5.);
#1483=CYLINDRICAL_SURFACE('',#1721,7.);
#1484=CYLINDRICAL_SURFACE('',#1722,7.);
#1485=CYLINDRICAL_SURFACE('',#1723,5.);
#1486=CYLINDRICAL_SURFACE('',#1724,2.);
#1487=CYLINDRICAL_SURFACE('',#1725,2.);
#1488=CYLINDRICAL_SURFACE('',#1726,5.);
#1489=CYLINDRICAL_SURFACE('',#1727,7.);
#1490=CYLINDRICAL_SURFACE('',#1728,7.);
#1491=CYLINDRICAL_SURFACE('',#1729,5.);
#1492=CYLINDRICAL_SURFACE('',#1730,2.);
#1493=CYLINDRICAL_SURFACE('',#1731,2.);
#1494=CYLINDRICAL_SURFACE('',#1732,5.);
#1495=CYLINDRICAL_SURFACE('',#1733,7.);
#1496=CYLINDRICAL_SURFACE('',#1734,7.);
#1497=CYLINDRICAL_SURFACE('',#1735,5.);
#1498=CYLINDRICAL_SURFACE('',#1736,2.);
#1499=CYLINDRICAL_SURFACE('',#1737,2.);
#1500=CYLINDRICAL_SURFACE('',#1738,5.);
#1501=CYLINDRICAL_SURFACE('',#1739,7.);
#1502=CYLINDRICAL_SURFACE('',#1740,7.);
#1503=CYLINDRICAL_SURFACE('',#1741,5.);
#1504=CYLINDRICAL_SURFACE('',#1742,2.);
#1505=CYLINDRICAL_SURFACE('',#1743,2.);
#1506=CYLINDRICAL_SURFACE('',#1744,5.);
#1507=CYLINDRICAL_SURFACE('',#1745,7.);
#1508=CYLINDRICAL_SURFACE('',#1746,7.);
#1509=CYLINDRICAL_SURFACE('',#1747,5.);
#1510=CYLINDRICAL_SURFACE('',#1748,2.);
#1511=CYLINDRICAL_SURFACE('',#1749,2.);
#1512=CYLINDRICAL_SURFACE('',#1750,5.);
#1513=CYLINDRICAL_SURFACE('',#1751,7.);
#1514=CYLINDRICAL_SURFACE('',#1752,7.);
#1515=CYLINDRICAL_SURFACE('',#1753,5.);
#1516=CYLINDRICAL_SURFACE('',#1754,2.);
#1517=CYLINDRICAL_SURFACE('',#1755,2.);
#1518=CYLINDRICAL_SURFACE('',#1756,5.);
#1519=CYLINDRICAL_SURFACE('',#1757,7.);
#1520=CYLINDRICAL_SURFACE('',#1758,7.);
#1521=CYLINDRICAL_SURFACE('',#1759,5.);
#1522=CYLINDRICAL_SURFACE('',#1760,2.);
#1523=CYLINDRICAL_SURFACE('',#1761,2.);
#1524=CYLINDRICAL_SURFACE('',#1762,5.);
#1525=CYLINDRICAL_SURFACE('',#1763,7.);
#1526=CYLINDRICAL_SURFACE('',#1764,7.);
#1527=CYLINDRICAL_SURFACE('',#1765,5.);
#1528=CYLINDRICAL_SURFACE('',#1766,2.);
#1529=CYLINDRICAL_SURFACE('',#1767,2.);
#1530=CYLINDRICAL_SURFACE('',#1768,5.);
#1531=CYLINDRICAL_SURFACE('',#1769,7.);
#1532=CYLINDRICAL_SURFACE('',#1770,7.);
#1533=CYLINDRICAL_SURFACE('',#1771,5.);
#1534=CYLINDRICAL_SURFACE('',#1772,2.);
#1535=ADVANCED_FACE('',(#117),#1445,.F.);
#1536=ADVANCED_FACE('',(#118),#1446,.F.);
#1537=ADVANCED_FACE('',(#119),#1447,.F.);
#1538=ADVANCED_FACE('',(#120),#1448,.F.);
#1539=ADVANCED_FACE('',(#121),#1449,.F.);
#1540=ADVANCED_FACE('',(#122),#1450,.F.);
#1541=ADVANCED_FACE('',(#123),#1451,.F.);
#1542=ADVANCED_FACE('',(#124),#1452,.F.);
#1543=ADVANCED_FACE('',(#125),#1453,.F.);
#1544=ADVANCED_FACE('',(#126),#1454,.F.);
#1545=ADVANCED_FACE('',(#127),#1455,.F.);
#1546=ADVANCED_FACE('',(#128),#1456,.F.);
#1547=ADVANCED_FACE('',(#129),#1457,.F.);
#1548=ADVANCED_FACE('',(#130),#1458,.F.);
#1549=ADVANCED_FACE('',(#131),#1459,.F.);
#1550=ADVANCED_FACE('',(#132),#1460,.F.);
#1551=ADVANCED_FACE('',(#133),#1461,.F.);
#1552=ADVANCED_FACE('',(#134),#1462,.F.);
#1553=ADVANCED_FACE('',(#135),#1463,.F.);
#1554=ADVANCED_FACE('',(#136),#1464,.F.);
#1555=ADVANCED_FACE('',(#137),#1465,.F.);
#1556=ADVANCED_FACE('',(#138),#1466,.F.);
#1557=ADVANCED_FACE('',(#139),#116,.T.);
#1558=ADVANCED_FACE('',(#140,#62),#104,.F.);
#1559=ADVANCED_FACE('',(#141,#63,#64,#65,#66,#67,#68,#69,#70,#71,#72,#73,
#74,#75,#76,#77,#78,#79,#80),#1467,.F.);
#1560=ADVANCED_FACE('',(#142),#59,.T.);
#1561=ADVANCED_FACE('',(#143,#81,#82,#83,#84,#85,#86,#87,#88,#89,#90,#91,
#92,#93,#94,#95,#96,#97,#98,#99,#100,#101,#102),#1468,.T.);
#1562=ADVANCED_FACE('',(#144),#60,.F.);
#1563=ADVANCED_FACE('',(#145,#103),#105,.T.);
#1564=ADVANCED_FACE('',(#146),#61,.T.);
#1565=ADVANCED_FACE('',(#147),#1469,.T.);
#1566=ADVANCED_FACE('',(#148),#1470,.F.);
#1567=ADVANCED_FACE('',(#149),#1471,.T.);
#1568=ADVANCED_FACE('',(#150),#1472,.T.);
#1569=ADVANCED_FACE('',(#151),#1473,.F.);
#1570=ADVANCED_FACE('',(#152),#1474,.T.);
#1571=ADVANCED_FACE('',(#153),#1475,.T.);
#1572=ADVANCED_FACE('',(#154),#1476,.F.);
#1573=ADVANCED_FACE('',(#155),#1477,.T.);
#1574=ADVANCED_FACE('',(#156),#1478,.T.);
#1575=ADVANCED_FACE('',(#157),#1479,.F.);
#1576=ADVANCED_FACE('',(#158),#1480,.T.);
#1577=ADVANCED_FACE('',(#159),#1481,.T.);
#1578=ADVANCED_FACE('',(#160),#1482,.F.);
#1579=ADVANCED_FACE('',(#161),#1483,.T.);
#1580=ADVANCED_FACE('',(#162),#1484,.T.);
#1581=ADVANCED_FACE('',(#163),#1485,.F.);
#1582=ADVANCED_FACE('',(#164),#1486,.T.);
#1583=ADVANCED_FACE('',(#165),#1487,.T.);
#1584=ADVANCED_FACE('',(#166),#1488,.F.);
#1585=ADVANCED_FACE('',(#167),#1489,.T.);
#1586=ADVANCED_FACE('',(#168),#1490,.T.);
#1587=ADVANCED_FACE('',(#169),#1491,.F.);
#1588=ADVANCED_FACE('',(#170),#1492,.T.);
#1589=ADVANCED_FACE('',(#171),#1493,.T.);
#1590=ADVANCED_FACE('',(#172),#1494,.F.);
#1591=ADVANCED_FACE('',(#173),#1495,.T.);
#1592=ADVANCED_FACE('',(#174),#1496,.T.);
#1593=ADVANCED_FACE('',(#175),#1497,.F.);
#1594=ADVANCED_FACE('',(#176),#1498,.T.);
#1595=ADVANCED_FACE('',(#177),#1499,.T.);
#1596=ADVANCED_FACE('',(#178),#1500,.F.);
#1597=ADVANCED_FACE('',(#179),#1501,.T.);
#1598=ADVANCED_FACE('',(#180),#1502,.T.);
#1599=ADVANCED_FACE('',(#181),#1503,.F.);
#1600=ADVANCED_FACE('',(#182),#1504,.T.);
#1601=ADVANCED_FACE('',(#183),#1505,.T.);
#1602=ADVANCED_FACE('',(#184),#1506,.F.);
#1603=ADVANCED_FACE('',(#185),#1507,.T.);
#1604=ADVANCED_FACE('',(#186),#1508,.T.);
#1605=ADVANCED_FACE('',(#187),#1509,.F.);
#1606=ADVANCED_FACE('',(#188),#1510,.T.);
#1607=ADVANCED_FACE('',(#189),#1511,.T.);
#1608=ADVANCED_FACE('',(#190),#1512,.F.);
#1609=ADVANCED_FACE('',(#191),#1513,.T.);
#1610=ADVANCED_FACE('',(#192),#1514,.T.);
#1611=ADVANCED_FACE('',(#193),#1515,.F.);
#1612=ADVANCED_FACE('',(#194),#1516,.T.);
#1613=ADVANCED_FACE('',(#195),#1517,.T.);
#1614=ADVANCED_FACE('',(#196),#1518,.F.);
#1615=ADVANCED_FACE('',(#197),#1519,.T.);
#1616=ADVANCED_FACE('',(#198),#1520,.T.);
#1617=ADVANCED_FACE('',(#199),#1521,.F.);
#1618=ADVANCED_FACE('',(#200),#1522,.T.);
#1619=ADVANCED_FACE('',(#201),#1523,.T.);
#1620=ADVANCED_FACE('',(#202),#1524,.F.);
#1621=ADVANCED_FACE('',(#203),#1525,.T.);
#1622=ADVANCED_FACE('',(#204),#1526,.T.);
#1623=ADVANCED_FACE('',(#205),#1527,.F.);
#1624=ADVANCED_FACE('',(#206),#1528,.T.);
#1625=ADVANCED_FACE('',(#207),#1529,.T.);
#1626=ADVANCED_FACE('',(#208),#1530,.F.);
#1627=ADVANCED_FACE('',(#209),#1531,.T.);
#1628=ADVANCED_FACE('',(#210),#1532,.T.);
#1629=ADVANCED_FACE('',(#211),#1533,.F.);
#1630=ADVANCED_FACE('',(#212),#1534,.T.);
#1631=CLOSED_SHELL('',(#1535,#1536,#1537,#1538,#1539,#1540,#1541,#1542,
#1543,#1544,#1545,#1546,#1547,#1548,#1549,#1550,#1551,#1552,#1553,#1554,
#1555,#1556,#1557,#1558,#1559,#1560,#1561,#1562,#1563,#1564));
#1632=CLOSED_SHELL('',(#1565,#1566,#1567));
#1633=CLOSED_SHELL('',(#1568,#1569,#1570));
#1634=CLOSED_SHELL('',(#1571,#1572,#1573));
#1635=CLOSED_SHELL('',(#1574,#1575,#1576));
#1636=CLOSED_SHELL('',(#1577,#1578,#1579));
#1637=CLOSED_SHELL('',(#1580,#1581,#1582));
#1638=CLOSED_SHELL('',(#1583,#1584,#1585));
#1639=CLOSED_SHELL('',(#1586,#1587,#1588));
#1640=CLOSED_SHELL('',(#1589,#1590,#1591));
#1641=CLOSED_SHELL('',(#1592,#1593,#1594));
#1642=CLOSED_SHELL('',(#1595,#1596,#1597));
#1643=CLOSED_SHELL('',(#1598,#1599,#1600));
#1644=CLOSED_SHELL('',(#1601,#1602,#1603));
#1645=CLOSED_SHELL('',(#1604,#1605,#1606));
#1646=CLOSED_SHELL('',(#1607,#1608,#1609));
#1647=CLOSED_SHELL('',(#1610,#1611,#1612));
#1648=CLOSED_SHELL('',(#1613,#1614,#1615));
#1649=CLOSED_SHELL('',(#1616,#1617,#1618));
#1650=CLOSED_SHELL('',(#1619,#1620,#1621));
#1651=CLOSED_SHELL('',(#1622,#1623,#1624));
#1652=CLOSED_SHELL('',(#1625,#1626,#1627));
#1653=CLOSED_SHELL('',(#1628,#1629,#1630));
#1654=DERIVED_UNIT_ELEMENT(#1656,1.);
#1655=DERIVED_UNIT_ELEMENT(#5524,-3.);
#1656=(
MASS_UNIT()
NAMED_UNIT(*)
SI_UNIT(.KILO.,.GRAM.)
);
#1657=DERIVED_UNIT((#1654,#1655));
#1658=MEASURE_REPRESENTATION_ITEM('density measure',
POSITIVE_RATIO_MEASURE(1060.),#1657);
#1659=PROPERTY_DEFINITION_REPRESENTATION(#1664,#1661);
#1660=PROPERTY_DEFINITION_REPRESENTATION(#1665,#1662);
#1661=REPRESENTATION('material name',(#1663),#5521);
#1662=REPRESENTATION('density',(#1658),#5521);
#1663=DESCRIPTIVE_REPRESENTATION_ITEM('ABS Plastic','ABS Plastic');
#1664=PROPERTY_DEFINITION('material property','material name',#5531);
#1665=PROPERTY_DEFINITION('material property','density of part',#5531);
#1666=AXIS2_PLACEMENT_3D('',#2040,#1773,#1774);
#1667=AXIS2_PLACEMENT_3D('',#2041,#1775,#1776);
#1668=AXIS2_PLACEMENT_3D('',#2119,#1778,#1779);
#1669=AXIS2_PLACEMENT_3D('',#2197,#1781,#1782);
#1670=AXIS2_PLACEMENT_3D('',#2275,#1784,#1785);
#1671=AXIS2_PLACEMENT_3D('',#2353,#1787,#1788);
#1672=AXIS2_PLACEMENT_3D('',#2431,#1790,#1791);
#1673=AXIS2_PLACEMENT_3D('',#2517,#1793,#1794);
#1674=AXIS2_PLACEMENT_3D('',#2595,#1796,#1797);
#1675=AXIS2_PLACEMENT_3D('',#2681,#1799,#1800);
#1676=AXIS2_PLACEMENT_3D('',#2759,#1802,#1803);
#1677=AXIS2_PLACEMENT_3D('',#2837,#1805,#1806);
#1678=AXIS2_PLACEMENT_3D('',#2915,#1808,#1809);
#1679=AXIS2_PLACEMENT_3D('',#3001,#1811,#1812);
#1680=AXIS2_PLACEMENT_3D('',#3079,#1814,#1815);
#1681=AXIS2_PLACEMENT_3D('',#3157,#1817,#1818);
#1682=AXIS2_PLACEMENT_3D('',#3235,#1820,#1821);
#1683=AXIS2_PLACEMENT_3D('',#3313,#1823,#1824);
#1684=AXIS2_PLACEMENT_3D('',#3391,#1826,#1827);
#1685=AXIS2_PLACEMENT_3D('',#3469,#1829,#1830);
#1686=AXIS2_PLACEMENT_3D('',#3547,#1832,#1833);
#1687=AXIS2_PLACEMENT_3D('',#3633,#1835,#1836);
#1688=AXIS2_PLACEMENT_3D('',#3711,#1838,#1839);
#1689=AXIS2_PLACEMENT_3D('',#3789,#1841,#1842);
#1690=AXIS2_PLACEMENT_3D('',#3791,#1843,#1844);
#1691=AXIS2_PLACEMENT_3D('',#3793,#1845,#1846);
#1692=AXIS2_PLACEMENT_3D('',#3795,#1847,#1848);
#1693=AXIS2_PLACEMENT_3D('',#3796,#1849,#1850);
#1694=AXIS2_PLACEMENT_3D('',#3797,#1851,#1852);
#1695=AXIS2_PLACEMENT_3D('',#3799,#1853,#1854);
#1696=AXIS2_PLACEMENT_3D('',#3800,#1855,#1856);
#1697=AXIS2_PLACEMENT_3D('',#3807,#1862,#1863);
#1698=AXIS2_PLACEMENT_3D('',#3808,#1864,#1865);
#1699=AXIS2_PLACEMENT_3D('',#3810,#1866,#1867);
#1700=AXIS2_PLACEMENT_3D('',#3812,#1869,#1870);
#1701=AXIS2_PLACEMENT_3D('',#3814,#1871,#1872);
#1702=AXIS2_PLACEMENT_3D('',#3816,#1874,#1875);
#1703=AXIS2_PLACEMENT_3D('',#3819,#1877,#1878);
#1704=AXIS2_PLACEMENT_3D('',#3820,#1879,#1880);
#1705=AXIS2_PLACEMENT_3D('',#3822,#1881,#1882);
#1706=AXIS2_PLACEMENT_3D('',#3823,#1883,#1884);
#1707=AXIS2_PLACEMENT_3D('',#3825,#1886,#1887);
#1708=AXIS2_PLACEMENT_3D('',#3897,#1889,#1890);
#1709=AXIS2_PLACEMENT_3D('',#3898,#1891,#1892);
#1710=AXIS2_PLACEMENT_3D('',#3899,#1893,#1894);
#1711=AXIS2_PLACEMENT_3D('',#3938,#1895,#1896);
#1712=AXIS2_PLACEMENT_3D('',#3977,#1897,#1898);
#1713=AXIS2_PLACEMENT_3D('',#3979,#1900,#1901);
#1714=AXIS2_PLACEMENT_3D('',#4051,#1903,#1904);
#1715=AXIS2_PLACEMENT_3D('',#4052,#1905,#1906);
#1716=AXIS2_PLACEMENT_3D('',#4053,#1907,#1908);
#1717=AXIS2_PLACEMENT_3D('',#4092,#1909,#1910);
#1718=AXIS2_PLACEMENT_3D('',#4131,#1911,#1912);
#1719=AXIS2_PLACEMENT_3D('',#4133,#1914,#1915);
#1720=AXIS2_PLACEMENT_3D('',#4205,#1917,#1918);
#1721=AXIS2_PLACEMENT_3D('',#4206,#1919,#1920);
#1722=AXIS2_PLACEMENT_3D('',#4207,#1921,#1922);
#1723=AXIS2_PLACEMENT_3D('',#4246,#1923,#1924);
#1724=AXIS2_PLACEMENT_3D('',#4285,#1925,#1926);
#1725=AXIS2_PLACEMENT_3D('',#4287,#1928,#1929);
#1726=AXIS2_PLACEMENT_3D('',#4359,#1931,#1932);
#1727=AXIS2_PLACEMENT_3D('',#4360,#1933,#1934);
#1728=AXIS2_PLACEMENT_3D('',#4361,#1935,#1936);
#1729=AXIS2_PLACEMENT_3D('',#4400,#1937,#1938);
#1730=AXIS2_PLACEMENT_3D('',#4439,#1939,#1940);
#1731=AXIS2_PLACEMENT_3D('',#4441,#1942,#1943);
#1732=AXIS2_PLACEMENT_3D('',#4513,#1945,#1946);
#1733=AXIS2_PLACEMENT_3D('',#4514,#1947,#1948);
#1734=AXIS2_PLACEMENT_3D('',#4515,#1949,#1950);
#1735=AXIS2_PLACEMENT_3D('',#4554,#1951,#1952);
#1736=AXIS2_PLACEMENT_3D('',#4593,#1953,#1954);
#1737=AXIS2_PLACEMENT_3D('',#4595,#1956,#1957);
#1738=AXIS2_PLACEMENT_3D('',#4667,#1959,#1960);
#1739=AXIS2_PLACEMENT_3D('',#4668,#1961,#1962);
#1740=AXIS2_PLACEMENT_3D('',#4669,#1963,#1964);
#1741=AXIS2_PLACEMENT_3D('',#4708,#1965,#1966);
#1742=AXIS2_PLACEMENT_3D('',#4747,#1967,#1968);
#1743=AXIS2_PLACEMENT_3D('',#4749,#1970,#1971);
#1744=AXIS2_PLACEMENT_3D('',#4821,#1973,#1974);
#1745=AXIS2_PLACEMENT_3D('',#4822,#1975,#1976);
#1746=AXIS2_PLACEMENT_3D('',#4823,#1977,#1978);
#1747=AXIS2_PLACEMENT_3D('',#4862,#1979,#1980);
#1748=AXIS2_PLACEMENT_3D('',#4901,#1981,#1982);
#1749=AXIS2_PLACEMENT_3D('',#4903,#1984,#1985);
#1750=AXIS2_PLACEMENT_3D('',#4975,#1987,#1988);
#1751=AXIS2_PLACEMENT_3D('',#4976,#1989,#1990);
#1752=AXIS2_PLACEMENT_3D('',#4977,#1991,#1992);
#1753=AXIS2_PLACEMENT_3D('',#5016,#1993,#1994);
#1754=AXIS2_PLACEMENT_3D('',#5055,#1995,#1996);
#1755=AXIS2_PLACEMENT_3D('',#5057,#1998,#1999);
#1756=AXIS2_PLACEMENT_3D('',#5129,#2001,#2002);
#1757=AXIS2_PLACEMENT_3D('',#5130,#2003,#2004);
#1758=AXIS2_PLACEMENT_3D('',#5131,#2005,#2006);
#1759=AXIS2_PLACEMENT_3D('',#5170,#2007,#2008);
#1760=AXIS2_PLACEMENT_3D('',#5209,#2009,#2010);
#1761=AXIS2_PLACEMENT_3D('',#5211,#2012,#2013);
#1762=AXIS2_PLACEMENT_3D('',#5283,#2015,#2016);
#1763=AXIS2_PLACEMENT_3D('',#5284,#2017,#2018);
#1764=AXIS2_PLACEMENT_3D('',#5285,#2019,#2020);
#1765=AXIS2_PLACEMENT_3D('',#5324,#2021,#2022);
#1766=AXIS2_PLACEMENT_3D('',#5363,#2023,#2024);
#1767=AXIS2_PLACEMENT_3D('',#5365,#2026,#2027);
#1768=AXIS2_PLACEMENT_3D('',#5437,#2029,#2030);
#1769=AXIS2_PLACEMENT_3D('',#5438,#2031,#2032);
#1770=AXIS2_PLACEMENT_3D('',#5439,#2033,#2034);
#1771=AXIS2_PLACEMENT_3D('',#5478,#2035,#2036);
#1772=AXIS2_PLACEMENT_3D('',#5517,#2037,#2038);
#1773=DIRECTION('axis',(0.,0.,1.));
#1774=DIRECTION('refdir',(1.,0.,0.));
#1775=DIRECTION('center_axis',(0.587785252292473,0.,-0.809016994374948));
#1776=DIRECTION('ref_axis',(-0.809016994374948,0.,-0.587785252292473));
#1777=DIRECTION('',(0.587785252292473,0.,-0.809016994374948));
#1778=DIRECTION('center_axis',(0.587785252292473,0.,-0.809016994374948));
#1779=DIRECTION('ref_axis',(-0.809016994374948,0.,-0.587785252292473));
#1780=DIRECTION('',(0.587785252292473,0.,-0.809016994374948));
#1781=DIRECTION('center_axis',(0.,0.,1.));
#1782=DIRECTION('ref_axis',(1.,0.,0.));
#1783=DIRECTION('',(0.,0.,1.));
#1784=DIRECTION('center_axis',(-0.951056516295154,0.,0.309016994374947));
#1785=DIRECTION('ref_axis',(0.309016994374947,0.,0.951056516295154));
#1786=DIRECTION('',(-0.951056516295154,0.,0.309016994374947));
#1787=DIRECTION('center_axis',(0.587785252292473,0.,-0.809016994374948));
#1788=DIRECTION('ref_axis',(-0.809016994374948,0.,-0.587785252292473));
#1789=DIRECTION('',(0.587785252292473,0.,-0.809016994374948));
#1790=DIRECTION('center_axis',(-0.951056516295154,0.,0.309016994374947));
#1791=DIRECTION('ref_axis',(0.309016994374947,0.,0.951056516295154));
#1792=DIRECTION('',(-0.951056516295154,0.,0.309016994374947));
#1793=DIRECTION('center_axis',(0.,0.,1.));
#1794=DIRECTION('ref_axis',(1.,0.,0.));
#1795=DIRECTION('',(0.,0.,1.));
#1796=DIRECTION('center_axis',(0.951056516295154,0.,0.309016994374947));
#1797=DIRECTION('ref_axis',(0.309016994374947,0.,-0.951056516295154));
#1798=DIRECTION('',(0.951056516295154,0.,0.309016994374947));
#1799=DIRECTION('center_axis',(0.951056516295154,0.,0.309016994374947));
#1800=DIRECTION('ref_axis',(0.309016994374947,0.,-0.951056516295154));
#1801=DIRECTION('',(0.951056516295154,0.,0.309016994374947));
#1802=DIRECTION('center_axis',(0.587785252292473,0.,-0.809016994374948));
#1803=DIRECTION('ref_axis',(-0.809016994374948,0.,-0.587785252292473));
#1804=DIRECTION('',(0.587785252292473,0.,-0.809016994374948));
#1805=DIRECTION('center_axis',(-0.587785252292473,0.,-0.809016994374947));
#1806=DIRECTION('ref_axis',(-0.809016994374947,0.,0.587785252292473));
#1807=DIRECTION('',(-0.587785252292473,0.,-0.809016994374947));
#1808=DIRECTION('center_axis',(-0.951056516295154,0.,0.309016994374947));
#1809=DIRECTION('ref_axis',(0.309016994374947,0.,0.951056516295154));
#1810=DIRECTION('',(-0.951056516295154,0.,0.309016994374947));
#1811=DIRECTION('center_axis',(-0.951056516295154,0.,0.309016994374947));
#1812=DIRECTION('ref_axis',(0.309016994374947,0.,0.951056516295154));
#1813=DIRECTION('',(-0.951056516295154,0.,0.309016994374947));
#1814=DIRECTION('center_axis',(0.,0.,1.));
#1815=DIRECTION('ref_axis',(1.,0.,0.));
#1816=DIRECTION('',(0.,0.,1.));
#1817=DIRECTION('center_axis',(0.,0.,1.));
#1818=DIRECTION('ref_axis',(1.,0.,0.));
#1819=DIRECTION('',(0.,0.,1.));
#1820=DIRECTION('center_axis',(-0.587785252292473,0.,-0.809016994374947));
#1821=DIRECTION('ref_axis',(-0.809016994374947,0.,0.587785252292473));
#1822=DIRECTION('',(-0.587785252292473,0.,-0.809016994374947));
#1823=DIRECTION('center_axis',(0.,0.,1.));
#1824=DIRECTION('ref_axis',(1.,0.,0.));
#1825=DIRECTION('',(0.,0.,1.));
#1826=DIRECTION('center_axis',(-0.587785252292473,0.,-0.809016994374947));
#1827=DIRECTION('ref_axis',(-0.809016994374947,0.,0.587785252292473));
#1828=DIRECTION('',(-0.587785252292473,0.,-0.809016994374947));
#1829=DIRECTION('center_axis',(0.,0.,1.));
#1830=DIRECTION('ref_axis',(1.,0.,0.));
#1831=DIRECTION('',(0.,0.,1.));
#1832=DIRECTION('center_axis',(0.951056516295154,0.,0.309016994374947));
#1833=DIRECTION('ref_axis',(0.309016994374947,0.,-0.951056516295154));
#1834=DIRECTION('',(0.951056516295154,0.,0.309016994374947));
#1835=DIRECTION('center_axis',(0.951056516295154,0.,0.309016994374947));
#1836=DIRECTION('ref_axis',(0.309016994374947,0.,-0.951056516295154));
#1837=DIRECTION('',(0.951056516295154,0.,0.309016994374947));
#1838=DIRECTION('center_axis',(-0.587785252292473,0.,-0.809016994374947));
#1839=DIRECTION('ref_axis',(-0.809016994374947,0.,0.587785252292473));
#1840=DIRECTION('',(-0.587785252292473,0.,-0.809016994374947));
#1841=DIRECTION('center_axis',(0.,1.,0.));
#1842=DIRECTION('ref_axis',(0.,0.,1.));
#1843=DIRECTION('center_axis',(0.,-1.,0.));
#1844=DIRECTION('ref_axis',(1.,0.,0.));
#1845=DIRECTION('center_axis',(-1.,0.,1.85037170770859E-16));
#1846=DIRECTION('ref_axis',(-1.85037170770859E-16,0.,-1.));
#1847=DIRECTION('center_axis',(0.,1.,0.));
#1848=DIRECTION('ref_axis',(1.,0.,0.));
#1849=DIRECTION('center_axis',(0.,1.,0.));
#1850=DIRECTION('ref_axis',(1.,0.,0.));
#1851=DIRECTION('center_axis',(0.,1.,0.));
#1852=DIRECTION('ref_axis',(1.,0.,0.));
#1853=DIRECTION('center_axis',(0.,1.,0.));
#1854=DIRECTION('ref_axis',(1.,0.,0.));
#1855=DIRECTION('center_axis',(0.,1.,0.));
#1856=DIRECTION('ref_axis',(1.,0.,0.));
#1857=DIRECTION('',(0.,1.,0.));
#1858=DIRECTION('',(0.,1.,0.));
#1859=DIRECTION('',(0.,1.,0.));
#1860=DIRECTION('',(0.,1.,0.));
#1861=DIRECTION('',(0.,1.,0.));
#1862=DIRECTION('center_axis',(0.,-1.,0.));
#1863=DIRECTION('ref_axis',(1.,0.,0.));
#1864=DIRECTION('center_axis',(0.,1.,0.));
#1865=DIRECTION('ref_axis',(1.,0.,0.));
#1866=DIRECTION('center_axis',(0.,-1.,0.));
#1867=DIRECTION('ref_axis',(1.,0.,0.));
#1868=DIRECTION('',(0.316227766016839,-0.948683298050514,-3.8726732145404E-17));
#1869=DIRECTION('center_axis',(0.,1.,0.));
#1870=DIRECTION('ref_axis',(1.,0.,0.));
#1871=DIRECTION('center_axis',(0.,1.,0.));
#1872=DIRECTION('ref_axis',(1.,0.,0.));
#1873=DIRECTION('',(0.,-1.,0.));
#1874=DIRECTION('center_axis',(0.,1.,0.));
#1875=DIRECTION('ref_axis',(1.,0.,0.));
#1876=DIRECTION('',(-0.707106781186549,0.707106781186546,8.65956056235496E-17));
#1877=DIRECTION('center_axis',(0.,1.,0.));
#1878=DIRECTION('ref_axis',(1.,0.,0.));
#1879=DIRECTION('center_axis',(0.,1.,0.));
#1880=DIRECTION('ref_axis',(1.,0.,0.));
#1881=DIRECTION('center_axis',(0.,-1.,0.));
#1882=DIRECTION('ref_axis',(1.,0.,0.));
#1883=DIRECTION('center_axis',(0.,-1.,0.));
#1884=DIRECTION('ref_axis',(1.,0.,0.));
#1885=DIRECTION('',(0.707106781186549,0.707106781186545,8.65956056235496E-17));
#1886=DIRECTION('center_axis',(-0.587785252292473,0.,-0.809016994374947));
#1887=DIRECTION('ref_axis',(-0.809016994374947,0.,0.587785252292473));
#1888=DIRECTION('',(0.587785252292473,0.,0.809016994374947));
#1889=DIRECTION('center_axis',(0.,1.,0.));
#1890=DIRECTION('ref_axis',(1.,0.,0.));
#1891=DIRECTION('center_axis',(0.,1.,0.));
#1892=DIRECTION('ref_axis',(1.,0.,0.));
#1893=DIRECTION('center_axis',(0.,1.,0.));
#1894=DIRECTION('ref_axis',(1.,0.,0.));
#1895=DIRECTION('center_axis',(0.,1.,0.));
#1896=DIRECTION('ref_axis',(1.,0.,0.));
#1897=DIRECTION('center_axis',(0.587785252292473,0.,-0.809016994374948));
#1898=DIRECTION('ref_axis',(-0.809016994374948,0.,-0.587785252292473));
#1899=DIRECTION('',(-0.587785252292473,0.,0.809016994374948));
#1900=DIRECTION('center_axis',(0.587785252292473,0.,-0.809016994374948));
#1901=DIRECTION('ref_axis',(-0.809016994374948,0.,-0.587785252292473));
#1902=DIRECTION('',(-0.587785252292473,0.,0.809016994374948));
#1903=DIRECTION('center_axis',(0.,1.,0.));
#1904=DIRECTION('ref_axis',(1.,0.,0.));
#1905=DIRECTION('center_axis',(0.,1.,0.));
#1906=DIRECTION('ref_axis',(1.,0.,0.));
#1907=DIRECTION('center_axis',(0.,1.,0.));
#1908=DIRECTION('ref_axis',(1.,0.,0.));
#1909=DIRECTION('center_axis',(0.,1.,0.));
#1910=DIRECTION('ref_axis',(1.,0.,0.));
#1911=DIRECTION('center_axis',(0.951056516295154,0.,0.309016994374947));
#1912=DIRECTION('ref_axis',(0.309016994374947,0.,-0.951056516295154));
#1913=DIRECTION('',(-0.951056516295154,0.,-0.309016994374947));
#1914=DIRECTION('center_axis',(0.951056516295154,0.,0.309016994374947));
#1915=DIRECTION('ref_axis',(0.309016994374947,0.,-0.951056516295154));
#1916=DIRECTION('',(-0.951056516295154,0.,-0.309016994374947));
#1917=DIRECTION('center_axis',(0.,1.,0.));
#1918=DIRECTION('ref_axis',(-0.951056516295154,0.,-0.309016994374947));
#1919=DIRECTION('center_axis',(0.,1.,0.));
#1920=DIRECTION('ref_axis',(1.,0.,0.));
#1921=DIRECTION('center_axis',(0.,1.,0.));
#1922=DIRECTION('ref_axis',(1.,0.,0.));
#1923=DIRECTION('center_axis',(0.,1.,0.));
#1924=DIRECTION('ref_axis',(1.,0.,0.));
#1925=DIRECTION('center_axis',(0.,0.,1.));
#1926=DIRECTION('ref_axis',(1.,0.,0.));
#1927=DIRECTION('',(0.,0.,-1.));
#1928=DIRECTION('center_axis',(0.,0.,1.));
#1929=DIRECTION('ref_axis',(1.,0.,0.));
#1930=DIRECTION('',(0.,0.,-1.));
#1931=DIRECTION('center_axis',(0.,1.,0.));
#1932=DIRECTION('ref_axis',(1.,0.,0.));
#1933=DIRECTION('center_axis',(0.,1.,0.));
#1934=DIRECTION('ref_axis',(1.,0.,0.));
#1935=DIRECTION('center_axis',(0.,1.,0.));
#1936=DIRECTION('ref_axis',(1.,0.,0.));
#1937=DIRECTION('center_axis',(0.,1.,0.));
#1938=DIRECTION('ref_axis',(-0.951056516295153,0.,0.309016994374948));
#1939=DIRECTION('center_axis',(-0.951056516295154,0.,0.309016994374947));
#1940=DIRECTION('ref_axis',(0.309016994374947,0.,0.951056516295154));
#1941=DIRECTION('',(0.951056516295154,0.,-0.309016994374947));
#1942=DIRECTION('center_axis',(-0.951056516295154,0.,0.309016994374947));
#1943=DIRECTION('ref_axis',(0.309016994374947,0.,0.951056516295154));
#1944=DIRECTION('',(0.951056516295154,0.,-0.309016994374947));
#1945=DIRECTION('center_axis',(0.,1.,0.));
#1946=DIRECTION('ref_axis',(1.,0.,0.));
#1947=DIRECTION('center_axis',(0.,1.,0.));
#1948=DIRECTION('ref_axis',(1.,0.,0.));
#1949=DIRECTION('center_axis',(0.,1.,0.));
#1950=DIRECTION('ref_axis',(1.,0.,0.));
#1951=DIRECTION('center_axis',(0.,1.,0.));
#1952=DIRECTION('ref_axis',(1.,0.,0.));
#1953=DIRECTION('center_axis',(0.587785252292473,0.,-0.809016994374948));
#1954=DIRECTION('ref_axis',(-0.809016994374948,0.,-0.587785252292473));
#1955=DIRECTION('',(-0.587785252292473,0.,0.809016994374948));
#1956=DIRECTION('center_axis',(0.587785252292473,0.,-0.809016994374948));
#1957=DIRECTION('ref_axis',(-0.809016994374948,0.,-0.587785252292473));
#1958=DIRECTION('',(-0.587785252292473,0.,0.809016994374948));
#1959=DIRECTION('center_axis',(0.,1.,0.));
#1960=DIRECTION('ref_axis',(1.,0.,0.));
#1961=DIRECTION('center_axis',(0.,1.,0.));
#1962=DIRECTION('ref_axis',(1.,0.,0.));
#1963=DIRECTION('center_axis',(0.,1.,0.));
#1964=DIRECTION('ref_axis',(1.,0.,0.));
#1965=DIRECTION('center_axis',(0.,1.,0.));
#1966=DIRECTION('ref_axis',(1.,0.,0.));
#1967=DIRECTION('center_axis',(0.951056516295154,0.,0.309016994374947));
#1968=DIRECTION('ref_axis',(0.309016994374947,0.,-0.951056516295154));
#1969=DIRECTION('',(-0.951056516295154,0.,-0.309016994374947));
#1970=DIRECTION('center_axis',(0.951056516295154,0.,0.309016994374947));
#1971=DIRECTION('ref_axis',(0.309016994374947,0.,-0.951056516295154));
#1972=DIRECTION('',(-0.951056516295154,0.,-0.309016994374947));
#1973=DIRECTION('center_axis',(0.,1.,0.));
#1974=DIRECTION('ref_axis',(-0.951056516295154,0.,-0.309016994374947));
#1975=DIRECTION('center_axis',(0.,1.,0.));
#1976=DIRECTION('ref_axis',(1.,0.,0.));
#1977=DIRECTION('center_axis',(0.,1.,0.));
#1978=DIRECTION('ref_axis',(1.,0.,0.));
#1979=DIRECTION('center_axis',(0.,1.,0.));
#1980=DIRECTION('ref_axis',(1.,0.,0.));
#1981=DIRECTION('center_axis',(0.,0.,1.));
#1982=DIRECTION('ref_axis',(1.,0.,0.));
#1983=DIRECTION('',(0.,0.,-1.));
#1984=DIRECTION('center_axis',(0.,0.,1.));
#1985=DIRECTION('ref_axis',(1.,0.,0.));
#1986=DIRECTION('',(0.,0.,-1.));
#1987=DIRECTION('center_axis',(0.,1.,0.));
#1988=DIRECTION('ref_axis',(1.,0.,0.));
#1989=DIRECTION('center_axis',(0.,1.,0.));
#1990=DIRECTION('ref_axis',(1.,0.,0.));
#1991=DIRECTION('center_axis',(0.,1.,0.));
#1992=DIRECTION('ref_axis',(1.,0.,0.));
#1993=DIRECTION('center_axis',(0.,1.,0.));
#1994=DIRECTION('ref_axis',(1.,0.,0.));
#1995=DIRECTION('center_axis',(-0.587785252292473,0.,-0.809016994374947));
#1996=DIRECTION('ref_axis',(-0.809016994374947,0.,0.587785252292473));
#1997=DIRECTION('',(0.587785252292473,0.,0.809016994374947));
#1998=DIRECTION('center_axis',(-0.587785252292473,0.,-0.809016994374947));
#1999=DIRECTION('ref_axis',(-0.809016994374947,0.,0.587785252292473));
#2000=DIRECTION('',(0.587785252292473,0.,0.809016994374947));
#2001=DIRECTION('center_axis',(0.,1.,0.));
#2002=DIRECTION('ref_axis',(1.,0.,0.));
#2003=DIRECTION('center_axis',(0.,1.,0.));
#2004=DIRECTION('ref_axis',(1.,0.,0.));
#2005=DIRECTION('center_axis',(0.,1.,0.));
#2006=DIRECTION('ref_axis',(1.,0.,0.));
#2007=DIRECTION('center_axis',(0.,1.,0.));
#2008=DIRECTION('ref_axis',(1.,0.,0.));
#2009=DIRECTION('center_axis',(0.,0.,1.));
#2010=DIRECTION('ref_axis',(1.,0.,0.));
#2011=DIRECTION('',(0.,0.,-1.));
#2012=DIRECTION('center_axis',(0.,0.,1.));
#2013=DIRECTION('ref_axis',(1.,0.,0.));
#2014=DIRECTION('',(0.,0.,-1.));
#2015=DIRECTION('center_axis',(0.,1.,0.));
#2016=DIRECTION('ref_axis',(1.,0.,0.));
#2017=DIRECTION('center_axis',(0.,1.,0.));
#2018=DIRECTION('ref_axis',(1.,0.,0.));
#2019=DIRECTION('center_axis',(0.,1.,0.));
#2020=DIRECTION('ref_axis',(1.,0.,0.));
#2021=DIRECTION('center_axis',(0.,1.,0.));
#2022=DIRECTION('ref_axis',(-0.951056516295153,0.,0.309016994374948));
#2023=DIRECTION('center_axis',(-0.951056516295154,0.,0.309016994374947));
#2024=DIRECTION('ref_axis',(0.309016994374947,0.,0.951056516295154));
#2025=DIRECTION('',(0.951056516295154,0.,-0.309016994374947));
#2026=DIRECTION('center_axis',(-0.951056516295154,0.,0.309016994374947));
#2027=DIRECTION('ref_axis',(0.309016994374947,0.,0.951056516295154));
#2028=DIRECTION('',(0.951056516295154,0.,-0.309016994374947));
#2029=DIRECTION('center_axis',(0.,1.,0.));
#2030=DIRECTION('ref_axis',(1.,0.,0.));
#2031=DIRECTION('center_axis',(0.,1.,0.));
#2032=DIRECTION('ref_axis',(1.,0.,0.));
#2033=DIRECTION('center_axis',(0.,1.,0.));
#2034=DIRECTION('ref_axis',(1.,0.,0.));
#2035=DIRECTION('center_axis',(0.,1.,0.));
#2036=DIRECTION('ref_axis',(1.,0.,0.));
#2037=DIRECTION('center_axis',(-0.587785252292473,0.,-0.809016994374947));
#2038=DIRECTION('ref_axis',(-0.809016994374947,0.,0.587785252292473));
#2039=DIRECTION('',(0.587785252292473,0.,0.809016994374947));
#2040=CARTESIAN_POINT('',(0.,0.,0.));
#2041=CARTESIAN_POINT('Origin',(6.09999999999999,7.,24.1));
#2042=CARTESIAN_POINT('',(7.17553642225907,7.,19.2170478801862));
#2043=CARTESIAN_POINT('',(10.4116043997589,7.,21.5681888893561));
#2044=CARTESIAN_POINT('Ctrl Pts',(7.17553642225907,7.,19.2170478801862));
#2045=CARTESIAN_POINT('Ctrl Pts',(7.17553642225907,7.2543717768351,19.2170478801862));
#2046=CARTESIAN_POINT('Ctrl Pts',(7.23090354396808,7.52344059811186,19.2283255651252));
#2047=CARTESIAN_POINT('Ctrl Pts',(7.44453326252371,8.01517352454282,19.2829070923756));
#2048=CARTESIAN_POINT('Ctrl Pts',(7.6018239830082,8.23813267308049,19.3273461004031));
#2049=CARTESIAN_POINT('Ctrl Pts',(7.94759350566877,8.59011632306067,19.4502655335278));
#2050=CARTESIAN_POINT('Ctrl Pts',(8.16003560563638,8.74362287272866,19.5372995337964));
#2051=CARTESIAN_POINT('Ctrl Pts',(8.6030984987169,8.94863856765519,19.7645092373252));
#2052=CARTESIAN_POINT('Ctrl Pts',(8.83334335543142,9.,19.9055503038629));
#2053=CARTESIAN_POINT('Ctrl Pts',(9.24450916749329,9.,20.2042797523877));
#2054=CARTESIAN_POINT('Ctrl Pts',(9.44979676648136,8.94863856765519,20.3796715372446));
#2055=CARTESIAN_POINT('Ctrl Pts',(9.80279999912668,8.74362287272866,20.7308377291601));
#2056=CARTESIAN_POINT('Ctrl Pts',(9.95122247143207,8.59011632306067,20.9059871874983));
#2057=CARTESIAN_POINT('Ctrl Pts',(10.1749744579237,8.23813267308049,21.1968493513864));
#2058=CARTESIAN_POINT('Ctrl Pts',(10.2658439717732,8.01517352454282,21.3327093073623));
#2059=CARTESIAN_POINT('Ctrl Pts',(10.3837693024712,7.52344059811186,21.5190166237696));
#2060=CARTESIAN_POINT('Ctrl Pts',(10.4116043997589,7.2543717768351,21.5681888893561));
#2061=CARTESIAN_POINT('Ctrl Pts',(10.4116043997589,7.,21.5681888893561));
#2062=CARTESIAN_POINT('Ctrl Pts',(10.4116043997589,7.,21.5681888893561));
#2063=CARTESIAN_POINT('Ctrl Pts',(10.4116043997589,6.7456282231649,21.5681888893561));
#2064=CARTESIAN_POINT('Ctrl Pts',(10.3837693024712,6.47655940188814,21.5190166237696));
#2065=CARTESIAN_POINT('Ctrl Pts',(10.2658439717732,5.98482647545719,21.3327093073623));
#2066=CARTESIAN_POINT('Ctrl Pts',(10.1749744579237,5.76186732691952,21.1968493513864));
#2067=CARTESIAN_POINT('Ctrl Pts',(9.95122247143207,5.40988367693933,20.9059871874983));
#2068=CARTESIAN_POINT('Ctrl Pts',(9.80279999912668,5.25637712727135,20.7308377291601));
#2069=CARTESIAN_POINT('Ctrl Pts',(9.44979676648136,5.05136143234481,20.3796715372446));
#2070=CARTESIAN_POINT('Ctrl Pts',(9.24450916749329,5.,20.2042797523877));
#2071=CARTESIAN_POINT('Ctrl Pts',(8.83334335543142,5.,19.9055503038629));
#2072=CARTESIAN_POINT('Ctrl Pts',(8.6030984987169,5.05136143234481,19.7645092373252));
#2073=CARTESIAN_POINT('Ctrl Pts',(8.16003560563638,5.25637712727134,19.5372995337964));
#2074=CARTESIAN_POINT('Ctrl Pts',(7.94759350566877,5.40988367693933,19.4502655335278));
#2075=CARTESIAN_POINT('Ctrl Pts',(7.6018239830082,5.76186732691951,19.3273461004031));
#2076=CARTESIAN_POINT('Ctrl Pts',(7.44453326252371,5.98482647545718,19.2829070923756));
#2077=CARTESIAN_POINT('Ctrl Pts',(7.23090354396808,6.47655940188814,19.2283255651252));
#2078=CARTESIAN_POINT('Ctrl Pts',(7.17553642225907,6.7456282231649,19.2170478801862));
#2079=CARTESIAN_POINT('Ctrl Pts',(7.17553642225907,7.,19.2170478801862));
#2080=CARTESIAN_POINT('',(11.6610173296434,7.,19.8485195214601));
#2081=CARTESIAN_POINT('',(7.71803398874988,7.,25.2755705045849));
#2082=CARTESIAN_POINT('',(8.4249493521436,7.,17.4973785122902));
#2083=CARTESIAN_POINT('Ctrl Pts',(8.42494935214359,7.,17.4973785122902));
#2084=CARTESIAN_POINT('Ctrl Pts',(8.42494935214359,6.74731914554125,17.4973785122902));
#2085=CARTESIAN_POINT('Ctrl Pts',(8.47530639095451,6.47882893825477,17.5144734362926));
#2086=CARTESIAN_POINT('Ctrl Pts',(8.67365726933216,5.98652947214804,17.58942948522));
#2087=CARTESIAN_POINT('Ctrl Pts',(8.82105722696687,5.76258781711902,17.6479897354397));
#2088=CARTESIAN_POINT('Ctrl Pts',(9.14996252348428,5.40902803084673,17.7968022677525));
#2089=CARTESIAN_POINT('Ctrl Pts',(9.3538094317744,5.25532475960066,17.8972533040526));
#2090=CARTESIAN_POINT('Ctrl Pts',(9.78405511648834,5.05077293617087,18.1427287884787));
#2091=CARTESIAN_POINT('Ctrl Pts',(10.010123346987,5.,18.2883950588342));
#2092=CARTESIAN_POINT('Ctrl Pts',(10.4188701851076,5.,18.5853670199165));
#2093=CARTESIAN_POINT('Ctrl Pts',(10.6272659658459,5.05077293617087,18.7553573306126));
#2094=CARTESIAN_POINT('Ctrl Pts',(10.9936802532332,5.25532475960066,19.0886891962775));
#2095=CARTESIAN_POINT('Ctrl Pts',(11.1522070247874,5.40902803084673,19.2515180494142));
#2096=CARTESIAN_POINT('Ctrl Pts',(11.3953734795137,5.76258781711902,19.5183399734504));
#2097=CARTESIAN_POINT('Ctrl Pts',(11.4966166789603,5.98652947214804,19.6404295511478));
#2098=CARTESIAN_POINT('Ctrl Pts',(11.6291979099963,6.47882893825477,19.8059097535919));
#2099=CARTESIAN_POINT('Ctrl Pts',(11.6610173296434,6.74731914554125,19.8485195214601));
#2100=CARTESIAN_POINT('Ctrl Pts',(11.6610173296434,7.,19.8485195214601));
#2101=CARTESIAN_POINT('Ctrl Pts',(11.6610173296434,7.,19.8485195214601));
#2102=CARTESIAN_POINT('Ctrl Pts',(11.6610173296434,7.25268085445875,19.8485195214601));
#2103=CARTESIAN_POINT('Ctrl Pts',(11.6291979099963,7.52117106174523,19.8059097535919));
#2104=CARTESIAN_POINT('Ctrl Pts',(11.4966166789603,8.01347052785196,19.6404295511478));
#2105=CARTESIAN_POINT('Ctrl Pts',(11.3953734795137,8.23741218288099,19.5183399734504));
#2106=CARTESIAN_POINT('Ctrl Pts',(11.1522070247874,8.59097196915327,19.2515180494142));
#2107=CARTESIAN_POINT('Ctrl Pts',(10.9936802532332,8.74467524039935,19.0886891962775));
#2108=CARTESIAN_POINT('Ctrl Pts',(10.6272659658459,8.94922706382913,18.7553573306125));
#2109=CARTESIAN_POINT('Ctrl Pts',(10.4188701851076,9.,18.5853670199165));
#2110=CARTESIAN_POINT('Ctrl Pts',(10.010123346987,9.,18.2883950588342));
#2111=CARTESIAN_POINT('Ctrl Pts',(9.78405511648834,8.94922706382913,18.1427287884787));
#2112=CARTESIAN_POINT('Ctrl Pts',(9.3538094317744,8.74467524039934,17.8972533040526));
#2113=CARTESIAN_POINT('Ctrl Pts',(9.14996252348428,8.59097196915327,17.7968022677525));
#2114=CARTESIAN_POINT('Ctrl Pts',(8.82105722696687,8.23741218288099,17.6479897354397));
#2115=CARTESIAN_POINT('Ctrl Pts',(8.67365726933216,8.01347052785196,17.58942948522));
#2116=CARTESIAN_POINT('Ctrl Pts',(8.47530639095451,7.52117106174523,17.5144734362926));
#2117=CARTESIAN_POINT('Ctrl Pts',(8.42494935214359,7.25268085445875,17.4973785122902));
#2118=CARTESIAN_POINT('Ctrl Pts',(8.42494935214359,7.,17.4973785122902));
#2119=CARTESIAN_POINT('Origin',(6.09999999999999,-10.5,24.1));
#2120=CARTESIAN_POINT('',(0.538982670356599,-10.5,28.3514804785399));
#2121=CARTESIAN_POINT('',(3.77505064785638,-10.5,30.7026214877098));
#2122=CARTESIAN_POINT('Ctrl Pts',(0.538982670356595,-10.5,28.3514804785399));
#2123=CARTESIAN_POINT('Ctrl Pts',(0.538982670356595,-10.2473191455413,28.3514804785399));
#2124=CARTESIAN_POINT('Ctrl Pts',(0.570802090003632,-9.97882893825477,28.3940902464081));
#2125=CARTESIAN_POINT('Ctrl Pts',(0.70338332103965,-9.48652947214804,28.5595704488522));
#2126=CARTESIAN_POINT('Ctrl Pts',(0.80462652048627,-9.26258781711901,28.6816600265496));
#2127=CARTESIAN_POINT('Ctrl Pts',(1.04779297521256,-8.90902803084673,28.9484819505859));
#2128=CARTESIAN_POINT('Ctrl Pts',(1.20631974676676,-8.75532475960066,29.1113108037225));
#2129=CARTESIAN_POINT('Ctrl Pts',(1.57273403415406,-8.55077293617087,29.4446426693875));
#2130=CARTESIAN_POINT('Ctrl Pts',(1.78112981489238,-8.5,29.6146329800835));
#2131=CARTESIAN_POINT('Ctrl Pts',(2.18987665301298,-8.5,29.9116049411658));
#2132=CARTESIAN_POINT('Ctrl Pts',(2.41594488351164,-8.55077293617087,30.0572712115213));
#2133=CARTESIAN_POINT('Ctrl Pts',(2.84619056822557,-8.75532475960066,30.3027466959474));
#2134=CARTESIAN_POINT('Ctrl Pts',(3.0500374765157,-8.90902803084673,30.4031977322475));
#2135=CARTESIAN_POINT('Ctrl Pts',(3.37894277303311,-9.26258781711901,30.5520102645603));
#2136=CARTESIAN_POINT('Ctrl Pts',(3.52634273066782,-9.48652947214804,30.61057051478));
#2137=CARTESIAN_POINT('Ctrl Pts',(3.72469360904546,-9.97882893825477,30.6855265637074));
#2138=CARTESIAN_POINT('Ctrl Pts',(3.77505064785639,-10.2473191455413,30.7026214877098));
#2139=CARTESIAN_POINT('Ctrl Pts',(3.77505064785639,-10.5,30.7026214877098));
#2140=CARTESIAN_POINT('Ctrl Pts',(3.77505064785638,-10.5,30.7026214877098));
#2141=CARTESIAN_POINT('Ctrl Pts',(3.77505064785638,-10.7526808544587,30.7026214877098));
#2142=CARTESIAN_POINT('Ctrl Pts',(3.72469360904546,-11.0211710617452,30.6855265637074));
#2143=CARTESIAN_POINT('Ctrl Pts',(3.52634273066782,-11.513470527852,30.61057051478));
#2144=CARTESIAN_POINT('Ctrl Pts',(3.37894277303311,-11.737412182881,30.5520102645603));
#2145=CARTESIAN_POINT('Ctrl Pts',(3.0500374765157,-12.0909719691533,30.4031977322475));
#2146=CARTESIAN_POINT('Ctrl Pts',(2.84619056822558,-12.2446752403993,30.3027466959474));
#2147=CARTESIAN_POINT('Ctrl Pts',(2.41594488351164,-12.4492270638291,30.0572712115213));
#2148=CARTESIAN_POINT('Ctrl Pts',(2.18987665301298,-12.5,29.9116049411658));
#2149=CARTESIAN_POINT('Ctrl Pts',(1.78112981489238,-12.5,29.6146329800835));
#2150=CARTESIAN_POINT('Ctrl Pts',(1.57273403415406,-12.4492270638291,29.4446426693875));
#2151=CARTESIAN_POINT('Ctrl Pts',(1.20631974676676,-12.2446752403993,29.1113108037225));
#2152=CARTESIAN_POINT('Ctrl Pts',(1.04779297521256,-12.0909719691533,28.9484819505859));
#2153=CARTESIAN_POINT('Ctrl Pts',(0.80462652048627,-11.737412182881,28.6816600265496));
#2154=CARTESIAN_POINT('Ctrl Pts',(0.703383321039649,-11.513470527852,28.5595704488522));
#2155=CARTESIAN_POINT('Ctrl Pts',(0.570802090003632,-11.0211710617452,28.3940902464081));
#2156=CARTESIAN_POINT('Ctrl Pts',(0.538982670356594,-10.7526808544587,28.3514804785399));
#2157=CARTESIAN_POINT('Ctrl Pts',(0.538982670356594,-10.5,28.3514804785399));
#2158=CARTESIAN_POINT('',(5.02446357774091,-10.5,28.9829521198138));
#2159=CARTESIAN_POINT('',(7.71803398874988,-10.5,25.2755705045849));
#2160=CARTESIAN_POINT('',(1.78839560024113,-10.5,26.6318111106439));
#2161=CARTESIAN_POINT('Ctrl Pts',(1.78839560024112,-10.5,26.6318111106439));
#2162=CARTESIAN_POINT('Ctrl Pts',(1.78839560024112,-10.7543717768351,26.6318111106439));
#2163=CARTESIAN_POINT('Ctrl Pts',(1.81623069752876,-11.0234405981119,26.6809833762304));
#2164=CARTESIAN_POINT('Ctrl Pts',(1.93415602822683,-11.5151735245428,26.8672906926378));
#2165=CARTESIAN_POINT('Ctrl Pts',(2.02502554207629,-11.7381326730805,27.0031506486136));
#2166=CARTESIAN_POINT('Ctrl Pts',(2.24877752856791,-12.0901163230607,27.2940128125017));
#2167=CARTESIAN_POINT('Ctrl Pts',(2.39720000087329,-12.2436228727287,27.4691622708399));
#2168=CARTESIAN_POINT('Ctrl Pts',(2.75020323351862,-12.4486385676552,27.8203284627555));
#2169=CARTESIAN_POINT('Ctrl Pts',(2.95549083250669,-12.5,27.9957202476123));
#2170=CARTESIAN_POINT('Ctrl Pts',(3.36665664456856,-12.5,28.2944496961371));
#2171=CARTESIAN_POINT('Ctrl Pts',(3.59690150128308,-12.4486385676552,28.4354907626748));
#2172=CARTESIAN_POINT('Ctrl Pts',(4.0399643943636,-12.2436228727287,28.6627004662036));
#2173=CARTESIAN_POINT('Ctrl Pts',(4.25240649433121,-12.0901163230607,28.7497344664722));
#2174=CARTESIAN_POINT('Ctrl Pts',(4.59817601699178,-11.7381326730805,28.8726538995969));
#2175=CARTESIAN_POINT('Ctrl Pts',(4.75546673747627,-11.5151735245428,28.9170929076244));
#2176=CARTESIAN_POINT('Ctrl Pts',(4.9690964560319,-11.0234405981119,28.9716744348748));
#2177=CARTESIAN_POINT('Ctrl Pts',(5.02446357774091,-10.7543717768351,28.9829521198138));
#2178=CARTESIAN_POINT('Ctrl Pts',(5.02446357774091,-10.5,28.9829521198138));
#2179=CARTESIAN_POINT('Ctrl Pts',(5.02446357774091,-10.5,28.9829521198138));
#2180=CARTESIAN_POINT('Ctrl Pts',(5.02446357774091,-10.2456282231649,28.9829521198138));
#2181=CARTESIAN_POINT('Ctrl Pts',(4.9690964560319,-9.97655940188814,28.9716744348748));
#2182=CARTESIAN_POINT('Ctrl Pts',(4.75546673747627,-9.48482647545718,28.9170929076244));
#2183=CARTESIAN_POINT('Ctrl Pts',(4.59817601699178,-9.26186732691951,28.8726538995969));
#2184=CARTESIAN_POINT('Ctrl Pts',(4.25240649433121,-8.90988367693933,28.7497344664722));
#2185=CARTESIAN_POINT('Ctrl Pts',(4.0399643943636,-8.75637712727135,28.6627004662036));
#2186=CARTESIAN_POINT('Ctrl Pts',(3.59690150128308,-8.55136143234481,28.4354907626748));
#2187=CARTESIAN_POINT('Ctrl Pts',(3.36665664456856,-8.5,28.2944496961371));
#2188=CARTESIAN_POINT('Ctrl Pts',(2.95549083250669,-8.5,27.9957202476123));
#2189=CARTESIAN_POINT('Ctrl Pts',(2.75020323351862,-8.55136143234481,27.8203284627555));
#2190=CARTESIAN_POINT('Ctrl Pts',(2.39720000087329,-8.75637712727135,27.4691622708399));
#2191=CARTESIAN_POINT('Ctrl Pts',(2.24877752856791,-8.90988367693933,27.2940128125017));
#2192=CARTESIAN_POINT('Ctrl Pts',(2.02502554207629,-9.26186732691951,27.0031506486136));
#2193=CARTESIAN_POINT('Ctrl Pts',(1.93415602822683,-9.48482647545719,26.8672906926378));
#2194=CARTESIAN_POINT('Ctrl Pts',(1.81623069752876,-9.97655940188814,26.6809833762304));
#2195=CARTESIAN_POINT('Ctrl Pts',(1.78839560024112,-10.2456282231649,26.6318111106439));
#2196=CARTESIAN_POINT('Ctrl Pts',(1.78839560024112,-10.5,26.6318111106439));
#2197=CARTESIAN_POINT('Origin',(6.09999999999999,0.,24.1));
#2198=CARTESIAN_POINT('',(8.09999999999999,-1.38777878078145E-16,17.3917960675006));
#2199=CARTESIAN_POINT('',(4.09999999999999,-1.22464679914735E-16,17.3917960675006));
#2200=CARTESIAN_POINT('Ctrl Pts',(8.09999999999999,-2.08166817117217E-16,
17.3917960675006));
#2201=CARTESIAN_POINT('Ctrl Pts',(8.09999999999999,0.252680854458745,17.3917960675006));
#2202=CARTESIAN_POINT('Ctrl Pts',(8.04921215559787,0.52117106174523,17.376027026774));
#2203=CARTESIAN_POINT('Ctrl Pts',(7.84468486401153,1.01347052785196,17.3200800230978));
#2204=CARTESIAN_POINT('Ctrl Pts',(7.6910149418652,1.23741218288098,17.2808167394342));
#2205=CARTESIAN_POINT('Ctrl Pts',(7.33745515559291,1.59097196915327,17.2078829243574));
#2206=CARTESIAN_POINT('Ctrl Pts',(7.11349590482075,1.74467524039934,17.1693313134083));
#2207=CARTESIAN_POINT('Ctrl Pts',(6.62113296458564,1.94922706382913,17.1150330836742));
#2208=CARTESIAN_POINT('Ctrl Pts',(6.35261943875258,2.,17.1));
#2209=CARTESIAN_POINT('Ctrl Pts',(5.8473805612474,2.,17.1));
#2210=CARTESIAN_POINT('Ctrl Pts',(5.57886703541434,1.94922706382913,17.1150330836742));
#2211=CARTESIAN_POINT('Ctrl Pts',(5.08650409517923,1.74467524039934,17.1693313134083));
#2212=CARTESIAN_POINT('Ctrl Pts',(4.86254484440707,1.59097196915327,17.2078829243574));
#2213=CARTESIAN_POINT('Ctrl Pts',(4.50898505813478,1.23741218288098,17.2808167394342));
#2214=CARTESIAN_POINT('Ctrl Pts',(4.35531513598845,1.01347052785196,17.3200800230978));
#2215=CARTESIAN_POINT('Ctrl Pts',(4.1507878444021,0.521171061745229,17.376027026774));
#2216=CARTESIAN_POINT('Ctrl Pts',(4.09999999999999,0.252680854458745,17.3917960675006));
#2217=CARTESIAN_POINT('Ctrl Pts',(4.09999999999999,-1.38777878078145E-16,
17.3917960675006));
#2218=CARTESIAN_POINT('Ctrl Pts',(4.09999999999999,0.,17.3917960675006));
#2219=CARTESIAN_POINT('Ctrl Pts',(4.09999999999999,-0.252680854458746,17.3917960675006));
#2220=CARTESIAN_POINT('Ctrl Pts',(4.1507878444021,-0.52117106174523,17.376027026774));
#2221=CARTESIAN_POINT('Ctrl Pts',(4.35531513598845,-1.01347052785196,17.3200800230978));
#2222=CARTESIAN_POINT('Ctrl Pts',(4.50898505813478,-1.23741218288098,17.2808167394342));
#2223=CARTESIAN_POINT('Ctrl Pts',(4.86254484440706,-1.59097196915327,17.2078829243574));
#2224=CARTESIAN_POINT('Ctrl Pts',(5.08650409517923,-1.74467524039934,17.1693313134083));
#2225=CARTESIAN_POINT('Ctrl Pts',(5.57886703541434,-1.94922706382913,17.1150330836742));
#2226=CARTESIAN_POINT('Ctrl Pts',(5.8473805612474,-2.,17.1));
#2227=CARTESIAN_POINT('Ctrl Pts',(6.35261943875258,-2.,17.1));
#2228=CARTESIAN_POINT('Ctrl Pts',(6.62113296458564,-1.94922706382913,17.1150330836742));
#2229=CARTESIAN_POINT('Ctrl Pts',(7.11349590482075,-1.74467524039934,17.1693313134083));
#2230=CARTESIAN_POINT('Ctrl Pts',(7.33745515559291,-1.59097196915327,17.2078829243574));
#2231=CARTESIAN_POINT('Ctrl Pts',(7.69101494186519,-1.23741218288099,17.2808167394342));
#2232=CARTESIAN_POINT('Ctrl Pts',(7.84468486401153,-1.01347052785196,17.3200800230978));
#2233=CARTESIAN_POINT('Ctrl Pts',(8.04921215559787,-0.52117106174523,17.376027026774));
#2234=CARTESIAN_POINT('Ctrl Pts',(8.09999999999999,-0.252680854458746,17.3917960675006));
#2235=CARTESIAN_POINT('Ctrl Pts',(8.09999999999999,6.93889390390723E-17,
17.3917960675006));
#2236=CARTESIAN_POINT('',(4.09999999999999,-2.44929359829471E-16,19.5174243050442));
#2237=CARTESIAN_POINT('',(4.09999999999999,-2.44929359829471E-16,24.1));
#2238=CARTESIAN_POINT('',(8.09999999999999,0.,19.5174243050442));
#2239=CARTESIAN_POINT('Ctrl Pts',(8.09999999999999,0.,19.5174243050442));
#2240=CARTESIAN_POINT('Ctrl Pts',(8.09999999999999,-0.254371776835101,19.5174243050442));
#2241=CARTESIAN_POINT('Ctrl Pts',(8.04857820072064,-0.52344059811186,19.4940041662145));
#2242=CARTESIAN_POINT('Ctrl Pts',(7.84366591114022,-1.01517352454282,19.4125931513207));
#2243=CARTESIAN_POINT('Ctrl Pts',(7.69029445166569,-1.23813267308049,19.3560918982049));
#2244=CARTESIAN_POINT('Ctrl Pts',(7.33831080168551,-1.59011632306067,19.2522975824296));
#2245=CARTESIAN_POINT('Ctrl Pts',(7.1152842306851,-1.74362287272866,19.1978392344084));
#2246=CARTESIAN_POINT('Ctrl Pts',(6.62328830769408,-1.94863856765519,19.1212299114593));
#2247=CARTESIAN_POINT('Ctrl Pts',(6.35411444686618,-2.,19.1));
#2248=CARTESIAN_POINT('Ctrl Pts',(5.8458855531338,-2.,19.1));
#2249=CARTESIAN_POINT('Ctrl Pts',(5.57671169230589,-1.94863856765519,19.1212299114593));
#2250=CARTESIAN_POINT('Ctrl Pts',(5.08471576931487,-1.74362287272866,19.1978392344084));
#2251=CARTESIAN_POINT('Ctrl Pts',(4.86168919831447,-1.59011632306067,19.2522975824296));
#2252=CARTESIAN_POINT('Ctrl Pts',(4.50970554833428,-1.23813267308049,19.3560918982049));
#2253=CARTESIAN_POINT('Ctrl Pts',(4.35633408885976,-1.01517352454281,19.4125931513207));
#2254=CARTESIAN_POINT('Ctrl Pts',(4.15142179927934,-0.523440598111858,19.4940041662145));
#2255=CARTESIAN_POINT('Ctrl Pts',(4.09999999999999,-0.254371776835101,19.5174243050442));
#2256=CARTESIAN_POINT('Ctrl Pts',(4.09999999999999,-6.93889390390723E-17,
19.5174243050442));
#2257=CARTESIAN_POINT('Ctrl Pts',(4.09999999999999,6.93889390390723E-17,
19.5174243050442));
#2258=CARTESIAN_POINT('Ctrl Pts',(4.09999999999999,0.254371776835101,19.5174243050442));
#2259=CARTESIAN_POINT('Ctrl Pts',(4.15142179927934,0.523440598111859,19.4940041662145));
#2260=CARTESIAN_POINT('Ctrl Pts',(4.35633408885976,1.01517352454282,19.4125931513207));
#2261=CARTESIAN_POINT('Ctrl Pts',(4.50970554833428,1.23813267308049,19.3560918982049));
#2262=CARTESIAN_POINT('Ctrl Pts',(4.86168919831447,1.59011632306067,19.2522975824296));
#2263=CARTESIAN_POINT('Ctrl Pts',(5.08471576931488,1.74362287272866,19.1978392344084));
#2264=CARTESIAN_POINT('Ctrl Pts',(5.5767116923059,1.94863856765519,19.1212299114593));
#2265=CARTESIAN_POINT('Ctrl Pts',(5.8458855531338,2.,19.1));
#2266=CARTESIAN_POINT('Ctrl Pts',(6.35411444686618,2.,19.1));
#2267=CARTESIAN_POINT('Ctrl Pts',(6.62328830769408,1.94863856765519,19.1212299114593));
#2268=CARTESIAN_POINT('Ctrl Pts',(7.1152842306851,1.74362287272866,19.1978392344084));
#2269=CARTESIAN_POINT('Ctrl Pts',(7.33831080168551,1.59011632306067,19.2522975824296));
#2270=CARTESIAN_POINT('Ctrl Pts',(7.6902944516657,1.23813267308049,19.3560918982049));
#2271=CARTESIAN_POINT('Ctrl Pts',(7.84366591114022,1.01517352454282,19.4125931513207));
#2272=CARTESIAN_POINT('Ctrl Pts',(8.04857820072064,0.523440598111859,19.4940041662145));
#2273=CARTESIAN_POINT('Ctrl Pts',(8.09999999999999,0.254371776835101,19.5174243050442));
#2274=CARTESIAN_POINT('Ctrl Pts',(8.09999999999999,6.93889390390723E-17,
19.5174243050442));
#2275=CARTESIAN_POINT('Origin',(6.09999999999999,-3.5,24.1));
#2276=CARTESIAN_POINT('',(13.0979150513902,-3.5,23.9291640157152));
#2277=CARTESIAN_POINT('',(11.8618470738904,-3.5,20.1249379505345));
#2278=CARTESIAN_POINT('Ctrl Pts',(13.0979150513902,-3.5,23.9291640157152));
#2279=CARTESIAN_POINT('Ctrl Pts',(13.0979150513902,-3.24731914554125,23.9291640157152));
#2280=CARTESIAN_POINT('Ctrl Pts',(13.0972179933011,-2.97882893825477,23.8759890037784));
#2281=CARTESIAN_POINT('Ctrl Pts',(13.0872243468009,-2.48652947214804,23.6641834154347));
#2282=CARTESIAN_POINT('Ctrl Pts',(13.0770793311128,-2.26258781711902,23.5059016127119));
#2283=CARTESIAN_POINT('Ctrl Pts',(13.0371875287141,-1.90902803084674,23.1471084857543));
#2284=CARTESIAN_POINT('Ctrl Pts',(13.0046450749848,-1.75532475960065,22.9221974779791));
#2285=CARTESIAN_POINT('Ctrl Pts',(12.9041372442637,-1.55077293617087,22.437153419534));
#2286=CARTESIAN_POINT('Ctrl Pts',(12.8354593137501,-1.5,22.1771364027438));
#2287=CARTESIAN_POINT('Ctrl Pts',(12.6793319143821,-1.5,21.6966256760069));
#2288=CARTESIAN_POINT('Ctrl Pts',(12.5820593594918,-1.55077293617087,21.4458996158832));
#2289=CARTESIAN_POINT('Ctrl Pts',(12.3782701583467,-1.75532475960065,20.9944137089427));
#2290=CARTESIAN_POINT('Ctrl Pts',(12.2723981830039,-1.90902803084673,20.793328907055));
#2291=CARTESIAN_POINT('Ctrl Pts',(12.0937780204311,-2.26258781711902,20.4796113567441));
#2292=CARTESIAN_POINT('Ctrl Pts',(12.0089498011842,-2.48652947214804,20.3455955978353));
#2293=CARTESIAN_POINT('Ctrl Pts',(11.8925386298572,-2.97882893825477,20.1683671593322));
#2294=CARTESIAN_POINT('Ctrl Pts',(11.8618470738904,-3.24731914554126,20.1249379505345));
#2295=CARTESIAN_POINT('Ctrl Pts',(11.8618470738904,-3.5,20.1249379505345));
#2296=CARTESIAN_POINT('Ctrl Pts',(11.8618470738904,-3.5,20.1249379505345));
#2297=CARTESIAN_POINT('Ctrl Pts',(11.8618470738904,-3.75268085445875,20.1249379505345));
#2298=CARTESIAN_POINT('Ctrl Pts',(11.8925386298572,-4.02117106174523,20.1683671593322));
#2299=CARTESIAN_POINT('Ctrl Pts',(12.0089498011842,-4.51347052785196,20.3455955978353));
#2300=CARTESIAN_POINT('Ctrl Pts',(12.0937780204311,-4.73741218288098,20.4796113567441));
#2301=CARTESIAN_POINT('Ctrl Pts',(12.2723981830039,-5.09097196915327,20.793328907055));
#2302=CARTESIAN_POINT('Ctrl Pts',(12.3782701583467,-5.24467524039935,20.9944137089427));
#2303=CARTESIAN_POINT('Ctrl Pts',(12.5820593594918,-5.44922706382913,21.4458996158832));
#2304=CARTESIAN_POINT('Ctrl Pts',(12.6793319143821,-5.5,21.6966256760069));
#2305=CARTESIAN_POINT('Ctrl Pts',(12.8354593137501,-5.5,22.1771364027438));
#2306=CARTESIAN_POINT('Ctrl Pts',(12.9041372442637,-5.44922706382913,22.437153419534));
#2307=CARTESIAN_POINT('Ctrl Pts',(13.0046450749848,-5.24467524039935,22.9221974779791));
#2308=CARTESIAN_POINT('Ctrl Pts',(13.0371875287141,-5.09097196915326,23.1471084857543));
#2309=CARTESIAN_POINT('Ctrl Pts',(13.0770793311128,-4.73741218288098,23.5059016127118));
#2310=CARTESIAN_POINT('Ctrl Pts',(13.0872243468009,-4.51347052785196,23.6641834154347));
#2311=CARTESIAN_POINT('Ctrl Pts',(13.0972179933011,-4.02117106174523,23.8759890037784));
#2312=CARTESIAN_POINT('Ctrl Pts',(13.0979150513902,-3.75268085445875,23.9291640157152));
#2313=CARTESIAN_POINT('Ctrl Pts',(13.0979150513902,-3.5,23.9291640157152));
#2314=CARTESIAN_POINT('',(9.84025448735364,-3.5,20.7817931996588));
#2315=CARTESIAN_POINT('',(5.4819660112501,-3.5,22.1978869674097));
#2316=CARTESIAN_POINT('',(11.0763224648534,-3.5,24.5860192648394));
#2317=CARTESIAN_POINT('Ctrl Pts',(11.0763224648534,-3.5,24.5860192648394));
#2318=CARTESIAN_POINT('Ctrl Pts',(11.0763224648534,-3.7543717768351,24.5860192648394));
#2319=CARTESIAN_POINT('Ctrl Pts',(11.0827061306412,-4.02344059811186,24.5298770066462));
#2320=CARTESIAN_POINT('Ctrl Pts',(11.0968112270176,-4.51517352454282,24.3098364512402));
#2321=CARTESIAN_POINT('Ctrl Pts',(11.1031527245425,-4.73813267308048,24.146511677877));
#2322=CARTESIAN_POINT('Ctrl Pts',(11.0930980553289,-5.09011632306067,23.7796811264399));
#2323=CARTESIAN_POINT('Ctrl Pts',(11.075972021445,-5.24362287272866,23.5507416977589));
#2324=CARTESIAN_POINT('Ctrl Pts',(10.9967967158772,-5.44863856765519,23.0591521864888));
#2325=CARTESIAN_POINT('Ctrl Pts',(10.9338082640736,-5.5,22.7965922287021));
#2326=CARTESIAN_POINT('Ctrl Pts',(10.7767568988779,-5.5,22.3132378275484));
#2327=CARTESIAN_POINT('Ctrl Pts',(10.6733867558069,-5.44863856765519,22.0637986766217));
#2328=CARTESIAN_POINT('Ctrl Pts',(10.4484918586398,-5.24362287272866,21.6195563307893));
#2329=CARTESIAN_POINT('Ctrl Pts',(10.3277798912512,-5.09011632306067,21.4242740121566));
#2330=CARTESIAN_POINT('Ctrl Pts',(10.1202967012927,-4.73813267308048,21.1215918757076));
#2331=CARTESIAN_POINT('Ctrl Pts',(10.0191664289084,-4.51517352454282,20.9931867971769));
#2332=CARTESIAN_POINT('Ctrl Pts',(9.87841857285873,-4.02344059811186,20.823461016034));
#2333=CARTESIAN_POINT('Ctrl Pts',(9.84025448735364,-3.7543717768351,20.7817931996588));
#2334=CARTESIAN_POINT('Ctrl Pts',(9.84025448735364,-3.5,20.7817931996588));
#2335=CARTESIAN_POINT('Ctrl Pts',(9.84025448735364,-3.5,20.7817931996588));
#2336=CARTESIAN_POINT('Ctrl Pts',(9.84025448735364,-3.2456282231649,20.7817931996588));
#2337=CARTESIAN_POINT('Ctrl Pts',(9.87841857285873,-2.97655940188814,20.823461016034));
#2338=CARTESIAN_POINT('Ctrl Pts',(10.0191664289084,-2.48482647545719,20.9931867971769));
#2339=CARTESIAN_POINT('Ctrl Pts',(10.1202967012927,-2.26186732691952,21.1215918757076));
#2340=CARTESIAN_POINT('Ctrl Pts',(10.3277798912512,-1.90988367693933,21.4242740121566));
#2341=CARTESIAN_POINT('Ctrl Pts',(10.4484918586398,-1.75637712727134,21.6195563307893));
#2342=CARTESIAN_POINT('Ctrl Pts',(10.6733867558069,-1.55136143234481,22.0637986766217));
#2343=CARTESIAN_POINT('Ctrl Pts',(10.7767568988779,-1.5,22.3132378275484));
#2344=CARTESIAN_POINT('Ctrl Pts',(10.9338082640736,-1.5,22.7965922287021));
#2345=CARTESIAN_POINT('Ctrl Pts',(10.9967967158772,-1.55136143234481,23.0591521864888));
#2346=CARTESIAN_POINT('Ctrl Pts',(11.075972021445,-1.75637712727134,23.5507416977589));
#2347=CARTESIAN_POINT('Ctrl Pts',(11.0930980553289,-1.90988367693933,23.7796811264399));
#2348=CARTESIAN_POINT('Ctrl Pts',(11.1031527245425,-2.26186732691952,24.146511677877));
#2349=CARTESIAN_POINT('Ctrl Pts',(11.0968112270176,-2.48482647545719,24.3098364512402));
#2350=CARTESIAN_POINT('Ctrl Pts',(11.0827061306412,-2.97655940188814,24.5298770066462));
#2351=CARTESIAN_POINT('Ctrl Pts',(11.0763224648534,-3.2456282231649,24.5860192648394));
#2352=CARTESIAN_POINT('Ctrl Pts',(11.0763224648534,-3.5,24.5860192648394));
#2353=CARTESIAN_POINT('Origin',(6.09999999999999,-10.5,24.1));
#2354=CARTESIAN_POINT('',(7.17553642225908,-10.5,19.2170478801862));
#2355=CARTESIAN_POINT('',(10.4116043997589,-10.5,21.5681888893561));
#2356=CARTESIAN_POINT('Ctrl Pts',(7.17553642225907,-10.5,19.2170478801862));
#2357=CARTESIAN_POINT('Ctrl Pts',(7.17553642225907,-10.2456282231649,19.2170478801862));
#2358=CARTESIAN_POINT('Ctrl Pts',(7.23090354396808,-9.97655940188814,19.2283255651252));
#2359=CARTESIAN_POINT('Ctrl Pts',(7.44453326252371,-9.48482647545718,19.2829070923756));
#2360=CARTESIAN_POINT('Ctrl Pts',(7.6018239830082,-9.26186732691951,19.3273461004031));
#2361=CARTESIAN_POINT('Ctrl Pts',(7.94759350566877,-8.90988367693933,19.4502655335278));
#2362=CARTESIAN_POINT('Ctrl Pts',(8.16003560563638,-8.75637712727134,19.5372995337964));
#2363=CARTESIAN_POINT('Ctrl Pts',(8.6030984987169,-8.55136143234481,19.7645092373252));
#2364=CARTESIAN_POINT('Ctrl Pts',(8.83334335543142,-8.5,19.9055503038629));
#2365=CARTESIAN_POINT('Ctrl Pts',(9.24450916749329,-8.5,20.2042797523877));
#2366=CARTESIAN_POINT('Ctrl Pts',(9.44979676648136,-8.55136143234481,20.3796715372446));
#2367=CARTESIAN_POINT('Ctrl Pts',(9.80279999912669,-8.75637712727135,20.7308377291601));
#2368=CARTESIAN_POINT('Ctrl Pts',(9.95122247143207,-8.90988367693933,20.9059871874983));
#2369=CARTESIAN_POINT('Ctrl Pts',(10.1749744579237,-9.26186732691951,21.1968493513864));
#2370=CARTESIAN_POINT('Ctrl Pts',(10.2658439717732,-9.48482647545719,21.3327093073623));
#2371=CARTESIAN_POINT('Ctrl Pts',(10.3837693024712,-9.97655940188814,21.5190166237696));
#2372=CARTESIAN_POINT('Ctrl Pts',(10.4116043997589,-10.2456282231649,21.5681888893561));
#2373=CARTESIAN_POINT('Ctrl Pts',(10.4116043997589,-10.5,21.5681888893561));
#2374=CARTESIAN_POINT('Ctrl Pts',(10.4116043997589,-10.5,21.5681888893561));
#2375=CARTESIAN_POINT('Ctrl Pts',(10.4116043997589,-10.7543717768351,21.5681888893561));
#2376=CARTESIAN_POINT('Ctrl Pts',(10.3837693024712,-11.0234405981119,21.5190166237696));
#2377=CARTESIAN_POINT('Ctrl Pts',(10.2658439717732,-11.5151735245428,21.3327093073622));
#2378=CARTESIAN_POINT('Ctrl Pts',(10.1749744579237,-11.7381326730805,21.1968493513864));
#2379=CARTESIAN_POINT('Ctrl Pts',(9.95122247143207,-12.0901163230607,20.9059871874983));
#2380=CARTESIAN_POINT('Ctrl Pts',(9.80279999912669,-12.2436228727287,20.7308377291601));
#2381=CARTESIAN_POINT('Ctrl Pts',(9.44979676648136,-12.4486385676552,20.3796715372446));
#2382=CARTESIAN_POINT('Ctrl Pts',(9.24450916749329,-12.5,20.2042797523877));
#2383=CARTESIAN_POINT('Ctrl Pts',(8.83334335543142,-12.5,19.9055503038629));
#2384=CARTESIAN_POINT('Ctrl Pts',(8.6030984987169,-12.4486385676552,19.7645092373252));
#2385=CARTESIAN_POINT('Ctrl Pts',(8.16003560563638,-12.2436228727287,19.5372995337964));
#2386=CARTESIAN_POINT('Ctrl Pts',(7.94759350566877,-12.0901163230607,19.4502655335278));
#2387=CARTESIAN_POINT('Ctrl Pts',(7.6018239830082,-11.7381326730805,19.3273461004031));
#2388=CARTESIAN_POINT('Ctrl Pts',(7.44453326252371,-11.5151735245428,19.2829070923756));
#2389=CARTESIAN_POINT('Ctrl Pts',(7.23090354396808,-11.0234405981119,19.2283255651252));
#2390=CARTESIAN_POINT('Ctrl Pts',(7.17553642225907,-10.7543717768351,19.2170478801862));
#2391=CARTESIAN_POINT('Ctrl Pts',(7.17553642225907,-10.5,19.2170478801862));
#2392=CARTESIAN_POINT('',(11.6610173296434,-10.5,19.8485195214601));
#2393=CARTESIAN_POINT('',(7.71803398874988,-10.5,25.2755705045849));
#2394=CARTESIAN_POINT('',(8.4249493521436,-10.5,17.4973785122902));
#2395=CARTESIAN_POINT('Ctrl Pts',(8.42494935214359,-10.5,17.4973785122902));
#2396=CARTESIAN_POINT('Ctrl Pts',(8.42494935214359,-10.7526808544587,17.4973785122902));
#2397=CARTESIAN_POINT('Ctrl Pts',(8.47530639095452,-11.0211710617452,17.5144734362926));
#2398=CARTESIAN_POINT('Ctrl Pts',(8.67365726933216,-11.513470527852,17.58942948522));
#2399=CARTESIAN_POINT('Ctrl Pts',(8.82105722696687,-11.737412182881,17.6479897354397));
#2400=CARTESIAN_POINT('Ctrl Pts',(9.14996252348428,-12.0909719691533,17.7968022677525));
#2401=CARTESIAN_POINT('Ctrl Pts',(9.35380943177441,-12.2446752403993,17.8972533040526));
#2402=CARTESIAN_POINT('Ctrl Pts',(9.78405511648834,-12.4492270638291,18.1427287884787));
#2403=CARTESIAN_POINT('Ctrl Pts',(10.010123346987,-12.5,18.2883950588342));
#2404=CARTESIAN_POINT('Ctrl Pts',(10.4188701851076,-12.5,18.5853670199165));
#2405=CARTESIAN_POINT('Ctrl Pts',(10.6272659658459,-12.4492270638291,18.7553573306126));
#2406=CARTESIAN_POINT('Ctrl Pts',(10.9936802532332,-12.2446752403993,19.0886891962775));
#2407=CARTESIAN_POINT('Ctrl Pts',(11.1522070247874,-12.0909719691533,19.2515180494142));
#2408=CARTESIAN_POINT('Ctrl Pts',(11.3953734795137,-11.737412182881,19.5183399734504));
#2409=CARTESIAN_POINT('Ctrl Pts',(11.4966166789603,-11.513470527852,19.6404295511478));
#2410=CARTESIAN_POINT('Ctrl Pts',(11.6291979099963,-11.0211710617452,19.8059097535919));
#2411=CARTESIAN_POINT('Ctrl Pts',(11.6610173296434,-10.7526808544587,19.8485195214601));
#2412=CARTESIAN_POINT('Ctrl Pts',(11.6610173296434,-10.5,19.8485195214601));
#2413=CARTESIAN_POINT('Ctrl Pts',(11.6610173296434,-10.5,19.8485195214601));
#2414=CARTESIAN_POINT('Ctrl Pts',(11.6610173296434,-10.2473191455413,19.8485195214601));
#2415=CARTESIAN_POINT('Ctrl Pts',(11.6291979099963,-9.97882893825477,19.8059097535919));
#2416=CARTESIAN_POINT('Ctrl Pts',(11.4966166789603,-9.48652947214804,19.6404295511478));
#2417=CARTESIAN_POINT('Ctrl Pts',(11.3953734795137,-9.26258781711901,19.5183399734504));
#2418=CARTESIAN_POINT('Ctrl Pts',(11.1522070247874,-8.90902803084673,19.2515180494142));
#2419=CARTESIAN_POINT('Ctrl Pts',(10.9936802532332,-8.75532475960066,19.0886891962775));
#2420=CARTESIAN_POINT('Ctrl Pts',(10.6272659658459,-8.55077293617087,18.7553573306125));
#2421=CARTESIAN_POINT('Ctrl Pts',(10.4188701851076,-8.5,18.5853670199165));
#2422=CARTESIAN_POINT('Ctrl Pts',(10.010123346987,-8.5,18.2883950588342));
#2423=CARTESIAN_POINT('Ctrl Pts',(9.78405511648834,-8.55077293617087,18.1427287884787));
#2424=CARTESIAN_POINT('Ctrl Pts',(9.35380943177441,-8.75532475960066,17.8972533040526));
#2425=CARTESIAN_POINT('Ctrl Pts',(9.14996252348428,-8.90902803084673,17.7968022677525));
#2426=CARTESIAN_POINT('Ctrl Pts',(8.82105722696687,-9.26258781711901,17.6479897354397));
#2427=CARTESIAN_POINT('Ctrl Pts',(8.67365726933216,-9.48652947214804,17.58942948522));
#2428=CARTESIAN_POINT('Ctrl Pts',(8.47530639095452,-9.97882893825477,17.5144734362926));
#2429=CARTESIAN_POINT('Ctrl Pts',(8.42494935214359,-10.2473191455413,17.4973785122902));
#2430=CARTESIAN_POINT('Ctrl Pts',(8.42494935214359,-10.5,17.4973785122902));
#2431=CARTESIAN_POINT('Origin',(6.09999999999999,-3.5,24.1));
#2432=CARTESIAN_POINT('',(1.09999999999999,-4.7699261652644,24.1000000120916));
#2433=CARTESIAN_POINT('',(1.09999999999999,-2.23007383093135,24.1000000076896));
#2434=CARTESIAN_POINT('Ctrl Pts',(1.09999999999999,-2.23007383093135,24.1000000153793));
#2435=CARTESIAN_POINT('Ctrl Pts',(1.10000000013528,-2.17917850824655,24.1439843123352));
#2436=CARTESIAN_POINT('Ctrl Pts',(1.10058588124723,-2.13099001173733,24.1898861283892));
#2437=CARTESIAN_POINT('Ctrl Pts',(1.10690194467103,-1.90988367693933,24.4203188735601));
#2438=CARTESIAN_POINT('Ctrl Pts',(1.12402797855503,-1.75637712727134,24.6492583022411));
#2439=CARTESIAN_POINT('Ctrl Pts',(1.20320328412273,-1.55136143234481,25.1408478135112));
#2440=CARTESIAN_POINT('Ctrl Pts',(1.26619173592638,-1.5,25.4034077712979));
#2441=CARTESIAN_POINT('Ctrl Pts',(1.42324310112206,-1.5,25.8867621724516));
#2442=CARTESIAN_POINT('Ctrl Pts',(1.52661324419309,-1.55136143234481,26.1362013233783));
#2443=CARTESIAN_POINT('Ctrl Pts',(1.75150814136022,-1.75637712727134,26.5804436692107));
#2444=CARTESIAN_POINT('Ctrl Pts',(1.87222010874881,-1.90988367693933,26.7757259878434));
#2445=CARTESIAN_POINT('Ctrl Pts',(2.07970329870725,-2.26186732691952,27.0784081242924));
#2446=CARTESIAN_POINT('Ctrl Pts',(2.18083357109159,-2.48482647545718,27.2068132028231));
#2447=CARTESIAN_POINT('Ctrl Pts',(2.32158142714124,-2.97655940188814,27.376538983966));
#2448=CARTESIAN_POINT('Ctrl Pts',(2.35974551264634,-3.2456282231649,27.4182068003412));
#2449=CARTESIAN_POINT('Ctrl Pts',(2.35974551264634,-3.5,27.4182068003412));
#2450=CARTESIAN_POINT('Ctrl Pts',(2.35974551264634,-3.7543717768351,27.4182068003412));
#2451=CARTESIAN_POINT('Ctrl Pts',(2.32158142714125,-4.02344059811186,27.376538983966));
#2452=CARTESIAN_POINT('Ctrl Pts',(2.18083357109159,-4.51517352454282,27.2068132028231));
#2453=CARTESIAN_POINT('Ctrl Pts',(2.07970329870725,-4.73813267308048,27.0784081242924));
#2454=CARTESIAN_POINT('Ctrl Pts',(1.87222010874881,-5.09011632306067,26.7757259878434));
#2455=CARTESIAN_POINT('Ctrl Pts',(1.75150814136022,-5.24362287272866,26.5804436692107));
#2456=CARTESIAN_POINT('Ctrl Pts',(1.52661324419309,-5.44863856765519,26.1362013233783));
#2457=CARTESIAN_POINT('Ctrl Pts',(1.42324310112206,-5.5,25.8867621724516));
#2458=CARTESIAN_POINT('Ctrl Pts',(1.26619173592638,-5.5,25.4034077712979));
#2459=CARTESIAN_POINT('Ctrl Pts',(1.20320328412273,-5.44863856765519,25.1408478135112));
#2460=CARTESIAN_POINT('Ctrl Pts',(1.12402797855503,-5.24362287272866,24.6492583022411));
#2461=CARTESIAN_POINT('Ctrl Pts',(1.10690194467103,-5.09011632306067,24.4203188735601));
#2462=CARTESIAN_POINT('Ctrl Pts',(1.10058588121506,-4.86900998713656,24.1898861272156));
#2463=CARTESIAN_POINT('Ctrl Pts',(1.10000000010636,-4.82082148935186,24.1439843100483));
#2464=CARTESIAN_POINT('Ctrl Pts',(1.09999999999999,-4.7699261652644,24.1000000120916));
#2465=CARTESIAN_POINT('',(1.12367753514655,-3.5,23.6139807351606));
#2466=CARTESIAN_POINT('Ctrl Pts',(1.09999999999999,-4.7699261652644,24.1000000120916));
#2467=CARTESIAN_POINT('Ctrl Pts',(1.09999999969202,-4.62256960597181,23.972652855432));
#2468=CARTESIAN_POINT('Ctrl Pts',(1.10499930673147,-4.45205456136202,23.8619190872474));
#2469=CARTESIAN_POINT('Ctrl Pts',(1.11729386935877,-4.02344059811186,23.6701229933538));
#2470=CARTESIAN_POINT('Ctrl Pts',(1.12367753514655,-3.7543717768351,23.6139807351606));
#2471=CARTESIAN_POINT('Ctrl Pts',(1.12367753514655,-3.5,23.6139807351606));
#2472=CARTESIAN_POINT('',(-0.897915051390205,-3.5,24.2708359842848));
#2473=CARTESIAN_POINT('',(5.4819660112501,-3.5,22.1978869674097));
#2474=CARTESIAN_POINT('',(0.338152926109588,-3.5,28.0750620494655));
#2475=CARTESIAN_POINT('Ctrl Pts',(0.338152926109583,-3.5,28.0750620494655));
#2476=CARTESIAN_POINT('Ctrl Pts',(0.338152926109583,-3.75268085445875,28.0750620494655));
#2477=CARTESIAN_POINT('Ctrl Pts',(0.307461370142827,-4.02117106174523,28.0316328406678));
#2478=CARTESIAN_POINT('Ctrl Pts',(0.191050198815745,-4.51347052785196,27.8544044021647));
#2479=CARTESIAN_POINT('Ctrl Pts',(0.10622197956883,-4.73741218288098,27.7203886432559));
#2480=CARTESIAN_POINT('Ctrl Pts',(-0.0723981830039255,-5.09097196915327,
27.406671092945));
#2481=CARTESIAN_POINT('Ctrl Pts',(-0.178270158346762,-5.24467524039935,
27.2055862910573));
#2482=CARTESIAN_POINT('Ctrl Pts',(-0.382059359491776,-5.44922706382913,
26.7541003841168));
#2483=CARTESIAN_POINT('Ctrl Pts',(-0.479331914382077,-5.5,26.5033743239931));
#2484=CARTESIAN_POINT('Ctrl Pts',(-0.635459313750098,-5.5,26.0228635972562));
#2485=CARTESIAN_POINT('Ctrl Pts',(-0.7041372442637,-5.44922706382913,25.7628465804661));
#2486=CARTESIAN_POINT('Ctrl Pts',(-0.804645074984813,-5.24467524039935,
25.2778025220209));
#2487=CARTESIAN_POINT('Ctrl Pts',(-0.837187528714139,-5.09097196915327,
25.0528915142457));
#2488=CARTESIAN_POINT('Ctrl Pts',(-0.877079331112802,-4.73741218288098,
24.6940983872882));
#2489=CARTESIAN_POINT('Ctrl Pts',(-0.887224346800875,-4.51347052785196,
24.5358165845653));
#2490=CARTESIAN_POINT('Ctrl Pts',(-0.897217993301113,-4.02117106174523,
24.3240109962216));
#2491=CARTESIAN_POINT('Ctrl Pts',(-0.897915051390205,-3.75268085445875,
24.2708359842848));
#2492=CARTESIAN_POINT('Ctrl Pts',(-0.897915051390205,-3.5,24.2708359842848));
#2493=CARTESIAN_POINT('Ctrl Pts',(-0.897915051390205,-3.5,24.2708359842848));
#2494=CARTESIAN_POINT('Ctrl Pts',(-0.897915051390205,-3.24731914554125,
24.2708359842848));
#2495=CARTESIAN_POINT('Ctrl Pts',(-0.897217993301113,-2.97882893825477,
24.3240109962216));
#2496=CARTESIAN_POINT('Ctrl Pts',(-0.887224346800876,-2.48652947214804,
24.5358165845653));
#2497=CARTESIAN_POINT('Ctrl Pts',(-0.877079331112802,-2.26258781711902,
24.6940983872882));
#2498=CARTESIAN_POINT('Ctrl Pts',(-0.837187528714139,-1.90902803084673,
25.0528915142457));
#2499=CARTESIAN_POINT('Ctrl Pts',(-0.804645074984816,-1.75532475960065,
25.2778025220209));
#2500=CARTESIAN_POINT('Ctrl Pts',(-0.704137244263705,-1.55077293617087,
25.7628465804661));
#2501=CARTESIAN_POINT('Ctrl Pts',(-0.635459313750098,-1.5,26.0228635972562));
#2502=CARTESIAN_POINT('Ctrl Pts',(-0.479331914382077,-1.5,26.5033743239931));
#2503=CARTESIAN_POINT('Ctrl Pts',(-0.382059359491776,-1.55077293617087,
26.7541003841168));
#2504=CARTESIAN_POINT('Ctrl Pts',(-0.178270158346762,-1.75532475960065,
27.2055862910573));
#2505=CARTESIAN_POINT('Ctrl Pts',(-0.0723981830039255,-1.90902803084673,
27.406671092945));
#2506=CARTESIAN_POINT('Ctrl Pts',(0.10622197956883,-2.26258781711902,27.7203886432559));
#2507=CARTESIAN_POINT('Ctrl Pts',(0.191050198815745,-2.48652947214804,27.8544044021647));
#2508=CARTESIAN_POINT('Ctrl Pts',(0.307461370142827,-2.97882893825477,28.0316328406678));
#2509=CARTESIAN_POINT('Ctrl Pts',(0.338152926109583,-3.24731914554126,28.0750620494655));
#2510=CARTESIAN_POINT('Ctrl Pts',(0.338152926109583,-3.5,28.0750620494655));
#2511=CARTESIAN_POINT('Ctrl Pts',(1.12367753514655,-3.5,23.6139807351606));
#2512=CARTESIAN_POINT('Ctrl Pts',(1.12367753514655,-3.2456282231649,23.6139807351606));
#2513=CARTESIAN_POINT('Ctrl Pts',(1.11729386935877,-2.97655940188814,23.6701229933538));
#2514=CARTESIAN_POINT('Ctrl Pts',(1.10499930668637,-2.54794543706556,23.861919087951));
#2515=CARTESIAN_POINT('Ctrl Pts',(1.09999999960829,-2.3774303911017,23.9726528573491));
#2516=CARTESIAN_POINT('Ctrl Pts',(1.09999999999999,-2.23007383093135,24.1000000153793));
#2517=CARTESIAN_POINT('Origin',(6.09999999999999,0.,24.1));
#2518=CARTESIAN_POINT('',(8.09999999999999,1.38777878078145E-16,28.6825756949558));
#2519=CARTESIAN_POINT('',(4.09999999999999,-2.44929359829471E-16,28.6825756949558));
#2520=CARTESIAN_POINT('Ctrl Pts',(8.09999999999999,6.93889390390723E-17,
28.6825756949558));
#2521=CARTESIAN_POINT('Ctrl Pts',(8.09999999999999,0.254371776835101,28.6825756949558));
#2522=CARTESIAN_POINT('Ctrl Pts',(8.04857820072064,0.523440598111858,28.7059958337855));
#2523=CARTESIAN_POINT('Ctrl Pts',(7.84366591114022,1.01517352454282,28.7874068486793));
#2524=CARTESIAN_POINT('Ctrl Pts',(7.6902944516657,1.23813267308049,28.8439081017951));
#2525=CARTESIAN_POINT('Ctrl Pts',(7.33831080168551,1.59011632306067,28.9477024175704));
#2526=CARTESIAN_POINT('Ctrl Pts',(7.11528423068511,1.74362287272866,29.0021607655916));
#2527=CARTESIAN_POINT('Ctrl Pts',(6.62328830769409,1.94863856765519,29.0787700885408));
#2528=CARTESIAN_POINT('Ctrl Pts',(6.35411444686618,2.,29.1));
#2529=CARTESIAN_POINT('Ctrl Pts',(5.8458855531338,2.,29.1));
#2530=CARTESIAN_POINT('Ctrl Pts',(5.5767116923059,1.94863856765519,29.0787700885408));
#2531=CARTESIAN_POINT('Ctrl Pts',(5.08471576931488,1.74362287272866,29.0021607655916));
#2532=CARTESIAN_POINT('Ctrl Pts',(4.86168919831447,1.59011632306067,28.9477024175704));
#2533=CARTESIAN_POINT('Ctrl Pts',(4.50970554833428,1.23813267308049,28.8439081017951));
#2534=CARTESIAN_POINT('Ctrl Pts',(4.35633408885977,1.01517352454282,28.7874068486793));
#2535=CARTESIAN_POINT('Ctrl Pts',(4.15142179927934,0.52344059811186,28.7059958337855));
#2536=CARTESIAN_POINT('Ctrl Pts',(4.09999999999999,0.254371776835101,28.6825756949558));
#2537=CARTESIAN_POINT('Ctrl Pts',(4.09999999999999,1.38777878078145E-16,
28.6825756949558));
#2538=CARTESIAN_POINT('Ctrl Pts',(4.09999999999999,-2.08166817117217E-16,
28.6825756949558));
#2539=CARTESIAN_POINT('Ctrl Pts',(4.09999999999999,-0.254371776835101,28.6825756949558));
#2540=CARTESIAN_POINT('Ctrl Pts',(4.15142179927934,-0.52344059811186,28.7059958337855));
#2541=CARTESIAN_POINT('Ctrl Pts',(4.35633408885976,-1.01517352454282,28.7874068486793));
#2542=CARTESIAN_POINT('Ctrl Pts',(4.50970554833428,-1.23813267308049,28.8439081017951));
#2543=CARTESIAN_POINT('Ctrl Pts',(4.86168919831447,-1.59011632306067,28.9477024175704));
#2544=CARTESIAN_POINT('Ctrl Pts',(5.08471576931487,-1.74362287272866,29.0021607655916));
#2545=CARTESIAN_POINT('Ctrl Pts',(5.57671169230589,-1.94863856765519,29.0787700885408));
#2546=CARTESIAN_POINT('Ctrl Pts',(5.8458855531338,-2.,29.1));
#2547=CARTESIAN_POINT('Ctrl Pts',(6.35411444686618,-2.,29.1));
#2548=CARTESIAN_POINT('Ctrl Pts',(6.62328830769408,-1.94863856765519,29.0787700885408));
#2549=CARTESIAN_POINT('Ctrl Pts',(7.1152842306851,-1.74362287272866,29.0021607655916));
#2550=CARTESIAN_POINT('Ctrl Pts',(7.33831080168551,-1.59011632306067,28.9477024175704));
#2551=CARTESIAN_POINT('Ctrl Pts',(7.69029445166569,-1.23813267308049,28.8439081017951));
#2552=CARTESIAN_POINT('Ctrl Pts',(7.84366591114022,-1.01517352454282,28.7874068486793));
#2553=CARTESIAN_POINT('Ctrl Pts',(8.04857820072064,-0.52344059811186,28.7059958337855));
#2554=CARTESIAN_POINT('Ctrl Pts',(8.09999999999999,-0.254371776835101,28.6825756949558));
#2555=CARTESIAN_POINT('Ctrl Pts',(8.09999999999999,0.,28.6825756949558));
#2556=CARTESIAN_POINT('',(4.09999999999999,-1.57159149434271E-16,30.8082039324994));
#2557=CARTESIAN_POINT('',(4.09999999999999,-2.44929359829471E-16,24.1));
#2558=CARTESIAN_POINT('',(8.09999999999999,6.93889390390723E-17,30.8082039324994));
#2559=CARTESIAN_POINT('Ctrl Pts',(8.09999999999999,2.08166817117217E-16,
30.8082039324994));
#2560=CARTESIAN_POINT('Ctrl Pts',(8.09999999999999,-0.252680854458746,30.8082039324994));
#2561=CARTESIAN_POINT('Ctrl Pts',(8.04921215559787,-0.52117106174523,30.823972973226));
#2562=CARTESIAN_POINT('Ctrl Pts',(7.84468486401153,-1.01347052785196,30.8799199769022));
#2563=CARTESIAN_POINT('Ctrl Pts',(7.69101494186519,-1.23741218288099,30.9191832605658));
#2564=CARTESIAN_POINT('Ctrl Pts',(7.33745515559291,-1.59097196915327,30.9921170756426));
#2565=CARTESIAN_POINT('Ctrl Pts',(7.11349590482074,-1.74467524039935,31.0306686865917));
#2566=CARTESIAN_POINT('Ctrl Pts',(6.62113296458564,-1.94922706382913,31.0849669163258));
#2567=CARTESIAN_POINT('Ctrl Pts',(6.35261943875258,-2.,31.1));
#2568=CARTESIAN_POINT('Ctrl Pts',(5.8473805612474,-2.,31.1));
#2569=CARTESIAN_POINT('Ctrl Pts',(5.57886703541434,-1.94922706382913,31.0849669163258));
#2570=CARTESIAN_POINT('Ctrl Pts',(5.08650409517923,-1.74467524039934,31.0306686865917));
#2571=CARTESIAN_POINT('Ctrl Pts',(4.86254484440706,-1.59097196915327,30.9921170756426));
#2572=CARTESIAN_POINT('Ctrl Pts',(4.50898505813478,-1.23741218288098,30.9191832605658));
#2573=CARTESIAN_POINT('Ctrl Pts',(4.35531513598844,-1.01347052785196,30.8799199769022));
#2574=CARTESIAN_POINT('Ctrl Pts',(4.1507878444021,-0.52117106174523,30.823972973226));
#2575=CARTESIAN_POINT('Ctrl Pts',(4.09999999999999,-0.252680854458745,30.8082039324994));
#2576=CARTESIAN_POINT('Ctrl Pts',(4.09999999999999,-6.93889390390723E-17,
30.8082039324994));
#2577=CARTESIAN_POINT('Ctrl Pts',(4.09999999999999,-6.93889390390723E-17,
30.8082039324994));
#2578=CARTESIAN_POINT('Ctrl Pts',(4.09999999999999,0.252680854458745,30.8082039324994));
#2579=CARTESIAN_POINT('Ctrl Pts',(4.1507878444021,0.52117106174523,30.823972973226));
#2580=CARTESIAN_POINT('Ctrl Pts',(4.35531513598845,1.01347052785196,30.8799199769022));
#2581=CARTESIAN_POINT('Ctrl Pts',(4.50898505813479,1.23741218288098,30.9191832605658));
#2582=CARTESIAN_POINT('Ctrl Pts',(4.86254484440707,1.59097196915327,30.9921170756426));
#2583=CARTESIAN_POINT('Ctrl Pts',(5.08650409517923,1.74467524039934,31.0306686865917));
#2584=CARTESIAN_POINT('Ctrl Pts',(5.57886703541434,1.94922706382913,31.0849669163258));
#2585=CARTESIAN_POINT('Ctrl Pts',(5.8473805612474,2.,31.1));
#2586=CARTESIAN_POINT('Ctrl Pts',(6.35261943875258,2.,31.1));
#2587=CARTESIAN_POINT('Ctrl Pts',(6.62113296458564,1.94922706382913,31.0849669163258));
#2588=CARTESIAN_POINT('Ctrl Pts',(7.11349590482075,1.74467524039934,31.0306686865917));
#2589=CARTESIAN_POINT('Ctrl Pts',(7.33745515559291,1.59097196915327,30.9921170756426));
#2590=CARTESIAN_POINT('Ctrl Pts',(7.69101494186519,1.23741218288098,30.9191832605658));
#2591=CARTESIAN_POINT('Ctrl Pts',(7.84468486401153,1.01347052785196,30.8799199769022));
#2592=CARTESIAN_POINT('Ctrl Pts',(8.04921215559787,0.521171061745229,30.823972973226));
#2593=CARTESIAN_POINT('Ctrl Pts',(8.09999999999999,0.252680854458745,30.8082039324994));
#2594=CARTESIAN_POINT('Ctrl Pts',(8.09999999999999,-1.38777878078145E-16,
30.8082039324994));
#2595=CARTESIAN_POINT('Origin',(6.1,3.5,24.1));
#2596=CARTESIAN_POINT('',(0.338152926109588,3.5,20.1249379505345));
#2597=CARTESIAN_POINT('',(-0.897915051390205,3.5,23.9291640157151));
#2598=CARTESIAN_POINT('Ctrl Pts',(0.338152926109585,3.5,20.1249379505345));
#2599=CARTESIAN_POINT('Ctrl Pts',(0.338152926109585,3.75268085445875,20.1249379505345));
#2600=CARTESIAN_POINT('Ctrl Pts',(0.307461370142828,4.02117106174523,20.1683671593322));
#2601=CARTESIAN_POINT('Ctrl Pts',(0.191050198815746,4.51347052785196,20.3455955978353));
#2602=CARTESIAN_POINT('Ctrl Pts',(0.106221979568833,4.73741218288098,20.4796113567441));
#2603=CARTESIAN_POINT('Ctrl Pts',(-0.0723981830039234,5.09097196915327,
20.793328907055));
#2604=CARTESIAN_POINT('Ctrl Pts',(-0.17827015834676,5.24467524039935,20.9944137089427));
#2605=CARTESIAN_POINT('Ctrl Pts',(-0.382059359491775,5.44922706382913,21.4458996158832));
#2606=CARTESIAN_POINT('Ctrl Pts',(-0.479331914382077,5.5,21.6966256760069));
#2607=CARTESIAN_POINT('Ctrl Pts',(-0.635459313750098,5.5,22.1771364027438));
#2608=CARTESIAN_POINT('Ctrl Pts',(-0.704137244263703,5.44922706382913,22.4371534195339));
#2609=CARTESIAN_POINT('Ctrl Pts',(-0.804645074984814,5.24467524039934,22.9221974779791));
#2610=CARTESIAN_POINT('Ctrl Pts',(-0.837187528714139,5.09097196915327,23.1471084857543));
#2611=CARTESIAN_POINT('Ctrl Pts',(-0.877079331112802,4.73741218288098,23.5059016127119));
#2612=CARTESIAN_POINT('Ctrl Pts',(-0.887224346800876,4.51347052785196,23.6641834154347));
#2613=CARTESIAN_POINT('Ctrl Pts',(-0.897217993301113,4.02117106174523,23.8759890037784));
#2614=CARTESIAN_POINT('Ctrl Pts',(-0.897915051390205,3.75268085445875,23.9291640157151));
#2615=CARTESIAN_POINT('Ctrl Pts',(-0.897915051390205,3.5,23.9291640157151));
#2616=CARTESIAN_POINT('Ctrl Pts',(-0.897915051390205,3.5,23.9291640157151));
#2617=CARTESIAN_POINT('Ctrl Pts',(-0.897915051390205,3.24731914554126,23.9291640157151));
#2618=CARTESIAN_POINT('Ctrl Pts',(-0.897217993301113,2.97882893825477,23.8759890037784));
#2619=CARTESIAN_POINT('Ctrl Pts',(-0.887224346800876,2.48652947214804,23.6641834154347));
#2620=CARTESIAN_POINT('Ctrl Pts',(-0.877079331112802,2.26258781711902,23.5059016127119));
#2621=CARTESIAN_POINT('Ctrl Pts',(-0.83718752871414,1.90902803084673,23.1471084857544));
#2622=CARTESIAN_POINT('Ctrl Pts',(-0.804645074984815,1.75532475960066,22.9221974779791));
#2623=CARTESIAN_POINT('Ctrl Pts',(-0.704137244263703,1.55077293617087,22.437153419534));
#2624=CARTESIAN_POINT('Ctrl Pts',(-0.635459313750098,1.5,22.1771364027438));
#2625=CARTESIAN_POINT('Ctrl Pts',(-0.479331914382077,1.5,21.6966256760069));
#2626=CARTESIAN_POINT('Ctrl Pts',(-0.382059359491776,1.55077293617087,21.4458996158832));
#2627=CARTESIAN_POINT('Ctrl Pts',(-0.178270158346762,1.75532475960065,20.9944137089427));
#2628=CARTESIAN_POINT('Ctrl Pts',(-0.0723981830039234,1.90902803084673,
20.793328907055));
#2629=CARTESIAN_POINT('Ctrl Pts',(0.106221979568833,2.26258781711901,20.4796113567441));
#2630=CARTESIAN_POINT('Ctrl Pts',(0.191050198815746,2.48652947214804,20.3455955978353));
#2631=CARTESIAN_POINT('Ctrl Pts',(0.307461370142828,2.97882893825477,20.1683671593322));
#2632=CARTESIAN_POINT('Ctrl Pts',(0.338152926109585,3.24731914554125,20.1249379505345));
#2633=CARTESIAN_POINT('Ctrl Pts',(0.338152926109585,3.5,20.1249379505345));
#2634=CARTESIAN_POINT('',(1.12367753514655,3.5,24.5860192648394));
#2635=CARTESIAN_POINT('',(5.48196601125011,3.5,26.0021130325903));
#2636=CARTESIAN_POINT('',(1.09999999999999,2.23007383093135,24.0999999923104));
#2637=CARTESIAN_POINT('Ctrl Pts',(1.12367753514655,3.5,24.5860192648394));
#2638=CARTESIAN_POINT('Ctrl Pts',(1.12367753514655,3.2456282231649,24.5860192648394));
#2639=CARTESIAN_POINT('Ctrl Pts',(1.11729386935877,2.97655940188815,24.5298770066461));
#2640=CARTESIAN_POINT('Ctrl Pts',(1.10499930668637,2.54794543706556,24.338080912049));
#2641=CARTESIAN_POINT('Ctrl Pts',(1.09999999960829,2.37743039110169,24.2273471426509));
#2642=CARTESIAN_POINT('Ctrl Pts',(1.09999999999999,2.23007383093135,24.0999999846207));
#2643=CARTESIAN_POINT('',(1.09999999999999,4.7699261652644,24.0999999879084));
#2644=CARTESIAN_POINT('Ctrl Pts',(1.09999999999999,2.23007383093135,24.0999999846207));
#2645=CARTESIAN_POINT('Ctrl Pts',(1.10000000013528,2.17917850824655,24.0560156876648));
#2646=CARTESIAN_POINT('Ctrl Pts',(1.10058588124723,2.13099001173733,24.0101138716108));
#2647=CARTESIAN_POINT('Ctrl Pts',(1.10690194467103,1.90988367693933,23.7796811264399));
#2648=CARTESIAN_POINT('Ctrl Pts',(1.12402797855503,1.75637712727135,23.5507416977589));
#2649=CARTESIAN_POINT('Ctrl Pts',(1.20320328412273,1.55136143234481,23.0591521864888));
#2650=CARTESIAN_POINT('Ctrl Pts',(1.26619173592638,1.5,22.7965922287021));
#2651=CARTESIAN_POINT('Ctrl Pts',(1.42324310112206,1.5,22.3132378275484));
#2652=CARTESIAN_POINT('Ctrl Pts',(1.5266132441931,1.55136143234481,22.0637986766217));
#2653=CARTESIAN_POINT('Ctrl Pts',(1.75150814136022,1.75637712727134,21.6195563307893));
#2654=CARTESIAN_POINT('Ctrl Pts',(1.87222010874881,1.90988367693933,21.4242740121566));
#2655=CARTESIAN_POINT('Ctrl Pts',(2.07970329870725,2.26186732691951,21.1215918757076));
#2656=CARTESIAN_POINT('Ctrl Pts',(2.18083357109159,2.48482647545718,20.9931867971769));
#2657=CARTESIAN_POINT('Ctrl Pts',(2.32158142714125,2.97655940188814,20.823461016034));
#2658=CARTESIAN_POINT('Ctrl Pts',(2.35974551264634,3.2456282231649,20.7817931996588));
#2659=CARTESIAN_POINT('Ctrl Pts',(2.35974551264634,3.5,20.7817931996588));
#2660=CARTESIAN_POINT('Ctrl Pts',(2.35974551264634,3.7543717768351,20.7817931996588));
#2661=CARTESIAN_POINT('Ctrl Pts',(2.32158142714125,4.02344059811186,20.823461016034));
#2662=CARTESIAN_POINT('Ctrl Pts',(2.18083357109159,4.51517352454282,20.9931867971769));
#2663=CARTESIAN_POINT('Ctrl Pts',(2.07970329870725,4.73813267308049,21.1215918757076));
#2664=CARTESIAN_POINT('Ctrl Pts',(1.87222010874881,5.09011632306067,21.4242740121566));
#2665=CARTESIAN_POINT('Ctrl Pts',(1.75150814136022,5.24362287272866,21.6195563307893));
#2666=CARTESIAN_POINT('Ctrl Pts',(1.52661324419309,5.44863856765519,22.0637986766217));
#2667=CARTESIAN_POINT('Ctrl Pts',(1.42324310112206,5.5,22.3132378275484));
#2668=CARTESIAN_POINT('Ctrl Pts',(1.26619173592638,5.5,22.7965922287021));
#2669=CARTESIAN_POINT('Ctrl Pts',(1.20320328412273,5.44863856765519,23.0591521864888));
#2670=CARTESIAN_POINT('Ctrl Pts',(1.12402797855503,5.24362287272866,23.5507416977589));
#2671=CARTESIAN_POINT('Ctrl Pts',(1.10690194467103,5.09011632306067,23.7796811264399));
#2672=CARTESIAN_POINT('Ctrl Pts',(1.10058588121506,4.86900998713656,24.0101138727844));
#2673=CARTESIAN_POINT('Ctrl Pts',(1.10000000010636,4.82082148935186,24.0560156899517));
#2674=CARTESIAN_POINT('Ctrl Pts',(1.09999999999999,4.7699261652644,24.0999999879084));
#2675=CARTESIAN_POINT('Ctrl Pts',(1.09999999999999,4.7699261652644,24.0999999879084));
#2676=CARTESIAN_POINT('Ctrl Pts',(1.09999999969202,4.62256960597181,24.227347144568));
#2677=CARTESIAN_POINT('Ctrl Pts',(1.10499930673147,4.45205456136202,24.3380809127526));
#2678=CARTESIAN_POINT('Ctrl Pts',(1.11729386935877,4.02344059811186,24.5298770066461));
#2679=CARTESIAN_POINT('Ctrl Pts',(1.12367753514655,3.7543717768351,24.5860192648394));
#2680=CARTESIAN_POINT('Ctrl Pts',(1.12367753514655,3.5,24.5860192648394));
#2681=CARTESIAN_POINT('Origin',(6.1,3.5,24.1));
#2682=CARTESIAN_POINT('',(11.0763224648534,3.5,23.6139807351606));
#2683=CARTESIAN_POINT('',(9.84025448735364,3.5,27.4182068003412));
#2684=CARTESIAN_POINT('Ctrl Pts',(11.0763224648534,3.5,23.6139807351606));
#2685=CARTESIAN_POINT('Ctrl Pts',(11.0763224648534,3.7543717768351,23.6139807351606));
#2686=CARTESIAN_POINT('Ctrl Pts',(11.0827061306412,4.02344059811186,23.6701229933538));
#2687=CARTESIAN_POINT('Ctrl Pts',(11.0968112270176,4.51517352454282,23.8901635487598));
#2688=CARTESIAN_POINT('Ctrl Pts',(11.1031527245425,4.73813267308048,24.053488322123));
#2689=CARTESIAN_POINT('Ctrl Pts',(11.0930980553289,5.09011632306067,24.4203188735601));
#2690=CARTESIAN_POINT('Ctrl Pts',(11.075972021445,5.24362287272866,24.6492583022411));
#2691=CARTESIAN_POINT('Ctrl Pts',(10.9967967158772,5.44863856765519,25.1408478135112));
#2692=CARTESIAN_POINT('Ctrl Pts',(10.9338082640736,5.5,25.4034077712979));
#2693=CARTESIAN_POINT('Ctrl Pts',(10.7767568988779,5.5,25.8867621724516));
#2694=CARTESIAN_POINT('Ctrl Pts',(10.6733867558069,5.44863856765519,26.1362013233783));
#2695=CARTESIAN_POINT('Ctrl Pts',(10.4484918586398,5.24362287272866,26.5804436692107));
#2696=CARTESIAN_POINT('Ctrl Pts',(10.3277798912512,5.09011632306067,26.7757259878434));
#2697=CARTESIAN_POINT('Ctrl Pts',(10.1202967012927,4.73813267308048,27.0784081242924));
#2698=CARTESIAN_POINT('Ctrl Pts',(10.0191664289084,4.51517352454282,27.2068132028231));
#2699=CARTESIAN_POINT('Ctrl Pts',(9.87841857285874,4.02344059811186,27.376538983966));
#2700=CARTESIAN_POINT('Ctrl Pts',(9.84025448735364,3.7543717768351,27.4182068003412));
#2701=CARTESIAN_POINT('Ctrl Pts',(9.84025448735364,3.5,27.4182068003412));
#2702=CARTESIAN_POINT('Ctrl Pts',(9.84025448735364,3.5,27.4182068003412));
#2703=CARTESIAN_POINT('Ctrl Pts',(9.84025448735364,3.2456282231649,27.4182068003412));
#2704=CARTESIAN_POINT('Ctrl Pts',(9.87841857285874,2.97655940188814,27.376538983966));
#2705=CARTESIAN_POINT('Ctrl Pts',(10.0191664289084,2.48482647545719,27.2068132028231));
#2706=CARTESIAN_POINT('Ctrl Pts',(10.1202967012927,2.26186732691952,27.0784081242924));
#2707=CARTESIAN_POINT('Ctrl Pts',(10.3277798912512,1.90988367693933,26.7757259878434));
#2708=CARTESIAN_POINT('Ctrl Pts',(10.4484918586398,1.75637712727134,26.5804436692107));
#2709=CARTESIAN_POINT('Ctrl Pts',(10.6733867558069,1.55136143234481,26.1362013233783));
#2710=CARTESIAN_POINT('Ctrl Pts',(10.7767568988779,1.5,25.8867621724516));
#2711=CARTESIAN_POINT('Ctrl Pts',(10.9338082640736,1.5,25.4034077712979));
#2712=CARTESIAN_POINT('Ctrl Pts',(10.9967967158772,1.55136143234481,25.1408478135112));
#2713=CARTESIAN_POINT('Ctrl Pts',(11.075972021445,1.75637712727134,24.6492583022411));
#2714=CARTESIAN_POINT('Ctrl Pts',(11.0930980553289,1.90988367693933,24.4203188735601));
#2715=CARTESIAN_POINT('Ctrl Pts',(11.1031527245425,2.26186732691951,24.053488322123));
#2716=CARTESIAN_POINT('Ctrl Pts',(11.0968112270176,2.48482647545718,23.8901635487598));
#2717=CARTESIAN_POINT('Ctrl Pts',(11.0827061306412,2.97655940188814,23.6701229933538));
#2718=CARTESIAN_POINT('Ctrl Pts',(11.0763224648534,3.2456282231649,23.6139807351606));
#2719=CARTESIAN_POINT('Ctrl Pts',(11.0763224648534,3.5,23.6139807351606));
#2720=CARTESIAN_POINT('',(11.8618470738904,3.5,28.0750620494655));
#2721=CARTESIAN_POINT('',(5.48196601125011,3.5,26.0021130325903));
#2722=CARTESIAN_POINT('',(13.0979150513902,3.5,24.2708359842848));
#2723=CARTESIAN_POINT('Ctrl Pts',(13.0979150513902,3.5,24.2708359842848));
#2724=CARTESIAN_POINT('Ctrl Pts',(13.0979150513902,3.24731914554125,24.2708359842848));
#2725=CARTESIAN_POINT('Ctrl Pts',(13.0972179933011,2.97882893825477,24.3240109962216));
#2726=CARTESIAN_POINT('Ctrl Pts',(13.0872243468009,2.48652947214804,24.5358165845653));
#2727=CARTESIAN_POINT('Ctrl Pts',(13.0770793311128,2.26258781711901,24.6940983872882));
#2728=CARTESIAN_POINT('Ctrl Pts',(13.0371875287141,1.90902803084673,25.0528915142457));
#2729=CARTESIAN_POINT('Ctrl Pts',(13.0046450749848,1.75532475960065,25.2778025220209));
#2730=CARTESIAN_POINT('Ctrl Pts',(12.9041372442637,1.55077293617087,25.7628465804661));
#2731=CARTESIAN_POINT('Ctrl Pts',(12.8354593137501,1.5,26.0228635972562));
#2732=CARTESIAN_POINT('Ctrl Pts',(12.6793319143821,1.5,26.5033743239931));
#2733=CARTESIAN_POINT('Ctrl Pts',(12.5820593594918,1.55077293617087,26.7541003841168));
#2734=CARTESIAN_POINT('Ctrl Pts',(12.3782701583467,1.75532475960066,27.2055862910573));
#2735=CARTESIAN_POINT('Ctrl Pts',(12.2723981830039,1.90902803084674,27.406671092945));
#2736=CARTESIAN_POINT('Ctrl Pts',(12.0937780204311,2.26258781711902,27.7203886432559));
#2737=CARTESIAN_POINT('Ctrl Pts',(12.0089498011842,2.48652947214804,27.8544044021647));
#2738=CARTESIAN_POINT('Ctrl Pts',(11.8925386298572,2.97882893825477,28.0316328406678));
#2739=CARTESIAN_POINT('Ctrl Pts',(11.8618470738904,3.24731914554126,28.0750620494655));
#2740=CARTESIAN_POINT('Ctrl Pts',(11.8618470738904,3.5,28.0750620494655));
#2741=CARTESIAN_POINT('Ctrl Pts',(11.8618470738904,3.5,28.0750620494655));
#2742=CARTESIAN_POINT('Ctrl Pts',(11.8618470738904,3.75268085445874,28.0750620494655));
#2743=CARTESIAN_POINT('Ctrl Pts',(11.8925386298572,4.02117106174522,28.0316328406678));
#2744=CARTESIAN_POINT('Ctrl Pts',(12.0089498011842,4.51347052785195,27.8544044021647));
#2745=CARTESIAN_POINT('Ctrl Pts',(12.0937780204311,4.73741218288098,27.7203886432559));
#2746=CARTESIAN_POINT('Ctrl Pts',(12.2723981830039,5.09097196915327,27.406671092945));
#2747=CARTESIAN_POINT('Ctrl Pts',(12.3782701583467,5.24467524039935,27.2055862910573));
#2748=CARTESIAN_POINT('Ctrl Pts',(12.5820593594918,5.44922706382913,26.7541003841168));
#2749=CARTESIAN_POINT('Ctrl Pts',(12.6793319143821,5.5,26.5033743239931));
#2750=CARTESIAN_POINT('Ctrl Pts',(12.8354593137501,5.5,26.0228635972562));
#2751=CARTESIAN_POINT('Ctrl Pts',(12.9041372442637,5.44922706382913,25.7628465804661));
#2752=CARTESIAN_POINT('Ctrl Pts',(13.0046450749848,5.24467524039935,25.2778025220209));
#2753=CARTESIAN_POINT('Ctrl Pts',(13.0371875287141,5.09097196915327,25.0528915142457));
#2754=CARTESIAN_POINT('Ctrl Pts',(13.0770793311128,4.73741218288098,24.6940983872882));
#2755=CARTESIAN_POINT('Ctrl Pts',(13.0872243468009,4.51347052785196,24.5358165845653));
#2756=CARTESIAN_POINT('Ctrl Pts',(13.0972179933011,4.02117106174523,24.3240109962216));
#2757=CARTESIAN_POINT('Ctrl Pts',(13.0979150513902,3.75268085445875,24.2708359842848));
#2758=CARTESIAN_POINT('Ctrl Pts',(13.0979150513902,3.5,24.2708359842848));
#2759=CARTESIAN_POINT('Origin',(6.09999999999999,7.,24.1));
#2760=CARTESIAN_POINT('',(0.5389826703566,7.,28.3514804785399));
#2761=CARTESIAN_POINT('',(3.77505064785638,7.,30.7026214877098));
#2762=CARTESIAN_POINT('Ctrl Pts',(0.538982670356594,7.,28.3514804785399));
#2763=CARTESIAN_POINT('Ctrl Pts',(0.538982670356594,7.25268085445875,28.3514804785399));
#2764=CARTESIAN_POINT('Ctrl Pts',(0.570802090003632,7.52117106174523,28.3940902464081));
#2765=CARTESIAN_POINT('Ctrl Pts',(0.70338332103965,8.01347052785196,28.5595704488522));
#2766=CARTESIAN_POINT('Ctrl Pts',(0.80462652048627,8.23741218288099,28.6816600265496));
#2767=CARTESIAN_POINT('Ctrl Pts',(1.04779297521256,8.59097196915327,28.9484819505859));
#2768=CARTESIAN_POINT('Ctrl Pts',(1.20631974676676,8.74467524039935,29.1113108037225));
#2769=CARTESIAN_POINT('Ctrl Pts',(1.57273403415406,8.94922706382913,29.4446426693875));
#2770=CARTESIAN_POINT('Ctrl Pts',(1.78112981489238,9.,29.6146329800835));
#2771=CARTESIAN_POINT('Ctrl Pts',(2.18987665301298,9.,29.9116049411658));
#2772=CARTESIAN_POINT('Ctrl Pts',(2.41594488351164,8.94922706382913,30.0572712115213));
#2773=CARTESIAN_POINT('Ctrl Pts',(2.84619056822557,8.74467524039934,30.3027466959474));
#2774=CARTESIAN_POINT('Ctrl Pts',(3.0500374765157,8.59097196915327,30.4031977322475));
#2775=CARTESIAN_POINT('Ctrl Pts',(3.37894277303311,8.23741218288099,30.5520102645603));
#2776=CARTESIAN_POINT('Ctrl Pts',(3.52634273066782,8.01347052785196,30.61057051478));
#2777=CARTESIAN_POINT('Ctrl Pts',(3.72469360904546,7.52117106174523,30.6855265637074));
#2778=CARTESIAN_POINT('Ctrl Pts',(3.77505064785639,7.25268085445875,30.7026214877098));
#2779=CARTESIAN_POINT('Ctrl Pts',(3.77505064785639,7.,30.7026214877098));
#2780=CARTESIAN_POINT('Ctrl Pts',(3.77505064785638,7.,30.7026214877098));
#2781=CARTESIAN_POINT('Ctrl Pts',(3.77505064785638,6.74731914554126,30.7026214877098));
#2782=CARTESIAN_POINT('Ctrl Pts',(3.72469360904546,6.47882893825477,30.6855265637074));
#2783=CARTESIAN_POINT('Ctrl Pts',(3.52634273066782,5.98652947214804,30.61057051478));
#2784=CARTESIAN_POINT('Ctrl Pts',(3.37894277303311,5.76258781711902,30.5520102645603));
#2785=CARTESIAN_POINT('Ctrl Pts',(3.0500374765157,5.40902803084673,30.4031977322475));
#2786=CARTESIAN_POINT('Ctrl Pts',(2.84619056822558,5.25532475960066,30.3027466959474));
#2787=CARTESIAN_POINT('Ctrl Pts',(2.41594488351164,5.05077293617087,30.0572712115213));
#2788=CARTESIAN_POINT('Ctrl Pts',(2.18987665301298,5.,29.9116049411658));
#2789=CARTESIAN_POINT('Ctrl Pts',(1.78112981489238,5.,29.6146329800835));
#2790=CARTESIAN_POINT('Ctrl Pts',(1.57273403415406,5.05077293617087,29.4446426693875));
#2791=CARTESIAN_POINT('Ctrl Pts',(1.20631974676676,5.25532475960065,29.1113108037225));
#2792=CARTESIAN_POINT('Ctrl Pts',(1.04779297521256,5.40902803084673,28.9484819505859));
#2793=CARTESIAN_POINT('Ctrl Pts',(0.80462652048627,5.76258781711902,28.6816600265496));
#2794=CARTESIAN_POINT('Ctrl Pts',(0.70338332103965,5.98652947214804,28.5595704488522));
#2795=CARTESIAN_POINT('Ctrl Pts',(0.570802090003632,6.47882893825477,28.3940902464081));
#2796=CARTESIAN_POINT('Ctrl Pts',(0.538982670356594,6.74731914554126,28.3514804785399));
#2797=CARTESIAN_POINT('Ctrl Pts',(0.538982670356595,7.,28.3514804785399));
#2798=CARTESIAN_POINT('',(5.02446357774091,7.,28.9829521198138));
#2799=CARTESIAN_POINT('',(7.71803398874988,7.,25.2755705045849));
#2800=CARTESIAN_POINT('',(1.78839560024113,7.,26.6318111106439));
#2801=CARTESIAN_POINT('Ctrl Pts',(1.78839560024112,7.,26.6318111106439));
#2802=CARTESIAN_POINT('Ctrl Pts',(1.78839560024112,6.7456282231649,26.6318111106439));
#2803=CARTESIAN_POINT('Ctrl Pts',(1.81623069752876,6.47655940188814,26.6809833762304));
#2804=CARTESIAN_POINT('Ctrl Pts',(1.93415602822683,5.98482647545719,26.8672906926378));
#2805=CARTESIAN_POINT('Ctrl Pts',(2.02502554207629,5.76186732691951,27.0031506486136));
#2806=CARTESIAN_POINT('Ctrl Pts',(2.24877752856791,5.40988367693933,27.2940128125017));
#2807=CARTESIAN_POINT('Ctrl Pts',(2.39720000087329,5.25637712727135,27.4691622708399));
#2808=CARTESIAN_POINT('Ctrl Pts',(2.75020323351862,5.05136143234481,27.8203284627555));
#2809=CARTESIAN_POINT('Ctrl Pts',(2.95549083250669,5.,27.9957202476123));
#2810=CARTESIAN_POINT('Ctrl Pts',(3.36665664456856,5.,28.2944496961371));
#2811=CARTESIAN_POINT('Ctrl Pts',(3.59690150128308,5.05136143234481,28.4354907626748));
#2812=CARTESIAN_POINT('Ctrl Pts',(4.0399643943636,5.25637712727135,28.6627004662036));
#2813=CARTESIAN_POINT('Ctrl Pts',(4.25240649433121,5.40988367693933,28.7497344664722));
#2814=CARTESIAN_POINT('Ctrl Pts',(4.59817601699178,5.76186732691951,28.8726538995969));
#2815=CARTESIAN_POINT('Ctrl Pts',(4.75546673747627,5.98482647545719,28.9170929076244));
#2816=CARTESIAN_POINT('Ctrl Pts',(4.9690964560319,6.47655940188814,28.9716744348748));
#2817=CARTESIAN_POINT('Ctrl Pts',(5.02446357774091,6.7456282231649,28.9829521198138));
#2818=CARTESIAN_POINT('Ctrl Pts',(5.02446357774091,7.,28.9829521198138));
#2819=CARTESIAN_POINT('Ctrl Pts',(5.02446357774091,7.,28.9829521198138));
#2820=CARTESIAN_POINT('Ctrl Pts',(5.02446357774091,7.2543717768351,28.9829521198138));
#2821=CARTESIAN_POINT('Ctrl Pts',(4.9690964560319,7.52344059811186,28.9716744348748));
#2822=CARTESIAN_POINT('Ctrl Pts',(4.75546673747627,8.01517352454282,28.9170929076244));
#2823=CARTESIAN_POINT('Ctrl Pts',(4.59817601699178,8.23813267308049,28.8726538995969));
#2824=CARTESIAN_POINT('Ctrl Pts',(4.25240649433121,8.59011632306067,28.7497344664722));
#2825=CARTESIAN_POINT('Ctrl Pts',(4.0399643943636,8.74362287272866,28.6627004662036));
#2826=CARTESIAN_POINT('Ctrl Pts',(3.59690150128308,8.94863856765519,28.4354907626748));
#2827=CARTESIAN_POINT('Ctrl Pts',(3.36665664456856,9.,28.2944496961371));
#2828=CARTESIAN_POINT('Ctrl Pts',(2.95549083250669,9.,27.9957202476123));
#2829=CARTESIAN_POINT('Ctrl Pts',(2.75020323351862,8.94863856765519,27.8203284627555));
#2830=CARTESIAN_POINT('Ctrl Pts',(2.39720000087329,8.74362287272866,27.4691622708399));
#2831=CARTESIAN_POINT('Ctrl Pts',(2.24877752856791,8.59011632306067,27.2940128125017));
#2832=CARTESIAN_POINT('Ctrl Pts',(2.02502554207629,8.23813267308049,27.0031506486136));
#2833=CARTESIAN_POINT('Ctrl Pts',(1.93415602822683,8.01517352454282,26.8672906926378));
#2834=CARTESIAN_POINT('Ctrl Pts',(1.81623069752876,7.52344059811186,26.6809833762304));
#2835=CARTESIAN_POINT('Ctrl Pts',(1.78839560024112,7.2543717768351,26.6318111106439));
#2836=CARTESIAN_POINT('Ctrl Pts',(1.78839560024112,7.,26.6318111106439));
#2837=CARTESIAN_POINT('Origin',(6.09999999999999,10.5,24.1));
#2838=CARTESIAN_POINT('',(1.78839560024112,10.5,21.5681888893561));
#2839=CARTESIAN_POINT('',(5.02446357774091,10.5,19.2170478801862));
#2840=CARTESIAN_POINT('Ctrl Pts',(1.78839560024112,10.5,21.5681888893561));
#2841=CARTESIAN_POINT('Ctrl Pts',(1.78839560024112,10.7543717768351,21.5681888893561));
#2842=CARTESIAN_POINT('Ctrl Pts',(1.81623069752876,11.0234405981119,21.5190166237696));
#2843=CARTESIAN_POINT('Ctrl Pts',(1.93415602822683,11.5151735245428,21.3327093073623));
#2844=CARTESIAN_POINT('Ctrl Pts',(2.02502554207629,11.7381326730805,21.1968493513864));
#2845=CARTESIAN_POINT('Ctrl Pts',(2.24877752856791,12.0901163230607,20.9059871874983));
#2846=CARTESIAN_POINT('Ctrl Pts',(2.39720000087329,12.2436228727287,20.7308377291601));
#2847=CARTESIAN_POINT('Ctrl Pts',(2.75020323351862,12.4486385676552,20.3796715372446));
#2848=CARTESIAN_POINT('Ctrl Pts',(2.95549083250669,12.5,20.2042797523877));
#2849=CARTESIAN_POINT('Ctrl Pts',(3.36665664456856,12.5,19.9055503038629));
#2850=CARTESIAN_POINT('Ctrl Pts',(3.59690150128308,12.4486385676552,19.7645092373252));
#2851=CARTESIAN_POINT('Ctrl Pts',(4.0399643943636,12.2436228727287,19.5372995337964));
#2852=CARTESIAN_POINT('Ctrl Pts',(4.25240649433121,12.0901163230607,19.4502655335278));
#2853=CARTESIAN_POINT('Ctrl Pts',(4.59817601699178,11.7381326730805,19.3273461004031));
#2854=CARTESIAN_POINT('Ctrl Pts',(4.75546673747626,11.5151735245428,19.2829070923756));
#2855=CARTESIAN_POINT('Ctrl Pts',(4.96909645603189,11.0234405981119,19.2283255651252));
#2856=CARTESIAN_POINT('Ctrl Pts',(5.02446357774091,10.7543717768351,19.2170478801862));
#2857=CARTESIAN_POINT('Ctrl Pts',(5.02446357774091,10.5,19.2170478801862));
#2858=CARTESIAN_POINT('Ctrl Pts',(5.02446357774091,10.5,19.2170478801862));
#2859=CARTESIAN_POINT('Ctrl Pts',(5.02446357774091,10.2456282231649,19.2170478801862));
#2860=CARTESIAN_POINT('Ctrl Pts',(4.9690964560319,9.97655940188814,19.2283255651252));
#2861=CARTESIAN_POINT('Ctrl Pts',(4.75546673747627,9.48482647545718,19.2829070923756));
#2862=CARTESIAN_POINT('Ctrl Pts',(4.59817601699178,9.26186732691951,19.3273461004031));
#2863=CARTESIAN_POINT('Ctrl Pts',(4.25240649433121,8.90988367693933,19.4502655335278));
#2864=CARTESIAN_POINT('Ctrl Pts',(4.0399643943636,8.75637712727135,19.5372995337964));
#2865=CARTESIAN_POINT('Ctrl Pts',(3.59690150128308,8.55136143234481,19.7645092373252));
#2866=CARTESIAN_POINT('Ctrl Pts',(3.36665664456856,8.5,19.9055503038629));
#2867=CARTESIAN_POINT('Ctrl Pts',(2.95549083250669,8.5,20.2042797523877));
#2868=CARTESIAN_POINT('Ctrl Pts',(2.75020323351862,8.55136143234481,20.3796715372446));
#2869=CARTESIAN_POINT('Ctrl Pts',(2.39720000087329,8.75637712727135,20.7308377291601));
#2870=CARTESIAN_POINT('Ctrl Pts',(2.24877752856791,8.90988367693933,20.9059871874983));
#2871=CARTESIAN_POINT('Ctrl Pts',(2.02502554207629,9.26186732691952,21.1968493513864));
#2872=CARTESIAN_POINT('Ctrl Pts',(1.93415602822682,9.48482647545719,21.3327093073623));
#2873=CARTESIAN_POINT('Ctrl Pts',(1.81623069752876,9.97655940188814,21.5190166237696));
#2874=CARTESIAN_POINT('Ctrl Pts',(1.78839560024112,10.2456282231649,21.5681888893561));
#2875=CARTESIAN_POINT('Ctrl Pts',(1.78839560024112,10.5,21.5681888893561));
#2876=CARTESIAN_POINT('',(3.77505064785638,10.5,17.4973785122902));
#2877=CARTESIAN_POINT('',(7.71803398874988,10.5,22.9244294954151));
#2878=CARTESIAN_POINT('',(0.538982670356594,10.5,19.8485195214601));
#2879=CARTESIAN_POINT('Ctrl Pts',(0.538982670356592,10.5,19.8485195214601));
#2880=CARTESIAN_POINT('Ctrl Pts',(0.538982670356592,10.2473191455413,19.8485195214601));
#2881=CARTESIAN_POINT('Ctrl Pts',(0.570802090003632,9.97882893825477,19.8059097535919));
#2882=CARTESIAN_POINT('Ctrl Pts',(0.703383321039649,9.48652947214804,19.6404295511478));
#2883=CARTESIAN_POINT('Ctrl Pts',(0.804626520486267,9.26258781711902,19.5183399734504));
#2884=CARTESIAN_POINT('Ctrl Pts',(1.04779297521255,8.90902803084673,19.2515180494142));
#2885=CARTESIAN_POINT('Ctrl Pts',(1.20631974676676,8.75532475960066,19.0886891962775));
#2886=CARTESIAN_POINT('Ctrl Pts',(1.57273403415405,8.55077293617087,18.7553573306126));
#2887=CARTESIAN_POINT('Ctrl Pts',(1.78112981489237,8.5,18.5853670199165));
#2888=CARTESIAN_POINT('Ctrl Pts',(2.18987665301298,8.5,18.2883950588342));
#2889=CARTESIAN_POINT('Ctrl Pts',(2.41594488351163,8.55077293617087,18.1427287884787));
#2890=CARTESIAN_POINT('Ctrl Pts',(2.84619056822557,8.75532475960066,17.8972533040526));
#2891=CARTESIAN_POINT('Ctrl Pts',(3.0500374765157,8.90902803084673,17.7968022677525));
#2892=CARTESIAN_POINT('Ctrl Pts',(3.37894277303311,9.26258781711902,17.6479897354397));
#2893=CARTESIAN_POINT('Ctrl Pts',(3.52634273066782,9.48652947214804,17.58942948522));
#2894=CARTESIAN_POINT('Ctrl Pts',(3.72469360904546,9.97882893825477,17.5144734362926));
#2895=CARTESIAN_POINT('Ctrl Pts',(3.77505064785638,10.2473191455413,17.4973785122902));
#2896=CARTESIAN_POINT('Ctrl Pts',(3.77505064785638,10.5,17.4973785122902));
#2897=CARTESIAN_POINT('Ctrl Pts',(3.77505064785638,10.5,17.4973785122902));
#2898=CARTESIAN_POINT('Ctrl Pts',(3.77505064785638,10.7526808544587,17.4973785122902));
#2899=CARTESIAN_POINT('Ctrl Pts',(3.72469360904546,11.0211710617452,17.5144734362926));
#2900=CARTESIAN_POINT('Ctrl Pts',(3.52634273066782,11.513470527852,17.58942948522));
#2901=CARTESIAN_POINT('Ctrl Pts',(3.37894277303311,11.737412182881,17.6479897354397));
#2902=CARTESIAN_POINT('Ctrl Pts',(3.05003747651569,12.0909719691533,17.7968022677525));
#2903=CARTESIAN_POINT('Ctrl Pts',(2.84619056822557,12.2446752403993,17.8972533040526));
#2904=CARTESIAN_POINT('Ctrl Pts',(2.41594488351163,12.4492270638291,18.1427287884787));
#2905=CARTESIAN_POINT('Ctrl Pts',(2.18987665301298,12.5,18.2883950588342));
#2906=CARTESIAN_POINT('Ctrl Pts',(1.78112981489237,12.5,18.5853670199165));
#2907=CARTESIAN_POINT('Ctrl Pts',(1.57273403415405,12.4492270638291,18.7553573306126));
#2908=CARTESIAN_POINT('Ctrl Pts',(1.20631974676676,12.2446752403993,19.0886891962775));
#2909=CARTESIAN_POINT('Ctrl Pts',(1.04779297521255,12.0909719691533,19.2515180494142));
#2910=CARTESIAN_POINT('Ctrl Pts',(0.804626520486267,11.737412182881,19.5183399734504));
#2911=CARTESIAN_POINT('Ctrl Pts',(0.703383321039649,11.513470527852,19.6404295511478));
#2912=CARTESIAN_POINT('Ctrl Pts',(0.570802090003631,11.0211710617452,19.8059097535919));
#2913=CARTESIAN_POINT('Ctrl Pts',(0.538982670356592,10.7526808544587,19.8485195214601));
#2914=CARTESIAN_POINT('Ctrl Pts',(0.538982670356592,10.5,19.8485195214601));
#2915=CARTESIAN_POINT('Origin',(6.09999999999999,14.,24.1));
#2916=CARTESIAN_POINT('',(1.09999999999999,12.7300738347356,24.1000000120916));
#2917=CARTESIAN_POINT('',(1.09999999999999,15.2699261690687,24.1000000076896));
#2918=CARTESIAN_POINT('Ctrl Pts',(1.09999999999999,15.2699261690687,24.1000000153793));
#2919=CARTESIAN_POINT('Ctrl Pts',(1.10000000013528,15.3208214917534,24.1439843123352));
#2920=CARTESIAN_POINT('Ctrl Pts',(1.10058588124723,15.3690099882627,24.1898861283892));
#2921=CARTESIAN_POINT('Ctrl Pts',(1.10690194467103,15.5901163230607,24.4203188735601));
#2922=CARTESIAN_POINT('Ctrl Pts',(1.12402797855503,15.7436228727287,24.6492583022411));
#2923=CARTESIAN_POINT('Ctrl Pts',(1.20320328412273,15.9486385676552,25.1408478135112));
#2924=CARTESIAN_POINT('Ctrl Pts',(1.26619173592638,16.,25.4034077712979));
#2925=CARTESIAN_POINT('Ctrl Pts',(1.42324310112206,16.,25.8867621724516));
#2926=CARTESIAN_POINT('Ctrl Pts',(1.52661324419309,15.9486385676552,26.1362013233783));
#2927=CARTESIAN_POINT('Ctrl Pts',(1.75150814136022,15.7436228727287,26.5804436692107));
#2928=CARTESIAN_POINT('Ctrl Pts',(1.87222010874881,15.5901163230607,26.7757259878434));
#2929=CARTESIAN_POINT('Ctrl Pts',(2.07970329870725,15.2381326730805,27.0784081242924));
#2930=CARTESIAN_POINT('Ctrl Pts',(2.18083357109159,15.0151735245428,27.2068132028231));
#2931=CARTESIAN_POINT('Ctrl Pts',(2.32158142714124,14.5234405981119,27.376538983966));
#2932=CARTESIAN_POINT('Ctrl Pts',(2.35974551264634,14.2543717768351,27.4182068003412));
#2933=CARTESIAN_POINT('Ctrl Pts',(2.35974551264634,14.,27.4182068003412));
#2934=CARTESIAN_POINT('Ctrl Pts',(2.35974551264634,13.7456282231649,27.4182068003412));
#2935=CARTESIAN_POINT('Ctrl Pts',(2.32158142714125,13.4765594018881,27.376538983966));
#2936=CARTESIAN_POINT('Ctrl Pts',(2.18083357109159,12.9848264754572,27.2068132028231));
#2937=CARTESIAN_POINT('Ctrl Pts',(2.07970329870725,12.7618673269195,27.0784081242924));
#2938=CARTESIAN_POINT('Ctrl Pts',(1.87222010874881,12.4098836769393,26.7757259878434));
#2939=CARTESIAN_POINT('Ctrl Pts',(1.75150814136022,12.2563771272713,26.5804436692107));
#2940=CARTESIAN_POINT('Ctrl Pts',(1.52661324419309,12.0513614323448,26.1362013233783));
#2941=CARTESIAN_POINT('Ctrl Pts',(1.42324310112206,12.,25.8867621724516));
#2942=CARTESIAN_POINT('Ctrl Pts',(1.26619173592638,12.,25.4034077712979));
#2943=CARTESIAN_POINT('Ctrl Pts',(1.20320328412273,12.0513614323448,25.1408478135112));
#2944=CARTESIAN_POINT('Ctrl Pts',(1.12402797855503,12.2563771272713,24.6492583022411));
#2945=CARTESIAN_POINT('Ctrl Pts',(1.10690194467103,12.4098836769393,24.4203188735601));
#2946=CARTESIAN_POINT('Ctrl Pts',(1.10058588121506,12.6309900128634,24.1898861272156));
#2947=CARTESIAN_POINT('Ctrl Pts',(1.10000000010636,12.6791785106481,24.1439843100484));
#2948=CARTESIAN_POINT('Ctrl Pts',(1.09999999999999,12.7300738347356,24.1000000120916));
#2949=CARTESIAN_POINT('',(1.12367753514655,14.,23.6139807351606));
#2950=CARTESIAN_POINT('Ctrl Pts',(1.09999999999999,12.7300738347356,24.1000000120916));
#2951=CARTESIAN_POINT('Ctrl Pts',(1.09999999969202,12.8774303940282,23.972652855432));
#2952=CARTESIAN_POINT('Ctrl Pts',(1.10499930673147,13.047945438638,23.8619190872474));
#2953=CARTESIAN_POINT('Ctrl Pts',(1.11729386935877,13.4765594018881,23.6701229933538));
#2954=CARTESIAN_POINT('Ctrl Pts',(1.12367753514655,13.7456282231649,23.6139807351606));
#2955=CARTESIAN_POINT('Ctrl Pts',(1.12367753514655,14.,23.6139807351606));
#2956=CARTESIAN_POINT('',(-0.897915051390205,14.,24.2708359842848));
#2957=CARTESIAN_POINT('',(5.4819660112501,14.,22.1978869674097));
#2958=CARTESIAN_POINT('',(0.338152926109589,14.,28.0750620494655));
#2959=CARTESIAN_POINT('Ctrl Pts',(0.338152926109582,14.,28.0750620494655));
#2960=CARTESIAN_POINT('Ctrl Pts',(0.338152926109582,13.7473191455413,28.0750620494655));
#2961=CARTESIAN_POINT('Ctrl Pts',(0.307461370142827,13.4788289382548,28.0316328406678));
#2962=CARTESIAN_POINT('Ctrl Pts',(0.191050198815745,12.986529472148,27.8544044021647));
#2963=CARTESIAN_POINT('Ctrl Pts',(0.10622197956883,12.762587817119,27.7203886432559));
#2964=CARTESIAN_POINT('Ctrl Pts',(-0.0723981830039255,12.4090280308467,
27.406671092945));
#2965=CARTESIAN_POINT('Ctrl Pts',(-0.17827015834676,12.2553247596007,27.2055862910574));
#2966=CARTESIAN_POINT('Ctrl Pts',(-0.382059359491774,12.0507729361709,26.7541003841168));
#2967=CARTESIAN_POINT('Ctrl Pts',(-0.479331914382077,12.,26.5033743239931));
#2968=CARTESIAN_POINT('Ctrl Pts',(-0.635459313750098,12.,26.0228635972562));
#2969=CARTESIAN_POINT('Ctrl Pts',(-0.704137244263704,12.0507729361709,25.7628465804661));
#2970=CARTESIAN_POINT('Ctrl Pts',(-0.804645074984816,12.2553247596007,25.2778025220209));
#2971=CARTESIAN_POINT('Ctrl Pts',(-0.837187528714139,12.4090280308467,25.0528915142457));
#2972=CARTESIAN_POINT('Ctrl Pts',(-0.877079331112802,12.762587817119,24.6940983872882));
#2973=CARTESIAN_POINT('Ctrl Pts',(-0.887224346800876,12.986529472148,24.5358165845653));
#2974=CARTESIAN_POINT('Ctrl Pts',(-0.897217993301113,13.4788289382548,24.3240109962216));
#2975=CARTESIAN_POINT('Ctrl Pts',(-0.897915051390205,13.7473191455413,24.2708359842848));
#2976=CARTESIAN_POINT('Ctrl Pts',(-0.897915051390205,14.,24.2708359842848));
#2977=CARTESIAN_POINT('Ctrl Pts',(-0.897915051390205,14.,24.2708359842848));
#2978=CARTESIAN_POINT('Ctrl Pts',(-0.897915051390205,14.2526808544587,24.2708359842848));
#2979=CARTESIAN_POINT('Ctrl Pts',(-0.897217993301113,14.5211710617452,24.3240109962216));
#2980=CARTESIAN_POINT('Ctrl Pts',(-0.887224346800875,15.013470527852,24.5358165845653));
#2981=CARTESIAN_POINT('Ctrl Pts',(-0.877079331112802,15.237412182881,24.6940983872882));
#2982=CARTESIAN_POINT('Ctrl Pts',(-0.837187528714139,15.5909719691533,25.0528915142457));
#2983=CARTESIAN_POINT('Ctrl Pts',(-0.804645074984812,15.7446752403993,25.2778025220209));
#2984=CARTESIAN_POINT('Ctrl Pts',(-0.7041372442637,15.9492270638291,25.7628465804661));
#2985=CARTESIAN_POINT('Ctrl Pts',(-0.635459313750098,16.,26.0228635972562));
#2986=CARTESIAN_POINT('Ctrl Pts',(-0.479331914382077,16.,26.5033743239931));
#2987=CARTESIAN_POINT('Ctrl Pts',(-0.382059359491777,15.9492270638291,26.7541003841168));
#2988=CARTESIAN_POINT('Ctrl Pts',(-0.178270158346763,15.7446752403993,27.2055862910573));
#2989=CARTESIAN_POINT('Ctrl Pts',(-0.0723981830039256,15.5909719691533,
27.406671092945));
#2990=CARTESIAN_POINT('Ctrl Pts',(0.10622197956883,15.237412182881,27.7203886432559));
#2991=CARTESIAN_POINT('Ctrl Pts',(0.191050198815745,15.013470527852,27.8544044021647));
#2992=CARTESIAN_POINT('Ctrl Pts',(0.307461370142826,14.5211710617452,28.0316328406678));
#2993=CARTESIAN_POINT('Ctrl Pts',(0.338152926109582,14.2526808544588,28.0750620494655));
#2994=CARTESIAN_POINT('Ctrl Pts',(0.338152926109582,14.,28.0750620494655));
#2995=CARTESIAN_POINT('Ctrl Pts',(1.12367753514655,14.,23.6139807351606));
#2996=CARTESIAN_POINT('Ctrl Pts',(1.12367753514655,14.2543717768351,23.6139807351606));
#2997=CARTESIAN_POINT('Ctrl Pts',(1.11729386935877,14.5234405981119,23.6701229933539));
#2998=CARTESIAN_POINT('Ctrl Pts',(1.10499930668637,14.9520545629344,23.861919087951));
#2999=CARTESIAN_POINT('Ctrl Pts',(1.09999999960829,15.1225696088983,23.9726528573491));
#3000=CARTESIAN_POINT('Ctrl Pts',(1.09999999999999,15.2699261690686,24.1000000153793));
#3001=CARTESIAN_POINT('Origin',(6.09999999999999,14.,24.1));
#3002=CARTESIAN_POINT('',(13.0979150513902,14.,23.9291640157152));
#3003=CARTESIAN_POINT('',(11.8618470738904,14.,20.1249379505345));
#3004=CARTESIAN_POINT('Ctrl Pts',(13.0979150513902,14.,23.9291640157152));
#3005=CARTESIAN_POINT('Ctrl Pts',(13.0979150513902,14.2526808544587,23.9291640157152));
#3006=CARTESIAN_POINT('Ctrl Pts',(13.0972179933011,14.5211710617452,23.8759890037784));
#3007=CARTESIAN_POINT('Ctrl Pts',(13.0872243468009,15.013470527852,23.6641834154347));
#3008=CARTESIAN_POINT('Ctrl Pts',(13.0770793311128,15.237412182881,23.5059016127119));
#3009=CARTESIAN_POINT('Ctrl Pts',(13.0371875287141,15.5909719691533,23.1471084857543));
#3010=CARTESIAN_POINT('Ctrl Pts',(13.0046450749848,15.7446752403993,22.9221974779791));
#3011=CARTESIAN_POINT('Ctrl Pts',(12.9041372442637,15.9492270638291,22.4371534195339));
#3012=CARTESIAN_POINT('Ctrl Pts',(12.8354593137501,16.,22.1771364027438));
#3013=CARTESIAN_POINT('Ctrl Pts',(12.6793319143821,16.,21.6966256760069));
#3014=CARTESIAN_POINT('Ctrl Pts',(12.5820593594918,15.9492270638291,21.4458996158832));
#3015=CARTESIAN_POINT('Ctrl Pts',(12.3782701583467,15.7446752403993,20.9944137089427));
#3016=CARTESIAN_POINT('Ctrl Pts',(12.2723981830039,15.5909719691533,20.793328907055));
#3017=CARTESIAN_POINT('Ctrl Pts',(12.0937780204311,15.237412182881,20.4796113567441));
#3018=CARTESIAN_POINT('Ctrl Pts',(12.0089498011842,15.013470527852,20.3455955978353));
#3019=CARTESIAN_POINT('Ctrl Pts',(11.8925386298572,14.5211710617452,20.1683671593322));
#3020=CARTESIAN_POINT('Ctrl Pts',(11.8618470738904,14.2526808544587,20.1249379505345));
#3021=CARTESIAN_POINT('Ctrl Pts',(11.8618470738904,14.,20.1249379505345));
#3022=CARTESIAN_POINT('Ctrl Pts',(11.8618470738904,14.,20.1249379505345));
#3023=CARTESIAN_POINT('Ctrl Pts',(11.8618470738904,13.7473191455413,20.1249379505345));
#3024=CARTESIAN_POINT('Ctrl Pts',(11.8925386298572,13.4788289382548,20.1683671593322));
#3025=CARTESIAN_POINT('Ctrl Pts',(12.0089498011842,12.986529472148,20.3455955978353));
#3026=CARTESIAN_POINT('Ctrl Pts',(12.0937780204311,12.762587817119,20.4796113567441));
#3027=CARTESIAN_POINT('Ctrl Pts',(12.2723981830039,12.4090280308467,20.793328907055));
#3028=CARTESIAN_POINT('Ctrl Pts',(12.3782701583467,12.2553247596007,20.9944137089427));
#3029=CARTESIAN_POINT('Ctrl Pts',(12.5820593594918,12.0507729361709,21.4458996158832));
#3030=CARTESIAN_POINT('Ctrl Pts',(12.6793319143821,12.,21.6966256760069));
#3031=CARTESIAN_POINT('Ctrl Pts',(12.8354593137501,12.,22.1771364027438));
#3032=CARTESIAN_POINT('Ctrl Pts',(12.9041372442637,12.0507729361709,22.4371534195339));
#3033=CARTESIAN_POINT('Ctrl Pts',(13.0046450749848,12.2553247596007,22.9221974779791));
#3034=CARTESIAN_POINT('Ctrl Pts',(13.0371875287141,12.4090280308467,23.1471084857543));
#3035=CARTESIAN_POINT('Ctrl Pts',(13.0770793311128,12.762587817119,23.5059016127119));
#3036=CARTESIAN_POINT('Ctrl Pts',(13.0872243468009,12.986529472148,23.6641834154347));
#3037=CARTESIAN_POINT('Ctrl Pts',(13.0972179933011,13.4788289382548,23.8759890037784));
#3038=CARTESIAN_POINT('Ctrl Pts',(13.0979150513902,13.7473191455413,23.9291640157152));
#3039=CARTESIAN_POINT('Ctrl Pts',(13.0979150513902,14.,23.9291640157152));
#3040=CARTESIAN_POINT('',(9.84025448735364,14.,20.7817931996588));
#3041=CARTESIAN_POINT('',(5.4819660112501,14.,22.1978869674097));
#3042=CARTESIAN_POINT('',(11.0763224648534,14.,24.5860192648394));
#3043=CARTESIAN_POINT('Ctrl Pts',(11.0763224648534,14.,24.5860192648394));
#3044=CARTESIAN_POINT('Ctrl Pts',(11.0763224648534,13.7456282231649,24.5860192648394));
#3045=CARTESIAN_POINT('Ctrl Pts',(11.0827061306412,13.4765594018881,24.5298770066462));
#3046=CARTESIAN_POINT('Ctrl Pts',(11.0968112270176,12.9848264754572,24.3098364512402));
#3047=CARTESIAN_POINT('Ctrl Pts',(11.1031527245425,12.7618673269195,24.146511677877));
#3048=CARTESIAN_POINT('Ctrl Pts',(11.0930980553289,12.4098836769393,23.7796811264399));
#3049=CARTESIAN_POINT('Ctrl Pts',(11.075972021445,12.2563771272713,23.5507416977589));
#3050=CARTESIAN_POINT('Ctrl Pts',(10.9967967158773,12.0513614323448,23.0591521864888));
#3051=CARTESIAN_POINT('Ctrl Pts',(10.9338082640736,12.,22.7965922287021));
#3052=CARTESIAN_POINT('Ctrl Pts',(10.7767568988779,12.,22.3132378275484));
#3053=CARTESIAN_POINT('Ctrl Pts',(10.6733867558069,12.0513614323448,22.0637986766217));
#3054=CARTESIAN_POINT('Ctrl Pts',(10.4484918586398,12.2563771272713,21.6195563307893));
#3055=CARTESIAN_POINT('Ctrl Pts',(10.3277798912512,12.4098836769393,21.4242740121566));
#3056=CARTESIAN_POINT('Ctrl Pts',(10.1202967012927,12.7618673269195,21.1215918757076));
#3057=CARTESIAN_POINT('Ctrl Pts',(10.0191664289084,12.9848264754572,20.9931867971769));
#3058=CARTESIAN_POINT('Ctrl Pts',(9.87841857285873,13.4765594018881,20.823461016034));
#3059=CARTESIAN_POINT('Ctrl Pts',(9.84025448735364,13.7456282231649,20.7817931996588));
#3060=CARTESIAN_POINT('Ctrl Pts',(9.84025448735364,14.,20.7817931996588));
#3061=CARTESIAN_POINT('Ctrl Pts',(9.84025448735364,14.,20.7817931996588));
#3062=CARTESIAN_POINT('Ctrl Pts',(9.84025448735364,14.2543717768351,20.7817931996588));
#3063=CARTESIAN_POINT('Ctrl Pts',(9.87841857285873,14.5234405981119,20.823461016034));
#3064=CARTESIAN_POINT('Ctrl Pts',(10.0191664289084,15.0151735245428,20.9931867971769));
#3065=CARTESIAN_POINT('Ctrl Pts',(10.1202967012927,15.2381326730805,21.1215918757076));
#3066=CARTESIAN_POINT('Ctrl Pts',(10.3277798912512,15.5901163230607,21.4242740121566));
#3067=CARTESIAN_POINT('Ctrl Pts',(10.4484918586398,15.7436228727287,21.6195563307893));
#3068=CARTESIAN_POINT('Ctrl Pts',(10.6733867558069,15.9486385676552,22.0637986766217));
#3069=CARTESIAN_POINT('Ctrl Pts',(10.7767568988779,16.,22.3132378275484));
#3070=CARTESIAN_POINT('Ctrl Pts',(10.9338082640736,16.,22.7965922287021));
#3071=CARTESIAN_POINT('Ctrl Pts',(10.9967967158772,15.9486385676552,23.0591521864888));
#3072=CARTESIAN_POINT('Ctrl Pts',(11.075972021445,15.7436228727287,23.5507416977589));
#3073=CARTESIAN_POINT('Ctrl Pts',(11.0930980553289,15.5901163230607,23.7796811264399));
#3074=CARTESIAN_POINT('Ctrl Pts',(11.1031527245425,15.2381326730805,24.146511677877));
#3075=CARTESIAN_POINT('Ctrl Pts',(11.0968112270176,15.0151735245428,24.3098364512402));
#3076=CARTESIAN_POINT('Ctrl Pts',(11.0827061306412,14.5234405981119,24.5298770066462));
#3077=CARTESIAN_POINT('Ctrl Pts',(11.0763224648534,14.2543717768351,24.5860192648394));
#3078=CARTESIAN_POINT('Ctrl Pts',(11.0763224648534,14.,24.5860192648394));
#3079=CARTESIAN_POINT('Origin',(6.09999999999999,17.5,24.1));
#3080=CARTESIAN_POINT('',(8.09999999999999,17.5,17.3917960675006));
#3081=CARTESIAN_POINT('',(4.09999999999999,17.5,17.3917960675006));
#3082=CARTESIAN_POINT('Ctrl Pts',(8.09999999999999,17.5,17.3917960675006));
#3083=CARTESIAN_POINT('Ctrl Pts',(8.09999999999999,17.7526808544587,17.3917960675006));
#3084=CARTESIAN_POINT('Ctrl Pts',(8.04921215559788,18.0211710617452,17.376027026774));
#3085=CARTESIAN_POINT('Ctrl Pts',(7.84468486401154,18.513470527852,17.3200800230978));
#3086=CARTESIAN_POINT('Ctrl Pts',(7.6910149418652,18.737412182881,17.2808167394342));
#3087=CARTESIAN_POINT('Ctrl Pts',(7.33745515559292,19.0909719691533,17.2078829243574));
#3088=CARTESIAN_POINT('Ctrl Pts',(7.11349590482075,19.2446752403993,17.1693313134083));
#3089=CARTESIAN_POINT('Ctrl Pts',(6.62113296458564,19.4492270638291,17.1150330836742));
#3090=CARTESIAN_POINT('Ctrl Pts',(6.35261943875258,19.5,17.1));
#3091=CARTESIAN_POINT('Ctrl Pts',(5.8473805612474,19.5,17.1));
#3092=CARTESIAN_POINT('Ctrl Pts',(5.57886703541434,19.4492270638291,17.1150330836742));
#3093=CARTESIAN_POINT('Ctrl Pts',(5.08650409517923,19.2446752403993,17.1693313134083));
#3094=CARTESIAN_POINT('Ctrl Pts',(4.86254484440707,19.0909719691533,17.2078829243574));
#3095=CARTESIAN_POINT('Ctrl Pts',(4.50898505813478,18.737412182881,17.2808167394342));
#3096=CARTESIAN_POINT('Ctrl Pts',(4.35531513598844,18.513470527852,17.3200800230978));
#3097=CARTESIAN_POINT('Ctrl Pts',(4.1507878444021,18.0211710617452,17.376027026774));
#3098=CARTESIAN_POINT('Ctrl Pts',(4.09999999999999,17.7526808544587,17.3917960675006));
#3099=CARTESIAN_POINT('Ctrl Pts',(4.09999999999999,17.5,17.3917960675006));
#3100=CARTESIAN_POINT('Ctrl Pts',(4.09999999999999,17.5,17.3917960675006));
#3101=CARTESIAN_POINT('Ctrl Pts',(4.09999999999999,17.2473191455413,17.3917960675006));
#3102=CARTESIAN_POINT('Ctrl Pts',(4.1507878444021,16.9788289382548,17.376027026774));
#3103=CARTESIAN_POINT('Ctrl Pts',(4.35531513598844,16.486529472148,17.3200800230978));
#3104=CARTESIAN_POINT('Ctrl Pts',(4.50898505813479,16.262587817119,17.2808167394342));
#3105=CARTESIAN_POINT('Ctrl Pts',(4.86254484440707,15.9090280308467,17.2078829243574));
#3106=CARTESIAN_POINT('Ctrl Pts',(5.08650409517923,15.7553247596007,17.1693313134083));
#3107=CARTESIAN_POINT('Ctrl Pts',(5.57886703541434,15.5507729361709,17.1150330836742));
#3108=CARTESIAN_POINT('Ctrl Pts',(5.8473805612474,15.5,17.1));
#3109=CARTESIAN_POINT('Ctrl Pts',(6.35261943875258,15.5,17.1));
#3110=CARTESIAN_POINT('Ctrl Pts',(6.62113296458564,15.5507729361709,17.1150330836742));
#3111=CARTESIAN_POINT('Ctrl Pts',(7.11349590482074,15.7553247596007,17.1693313134083));
#3112=CARTESIAN_POINT('Ctrl Pts',(7.33745515559291,15.9090280308467,17.2078829243574));
#3113=CARTESIAN_POINT('Ctrl Pts',(7.69101494186519,16.262587817119,17.2808167394342));
#3114=CARTESIAN_POINT('Ctrl Pts',(7.84468486401154,16.486529472148,17.3200800230978));
#3115=CARTESIAN_POINT('Ctrl Pts',(8.04921215559787,16.9788289382548,17.376027026774));
#3116=CARTESIAN_POINT('Ctrl Pts',(8.09999999999999,17.2473191455413,17.3917960675006));
#3117=CARTESIAN_POINT('Ctrl Pts',(8.09999999999999,17.5,17.3917960675006));
#3118=CARTESIAN_POINT('',(4.09999999999999,17.5,19.5174243050442));
#3119=CARTESIAN_POINT('',(4.09999999999999,17.5,24.1));
#3120=CARTESIAN_POINT('',(8.09999999999999,17.5,19.5174243050442));
#3121=CARTESIAN_POINT('Ctrl Pts',(8.09999999999999,17.5,19.5174243050442));
#3122=CARTESIAN_POINT('Ctrl Pts',(8.09999999999999,17.2456282231649,19.5174243050442));
#3123=CARTESIAN_POINT('Ctrl Pts',(8.04857820072064,16.9765594018881,19.4940041662145));
#3124=CARTESIAN_POINT('Ctrl Pts',(7.84366591114022,16.4848264754572,19.4125931513207));
#3125=CARTESIAN_POINT('Ctrl Pts',(7.69029445166569,16.2618673269195,19.3560918982049));
#3126=CARTESIAN_POINT('Ctrl Pts',(7.33831080168551,15.9098836769393,19.2522975824296));
#3127=CARTESIAN_POINT('Ctrl Pts',(7.11528423068511,15.7563771272713,19.1978392344084));
#3128=CARTESIAN_POINT('Ctrl Pts',(6.62328830769409,15.5513614323448,19.1212299114593));
#3129=CARTESIAN_POINT('Ctrl Pts',(6.35411444686618,15.5,19.1));
#3130=CARTESIAN_POINT('Ctrl Pts',(5.8458855531338,15.5,19.1));
#3131=CARTESIAN_POINT('Ctrl Pts',(5.57671169230589,15.5513614323448,19.1212299114593));
#3132=CARTESIAN_POINT('Ctrl Pts',(5.08471576931487,15.7563771272713,19.1978392344084));
#3133=CARTESIAN_POINT('Ctrl Pts',(4.86168919831447,15.9098836769393,19.2522975824296));
#3134=CARTESIAN_POINT('Ctrl Pts',(4.50970554833428,16.2618673269195,19.3560918982049));
#3135=CARTESIAN_POINT('Ctrl Pts',(4.35633408885976,16.4848264754572,19.4125931513207));
#3136=CARTESIAN_POINT('Ctrl Pts',(4.15142179927934,16.9765594018881,19.4940041662145));
#3137=CARTESIAN_POINT('Ctrl Pts',(4.09999999999999,17.2456282231649,19.5174243050442));
#3138=CARTESIAN_POINT('Ctrl Pts',(4.09999999999999,17.5,19.5174243050442));
#3139=CARTESIAN_POINT('Ctrl Pts',(4.09999999999999,17.5,19.5174243050442));
#3140=CARTESIAN_POINT('Ctrl Pts',(4.09999999999999,17.7543717768351,19.5174243050442));
#3141=CARTESIAN_POINT('Ctrl Pts',(4.15142179927934,18.0234405981119,19.4940041662145));
#3142=CARTESIAN_POINT('Ctrl Pts',(4.35633408885976,18.5151735245428,19.4125931513207));
#3143=CARTESIAN_POINT('Ctrl Pts',(4.50970554833428,18.7381326730805,19.3560918982049));
#3144=CARTESIAN_POINT('Ctrl Pts',(4.86168919831447,19.0901163230607,19.2522975824296));
#3145=CARTESIAN_POINT('Ctrl Pts',(5.08471576931488,19.2436228727287,19.1978392344084));
#3146=CARTESIAN_POINT('Ctrl Pts',(5.57671169230589,19.4486385676552,19.1212299114593));
#3147=CARTESIAN_POINT('Ctrl Pts',(5.8458855531338,19.5,19.1));
#3148=CARTESIAN_POINT('Ctrl Pts',(6.35411444686618,19.5,19.1));
#3149=CARTESIAN_POINT('Ctrl Pts',(6.62328830769409,19.4486385676552,19.1212299114593));
#3150=CARTESIAN_POINT('Ctrl Pts',(7.11528423068511,19.2436228727287,19.1978392344084));
#3151=CARTESIAN_POINT('Ctrl Pts',(7.33831080168551,19.0901163230607,19.2522975824296));
#3152=CARTESIAN_POINT('Ctrl Pts',(7.6902944516657,18.7381326730805,19.3560918982049));
#3153=CARTESIAN_POINT('Ctrl Pts',(7.84366591114022,18.5151735245428,19.4125931513207));
#3154=CARTESIAN_POINT('Ctrl Pts',(8.04857820072064,18.0234405981119,19.4940041662145));
#3155=CARTESIAN_POINT('Ctrl Pts',(8.09999999999999,17.7543717768351,19.5174243050442));
#3156=CARTESIAN_POINT('Ctrl Pts',(8.09999999999999,17.5,19.5174243050442));
#3157=CARTESIAN_POINT('Origin',(6.09999999999999,17.5,24.1));
#3158=CARTESIAN_POINT('',(8.09999999999999,17.5,28.6825756949558));
#3159=CARTESIAN_POINT('',(4.09999999999999,17.5,28.6825756949558));
#3160=CARTESIAN_POINT('Ctrl Pts',(8.09999999999999,17.5,28.6825756949558));
#3161=CARTESIAN_POINT('Ctrl Pts',(8.09999999999999,17.7543717768351,28.6825756949558));
#3162=CARTESIAN_POINT('Ctrl Pts',(8.04857820072064,18.0234405981119,28.7059958337855));
#3163=CARTESIAN_POINT('Ctrl Pts',(7.84366591114022,18.5151735245428,28.7874068486793));
#3164=CARTESIAN_POINT('Ctrl Pts',(7.6902944516657,18.7381326730805,28.8439081017951));
#3165=CARTESIAN_POINT('Ctrl Pts',(7.33831080168551,19.0901163230607,28.9477024175704));
#3166=CARTESIAN_POINT('Ctrl Pts',(7.1152842306851,19.2436228727287,29.0021607655916));
#3167=CARTESIAN_POINT('Ctrl Pts',(6.62328830769408,19.4486385676552,29.0787700885408));
#3168=CARTESIAN_POINT('Ctrl Pts',(6.35411444686618,19.5,29.1));
#3169=CARTESIAN_POINT('Ctrl Pts',(5.8458855531338,19.5,29.1));
#3170=CARTESIAN_POINT('Ctrl Pts',(5.5767116923059,19.4486385676552,29.0787700885408));
#3171=CARTESIAN_POINT('Ctrl Pts',(5.08471576931488,19.2436228727287,29.0021607655916));
#3172=CARTESIAN_POINT('Ctrl Pts',(4.86168919831447,19.0901163230607,28.9477024175704));
#3173=CARTESIAN_POINT('Ctrl Pts',(4.50970554833428,18.7381326730805,28.8439081017951));
#3174=CARTESIAN_POINT('Ctrl Pts',(4.35633408885977,18.5151735245428,28.7874068486793));
#3175=CARTESIAN_POINT('Ctrl Pts',(4.15142179927934,18.0234405981119,28.7059958337855));
#3176=CARTESIAN_POINT('Ctrl Pts',(4.09999999999999,17.7543717768351,28.6825756949558));
#3177=CARTESIAN_POINT('Ctrl Pts',(4.09999999999999,17.5,28.6825756949558));
#3178=CARTESIAN_POINT('Ctrl Pts',(4.09999999999999,17.5,28.6825756949558));
#3179=CARTESIAN_POINT('Ctrl Pts',(4.09999999999999,17.2456282231649,28.6825756949558));
#3180=CARTESIAN_POINT('Ctrl Pts',(4.15142179927934,16.9765594018881,28.7059958337855));
#3181=CARTESIAN_POINT('Ctrl Pts',(4.35633408885976,16.4848264754572,28.7874068486793));
#3182=CARTESIAN_POINT('Ctrl Pts',(4.50970554833428,16.2618673269195,28.8439081017951));
#3183=CARTESIAN_POINT('Ctrl Pts',(4.86168919831447,15.9098836769393,28.9477024175704));
#3184=CARTESIAN_POINT('Ctrl Pts',(5.08471576931487,15.7563771272713,29.0021607655916));
#3185=CARTESIAN_POINT('Ctrl Pts',(5.57671169230589,15.5513614323448,29.0787700885408));
#3186=CARTESIAN_POINT('Ctrl Pts',(5.8458855531338,15.5,29.1));
#3187=CARTESIAN_POINT('Ctrl Pts',(6.35411444686618,15.5,29.1));
#3188=CARTESIAN_POINT('Ctrl Pts',(6.62328830769408,15.5513614323448,29.0787700885408));
#3189=CARTESIAN_POINT('Ctrl Pts',(7.1152842306851,15.7563771272713,29.0021607655916));
#3190=CARTESIAN_POINT('Ctrl Pts',(7.33831080168551,15.9098836769393,28.9477024175704));
#3191=CARTESIAN_POINT('Ctrl Pts',(7.69029445166569,16.2618673269195,28.8439081017951));
#3192=CARTESIAN_POINT('Ctrl Pts',(7.84366591114022,16.4848264754572,28.7874068486793));
#3193=CARTESIAN_POINT('Ctrl Pts',(8.04857820072064,16.9765594018881,28.7059958337855));
#3194=CARTESIAN_POINT('Ctrl Pts',(8.09999999999999,17.2456282231649,28.6825756949558));
#3195=CARTESIAN_POINT('Ctrl Pts',(8.09999999999999,17.5,28.6825756949558));
#3196=CARTESIAN_POINT('',(4.09999999999999,17.5,30.8082039324994));
#3197=CARTESIAN_POINT('',(4.09999999999999,17.5,24.1));
#3198=CARTESIAN_POINT('',(8.09999999999999,17.5,30.8082039324994));
#3199=CARTESIAN_POINT('Ctrl Pts',(8.09999999999999,17.5,30.8082039324994));
#3200=CARTESIAN_POINT('Ctrl Pts',(8.09999999999999,17.2473191455413,30.8082039324994));
#3201=CARTESIAN_POINT('Ctrl Pts',(8.04921215559787,16.9788289382548,30.823972973226));
#3202=CARTESIAN_POINT('Ctrl Pts',(7.84468486401154,16.486529472148,30.8799199769022));
#3203=CARTESIAN_POINT('Ctrl Pts',(7.69101494186519,16.262587817119,30.9191832605658));
#3204=CARTESIAN_POINT('Ctrl Pts',(7.33745515559291,15.9090280308467,30.9921170756426));
#3205=CARTESIAN_POINT('Ctrl Pts',(7.11349590482075,15.7553247596007,31.0306686865917));
#3206=CARTESIAN_POINT('Ctrl Pts',(6.62113296458564,15.5507729361709,31.0849669163258));
#3207=CARTESIAN_POINT('Ctrl Pts',(6.35261943875258,15.5,31.1));
#3208=CARTESIAN_POINT('Ctrl Pts',(5.8473805612474,15.5,31.1));
#3209=CARTESIAN_POINT('Ctrl Pts',(5.57886703541434,15.5507729361709,31.0849669163258));
#3210=CARTESIAN_POINT('Ctrl Pts',(5.08650409517923,15.7553247596007,31.0306686865917));
#3211=CARTESIAN_POINT('Ctrl Pts',(4.86254484440707,15.9090280308467,30.9921170756426));
#3212=CARTESIAN_POINT('Ctrl Pts',(4.50898505813479,16.262587817119,30.9191832605658));
#3213=CARTESIAN_POINT('Ctrl Pts',(4.35531513598845,16.486529472148,30.8799199769022));
#3214=CARTESIAN_POINT('Ctrl Pts',(4.1507878444021,16.9788289382548,30.823972973226));
#3215=CARTESIAN_POINT('Ctrl Pts',(4.09999999999999,17.2473191455413,30.8082039324994));
#3216=CARTESIAN_POINT('Ctrl Pts',(4.09999999999999,17.5,30.8082039324994));
#3217=CARTESIAN_POINT('Ctrl Pts',(4.09999999999999,17.5,30.8082039324994));
#3218=CARTESIAN_POINT('Ctrl Pts',(4.09999999999999,17.7526808544587,30.8082039324994));
#3219=CARTESIAN_POINT('Ctrl Pts',(4.1507878444021,18.0211710617452,30.823972973226));
#3220=CARTESIAN_POINT('Ctrl Pts',(4.35531513598844,18.513470527852,30.8799199769022));
#3221=CARTESIAN_POINT('Ctrl Pts',(4.50898505813478,18.737412182881,30.9191832605658));
#3222=CARTESIAN_POINT('Ctrl Pts',(4.86254484440707,19.0909719691533,30.9921170756426));
#3223=CARTESIAN_POINT('Ctrl Pts',(5.08650409517924,19.2446752403993,31.0306686865917));
#3224=CARTESIAN_POINT('Ctrl Pts',(5.57886703541434,19.4492270638291,31.0849669163258));
#3225=CARTESIAN_POINT('Ctrl Pts',(5.8473805612474,19.5,31.1));
#3226=CARTESIAN_POINT('Ctrl Pts',(6.35261943875258,19.5,31.1));
#3227=CARTESIAN_POINT('Ctrl Pts',(6.62113296458564,19.4492270638291,31.0849669163258));
#3228=CARTESIAN_POINT('Ctrl Pts',(7.11349590482075,19.2446752403993,31.0306686865917));
#3229=CARTESIAN_POINT('Ctrl Pts',(7.33745515559292,19.0909719691533,30.9921170756426));
#3230=CARTESIAN_POINT('Ctrl Pts',(7.6910149418652,18.737412182881,30.9191832605658));
#3231=CARTESIAN_POINT('Ctrl Pts',(7.84468486401154,18.513470527852,30.8799199769022));
#3232=CARTESIAN_POINT('Ctrl Pts',(8.04921215559788,18.0211710617452,30.823972973226));
#3233=CARTESIAN_POINT('Ctrl Pts',(8.09999999999999,17.7526808544587,30.8082039324994));
#3234=CARTESIAN_POINT('Ctrl Pts',(8.09999999999999,17.5,30.8082039324994));
#3235=CARTESIAN_POINT('Origin',(6.09999999999999,-7.,24.1));
#3236=CARTESIAN_POINT('',(8.4249493521436,-7.,30.7026214877098));
#3237=CARTESIAN_POINT('',(11.6610173296434,-7.,28.3514804785399));
#3238=CARTESIAN_POINT('Ctrl Pts',(8.4249493521436,-7.,30.7026214877098));
#3239=CARTESIAN_POINT('Ctrl Pts',(8.4249493521436,-6.74731914554125,30.7026214877098));
#3240=CARTESIAN_POINT('Ctrl Pts',(8.47530639095452,-6.47882893825477,30.6855265637074));
#3241=CARTESIAN_POINT('Ctrl Pts',(8.67365726933216,-5.98652947214804,30.61057051478));
#3242=CARTESIAN_POINT('Ctrl Pts',(8.82105722696687,-5.76258781711902,30.5520102645603));
#3243=CARTESIAN_POINT('Ctrl Pts',(9.14996252348429,-5.40902803084673,30.4031977322475));
#3244=CARTESIAN_POINT('Ctrl Pts',(9.35380943177441,-5.25532475960066,30.3027466959474));
#3245=CARTESIAN_POINT('Ctrl Pts',(9.78405511648835,-5.05077293617087,30.0572712115213));
#3246=CARTESIAN_POINT('Ctrl Pts',(10.010123346987,-5.,29.9116049411658));
#3247=CARTESIAN_POINT('Ctrl Pts',(10.4188701851076,-5.,29.6146329800835));
#3248=CARTESIAN_POINT('Ctrl Pts',(10.6272659658459,-5.05077293617087,29.4446426693875));
#3249=CARTESIAN_POINT('Ctrl Pts',(10.9936802532332,-5.25532475960065,29.1113108037225));
#3250=CARTESIAN_POINT('Ctrl Pts',(11.1522070247874,-5.40902803084673,28.9484819505859));
#3251=CARTESIAN_POINT('Ctrl Pts',(11.3953734795137,-5.76258781711902,28.6816600265496));
#3252=CARTESIAN_POINT('Ctrl Pts',(11.4966166789603,-5.98652947214804,28.5595704488522));
#3253=CARTESIAN_POINT('Ctrl Pts',(11.6291979099963,-6.47882893825477,28.3940902464081));
#3254=CARTESIAN_POINT('Ctrl Pts',(11.6610173296434,-6.74731914554125,28.3514804785399));
#3255=CARTESIAN_POINT('Ctrl Pts',(11.6610173296434,-7.,28.3514804785399));
#3256=CARTESIAN_POINT('Ctrl Pts',(11.6610173296434,-7.,28.3514804785399));
#3257=CARTESIAN_POINT('Ctrl Pts',(11.6610173296434,-7.25268085445875,28.3514804785399));
#3258=CARTESIAN_POINT('Ctrl Pts',(11.6291979099963,-7.52117106174523,28.3940902464081));
#3259=CARTESIAN_POINT('Ctrl Pts',(11.4966166789603,-8.01347052785196,28.5595704488522));
#3260=CARTESIAN_POINT('Ctrl Pts',(11.3953734795137,-8.23741218288099,28.6816600265496));
#3261=CARTESIAN_POINT('Ctrl Pts',(11.1522070247874,-8.59097196915327,28.9484819505859));
#3262=CARTESIAN_POINT('Ctrl Pts',(10.9936802532332,-8.74467524039935,29.1113108037225));
#3263=CARTESIAN_POINT('Ctrl Pts',(10.6272659658459,-8.94922706382913,29.4446426693875));
#3264=CARTESIAN_POINT('Ctrl Pts',(10.4188701851076,-9.,29.6146329800835));
#3265=CARTESIAN_POINT('Ctrl Pts',(10.010123346987,-9.,29.9116049411658));
#3266=CARTESIAN_POINT('Ctrl Pts',(9.78405511648835,-8.94922706382913,30.0572712115213));
#3267=CARTESIAN_POINT('Ctrl Pts',(9.35380943177441,-8.74467524039935,30.3027466959474));
#3268=CARTESIAN_POINT('Ctrl Pts',(9.14996252348429,-8.59097196915327,30.4031977322475));
#3269=CARTESIAN_POINT('Ctrl Pts',(8.82105722696687,-8.23741218288098,30.5520102645603));
#3270=CARTESIAN_POINT('Ctrl Pts',(8.67365726933216,-8.01347052785196,30.61057051478));
#3271=CARTESIAN_POINT('Ctrl Pts',(8.47530639095452,-7.52117106174523,30.6855265637074));
#3272=CARTESIAN_POINT('Ctrl Pts',(8.4249493521436,-7.25268085445875,30.7026214877098));
#3273=CARTESIAN_POINT('Ctrl Pts',(8.4249493521436,-7.,30.7026214877098));
#3274=CARTESIAN_POINT('',(10.4116043997589,-7.,26.6318111106439));
#3275=CARTESIAN_POINT('',(7.71803398874988,-7.,22.9244294954151));
#3276=CARTESIAN_POINT('',(7.17553642225907,-7.,28.9829521198138));
#3277=CARTESIAN_POINT('Ctrl Pts',(7.17553642225907,-7.,28.9829521198138));
#3278=CARTESIAN_POINT('Ctrl Pts',(7.17553642225907,-7.2543717768351,28.9829521198138));
#3279=CARTESIAN_POINT('Ctrl Pts',(7.23090354396809,-7.52344059811186,28.9716744348748));
#3280=CARTESIAN_POINT('Ctrl Pts',(7.44453326252371,-8.01517352454282,28.9170929076244));
#3281=CARTESIAN_POINT('Ctrl Pts',(7.6018239830082,-8.23813267308049,28.8726538995969));
#3282=CARTESIAN_POINT('Ctrl Pts',(7.94759350566877,-8.59011632306067,28.7497344664722));
#3283=CARTESIAN_POINT('Ctrl Pts',(8.16003560563638,-8.74362287272865,28.6627004662036));
#3284=CARTESIAN_POINT('Ctrl Pts',(8.60309849871691,-8.94863856765519,28.4354907626748));
#3285=CARTESIAN_POINT('Ctrl Pts',(8.83334335543142,-9.,28.2944496961371));
#3286=CARTESIAN_POINT('Ctrl Pts',(9.24450916749329,-9.,27.9957202476123));
#3287=CARTESIAN_POINT('Ctrl Pts',(9.44979676648136,-8.94863856765519,27.8203284627555));
#3288=CARTESIAN_POINT('Ctrl Pts',(9.80279999912669,-8.74362287272865,27.4691622708399));
#3289=CARTESIAN_POINT('Ctrl Pts',(9.95122247143207,-8.59011632306067,27.2940128125017));
#3290=CARTESIAN_POINT('Ctrl Pts',(10.1749744579237,-8.23813267308049,27.0031506486136));
#3291=CARTESIAN_POINT('Ctrl Pts',(10.2658439717732,-8.01517352454282,26.8672906926378));
#3292=CARTESIAN_POINT('Ctrl Pts',(10.3837693024712,-7.52344059811186,26.6809833762304));
#3293=CARTESIAN_POINT('Ctrl Pts',(10.4116043997589,-7.2543717768351,26.6318111106439));
#3294=CARTESIAN_POINT('Ctrl Pts',(10.4116043997589,-7.,26.6318111106439));
#3295=CARTESIAN_POINT('Ctrl Pts',(10.4116043997589,-7.,26.6318111106439));
#3296=CARTESIAN_POINT('Ctrl Pts',(10.4116043997589,-6.7456282231649,26.6318111106439));
#3297=CARTESIAN_POINT('Ctrl Pts',(10.3837693024712,-6.47655940188814,26.6809833762304));
#3298=CARTESIAN_POINT('Ctrl Pts',(10.2658439717732,-5.98482647545719,26.8672906926378));
#3299=CARTESIAN_POINT('Ctrl Pts',(10.1749744579237,-5.76186732691952,27.0031506486136));
#3300=CARTESIAN_POINT('Ctrl Pts',(9.95122247143207,-5.40988367693933,27.2940128125017));
#3301=CARTESIAN_POINT('Ctrl Pts',(9.80279999912669,-5.25637712727134,27.4691622708399));
#3302=CARTESIAN_POINT('Ctrl Pts',(9.44979676648136,-5.05136143234481,27.8203284627555));
#3303=CARTESIAN_POINT('Ctrl Pts',(9.24450916749329,-5.,27.9957202476123));
#3304=CARTESIAN_POINT('Ctrl Pts',(8.83334335543142,-5.,28.2944496961371));
#3305=CARTESIAN_POINT('Ctrl Pts',(8.60309849871691,-5.05136143234481,28.4354907626748));
#3306=CARTESIAN_POINT('Ctrl Pts',(8.16003560563638,-5.25637712727135,28.6627004662036));
#3307=CARTESIAN_POINT('Ctrl Pts',(7.94759350566877,-5.40988367693933,28.7497344664722));
#3308=CARTESIAN_POINT('Ctrl Pts',(7.6018239830082,-5.76186732691952,28.8726538995969));
#3309=CARTESIAN_POINT('Ctrl Pts',(7.44453326252371,-5.98482647545719,28.9170929076244));
#3310=CARTESIAN_POINT('Ctrl Pts',(7.23090354396809,-6.47655940188814,28.9716744348748));
#3311=CARTESIAN_POINT('Ctrl Pts',(7.17553642225907,-6.7456282231649,28.9829521198138));
#3312=CARTESIAN_POINT('Ctrl Pts',(7.17553642225907,-7.,28.9829521198138));
#3313=CARTESIAN_POINT('Origin',(6.09999999999999,-17.5,24.1));
#3314=CARTESIAN_POINT('',(8.09999999999999,-17.5,17.3917960675006));
#3315=CARTESIAN_POINT('',(4.09999999999999,-17.5,17.3917960675006));
#3316=CARTESIAN_POINT('Ctrl Pts',(8.09999999999999,-17.5,17.3917960675006));
#3317=CARTESIAN_POINT('Ctrl Pts',(8.09999999999999,-17.2473191455412,17.3917960675006));
#3318=CARTESIAN_POINT('Ctrl Pts',(8.04921215559787,-16.9788289382548,17.376027026774));
#3319=CARTESIAN_POINT('Ctrl Pts',(7.84468486401154,-16.486529472148,17.3200800230978));
#3320=CARTESIAN_POINT('Ctrl Pts',(7.69101494186519,-16.262587817119,17.2808167394342));
#3321=CARTESIAN_POINT('Ctrl Pts',(7.33745515559291,-15.9090280308467,17.2078829243574));
#3322=CARTESIAN_POINT('Ctrl Pts',(7.11349590482075,-15.7553247596007,17.1693313134083));
#3323=CARTESIAN_POINT('Ctrl Pts',(6.62113296458564,-15.5507729361709,17.1150330836742));
#3324=CARTESIAN_POINT('Ctrl Pts',(6.35261943875258,-15.5,17.1));
#3325=CARTESIAN_POINT('Ctrl Pts',(5.8473805612474,-15.5,17.1));
#3326=CARTESIAN_POINT('Ctrl Pts',(5.57886703541434,-15.5507729361709,17.1150330836742));
#3327=CARTESIAN_POINT('Ctrl Pts',(5.08650409517923,-15.7553247596007,17.1693313134083));
#3328=CARTESIAN_POINT('Ctrl Pts',(4.86254484440707,-15.9090280308467,17.2078829243574));
#3329=CARTESIAN_POINT('Ctrl Pts',(4.50898505813479,-16.262587817119,17.2808167394342));
#3330=CARTESIAN_POINT('Ctrl Pts',(4.35531513598844,-16.486529472148,17.3200800230978));
#3331=CARTESIAN_POINT('Ctrl Pts',(4.1507878444021,-16.9788289382548,17.376027026774));
#3332=CARTESIAN_POINT('Ctrl Pts',(4.09999999999999,-17.2473191455413,17.3917960675006));
#3333=CARTESIAN_POINT('Ctrl Pts',(4.09999999999999,-17.5,17.3917960675006));
#3334=CARTESIAN_POINT('Ctrl Pts',(4.09999999999999,-17.5,17.3917960675006));
#3335=CARTESIAN_POINT('Ctrl Pts',(4.09999999999999,-17.7526808544587,17.3917960675006));
#3336=CARTESIAN_POINT('Ctrl Pts',(4.1507878444021,-18.0211710617452,17.376027026774));
#3337=CARTESIAN_POINT('Ctrl Pts',(4.35531513598844,-18.513470527852,17.3200800230978));
#3338=CARTESIAN_POINT('Ctrl Pts',(4.50898505813478,-18.737412182881,17.2808167394342));
#3339=CARTESIAN_POINT('Ctrl Pts',(4.86254484440707,-19.0909719691533,17.2078829243574));
#3340=CARTESIAN_POINT('Ctrl Pts',(5.08650409517923,-19.2446752403993,17.1693313134083));
#3341=CARTESIAN_POINT('Ctrl Pts',(5.57886703541434,-19.4492270638291,17.1150330836742));
#3342=CARTESIAN_POINT('Ctrl Pts',(5.8473805612474,-19.5,17.1));
#3343=CARTESIAN_POINT('Ctrl Pts',(6.35261943875258,-19.5,17.1));
#3344=CARTESIAN_POINT('Ctrl Pts',(6.62113296458564,-19.4492270638291,17.1150330836742));
#3345=CARTESIAN_POINT('Ctrl Pts',(7.11349590482075,-19.2446752403993,17.1693313134083));
#3346=CARTESIAN_POINT('Ctrl Pts',(7.33745515559292,-19.0909719691533,17.2078829243574));
#3347=CARTESIAN_POINT('Ctrl Pts',(7.6910149418652,-18.737412182881,17.2808167394342));
#3348=CARTESIAN_POINT('Ctrl Pts',(7.84468486401154,-18.513470527852,17.3200800230978));
#3349=CARTESIAN_POINT('Ctrl Pts',(8.04921215559788,-18.0211710617452,17.376027026774));
#3350=CARTESIAN_POINT('Ctrl Pts',(8.09999999999999,-17.7526808544587,17.3917960675006));
#3351=CARTESIAN_POINT('Ctrl Pts',(8.09999999999999,-17.5,17.3917960675006));
#3352=CARTESIAN_POINT('',(4.09999999999999,-17.5,19.5174243050442));
#3353=CARTESIAN_POINT('',(4.09999999999999,-17.5,24.1));
#3354=CARTESIAN_POINT('',(8.09999999999999,-17.5,19.5174243050442));
#3355=CARTESIAN_POINT('Ctrl Pts',(8.09999999999999,-17.5,19.5174243050442));
#3356=CARTESIAN_POINT('Ctrl Pts',(8.09999999999999,-17.7543717768351,19.5174243050442));
#3357=CARTESIAN_POINT('Ctrl Pts',(8.04857820072064,-18.0234405981119,19.4940041662145));
#3358=CARTESIAN_POINT('Ctrl Pts',(7.84366591114022,-18.5151735245428,19.4125931513207));
#3359=CARTESIAN_POINT('Ctrl Pts',(7.69029445166569,-18.7381326730805,19.3560918982049));
#3360=CARTESIAN_POINT('Ctrl Pts',(7.33831080168551,-19.0901163230607,19.2522975824296));
#3361=CARTESIAN_POINT('Ctrl Pts',(7.1152842306851,-19.2436228727287,19.1978392344084));
#3362=CARTESIAN_POINT('Ctrl Pts',(6.62328830769409,-19.4486385676552,19.1212299114593));
#3363=CARTESIAN_POINT('Ctrl Pts',(6.35411444686618,-19.5,19.1));
#3364=CARTESIAN_POINT('Ctrl Pts',(5.8458855531338,-19.5,19.1));
#3365=CARTESIAN_POINT('Ctrl Pts',(5.57671169230589,-19.4486385676552,19.1212299114593));
#3366=CARTESIAN_POINT('Ctrl Pts',(5.08471576931487,-19.2436228727287,19.1978392344084));
#3367=CARTESIAN_POINT('Ctrl Pts',(4.86168919831447,-19.0901163230607,19.2522975824296));
#3368=CARTESIAN_POINT('Ctrl Pts',(4.50970554833428,-18.7381326730805,19.3560918982049));
#3369=CARTESIAN_POINT('Ctrl Pts',(4.35633408885976,-18.5151735245428,19.4125931513207));
#3370=CARTESIAN_POINT('Ctrl Pts',(4.15142179927934,-18.0234405981119,19.4940041662145));
#3371=CARTESIAN_POINT('Ctrl Pts',(4.09999999999999,-17.7543717768351,19.5174243050442));
#3372=CARTESIAN_POINT('Ctrl Pts',(4.09999999999999,-17.5,19.5174243050442));
#3373=CARTESIAN_POINT('Ctrl Pts',(4.09999999999999,-17.5,19.5174243050442));
#3374=CARTESIAN_POINT('Ctrl Pts',(4.09999999999999,-17.2456282231649,19.5174243050442));
#3375=CARTESIAN_POINT('Ctrl Pts',(4.15142179927934,-16.9765594018881,19.4940041662145));
#3376=CARTESIAN_POINT('Ctrl Pts',(4.35633408885976,-16.4848264754572,19.4125931513207));
#3377=CARTESIAN_POINT('Ctrl Pts',(4.50970554833428,-16.2618673269195,19.3560918982049));
#3378=CARTESIAN_POINT('Ctrl Pts',(4.86168919831447,-15.9098836769393,19.2522975824296));
#3379=CARTESIAN_POINT('Ctrl Pts',(5.08471576931488,-15.7563771272713,19.1978392344084));
#3380=CARTESIAN_POINT('Ctrl Pts',(5.57671169230589,-15.5513614323448,19.1212299114593));
#3381=CARTESIAN_POINT('Ctrl Pts',(5.8458855531338,-15.5,19.1));
#3382=CARTESIAN_POINT('Ctrl Pts',(6.35411444686618,-15.5,19.1));
#3383=CARTESIAN_POINT('Ctrl Pts',(6.62328830769409,-15.5513614323448,19.1212299114593));
#3384=CARTESIAN_POINT('Ctrl Pts',(7.11528423068511,-15.7563771272713,19.1978392344084));
#3385=CARTESIAN_POINT('Ctrl Pts',(7.33831080168551,-15.9098836769393,19.2522975824296));
#3386=CARTESIAN_POINT('Ctrl Pts',(7.6902944516657,-16.2618673269195,19.3560918982049));
#3387=CARTESIAN_POINT('Ctrl Pts',(7.84366591114022,-16.4848264754572,19.4125931513207));
#3388=CARTESIAN_POINT('Ctrl Pts',(8.04857820072064,-16.9765594018881,19.4940041662145));
#3389=CARTESIAN_POINT('Ctrl Pts',(8.09999999999999,-17.2456282231649,19.5174243050442));
#3390=CARTESIAN_POINT('Ctrl Pts',(8.09999999999999,-17.5,19.5174243050442));
#3391=CARTESIAN_POINT('Origin',(6.09999999999999,-7.,24.1));
#3392=CARTESIAN_POINT('',(1.78839560024112,-7.,21.5681888893561));
#3393=CARTESIAN_POINT('',(5.02446357774091,-7.,19.2170478801862));
#3394=CARTESIAN_POINT('Ctrl Pts',(1.78839560024112,-7.,21.5681888893561));
#3395=CARTESIAN_POINT('Ctrl Pts',(1.78839560024112,-6.7456282231649,21.5681888893561));
#3396=CARTESIAN_POINT('Ctrl Pts',(1.81623069752876,-6.47655940188814,21.5190166237696));
#3397=CARTESIAN_POINT('Ctrl Pts',(1.93415602822683,-5.98482647545718,21.3327093073623));
#3398=CARTESIAN_POINT('Ctrl Pts',(2.02502554207629,-5.76186732691952,21.1968493513864));
#3399=CARTESIAN_POINT('Ctrl Pts',(2.24877752856791,-5.40988367693933,20.9059871874983));
#3400=CARTESIAN_POINT('Ctrl Pts',(2.39720000087329,-5.25637712727135,20.7308377291601));
#3401=CARTESIAN_POINT('Ctrl Pts',(2.75020323351862,-5.05136143234481,20.3796715372446));
#3402=CARTESIAN_POINT('Ctrl Pts',(2.95549083250669,-5.,20.2042797523877));
#3403=CARTESIAN_POINT('Ctrl Pts',(3.36665664456856,-5.,19.9055503038629));
#3404=CARTESIAN_POINT('Ctrl Pts',(3.59690150128308,-5.05136143234481,19.7645092373252));
#3405=CARTESIAN_POINT('Ctrl Pts',(4.0399643943636,-5.25637712727134,19.5372995337964));
#3406=CARTESIAN_POINT('Ctrl Pts',(4.25240649433121,-5.40988367693933,19.4502655335278));
#3407=CARTESIAN_POINT('Ctrl Pts',(4.59817601699178,-5.76186732691952,19.3273461004031));
#3408=CARTESIAN_POINT('Ctrl Pts',(4.75546673747627,-5.98482647545718,19.2829070923756));
#3409=CARTESIAN_POINT('Ctrl Pts',(4.96909645603189,-6.47655940188814,19.2283255651252));
#3410=CARTESIAN_POINT('Ctrl Pts',(5.02446357774091,-6.7456282231649,19.2170478801862));
#3411=CARTESIAN_POINT('Ctrl Pts',(5.02446357774091,-7.,19.2170478801862));
#3412=CARTESIAN_POINT('Ctrl Pts',(5.02446357774091,-7.,19.2170478801862));
#3413=CARTESIAN_POINT('Ctrl Pts',(5.02446357774091,-7.2543717768351,19.2170478801862));
#3414=CARTESIAN_POINT('Ctrl Pts',(4.9690964560319,-7.52344059811186,19.2283255651252));
#3415=CARTESIAN_POINT('Ctrl Pts',(4.75546673747627,-8.01517352454282,19.2829070923756));
#3416=CARTESIAN_POINT('Ctrl Pts',(4.59817601699178,-8.23813267308049,19.3273461004031));
#3417=CARTESIAN_POINT('Ctrl Pts',(4.25240649433121,-8.59011632306067,19.4502655335278));
#3418=CARTESIAN_POINT('Ctrl Pts',(4.0399643943636,-8.74362287272866,19.5372995337964));
#3419=CARTESIAN_POINT('Ctrl Pts',(3.59690150128308,-8.94863856765519,19.7645092373252));
#3420=CARTESIAN_POINT('Ctrl Pts',(3.36665664456856,-9.,19.9055503038629));
#3421=CARTESIAN_POINT('Ctrl Pts',(2.95549083250669,-9.,20.2042797523877));
#3422=CARTESIAN_POINT('Ctrl Pts',(2.75020323351862,-8.94863856765519,20.3796715372446));
#3423=CARTESIAN_POINT('Ctrl Pts',(2.39720000087329,-8.74362287272865,20.7308377291601));
#3424=CARTESIAN_POINT('Ctrl Pts',(2.24877752856791,-8.59011632306067,20.9059871874983));
#3425=CARTESIAN_POINT('Ctrl Pts',(2.02502554207629,-8.23813267308049,21.1968493513864));
#3426=CARTESIAN_POINT('Ctrl Pts',(1.93415602822682,-8.01517352454282,21.3327093073623));
#3427=CARTESIAN_POINT('Ctrl Pts',(1.81623069752876,-7.52344059811186,21.5190166237696));
#3428=CARTESIAN_POINT('Ctrl Pts',(1.78839560024112,-7.2543717768351,21.5681888893561));
#3429=CARTESIAN_POINT('Ctrl Pts',(1.78839560024112,-7.,21.5681888893561));
#3430=CARTESIAN_POINT('',(3.77505064785638,-7.,17.4973785122902));
#3431=CARTESIAN_POINT('',(7.71803398874988,-7.,22.9244294954151));
#3432=CARTESIAN_POINT('',(0.538982670356594,-7.,19.8485195214601));
#3433=CARTESIAN_POINT('Ctrl Pts',(0.538982670356592,-7.,19.8485195214601));
#3434=CARTESIAN_POINT('Ctrl Pts',(0.538982670356592,-7.25268085445875,19.8485195214601));
#3435=CARTESIAN_POINT('Ctrl Pts',(0.570802090003632,-7.52117106174523,19.8059097535919));
#3436=CARTESIAN_POINT('Ctrl Pts',(0.703383321039649,-8.01347052785196,19.6404295511478));
#3437=CARTESIAN_POINT('Ctrl Pts',(0.804626520486267,-8.23741218288098,19.5183399734504));
#3438=CARTESIAN_POINT('Ctrl Pts',(1.04779297521255,-8.59097196915327,19.2515180494142));
#3439=CARTESIAN_POINT('Ctrl Pts',(1.20631974676676,-8.74467524039934,19.0886891962775));
#3440=CARTESIAN_POINT('Ctrl Pts',(1.57273403415405,-8.94922706382913,18.7553573306126));
#3441=CARTESIAN_POINT('Ctrl Pts',(1.78112981489237,-9.,18.5853670199165));
#3442=CARTESIAN_POINT('Ctrl Pts',(2.18987665301298,-9.,18.2883950588342));
#3443=CARTESIAN_POINT('Ctrl Pts',(2.41594488351163,-8.94922706382913,18.1427287884787));
#3444=CARTESIAN_POINT('Ctrl Pts',(2.84619056822557,-8.74467524039935,17.8972533040526));
#3445=CARTESIAN_POINT('Ctrl Pts',(3.0500374765157,-8.59097196915327,17.7968022677525));
#3446=CARTESIAN_POINT('Ctrl Pts',(3.37894277303311,-8.23741218288099,17.6479897354397));
#3447=CARTESIAN_POINT('Ctrl Pts',(3.52634273066782,-8.01347052785196,17.58942948522));
#3448=CARTESIAN_POINT('Ctrl Pts',(3.72469360904546,-7.52117106174523,17.5144734362926));
#3449=CARTESIAN_POINT('Ctrl Pts',(3.77505064785638,-7.25268085445875,17.4973785122902));
#3450=CARTESIAN_POINT('Ctrl Pts',(3.77505064785638,-7.,17.4973785122902));
#3451=CARTESIAN_POINT('Ctrl Pts',(3.77505064785638,-7.,17.4973785122902));
#3452=CARTESIAN_POINT('Ctrl Pts',(3.77505064785638,-6.74731914554125,17.4973785122902));
#3453=CARTESIAN_POINT('Ctrl Pts',(3.72469360904546,-6.47882893825477,17.5144734362926));
#3454=CARTESIAN_POINT('Ctrl Pts',(3.52634273066782,-5.98652947214804,17.58942948522));
#3455=CARTESIAN_POINT('Ctrl Pts',(3.37894277303311,-5.76258781711902,17.6479897354397));
#3456=CARTESIAN_POINT('Ctrl Pts',(3.05003747651569,-5.40902803084673,17.7968022677525));
#3457=CARTESIAN_POINT('Ctrl Pts',(2.84619056822557,-5.25532475960066,17.8972533040526));
#3458=CARTESIAN_POINT('Ctrl Pts',(2.41594488351163,-5.05077293617087,18.1427287884787));
#3459=CARTESIAN_POINT('Ctrl Pts',(2.18987665301298,-5.,18.2883950588342));
#3460=CARTESIAN_POINT('Ctrl Pts',(1.78112981489237,-5.,18.5853670199165));
#3461=CARTESIAN_POINT('Ctrl Pts',(1.57273403415405,-5.05077293617087,18.7553573306126));
#3462=CARTESIAN_POINT('Ctrl Pts',(1.20631974676676,-5.25532475960066,19.0886891962775));
#3463=CARTESIAN_POINT('Ctrl Pts',(1.04779297521255,-5.40902803084673,19.2515180494142));
#3464=CARTESIAN_POINT('Ctrl Pts',(0.804626520486267,-5.76258781711902,19.5183399734504));
#3465=CARTESIAN_POINT('Ctrl Pts',(0.70338332103965,-5.98652947214804,19.6404295511478));
#3466=CARTESIAN_POINT('Ctrl Pts',(0.570802090003632,-6.47882893825477,19.8059097535919));
#3467=CARTESIAN_POINT('Ctrl Pts',(0.538982670356592,-6.74731914554125,19.8485195214601));
#3468=CARTESIAN_POINT('Ctrl Pts',(0.538982670356592,-7.,19.8485195214601));
#3469=CARTESIAN_POINT('Origin',(6.09999999999999,-17.5,24.1));
#3470=CARTESIAN_POINT('',(8.09999999999999,-17.5,28.6825756949558));
#3471=CARTESIAN_POINT('',(4.09999999999999,-17.5,28.6825756949558));
#3472=CARTESIAN_POINT('Ctrl Pts',(8.09999999999999,-17.5,28.6825756949558));
#3473=CARTESIAN_POINT('Ctrl Pts',(8.09999999999999,-17.2456282231649,28.6825756949558));
#3474=CARTESIAN_POINT('Ctrl Pts',(8.04857820072064,-16.9765594018881,28.7059958337855));
#3475=CARTESIAN_POINT('Ctrl Pts',(7.84366591114022,-16.4848264754572,28.7874068486793));
#3476=CARTESIAN_POINT('Ctrl Pts',(7.6902944516657,-16.2618673269195,28.8439081017951));
#3477=CARTESIAN_POINT('Ctrl Pts',(7.33831080168551,-15.9098836769393,28.9477024175704));
#3478=CARTESIAN_POINT('Ctrl Pts',(7.11528423068511,-15.7563771272713,29.0021607655916));
#3479=CARTESIAN_POINT('Ctrl Pts',(6.62328830769408,-15.5513614323448,29.0787700885408));
#3480=CARTESIAN_POINT('Ctrl Pts',(6.35411444686618,-15.5,29.1));
#3481=CARTESIAN_POINT('Ctrl Pts',(5.8458855531338,-15.5,29.1));
#3482=CARTESIAN_POINT('Ctrl Pts',(5.57671169230589,-15.5513614323448,29.0787700885408));
#3483=CARTESIAN_POINT('Ctrl Pts',(5.08471576931488,-15.7563771272713,29.0021607655916));
#3484=CARTESIAN_POINT('Ctrl Pts',(4.86168919831447,-15.9098836769393,28.9477024175704));
#3485=CARTESIAN_POINT('Ctrl Pts',(4.50970554833428,-16.2618673269195,28.8439081017951));
#3486=CARTESIAN_POINT('Ctrl Pts',(4.35633408885976,-16.4848264754572,28.7874068486793));
#3487=CARTESIAN_POINT('Ctrl Pts',(4.15142179927934,-16.9765594018881,28.7059958337855));
#3488=CARTESIAN_POINT('Ctrl Pts',(4.09999999999999,-17.2456282231649,28.6825756949558));
#3489=CARTESIAN_POINT('Ctrl Pts',(4.09999999999999,-17.5,28.6825756949558));
#3490=CARTESIAN_POINT('Ctrl Pts',(4.09999999999999,-17.5,28.6825756949558));
#3491=CARTESIAN_POINT('Ctrl Pts',(4.09999999999999,-17.7543717768351,28.6825756949558));
#3492=CARTESIAN_POINT('Ctrl Pts',(4.15142179927934,-18.0234405981119,28.7059958337855));
#3493=CARTESIAN_POINT('Ctrl Pts',(4.35633408885977,-18.5151735245428,28.7874068486793));
#3494=CARTESIAN_POINT('Ctrl Pts',(4.50970554833428,-18.7381326730805,28.8439081017951));
#3495=CARTESIAN_POINT('Ctrl Pts',(4.86168919831447,-19.0901163230607,28.9477024175704));
#3496=CARTESIAN_POINT('Ctrl Pts',(5.08471576931487,-19.2436228727287,29.0021607655916));
#3497=CARTESIAN_POINT('Ctrl Pts',(5.57671169230589,-19.4486385676552,29.0787700885408));
#3498=CARTESIAN_POINT('Ctrl Pts',(5.8458855531338,-19.5,29.1));
#3499=CARTESIAN_POINT('Ctrl Pts',(6.35411444686618,-19.5,29.1));
#3500=CARTESIAN_POINT('Ctrl Pts',(6.62328830769408,-19.4486385676552,29.0787700885408));
#3501=CARTESIAN_POINT('Ctrl Pts',(7.1152842306851,-19.2436228727287,29.0021607655916));
#3502=CARTESIAN_POINT('Ctrl Pts',(7.33831080168551,-19.0901163230607,28.9477024175704));
#3503=CARTESIAN_POINT('Ctrl Pts',(7.69029445166569,-18.7381326730805,28.8439081017951));
#3504=CARTESIAN_POINT('Ctrl Pts',(7.84366591114022,-18.5151735245428,28.7874068486793));
#3505=CARTESIAN_POINT('Ctrl Pts',(8.04857820072064,-18.0234405981119,28.7059958337855));
#3506=CARTESIAN_POINT('Ctrl Pts',(8.09999999999999,-17.7543717768351,28.6825756949558));
#3507=CARTESIAN_POINT('Ctrl Pts',(8.09999999999999,-17.5,28.6825756949558));
#3508=CARTESIAN_POINT('',(4.09999999999999,-17.5,30.8082039324994));
#3509=CARTESIAN_POINT('',(4.09999999999999,-17.5,24.1));
#3510=CARTESIAN_POINT('',(8.09999999999999,-17.5,30.8082039324994));
#3511=CARTESIAN_POINT('Ctrl Pts',(8.09999999999999,-17.5,30.8082039324994));
#3512=CARTESIAN_POINT('Ctrl Pts',(8.09999999999999,-17.7526808544587,30.8082039324994));
#3513=CARTESIAN_POINT('Ctrl Pts',(8.04921215559788,-18.0211710617452,30.823972973226));
#3514=CARTESIAN_POINT('Ctrl Pts',(7.84468486401154,-18.513470527852,30.8799199769022));
#3515=CARTESIAN_POINT('Ctrl Pts',(7.6910149418652,-18.737412182881,30.9191832605658));
#3516=CARTESIAN_POINT('Ctrl Pts',(7.33745515559292,-19.0909719691533,30.9921170756426));
#3517=CARTESIAN_POINT('Ctrl Pts',(7.11349590482075,-19.2446752403993,31.0306686865917));
#3518=CARTESIAN_POINT('Ctrl Pts',(6.62113296458564,-19.4492270638291,31.0849669163258));
#3519=CARTESIAN_POINT('Ctrl Pts',(6.35261943875258,-19.5,31.1));
#3520=CARTESIAN_POINT('Ctrl Pts',(5.8473805612474,-19.5,31.1));
#3521=CARTESIAN_POINT('Ctrl Pts',(5.57886703541434,-19.4492270638291,31.0849669163258));
#3522=CARTESIAN_POINT('Ctrl Pts',(5.08650409517923,-19.2446752403993,31.0306686865917));
#3523=CARTESIAN_POINT('Ctrl Pts',(4.86254484440707,-19.0909719691533,30.9921170756426));
#3524=CARTESIAN_POINT('Ctrl Pts',(4.50898505813478,-18.737412182881,30.9191832605658));
#3525=CARTESIAN_POINT('Ctrl Pts',(4.35531513598845,-18.513470527852,30.8799199769022));
#3526=CARTESIAN_POINT('Ctrl Pts',(4.1507878444021,-18.0211710617452,30.823972973226));
#3527=CARTESIAN_POINT('Ctrl Pts',(4.09999999999999,-17.7526808544587,30.8082039324994));
#3528=CARTESIAN_POINT('Ctrl Pts',(4.09999999999999,-17.5,30.8082039324994));
#3529=CARTESIAN_POINT('Ctrl Pts',(4.09999999999999,-17.5,30.8082039324994));
#3530=CARTESIAN_POINT('Ctrl Pts',(4.09999999999999,-17.2473191455413,30.8082039324994));
#3531=CARTESIAN_POINT('Ctrl Pts',(4.1507878444021,-16.9788289382548,30.823972973226));
#3532=CARTESIAN_POINT('Ctrl Pts',(4.35531513598844,-16.486529472148,30.8799199769022));
#3533=CARTESIAN_POINT('Ctrl Pts',(4.50898505813479,-16.262587817119,30.9191832605658));
#3534=CARTESIAN_POINT('Ctrl Pts',(4.86254484440707,-15.9090280308467,30.9921170756426));
#3535=CARTESIAN_POINT('Ctrl Pts',(5.08650409517923,-15.7553247596007,31.0306686865917));
#3536=CARTESIAN_POINT('Ctrl Pts',(5.57886703541434,-15.5507729361709,31.0849669163258));
#3537=CARTESIAN_POINT('Ctrl Pts',(5.8473805612474,-15.5,31.1));
#3538=CARTESIAN_POINT('Ctrl Pts',(6.35261943875258,-15.5,31.1));
#3539=CARTESIAN_POINT('Ctrl Pts',(6.62113296458564,-15.5507729361709,31.0849669163258));
#3540=CARTESIAN_POINT('Ctrl Pts',(7.11349590482075,-15.7553247596007,31.0306686865917));
#3541=CARTESIAN_POINT('Ctrl Pts',(7.33745515559291,-15.9090280308467,30.9921170756426));
#3542=CARTESIAN_POINT('Ctrl Pts',(7.69101494186519,-16.262587817119,30.9191832605658));
#3543=CARTESIAN_POINT('Ctrl Pts',(7.84468486401154,-16.486529472148,30.8799199769022));
#3544=CARTESIAN_POINT('Ctrl Pts',(8.04921215559787,-16.9788289382548,30.823972973226));
#3545=CARTESIAN_POINT('Ctrl Pts',(8.09999999999999,-17.2473191455413,30.8082039324994));
#3546=CARTESIAN_POINT('Ctrl Pts',(8.09999999999999,-17.5,30.8082039324994));
#3547=CARTESIAN_POINT('Origin',(6.1,-14.,24.1));
#3548=CARTESIAN_POINT('',(0.338152926109588,-14.,20.1249379505345));
#3549=CARTESIAN_POINT('',(-0.897915051390205,-14.,23.9291640157152));
#3550=CARTESIAN_POINT('Ctrl Pts',(0.338152926109585,-14.,20.1249379505345));
#3551=CARTESIAN_POINT('Ctrl Pts',(0.338152926109585,-13.7473191455413,20.1249379505345));
#3552=CARTESIAN_POINT('Ctrl Pts',(0.30746137014283,-13.4788289382548,20.1683671593322));
#3553=CARTESIAN_POINT('Ctrl Pts',(0.191050198815749,-12.986529472148,20.3455955978353));
#3554=CARTESIAN_POINT('Ctrl Pts',(0.106221979568833,-12.762587817119,20.4796113567441));
#3555=CARTESIAN_POINT('Ctrl Pts',(-0.0723981830039234,-12.4090280308467,
20.793328907055));
#3556=CARTESIAN_POINT('Ctrl Pts',(-0.178270158346759,-12.2553247596007,
20.9944137089426));
#3557=CARTESIAN_POINT('Ctrl Pts',(-0.382059359491774,-12.0507729361709,
21.4458996158832));
#3558=CARTESIAN_POINT('Ctrl Pts',(-0.479331914382077,-12.,21.6966256760069));
#3559=CARTESIAN_POINT('Ctrl Pts',(-0.635459313750098,-12.,22.1771364027438));
#3560=CARTESIAN_POINT('Ctrl Pts',(-0.704137244263703,-12.0507729361709,
22.437153419534));
#3561=CARTESIAN_POINT('Ctrl Pts',(-0.804645074984815,-12.2553247596007,
22.9221974779791));
#3562=CARTESIAN_POINT('Ctrl Pts',(-0.837187528714139,-12.4090280308467,
23.1471084857543));
#3563=CARTESIAN_POINT('Ctrl Pts',(-0.877079331112802,-12.762587817119,23.5059016127119));
#3564=CARTESIAN_POINT('Ctrl Pts',(-0.887224346800876,-12.986529472148,23.6641834154347));
#3565=CARTESIAN_POINT('Ctrl Pts',(-0.897217993301113,-13.4788289382548,
23.8759890037784));
#3566=CARTESIAN_POINT('Ctrl Pts',(-0.897915051390205,-13.7473191455413,
23.9291640157151));
#3567=CARTESIAN_POINT('Ctrl Pts',(-0.897915051390205,-14.,23.9291640157151));
#3568=CARTESIAN_POINT('Ctrl Pts',(-0.897915051390205,-14.,23.9291640157152));
#3569=CARTESIAN_POINT('Ctrl Pts',(-0.897915051390205,-14.2526808544587,
23.9291640157152));
#3570=CARTESIAN_POINT('Ctrl Pts',(-0.897217993301113,-14.5211710617452,
23.8759890037784));
#3571=CARTESIAN_POINT('Ctrl Pts',(-0.887224346800876,-15.013470527852,23.6641834154347));
#3572=CARTESIAN_POINT('Ctrl Pts',(-0.877079331112802,-15.237412182881,23.5059016127119));
#3573=CARTESIAN_POINT('Ctrl Pts',(-0.83718752871414,-15.5909719691533,23.1471084857544));
#3574=CARTESIAN_POINT('Ctrl Pts',(-0.804645074984815,-15.7446752403993,
22.9221974779791));
#3575=CARTESIAN_POINT('Ctrl Pts',(-0.704137244263703,-15.9492270638291,
22.4371534195339));
#3576=CARTESIAN_POINT('Ctrl Pts',(-0.635459313750098,-16.,22.1771364027438));
#3577=CARTESIAN_POINT('Ctrl Pts',(-0.479331914382077,-16.,21.6966256760069));
#3578=CARTESIAN_POINT('Ctrl Pts',(-0.382059359491776,-15.9492270638291,
21.4458996158832));
#3579=CARTESIAN_POINT('Ctrl Pts',(-0.178270158346762,-15.7446752403994,
20.9944137089427));
#3580=CARTESIAN_POINT('Ctrl Pts',(-0.0723981830039234,-15.5909719691533,
20.793328907055));
#3581=CARTESIAN_POINT('Ctrl Pts',(0.106221979568833,-15.237412182881,20.4796113567441));
#3582=CARTESIAN_POINT('Ctrl Pts',(0.191050198815748,-15.013470527852,20.3455955978353));
#3583=CARTESIAN_POINT('Ctrl Pts',(0.30746137014283,-14.5211710617452,20.1683671593322));
#3584=CARTESIAN_POINT('Ctrl Pts',(0.338152926109585,-14.2526808544587,20.1249379505345));
#3585=CARTESIAN_POINT('Ctrl Pts',(0.338152926109585,-14.,20.1249379505345));
#3586=CARTESIAN_POINT('',(1.12367753514655,-14.,24.5860192648394));
#3587=CARTESIAN_POINT('',(5.48196601125011,-14.,26.0021130325903));
#3588=CARTESIAN_POINT('',(1.09999999999999,-15.2699261690687,24.0999999923104));
#3589=CARTESIAN_POINT('Ctrl Pts',(1.12367753514655,-14.,24.5860192648394));
#3590=CARTESIAN_POINT('Ctrl Pts',(1.12367753514655,-14.2543717768351,24.5860192648394));
#3591=CARTESIAN_POINT('Ctrl Pts',(1.11729386935877,-14.5234405981119,24.5298770066461));
#3592=CARTESIAN_POINT('Ctrl Pts',(1.10499930668637,-14.9520545629344,24.338080912049));
#3593=CARTESIAN_POINT('Ctrl Pts',(1.09999999960829,-15.1225696088983,24.2273471426509));
#3594=CARTESIAN_POINT('Ctrl Pts',(1.09999999999999,-15.2699261690687,24.0999999846207));
#3595=CARTESIAN_POINT('',(1.09999999999999,-12.7300738347356,24.0999999879084));
#3596=CARTESIAN_POINT('Ctrl Pts',(1.09999999999999,-15.2699261690687,24.0999999846207));
#3597=CARTESIAN_POINT('Ctrl Pts',(1.10000000013528,-15.3208214917535,24.0560156876648));
#3598=CARTESIAN_POINT('Ctrl Pts',(1.10058588124723,-15.3690099882627,24.0101138716108));
#3599=CARTESIAN_POINT('Ctrl Pts',(1.10690194467103,-15.5901163230607,23.7796811264399));
#3600=CARTESIAN_POINT('Ctrl Pts',(1.12402797855503,-15.7436228727287,23.5507416977589));
#3601=CARTESIAN_POINT('Ctrl Pts',(1.20320328412273,-15.9486385676552,23.0591521864888));
#3602=CARTESIAN_POINT('Ctrl Pts',(1.26619173592638,-16.,22.7965922287021));
#3603=CARTESIAN_POINT('Ctrl Pts',(1.42324310112206,-16.,22.3132378275484));
#3604=CARTESIAN_POINT('Ctrl Pts',(1.52661324419309,-15.9486385676552,22.0637986766217));
#3605=CARTESIAN_POINT('Ctrl Pts',(1.75150814136022,-15.7436228727287,21.6195563307893));
#3606=CARTESIAN_POINT('Ctrl Pts',(1.87222010874881,-15.5901163230607,21.4242740121566));
#3607=CARTESIAN_POINT('Ctrl Pts',(2.07970329870725,-15.2381326730805,21.1215918757076));
#3608=CARTESIAN_POINT('Ctrl Pts',(2.18083357109159,-15.0151735245428,20.9931867971769));
#3609=CARTESIAN_POINT('Ctrl Pts',(2.32158142714125,-14.5234405981119,20.823461016034));
#3610=CARTESIAN_POINT('Ctrl Pts',(2.35974551264634,-14.2543717768351,20.7817931996588));
#3611=CARTESIAN_POINT('Ctrl Pts',(2.35974551264634,-14.,20.7817931996588));
#3612=CARTESIAN_POINT('Ctrl Pts',(2.35974551264634,-13.7456282231649,20.7817931996588));
#3613=CARTESIAN_POINT('Ctrl Pts',(2.32158142714125,-13.4765594018881,20.823461016034));
#3614=CARTESIAN_POINT('Ctrl Pts',(2.18083357109159,-12.9848264754572,20.9931867971769));
#3615=CARTESIAN_POINT('Ctrl Pts',(2.07970329870725,-12.7618673269195,21.1215918757076));
#3616=CARTESIAN_POINT('Ctrl Pts',(1.87222010874881,-12.4098836769393,21.4242740121566));
#3617=CARTESIAN_POINT('Ctrl Pts',(1.75150814136022,-12.2563771272713,21.6195563307893));
#3618=CARTESIAN_POINT('Ctrl Pts',(1.52661324419309,-12.0513614323448,22.0637986766217));
#3619=CARTESIAN_POINT('Ctrl Pts',(1.42324310112206,-12.,22.3132378275484));
#3620=CARTESIAN_POINT('Ctrl Pts',(1.26619173592638,-12.,22.7965922287021));
#3621=CARTESIAN_POINT('Ctrl Pts',(1.20320328412273,-12.0513614323448,23.0591521864888));
#3622=CARTESIAN_POINT('Ctrl Pts',(1.12402797855503,-12.2563771272713,23.5507416977589));
#3623=CARTESIAN_POINT('Ctrl Pts',(1.10690194467103,-12.4098836769393,23.7796811264399));
#3624=CARTESIAN_POINT('Ctrl Pts',(1.10058588121506,-12.6309900128634,24.0101138727844));
#3625=CARTESIAN_POINT('Ctrl Pts',(1.10000000010636,-12.6791785106481,24.0560156899516));
#3626=CARTESIAN_POINT('Ctrl Pts',(1.09999999999999,-12.7300738347356,24.0999999879084));
#3627=CARTESIAN_POINT('Ctrl Pts',(1.09999999999999,-12.7300738347356,24.0999999879084));
#3628=CARTESIAN_POINT('Ctrl Pts',(1.09999999969202,-12.8774303940282,24.227347144568));
#3629=CARTESIAN_POINT('Ctrl Pts',(1.10499930673147,-13.047945438638,24.3380809127526));
#3630=CARTESIAN_POINT('Ctrl Pts',(1.11729386935877,-13.4765594018881,24.5298770066462));
#3631=CARTESIAN_POINT('Ctrl Pts',(1.12367753514655,-13.7456282231649,24.5860192648394));
#3632=CARTESIAN_POINT('Ctrl Pts',(1.12367753514655,-14.,24.5860192648394));
#3633=CARTESIAN_POINT('Origin',(6.1,-14.,24.1));
#3634=CARTESIAN_POINT('',(11.0763224648534,-14.,23.6139807351606));
#3635=CARTESIAN_POINT('',(9.84025448735364,-14.,27.4182068003412));
#3636=CARTESIAN_POINT('Ctrl Pts',(11.0763224648534,-14.,23.6139807351606));
#3637=CARTESIAN_POINT('Ctrl Pts',(11.0763224648534,-13.7456282231649,23.6139807351606));
#3638=CARTESIAN_POINT('Ctrl Pts',(11.0827061306412,-13.4765594018881,23.6701229933538));
#3639=CARTESIAN_POINT('Ctrl Pts',(11.0968112270176,-12.9848264754572,23.8901635487598));
#3640=CARTESIAN_POINT('Ctrl Pts',(11.1031527245425,-12.7618673269195,24.053488322123));
#3641=CARTESIAN_POINT('Ctrl Pts',(11.0930980553289,-12.4098836769393,24.4203188735601));
#3642=CARTESIAN_POINT('Ctrl Pts',(11.075972021445,-12.2563771272713,24.6492583022411));
#3643=CARTESIAN_POINT('Ctrl Pts',(10.9967967158772,-12.0513614323448,25.1408478135112));
#3644=CARTESIAN_POINT('Ctrl Pts',(10.9338082640736,-12.,25.4034077712979));
#3645=CARTESIAN_POINT('Ctrl Pts',(10.7767568988779,-12.,25.8867621724516));
#3646=CARTESIAN_POINT('Ctrl Pts',(10.6733867558069,-12.0513614323448,26.1362013233783));
#3647=CARTESIAN_POINT('Ctrl Pts',(10.4484918586398,-12.2563771272713,26.5804436692107));
#3648=CARTESIAN_POINT('Ctrl Pts',(10.3277798912512,-12.4098836769393,26.7757259878434));
#3649=CARTESIAN_POINT('Ctrl Pts',(10.1202967012927,-12.7618673269195,27.0784081242924));
#3650=CARTESIAN_POINT('Ctrl Pts',(10.0191664289084,-12.9848264754572,27.2068132028231));
#3651=CARTESIAN_POINT('Ctrl Pts',(9.87841857285874,-13.4765594018881,27.376538983966));
#3652=CARTESIAN_POINT('Ctrl Pts',(9.84025448735364,-13.7456282231649,27.4182068003412));
#3653=CARTESIAN_POINT('Ctrl Pts',(9.84025448735364,-14.,27.4182068003412));
#3654=CARTESIAN_POINT('Ctrl Pts',(9.84025448735364,-14.,27.4182068003412));
#3655=CARTESIAN_POINT('Ctrl Pts',(9.84025448735364,-14.2543717768351,27.4182068003412));
#3656=CARTESIAN_POINT('Ctrl Pts',(9.87841857285874,-14.5234405981119,27.376538983966));
#3657=CARTESIAN_POINT('Ctrl Pts',(10.0191664289084,-15.0151735245428,27.2068132028231));
#3658=CARTESIAN_POINT('Ctrl Pts',(10.1202967012927,-15.2381326730805,27.0784081242924));
#3659=CARTESIAN_POINT('Ctrl Pts',(10.3277798912512,-15.5901163230607,26.7757259878434));
#3660=CARTESIAN_POINT('Ctrl Pts',(10.4484918586398,-15.7436228727287,26.5804436692107));
#3661=CARTESIAN_POINT('Ctrl Pts',(10.6733867558069,-15.9486385676552,26.1362013233783));
#3662=CARTESIAN_POINT('Ctrl Pts',(10.7767568988779,-16.,25.8867621724516));
#3663=CARTESIAN_POINT('Ctrl Pts',(10.9338082640736,-16.,25.4034077712979));
#3664=CARTESIAN_POINT('Ctrl Pts',(10.9967967158772,-15.9486385676552,25.1408478135112));
#3665=CARTESIAN_POINT('Ctrl Pts',(11.075972021445,-15.7436228727287,24.6492583022411));
#3666=CARTESIAN_POINT('Ctrl Pts',(11.0930980553289,-15.5901163230607,24.4203188735601));
#3667=CARTESIAN_POINT('Ctrl Pts',(11.1031527245425,-15.2381326730805,24.053488322123));
#3668=CARTESIAN_POINT('Ctrl Pts',(11.0968112270176,-15.0151735245428,23.8901635487598));
#3669=CARTESIAN_POINT('Ctrl Pts',(11.0827061306412,-14.5234405981119,23.6701229933538));
#3670=CARTESIAN_POINT('Ctrl Pts',(11.0763224648534,-14.2543717768351,23.6139807351606));
#3671=CARTESIAN_POINT('Ctrl Pts',(11.0763224648534,-14.,23.6139807351606));
#3672=CARTESIAN_POINT('',(11.8618470738904,-14.,28.0750620494655));
#3673=CARTESIAN_POINT('',(5.48196601125011,-14.,26.0021130325903));
#3674=CARTESIAN_POINT('',(13.0979150513902,-14.,24.2708359842848));
#3675=CARTESIAN_POINT('Ctrl Pts',(13.0979150513902,-14.,24.2708359842848));
#3676=CARTESIAN_POINT('Ctrl Pts',(13.0979150513902,-14.2526808544587,24.2708359842848));
#3677=CARTESIAN_POINT('Ctrl Pts',(13.0972179933011,-14.5211710617452,24.3240109962216));
#3678=CARTESIAN_POINT('Ctrl Pts',(13.0872243468009,-15.013470527852,24.5358165845653));
#3679=CARTESIAN_POINT('Ctrl Pts',(13.0770793311128,-15.237412182881,24.6940983872882));
#3680=CARTESIAN_POINT('Ctrl Pts',(13.0371875287141,-15.5909719691533,25.0528915142457));
#3681=CARTESIAN_POINT('Ctrl Pts',(13.0046450749848,-15.7446752403993,25.2778025220209));
#3682=CARTESIAN_POINT('Ctrl Pts',(12.9041372442637,-15.9492270638291,25.7628465804661));
#3683=CARTESIAN_POINT('Ctrl Pts',(12.8354593137501,-16.,26.0228635972562));
#3684=CARTESIAN_POINT('Ctrl Pts',(12.6793319143821,-16.,26.5033743239931));
#3685=CARTESIAN_POINT('Ctrl Pts',(12.5820593594918,-15.9492270638291,26.7541003841168));
#3686=CARTESIAN_POINT('Ctrl Pts',(12.3782701583467,-15.7446752403993,27.2055862910573));
#3687=CARTESIAN_POINT('Ctrl Pts',(12.2723981830039,-15.5909719691533,27.406671092945));
#3688=CARTESIAN_POINT('Ctrl Pts',(12.0937780204311,-15.237412182881,27.7203886432559));
#3689=CARTESIAN_POINT('Ctrl Pts',(12.0089498011842,-15.013470527852,27.8544044021647));
#3690=CARTESIAN_POINT('Ctrl Pts',(11.8925386298572,-14.5211710617452,28.0316328406678));
#3691=CARTESIAN_POINT('Ctrl Pts',(11.8618470738904,-14.2526808544587,28.0750620494655));
#3692=CARTESIAN_POINT('Ctrl Pts',(11.8618470738904,-14.,28.0750620494655));
#3693=CARTESIAN_POINT('Ctrl Pts',(11.8618470738904,-14.,28.0750620494655));
#3694=CARTESIAN_POINT('Ctrl Pts',(11.8618470738904,-13.7473191455413,28.0750620494655));
#3695=CARTESIAN_POINT('Ctrl Pts',(11.8925386298572,-13.4788289382548,28.0316328406678));
#3696=CARTESIAN_POINT('Ctrl Pts',(12.0089498011842,-12.986529472148,27.8544044021647));
#3697=CARTESIAN_POINT('Ctrl Pts',(12.0937780204311,-12.762587817119,27.7203886432559));
#3698=CARTESIAN_POINT('Ctrl Pts',(12.2723981830039,-12.4090280308467,27.406671092945));
#3699=CARTESIAN_POINT('Ctrl Pts',(12.3782701583467,-12.2553247596007,27.2055862910573));
#3700=CARTESIAN_POINT('Ctrl Pts',(12.5820593594918,-12.0507729361709,26.7541003841168));
#3701=CARTESIAN_POINT('Ctrl Pts',(12.6793319143821,-12.,26.5033743239931));
#3702=CARTESIAN_POINT('Ctrl Pts',(12.8354593137501,-12.,26.0228635972562));
#3703=CARTESIAN_POINT('Ctrl Pts',(12.9041372442637,-12.0507729361709,25.7628465804661));
#3704=CARTESIAN_POINT('Ctrl Pts',(13.0046450749848,-12.2553247596007,25.2778025220209));
#3705=CARTESIAN_POINT('Ctrl Pts',(13.0371875287141,-12.4090280308467,25.0528915142457));
#3706=CARTESIAN_POINT('Ctrl Pts',(13.0770793311128,-12.762587817119,24.6940983872882));
#3707=CARTESIAN_POINT('Ctrl Pts',(13.0872243468009,-12.986529472148,24.5358165845653));
#3708=CARTESIAN_POINT('Ctrl Pts',(13.0972179933011,-13.4788289382548,24.3240109962216));
#3709=CARTESIAN_POINT('Ctrl Pts',(13.0979150513902,-13.7473191455413,24.2708359842848));
#3710=CARTESIAN_POINT('Ctrl Pts',(13.0979150513902,-14.,24.2708359842848));
#3711=CARTESIAN_POINT('Origin',(6.09999999999999,10.5,24.1));
#3712=CARTESIAN_POINT('',(8.4249493521436,10.5,30.7026214877098));
#3713=CARTESIAN_POINT('',(11.6610173296434,10.5,28.3514804785399));
#3714=CARTESIAN_POINT('Ctrl Pts',(8.4249493521436,10.5,30.7026214877098));
#3715=CARTESIAN_POINT('Ctrl Pts',(8.4249493521436,10.7526808544587,30.7026214877098));
#3716=CARTESIAN_POINT('Ctrl Pts',(8.47530639095452,11.0211710617452,30.6855265637074));
#3717=CARTESIAN_POINT('Ctrl Pts',(8.67365726933216,11.513470527852,30.61057051478));
#3718=CARTESIAN_POINT('Ctrl Pts',(8.82105722696687,11.737412182881,30.5520102645603));
#3719=CARTESIAN_POINT('Ctrl Pts',(9.14996252348429,12.0909719691533,30.4031977322475));
#3720=CARTESIAN_POINT('Ctrl Pts',(9.35380943177441,12.2446752403993,30.3027466959474));
#3721=CARTESIAN_POINT('Ctrl Pts',(9.78405511648835,12.4492270638291,30.0572712115213));
#3722=CARTESIAN_POINT('Ctrl Pts',(10.010123346987,12.5,29.9116049411658));
#3723=CARTESIAN_POINT('Ctrl Pts',(10.4188701851076,12.5,29.6146329800835));
#3724=CARTESIAN_POINT('Ctrl Pts',(10.6272659658459,12.4492270638291,29.4446426693875));
#3725=CARTESIAN_POINT('Ctrl Pts',(10.9936802532332,12.2446752403993,29.1113108037225));
#3726=CARTESIAN_POINT('Ctrl Pts',(11.1522070247874,12.0909719691533,28.9484819505859));
#3727=CARTESIAN_POINT('Ctrl Pts',(11.3953734795137,11.737412182881,28.6816600265496));
#3728=CARTESIAN_POINT('Ctrl Pts',(11.4966166789603,11.513470527852,28.5595704488522));
#3729=CARTESIAN_POINT('Ctrl Pts',(11.6291979099963,11.0211710617452,28.3940902464081));
#3730=CARTESIAN_POINT('Ctrl Pts',(11.6610173296434,10.7526808544587,28.3514804785399));
#3731=CARTESIAN_POINT('Ctrl Pts',(11.6610173296434,10.5,28.3514804785399));
#3732=CARTESIAN_POINT('Ctrl Pts',(11.6610173296434,10.5,28.3514804785399));
#3733=CARTESIAN_POINT('Ctrl Pts',(11.6610173296434,10.2473191455413,28.3514804785399));
#3734=CARTESIAN_POINT('Ctrl Pts',(11.6291979099963,9.97882893825477,28.3940902464081));
#3735=CARTESIAN_POINT('Ctrl Pts',(11.4966166789603,9.48652947214804,28.5595704488522));
#3736=CARTESIAN_POINT('Ctrl Pts',(11.3953734795137,9.26258781711902,28.6816600265496));
#3737=CARTESIAN_POINT('Ctrl Pts',(11.1522070247874,8.90902803084673,28.9484819505859));
#3738=CARTESIAN_POINT('Ctrl Pts',(10.9936802532332,8.75532475960066,29.1113108037225));
#3739=CARTESIAN_POINT('Ctrl Pts',(10.6272659658459,8.55077293617087,29.4446426693875));
#3740=CARTESIAN_POINT('Ctrl Pts',(10.4188701851076,8.5,29.6146329800835));
#3741=CARTESIAN_POINT('Ctrl Pts',(10.010123346987,8.5,29.9116049411658));
#3742=CARTESIAN_POINT('Ctrl Pts',(9.78405511648835,8.55077293617087,30.0572712115213));
#3743=CARTESIAN_POINT('Ctrl Pts',(9.35380943177441,8.75532475960066,30.3027466959474));
#3744=CARTESIAN_POINT('Ctrl Pts',(9.14996252348429,8.90902803084673,30.4031977322475));
#3745=CARTESIAN_POINT('Ctrl Pts',(8.82105722696687,9.26258781711902,30.5520102645603));
#3746=CARTESIAN_POINT('Ctrl Pts',(8.67365726933216,9.48652947214804,30.61057051478));
#3747=CARTESIAN_POINT('Ctrl Pts',(8.47530639095452,9.97882893825477,30.6855265637074));
#3748=CARTESIAN_POINT('Ctrl Pts',(8.4249493521436,10.2473191455413,30.7026214877098));
#3749=CARTESIAN_POINT('Ctrl Pts',(8.4249493521436,10.5,30.7026214877098));
#3750=CARTESIAN_POINT('',(10.4116043997589,10.5,26.6318111106439));
#3751=CARTESIAN_POINT('',(7.71803398874988,10.5,22.9244294954151));
#3752=CARTESIAN_POINT('',(7.17553642225907,10.5,28.9829521198138));
#3753=CARTESIAN_POINT('Ctrl Pts',(7.17553642225907,10.5,28.9829521198138));
#3754=CARTESIAN_POINT('Ctrl Pts',(7.17553642225907,10.2456282231649,28.9829521198138));
#3755=CARTESIAN_POINT('Ctrl Pts',(7.23090354396809,9.97655940188814,28.9716744348748));
#3756=CARTESIAN_POINT('Ctrl Pts',(7.44453326252371,9.48482647545719,28.9170929076244));
#3757=CARTESIAN_POINT('Ctrl Pts',(7.6018239830082,9.26186732691952,28.8726538995969));
#3758=CARTESIAN_POINT('Ctrl Pts',(7.94759350566877,8.90988367693933,28.7497344664722));
#3759=CARTESIAN_POINT('Ctrl Pts',(8.16003560563638,8.75637712727135,28.6627004662036));
#3760=CARTESIAN_POINT('Ctrl Pts',(8.6030984987169,8.55136143234481,28.4354907626748));
#3761=CARTESIAN_POINT('Ctrl Pts',(8.83334335543142,8.5,28.2944496961371));
#3762=CARTESIAN_POINT('Ctrl Pts',(9.24450916749329,8.5,27.9957202476123));
#3763=CARTESIAN_POINT('Ctrl Pts',(9.44979676648136,8.55136143234481,27.8203284627555));
#3764=CARTESIAN_POINT('Ctrl Pts',(9.80279999912669,8.75637712727134,27.4691622708399));
#3765=CARTESIAN_POINT('Ctrl Pts',(9.95122247143207,8.90988367693933,27.2940128125017));
#3766=CARTESIAN_POINT('Ctrl Pts',(10.1749744579237,9.26186732691952,27.0031506486136));
#3767=CARTESIAN_POINT('Ctrl Pts',(10.2658439717732,9.48482647545719,26.8672906926378));
#3768=CARTESIAN_POINT('Ctrl Pts',(10.3837693024712,9.97655940188814,26.6809833762304));
#3769=CARTESIAN_POINT('Ctrl Pts',(10.4116043997589,10.2456282231649,26.6318111106439));
#3770=CARTESIAN_POINT('Ctrl Pts',(10.4116043997589,10.5,26.6318111106439));
#3771=CARTESIAN_POINT('Ctrl Pts',(10.4116043997589,10.5,26.6318111106439));
#3772=CARTESIAN_POINT('Ctrl Pts',(10.4116043997589,10.7543717768351,26.6318111106439));
#3773=CARTESIAN_POINT('Ctrl Pts',(10.3837693024712,11.0234405981119,26.6809833762304));
#3774=CARTESIAN_POINT('Ctrl Pts',(10.2658439717732,11.5151735245428,26.8672906926378));
#3775=CARTESIAN_POINT('Ctrl Pts',(10.1749744579237,11.7381326730805,27.0031506486136));
#3776=CARTESIAN_POINT('Ctrl Pts',(9.95122247143207,12.0901163230607,27.2940128125017));
#3777=CARTESIAN_POINT('Ctrl Pts',(9.80279999912669,12.2436228727287,27.4691622708399));
#3778=CARTESIAN_POINT('Ctrl Pts',(9.44979676648136,12.4486385676552,27.8203284627555));
#3779=CARTESIAN_POINT('Ctrl Pts',(9.24450916749329,12.5,27.9957202476123));
#3780=CARTESIAN_POINT('Ctrl Pts',(8.83334335543142,12.5,28.2944496961371));
#3781=CARTESIAN_POINT('Ctrl Pts',(8.60309849871691,12.4486385676552,28.4354907626748));
#3782=CARTESIAN_POINT('Ctrl Pts',(8.16003560563638,12.2436228727287,28.6627004662036));
#3783=CARTESIAN_POINT('Ctrl Pts',(7.94759350566877,12.0901163230607,28.7497344664722));
#3784=CARTESIAN_POINT('Ctrl Pts',(7.6018239830082,11.7381326730805,28.8726538995969));
#3785=CARTESIAN_POINT('Ctrl Pts',(7.44453326252371,11.5151735245428,28.9170929076244));
#3786=CARTESIAN_POINT('Ctrl Pts',(7.23090354396809,11.0234405981119,28.9716744348748));
#3787=CARTESIAN_POINT('Ctrl Pts',(7.17553642225907,10.7543717768351,28.9829521198138));
#3788=CARTESIAN_POINT('Ctrl Pts',(7.17553642225907,10.5,28.9829521198138));
#3789=CARTESIAN_POINT('Origin',(6.09999999999999,-22.,24.1));
#3790=CARTESIAN_POINT('',(6.09999999999999,-22.5,18.6));
#3791=CARTESIAN_POINT('Origin',(6.09999999999999,-22.5,24.1));
#3792=CARTESIAN_POINT('',(6.09999999999999,-22.,19.1));
#3793=CARTESIAN_POINT('Origin',(6.09999999999999,-22.,18.6));
#3794=CARTESIAN_POINT('',(1.09999999999999,-22.,24.1));
#3795=CARTESIAN_POINT('Origin',(6.09999999999999,-22.,24.1));
#3796=CARTESIAN_POINT('Origin',(6.09999999999999,-22.,24.1));
#3797=CARTESIAN_POINT('Origin',(6.09999999999999,-22.5,24.1));
#3798=CARTESIAN_POINT('',(-0.400000000000007,-22.5,24.1));
#3799=CARTESIAN_POINT('Origin',(6.09999999999999,-22.5,24.1));
#3800=CARTESIAN_POINT('Origin',(6.09999999999999,0.,24.1));
#3801=CARTESIAN_POINT('',(1.09999999999999,0.,24.1));
#3802=CARTESIAN_POINT('',(1.09999999999999,0.,24.1));
#3803=CARTESIAN_POINT('',(1.09999999999999,0.,24.1));
#3804=CARTESIAN_POINT('',(1.09999999999999,0.,24.1));
#3805=CARTESIAN_POINT('',(1.09999999999999,22.,24.1));
#3806=CARTESIAN_POINT('',(1.09999999999999,0.,24.1));
#3807=CARTESIAN_POINT('Origin',(6.09999999999999,22.,24.1));
#3808=CARTESIAN_POINT('Origin',(6.09999999999999,-21.75,24.1));
#3809=CARTESIAN_POINT('',(-0.900000000000007,-21.,24.1));
#3810=CARTESIAN_POINT('Origin',(6.09999999999999,-21.,24.1));
#3811=CARTESIAN_POINT('',(-0.650000000000011,-21.75,24.1));
#3812=CARTESIAN_POINT('Origin',(6.09999999999999,0.,24.1));
#3813=CARTESIAN_POINT('',(-0.900000000000007,22.,24.1));
#3814=CARTESIAN_POINT('Origin',(6.09999999999999,22.,24.1));
#3815=CARTESIAN_POINT('',(-0.900000000000011,0.,24.1));
#3816=CARTESIAN_POINT('Origin',(6.09999999999999,22.25,24.1));
#3817=CARTESIAN_POINT('',(0.599999999999992,22.5,24.1));
#3818=CARTESIAN_POINT('',(0.84999999999999,22.25,24.1));
#3819=CARTESIAN_POINT('Origin',(6.09999999999999,22.5,24.1));
#3820=CARTESIAN_POINT('Origin',(6.09999999999999,22.5,24.1));
#3821=CARTESIAN_POINT('',(-0.400000000000007,22.5,24.1));
#3822=CARTESIAN_POINT('Origin',(6.09999999999999,22.5,24.1));
#3823=CARTESIAN_POINT('Origin',(6.09999999999999,22.25,24.1));
#3824=CARTESIAN_POINT('',(-0.650000000000011,22.25,24.1));
#3825=CARTESIAN_POINT('Origin',(6.09999999999999,10.5,24.1));
#3826=CARTESIAN_POINT('',(10.4116043997589,10.5,26.6318111106439));
#3827=CARTESIAN_POINT('Ctrl Pts',(7.17553642225907,10.5,28.9829521198138));
#3828=CARTESIAN_POINT('Ctrl Pts',(7.17553642225907,10.2456282231649,28.9829521198138));
#3829=CARTESIAN_POINT('Ctrl Pts',(7.23090354396809,9.97655940188814,28.9716744348748));
#3830=CARTESIAN_POINT('Ctrl Pts',(7.44453326252371,9.48482647545719,28.9170929076244));
#3831=CARTESIAN_POINT('Ctrl Pts',(7.6018239830082,9.26186732691952,28.8726538995969));
#3832=CARTESIAN_POINT('Ctrl Pts',(7.94759350566877,8.90988367693933,28.7497344664722));
#3833=CARTESIAN_POINT('Ctrl Pts',(8.16003560563638,8.75637712727135,28.6627004662036));
#3834=CARTESIAN_POINT('Ctrl Pts',(8.6030984987169,8.55136143234481,28.4354907626748));
#3835=CARTESIAN_POINT('Ctrl Pts',(8.83334335543142,8.5,28.2944496961371));
#3836=CARTESIAN_POINT('Ctrl Pts',(9.24450916749329,8.5,27.9957202476123));
#3837=CARTESIAN_POINT('Ctrl Pts',(9.44979676648136,8.55136143234481,27.8203284627555));
#3838=CARTESIAN_POINT('Ctrl Pts',(9.80279999912669,8.75637712727134,27.4691622708399));
#3839=CARTESIAN_POINT('Ctrl Pts',(9.95122247143207,8.90988367693933,27.2940128125017));
#3840=CARTESIAN_POINT('Ctrl Pts',(10.1749744579237,9.26186732691952,27.0031506486136));
#3841=CARTESIAN_POINT('Ctrl Pts',(10.2658439717732,9.48482647545719,26.8672906926378));
#3842=CARTESIAN_POINT('Ctrl Pts',(10.3837693024712,9.97655940188814,26.6809833762304));
#3843=CARTESIAN_POINT('Ctrl Pts',(10.4116043997589,10.2456282231649,26.6318111106439));
#3844=CARTESIAN_POINT('Ctrl Pts',(10.4116043997589,10.7543717768351,26.6318111106439));
#3845=CARTESIAN_POINT('Ctrl Pts',(10.3837693024712,11.0234405981119,26.6809833762304));
#3846=CARTESIAN_POINT('Ctrl Pts',(10.2658439717732,11.5151735245428,26.8672906926378));
#3847=CARTESIAN_POINT('Ctrl Pts',(10.1749744579237,11.7381326730805,27.0031506486136));
#3848=CARTESIAN_POINT('Ctrl Pts',(9.95122247143207,12.0901163230607,27.2940128125017));
#3849=CARTESIAN_POINT('Ctrl Pts',(9.80279999912669,12.2436228727287,27.4691622708399));
#3850=CARTESIAN_POINT('Ctrl Pts',(9.44979676648136,12.4486385676552,27.8203284627555));
#3851=CARTESIAN_POINT('Ctrl Pts',(9.24450916749329,12.5,27.9957202476123));
#3852=CARTESIAN_POINT('Ctrl Pts',(8.83334335543142,12.5,28.2944496961371));
#3853=CARTESIAN_POINT('Ctrl Pts',(8.60309849871691,12.4486385676552,28.4354907626748));
#3854=CARTESIAN_POINT('Ctrl Pts',(8.16003560563638,12.2436228727287,28.6627004662036));
#3855=CARTESIAN_POINT('Ctrl Pts',(7.94759350566877,12.0901163230607,28.7497344664722));
#3856=CARTESIAN_POINT('Ctrl Pts',(7.6018239830082,11.7381326730805,28.8726538995969));
#3857=CARTESIAN_POINT('Ctrl Pts',(7.44453326252371,11.5151735245428,28.9170929076244));
#3858=CARTESIAN_POINT('Ctrl Pts',(7.23090354396809,11.0234405981119,28.9716744348748));
#3859=CARTESIAN_POINT('Ctrl Pts',(7.17553642225907,10.7543717768351,28.9829521198138));
#3860=CARTESIAN_POINT('Ctrl Pts',(7.17553642225907,10.5,28.9829521198138));
#3861=CARTESIAN_POINT('',(11.6610173296434,10.5,28.3514804785399));
#3862=CARTESIAN_POINT('',(7.71803398874988,10.5,22.9244294954151));
#3863=CARTESIAN_POINT('Ctrl Pts',(8.4249493521436,10.5,30.7026214877098));
#3864=CARTESIAN_POINT('Ctrl Pts',(8.4249493521436,10.7526808544587,30.7026214877098));
#3865=CARTESIAN_POINT('Ctrl Pts',(8.47530639095452,11.0211710617452,30.6855265637074));
#3866=CARTESIAN_POINT('Ctrl Pts',(8.67365726933216,11.513470527852,30.61057051478));
#3867=CARTESIAN_POINT('Ctrl Pts',(8.82105722696687,11.737412182881,30.5520102645603));
#3868=CARTESIAN_POINT('Ctrl Pts',(9.14996252348429,12.0909719691533,30.4031977322475));
#3869=CARTESIAN_POINT('Ctrl Pts',(9.35380943177441,12.2446752403993,30.3027466959474));
#3870=CARTESIAN_POINT('Ctrl Pts',(9.78405511648835,12.4492270638291,30.0572712115213));
#3871=CARTESIAN_POINT('Ctrl Pts',(10.010123346987,12.5,29.9116049411658));
#3872=CARTESIAN_POINT('Ctrl Pts',(10.4188701851076,12.5,29.6146329800835));
#3873=CARTESIAN_POINT('Ctrl Pts',(10.6272659658459,12.4492270638291,29.4446426693875));
#3874=CARTESIAN_POINT('Ctrl Pts',(10.9936802532332,12.2446752403993,29.1113108037225));
#3875=CARTESIAN_POINT('Ctrl Pts',(11.1522070247874,12.0909719691533,28.9484819505859));
#3876=CARTESIAN_POINT('Ctrl Pts',(11.3953734795137,11.737412182881,28.6816600265496));
#3877=CARTESIAN_POINT('Ctrl Pts',(11.4966166789603,11.513470527852,28.5595704488522));
#3878=CARTESIAN_POINT('Ctrl Pts',(11.6291979099963,11.0211710617452,28.3940902464081));
#3879=CARTESIAN_POINT('Ctrl Pts',(11.6610173296434,10.7526808544587,28.3514804785399));
#3880=CARTESIAN_POINT('Ctrl Pts',(11.6610173296434,10.2473191455413,28.3514804785399));
#3881=CARTESIAN_POINT('Ctrl Pts',(11.6291979099963,9.97882893825477,28.3940902464081));
#3882=CARTESIAN_POINT('Ctrl Pts',(11.4966166789603,9.48652947214804,28.5595704488522));
#3883=CARTESIAN_POINT('Ctrl Pts',(11.3953734795137,9.26258781711902,28.6816600265496));
#3884=CARTESIAN_POINT('Ctrl Pts',(11.1522070247874,8.90902803084673,28.9484819505859));
#3885=CARTESIAN_POINT('Ctrl Pts',(10.9936802532332,8.75532475960066,29.1113108037225));
#3886=CARTESIAN_POINT('Ctrl Pts',(10.6272659658459,8.55077293617087,29.4446426693875));
#3887=CARTESIAN_POINT('Ctrl Pts',(10.4188701851076,8.5,29.6146329800835));
#3888=CARTESIAN_POINT('Ctrl Pts',(10.010123346987,8.5,29.9116049411658));
#3889=CARTESIAN_POINT('Ctrl Pts',(9.78405511648835,8.55077293617087,30.0572712115213));
#3890=CARTESIAN_POINT('Ctrl Pts',(9.35380943177441,8.75532475960066,30.3027466959474));
#3891=CARTESIAN_POINT('Ctrl Pts',(9.14996252348429,8.90902803084673,30.4031977322475));
#3892=CARTESIAN_POINT('Ctrl Pts',(8.82105722696687,9.26258781711902,30.5520102645603));
#3893=CARTESIAN_POINT('Ctrl Pts',(8.67365726933216,9.48652947214804,30.61057051478));
#3894=CARTESIAN_POINT('Ctrl Pts',(8.47530639095452,9.97882893825477,30.6855265637074));
#3895=CARTESIAN_POINT('Ctrl Pts',(8.4249493521436,10.2473191455413,30.7026214877098));
#3896=CARTESIAN_POINT('Ctrl Pts',(8.4249493521436,10.5,30.7026214877098));
#3897=CARTESIAN_POINT('Origin',(6.09999999999999,0.,24.1));
#3898=CARTESIAN_POINT('Origin',(6.09999999999999,0.,24.1));
#3899=CARTESIAN_POINT('Origin',(6.09999999999999,0.,24.1));
#3900=CARTESIAN_POINT('',(8.4249493521436,7.,17.4973785122902));
#3901=CARTESIAN_POINT('',(11.6610173296434,7.,19.8485195214601));
#3902=CARTESIAN_POINT('Ctrl Pts',(8.42494935214359,7.,17.4973785122902));
#3903=CARTESIAN_POINT('Ctrl Pts',(8.42494935214359,6.74731914554126,17.4973785122902));
#3904=CARTESIAN_POINT('Ctrl Pts',(8.47530639095452,6.47882893825477,17.5144734362926));
#3905=CARTESIAN_POINT('Ctrl Pts',(8.67365726933216,5.98652947214804,17.58942948522));
#3906=CARTESIAN_POINT('Ctrl Pts',(8.82105722696687,5.76258781711902,17.6479897354397));
#3907=CARTESIAN_POINT('Ctrl Pts',(9.14996252348428,5.40902803084673,17.7968022677525));
#3908=CARTESIAN_POINT('Ctrl Pts',(9.3538094317744,5.25532475960066,17.8972533040526));
#3909=CARTESIAN_POINT('Ctrl Pts',(9.78405511648834,5.05077293617087,18.1427287884787));
#3910=CARTESIAN_POINT('Ctrl Pts',(10.010123346987,5.,18.2883950588342));
#3911=CARTESIAN_POINT('Ctrl Pts',(10.4188701851076,5.,18.5853670199165));
#3912=CARTESIAN_POINT('Ctrl Pts',(10.6272659658459,5.05077293617087,18.7553573306126));
#3913=CARTESIAN_POINT('Ctrl Pts',(10.9936802532332,5.25532475960065,19.0886891962775));
#3914=CARTESIAN_POINT('Ctrl Pts',(11.1522070247874,5.40902803084673,19.2515180494142));
#3915=CARTESIAN_POINT('Ctrl Pts',(11.3953734795137,5.76258781711902,19.5183399734504));
#3916=CARTESIAN_POINT('Ctrl Pts',(11.4966166789603,5.98652947214804,19.6404295511478));
#3917=CARTESIAN_POINT('Ctrl Pts',(11.6291979099963,6.47882893825477,19.8059097535919));
#3918=CARTESIAN_POINT('Ctrl Pts',(11.6610173296434,6.74731914554125,19.8485195214601));
#3919=CARTESIAN_POINT('Ctrl Pts',(11.6610173296434,7.,19.8485195214601));
#3920=CARTESIAN_POINT('Ctrl Pts',(11.6610173296434,7.,19.8485195214601));
#3921=CARTESIAN_POINT('Ctrl Pts',(11.6610173296434,7.25268085445875,19.8485195214601));
#3922=CARTESIAN_POINT('Ctrl Pts',(11.6291979099963,7.52117106174523,19.8059097535919));
#3923=CARTESIAN_POINT('Ctrl Pts',(11.4966166789603,8.01347052785196,19.6404295511478));
#3924=CARTESIAN_POINT('Ctrl Pts',(11.3953734795137,8.23741218288099,19.5183399734504));
#3925=CARTESIAN_POINT('Ctrl Pts',(11.1522070247874,8.59097196915327,19.2515180494142));
#3926=CARTESIAN_POINT('Ctrl Pts',(10.9936802532332,8.74467524039934,19.0886891962775));
#3927=CARTESIAN_POINT('Ctrl Pts',(10.6272659658459,8.94922706382913,18.7553573306126));
#3928=CARTESIAN_POINT('Ctrl Pts',(10.4188701851076,9.,18.5853670199165));
#3929=CARTESIAN_POINT('Ctrl Pts',(10.010123346987,9.,18.2883950588342));
#3930=CARTESIAN_POINT('Ctrl Pts',(9.78405511648834,8.94922706382913,18.1427287884787));
#3931=CARTESIAN_POINT('Ctrl Pts',(9.3538094317744,8.74467524039934,17.8972533040526));
#3932=CARTESIAN_POINT('Ctrl Pts',(9.14996252348428,8.59097196915327,17.7968022677525));
#3933=CARTESIAN_POINT('Ctrl Pts',(8.82105722696687,8.23741218288099,17.6479897354397));
#3934=CARTESIAN_POINT('Ctrl Pts',(8.67365726933216,8.01347052785196,17.58942948522));
#3935=CARTESIAN_POINT('Ctrl Pts',(8.47530639095451,7.52117106174523,17.5144734362926));
#3936=CARTESIAN_POINT('Ctrl Pts',(8.42494935214359,7.25268085445875,17.4973785122902));
#3937=CARTESIAN_POINT('Ctrl Pts',(8.42494935214359,7.,17.4973785122902));
#3938=CARTESIAN_POINT('Origin',(6.09999999999999,0.,24.1));
#3939=CARTESIAN_POINT('',(7.17553642225907,7.,19.2170478801862));
#3940=CARTESIAN_POINT('',(10.4116043997589,7.,21.5681888893561));
#3941=CARTESIAN_POINT('Ctrl Pts',(7.17553642225907,7.,19.2170478801862));
#3942=CARTESIAN_POINT('Ctrl Pts',(7.17553642225907,7.2543717768351,19.2170478801862));
#3943=CARTESIAN_POINT('Ctrl Pts',(7.23090354396808,7.52344059811186,19.2283255651252));
#3944=CARTESIAN_POINT('Ctrl Pts',(7.44453326252371,8.01517352454282,19.2829070923756));
#3945=CARTESIAN_POINT('Ctrl Pts',(7.6018239830082,8.23813267308049,19.3273461004031));
#3946=CARTESIAN_POINT('Ctrl Pts',(7.94759350566877,8.59011632306067,19.4502655335278));
#3947=CARTESIAN_POINT('Ctrl Pts',(8.16003560563638,8.74362287272866,19.5372995337964));
#3948=CARTESIAN_POINT('Ctrl Pts',(8.6030984987169,8.94863856765519,19.7645092373252));
#3949=CARTESIAN_POINT('Ctrl Pts',(8.83334335543142,9.,19.9055503038629));
#3950=CARTESIAN_POINT('Ctrl Pts',(9.24450916749329,9.,20.2042797523877));
#3951=CARTESIAN_POINT('Ctrl Pts',(9.44979676648136,8.94863856765519,20.3796715372446));
#3952=CARTESIAN_POINT('Ctrl Pts',(9.80279999912668,8.74362287272866,20.7308377291601));
#3953=CARTESIAN_POINT('Ctrl Pts',(9.95122247143207,8.59011632306067,20.9059871874983));
#3954=CARTESIAN_POINT('Ctrl Pts',(10.1749744579237,8.23813267308049,21.1968493513864));
#3955=CARTESIAN_POINT('Ctrl Pts',(10.2658439717732,8.01517352454282,21.3327093073623));
#3956=CARTESIAN_POINT('Ctrl Pts',(10.3837693024712,7.52344059811186,21.5190166237696));
#3957=CARTESIAN_POINT('Ctrl Pts',(10.4116043997589,7.2543717768351,21.5681888893561));
#3958=CARTESIAN_POINT('Ctrl Pts',(10.4116043997589,7.,21.5681888893561));
#3959=CARTESIAN_POINT('Ctrl Pts',(10.4116043997589,7.,21.5681888893561));
#3960=CARTESIAN_POINT('Ctrl Pts',(10.4116043997589,6.7456282231649,21.5681888893561));
#3961=CARTESIAN_POINT('Ctrl Pts',(10.3837693024712,6.47655940188814,21.5190166237696));
#3962=CARTESIAN_POINT('Ctrl Pts',(10.2658439717732,5.98482647545719,21.3327093073623));
#3963=CARTESIAN_POINT('Ctrl Pts',(10.1749744579237,5.76186732691952,21.1968493513864));
#3964=CARTESIAN_POINT('Ctrl Pts',(9.95122247143207,5.40988367693933,20.9059871874983));
#3965=CARTESIAN_POINT('Ctrl Pts',(9.80279999912668,5.25637712727135,20.7308377291601));
#3966=CARTESIAN_POINT('Ctrl Pts',(9.44979676648136,5.05136143234481,20.3796715372446));
#3967=CARTESIAN_POINT('Ctrl Pts',(9.24450916749329,5.,20.2042797523877));
#3968=CARTESIAN_POINT('Ctrl Pts',(8.83334335543142,5.,19.9055503038629));
#3969=CARTESIAN_POINT('Ctrl Pts',(8.6030984987169,5.05136143234481,19.7645092373252));
#3970=CARTESIAN_POINT('Ctrl Pts',(8.16003560563638,5.25637712727134,19.5372995337964));
#3971=CARTESIAN_POINT('Ctrl Pts',(7.94759350566877,5.40988367693933,19.4502655335278));
#3972=CARTESIAN_POINT('Ctrl Pts',(7.6018239830082,5.76186732691952,19.3273461004031));
#3973=CARTESIAN_POINT('Ctrl Pts',(7.44453326252371,5.98482647545718,19.2829070923756));
#3974=CARTESIAN_POINT('Ctrl Pts',(7.23090354396808,6.47655940188814,19.2283255651252));
#3975=CARTESIAN_POINT('Ctrl Pts',(7.17553642225907,6.7456282231649,19.2170478801862));
#3976=CARTESIAN_POINT('Ctrl Pts',(7.17553642225907,7.,19.2170478801862));
#3977=CARTESIAN_POINT('Origin',(6.09999999999999,7.,24.1));
#3978=CARTESIAN_POINT('',(7.71803398874988,7.,25.2755705045849));
#3979=CARTESIAN_POINT('Origin',(6.09999999999999,7.,24.1));
#3980=CARTESIAN_POINT('',(5.02446357774092,7.,28.9829521198138));
#3981=CARTESIAN_POINT('Ctrl Pts',(1.78839560024112,7.,26.6318111106439));
#3982=CARTESIAN_POINT('Ctrl Pts',(1.78839560024112,6.7456282231649,26.6318111106439));
#3983=CARTESIAN_POINT('Ctrl Pts',(1.81623069752876,6.47655940188814,26.6809833762304));
#3984=CARTESIAN_POINT('Ctrl Pts',(1.93415602822683,5.98482647545719,26.8672906926378));
#3985=CARTESIAN_POINT('Ctrl Pts',(2.02502554207629,5.76186732691951,27.0031506486136));
#3986=CARTESIAN_POINT('Ctrl Pts',(2.24877752856791,5.40988367693933,27.2940128125017));
#3987=CARTESIAN_POINT('Ctrl Pts',(2.39720000087329,5.25637712727135,27.4691622708399));
#3988=CARTESIAN_POINT('Ctrl Pts',(2.75020323351862,5.05136143234481,27.8203284627555));
#3989=CARTESIAN_POINT('Ctrl Pts',(2.95549083250669,5.,27.9957202476123));
#3990=CARTESIAN_POINT('Ctrl Pts',(3.36665664456856,5.,28.2944496961371));
#3991=CARTESIAN_POINT('Ctrl Pts',(3.59690150128308,5.05136143234481,28.4354907626748));
#3992=CARTESIAN_POINT('Ctrl Pts',(4.0399643943636,5.25637712727135,28.6627004662036));
#3993=CARTESIAN_POINT('Ctrl Pts',(4.25240649433121,5.40988367693933,28.7497344664722));
#3994=CARTESIAN_POINT('Ctrl Pts',(4.59817601699178,5.76186732691951,28.8726538995969));
#3995=CARTESIAN_POINT('Ctrl Pts',(4.75546673747627,5.98482647545719,28.9170929076244));
#3996=CARTESIAN_POINT('Ctrl Pts',(4.9690964560319,6.47655940188814,28.9716744348748));
#3997=CARTESIAN_POINT('Ctrl Pts',(5.02446357774091,6.7456282231649,28.9829521198138));
#3998=CARTESIAN_POINT('Ctrl Pts',(5.02446357774091,7.2543717768351,28.9829521198138));
#3999=CARTESIAN_POINT('Ctrl Pts',(4.9690964560319,7.52344059811186,28.9716744348748));
#4000=CARTESIAN_POINT('Ctrl Pts',(4.75546673747627,8.01517352454282,28.9170929076244));
#4001=CARTESIAN_POINT('Ctrl Pts',(4.59817601699178,8.23813267308049,28.8726538995969));
#4002=CARTESIAN_POINT('Ctrl Pts',(4.25240649433121,8.59011632306067,28.7497344664722));
#4003=CARTESIAN_POINT('Ctrl Pts',(4.0399643943636,8.74362287272866,28.6627004662036));
#4004=CARTESIAN_POINT('Ctrl Pts',(3.59690150128308,8.94863856765519,28.4354907626748));
#4005=CARTESIAN_POINT('Ctrl Pts',(3.36665664456856,9.,28.2944496961371));
#4006=CARTESIAN_POINT('Ctrl Pts',(2.95549083250669,9.,27.9957202476123));
#4007=CARTESIAN_POINT('Ctrl Pts',(2.75020323351862,8.94863856765519,27.8203284627555));
#4008=CARTESIAN_POINT('Ctrl Pts',(2.39720000087329,8.74362287272866,27.4691622708399));
#4009=CARTESIAN_POINT('Ctrl Pts',(2.24877752856791,8.59011632306067,27.2940128125017));
#4010=CARTESIAN_POINT('Ctrl Pts',(2.02502554207629,8.23813267308049,27.0031506486136));
#4011=CARTESIAN_POINT('Ctrl Pts',(1.93415602822683,8.01517352454282,26.8672906926378));
#4012=CARTESIAN_POINT('Ctrl Pts',(1.81623069752876,7.52344059811186,26.6809833762304));
#4013=CARTESIAN_POINT('Ctrl Pts',(1.78839560024112,7.2543717768351,26.6318111106439));
#4014=CARTESIAN_POINT('Ctrl Pts',(1.78839560024112,7.,26.6318111106439));
#4015=CARTESIAN_POINT('',(3.77505064785639,7.,30.7026214877098));
#4016=CARTESIAN_POINT('',(7.71803398874988,7.,25.2755705045849));
#4017=CARTESIAN_POINT('Ctrl Pts',(0.538982670356594,7.,28.3514804785399));
#4018=CARTESIAN_POINT('Ctrl Pts',(0.538982670356594,7.25268085445875,28.3514804785399));
#4019=CARTESIAN_POINT('Ctrl Pts',(0.570802090003632,7.52117106174523,28.3940902464081));
#4020=CARTESIAN_POINT('Ctrl Pts',(0.70338332103965,8.01347052785196,28.5595704488522));
#4021=CARTESIAN_POINT('Ctrl Pts',(0.80462652048627,8.23741218288099,28.6816600265496));
#4022=CARTESIAN_POINT('Ctrl Pts',(1.04779297521256,8.59097196915327,28.9484819505859));
#4023=CARTESIAN_POINT('Ctrl Pts',(1.20631974676676,8.74467524039935,29.1113108037225));
#4024=CARTESIAN_POINT('Ctrl Pts',(1.57273403415406,8.94922706382913,29.4446426693875));
#4025=CARTESIAN_POINT('Ctrl Pts',(1.78112981489238,9.,29.6146329800835));
#4026=CARTESIAN_POINT('Ctrl Pts',(2.18987665301298,9.,29.9116049411658));
#4027=CARTESIAN_POINT('Ctrl Pts',(2.41594488351164,8.94922706382913,30.0572712115213));
#4028=CARTESIAN_POINT('Ctrl Pts',(2.84619056822557,8.74467524039934,30.3027466959474));
#4029=CARTESIAN_POINT('Ctrl Pts',(3.0500374765157,8.59097196915327,30.4031977322475));
#4030=CARTESIAN_POINT('Ctrl Pts',(3.37894277303311,8.23741218288099,30.5520102645603));
#4031=CARTESIAN_POINT('Ctrl Pts',(3.52634273066782,8.01347052785196,30.61057051478));
#4032=CARTESIAN_POINT('Ctrl Pts',(3.72469360904546,7.52117106174523,30.6855265637074));
#4033=CARTESIAN_POINT('Ctrl Pts',(3.77505064785638,7.25268085445875,30.7026214877098));
#4034=CARTESIAN_POINT('Ctrl Pts',(3.77505064785638,6.74731914554125,30.7026214877098));
#4035=CARTESIAN_POINT('Ctrl Pts',(3.72469360904546,6.47882893825477,30.6855265637074));
#4036=CARTESIAN_POINT('Ctrl Pts',(3.52634273066782,5.98652947214804,30.61057051478));
#4037=CARTESIAN_POINT('Ctrl Pts',(3.37894277303311,5.76258781711902,30.5520102645603));
#4038=CARTESIAN_POINT('Ctrl Pts',(3.0500374765157,5.40902803084673,30.4031977322475));
#4039=CARTESIAN_POINT('Ctrl Pts',(2.84619056822558,5.25532475960066,30.3027466959474));
#4040=CARTESIAN_POINT('Ctrl Pts',(2.41594488351164,5.05077293617087,30.0572712115213));
#4041=CARTESIAN_POINT('Ctrl Pts',(2.18987665301298,5.,29.9116049411658));
#4042=CARTESIAN_POINT('Ctrl Pts',(1.78112981489238,5.,29.6146329800835));
#4043=CARTESIAN_POINT('Ctrl Pts',(1.57273403415406,5.05077293617087,29.4446426693875));
#4044=CARTESIAN_POINT('Ctrl Pts',(1.20631974676676,5.25532475960065,29.1113108037225));
#4045=CARTESIAN_POINT('Ctrl Pts',(1.04779297521256,5.40902803084673,28.9484819505859));
#4046=CARTESIAN_POINT('Ctrl Pts',(0.80462652048627,5.76258781711902,28.6816600265496));
#4047=CARTESIAN_POINT('Ctrl Pts',(0.70338332103965,5.98652947214804,28.5595704488522));
#4048=CARTESIAN_POINT('Ctrl Pts',(0.570802090003632,6.47882893825477,28.3940902464081));
#4049=CARTESIAN_POINT('Ctrl Pts',(0.538982670356594,6.74731914554126,28.3514804785399));
#4050=CARTESIAN_POINT('Ctrl Pts',(0.538982670356595,7.,28.3514804785399));
#4051=CARTESIAN_POINT('Origin',(6.09999999999999,0.,24.1));
#4052=CARTESIAN_POINT('Origin',(6.09999999999999,0.,24.1));
#4053=CARTESIAN_POINT('Origin',(6.09999999999999,0.,24.1));
#4054=CARTESIAN_POINT('',(13.0979150513902,3.5,24.2708359842848));
#4055=CARTESIAN_POINT('',(11.8618470738904,3.5,28.0750620494655));
#4056=CARTESIAN_POINT('Ctrl Pts',(13.0979150513902,3.5,24.2708359842848));
#4057=CARTESIAN_POINT('Ctrl Pts',(13.0979150513902,3.24731914554125,24.2708359842848));
#4058=CARTESIAN_POINT('Ctrl Pts',(13.0972179933011,2.97882893825477,24.3240109962216));
#4059=CARTESIAN_POINT('Ctrl Pts',(13.0872243468009,2.48652947214804,24.5358165845653));
#4060=CARTESIAN_POINT('Ctrl Pts',(13.0770793311128,2.26258781711902,24.6940983872882));
#4061=CARTESIAN_POINT('Ctrl Pts',(13.0371875287141,1.90902803084673,25.0528915142457));
#4062=CARTESIAN_POINT('Ctrl Pts',(13.0046450749848,1.75532475960065,25.2778025220209));
#4063=CARTESIAN_POINT('Ctrl Pts',(12.9041372442637,1.55077293617087,25.7628465804661));
#4064=CARTESIAN_POINT('Ctrl Pts',(12.8354593137501,1.5,26.0228635972562));
#4065=CARTESIAN_POINT('Ctrl Pts',(12.6793319143821,1.5,26.5033743239931));
#4066=CARTESIAN_POINT('Ctrl Pts',(12.5820593594918,1.55077293617087,26.7541003841168));
#4067=CARTESIAN_POINT('Ctrl Pts',(12.3782701583467,1.75532475960066,27.2055862910573));
#4068=CARTESIAN_POINT('Ctrl Pts',(12.2723981830039,1.90902803084673,27.406671092945));
#4069=CARTESIAN_POINT('Ctrl Pts',(12.0937780204311,2.26258781711902,27.7203886432559));
#4070=CARTESIAN_POINT('Ctrl Pts',(12.0089498011842,2.48652947214805,27.8544044021647));
#4071=CARTESIAN_POINT('Ctrl Pts',(11.8925386298572,2.97882893825478,28.0316328406678));
#4072=CARTESIAN_POINT('Ctrl Pts',(11.8618470738904,3.24731914554126,28.0750620494655));
#4073=CARTESIAN_POINT('Ctrl Pts',(11.8618470738904,3.5,28.0750620494655));
#4074=CARTESIAN_POINT('Ctrl Pts',(11.8618470738904,3.5,28.0750620494655));
#4075=CARTESIAN_POINT('Ctrl Pts',(11.8618470738904,3.75268085445874,28.0750620494655));
#4076=CARTESIAN_POINT('Ctrl Pts',(11.8925386298572,4.02117106174523,28.0316328406678));
#4077=CARTESIAN_POINT('Ctrl Pts',(12.0089498011842,4.51347052785196,27.8544044021647));
#4078=CARTESIAN_POINT('Ctrl Pts',(12.0937780204311,4.73741218288098,27.7203886432559));
#4079=CARTESIAN_POINT('Ctrl Pts',(12.2723981830039,5.09097196915327,27.406671092945));
#4080=CARTESIAN_POINT('Ctrl Pts',(12.3782701583467,5.24467524039935,27.2055862910573));
#4081=CARTESIAN_POINT('Ctrl Pts',(12.5820593594918,5.44922706382913,26.7541003841168));
#4082=CARTESIAN_POINT('Ctrl Pts',(12.6793319143821,5.5,26.5033743239931));
#4083=CARTESIAN_POINT('Ctrl Pts',(12.8354593137501,5.5,26.0228635972562));
#4084=CARTESIAN_POINT('Ctrl Pts',(12.9041372442637,5.44922706382913,25.7628465804661));
#4085=CARTESIAN_POINT('Ctrl Pts',(13.0046450749848,5.24467524039935,25.2778025220209));
#4086=CARTESIAN_POINT('Ctrl Pts',(13.0371875287141,5.09097196915327,25.0528915142457));
#4087=CARTESIAN_POINT('Ctrl Pts',(13.0770793311128,4.73741218288099,24.6940983872882));
#4088=CARTESIAN_POINT('Ctrl Pts',(13.0872243468009,4.51347052785196,24.5358165845653));
#4089=CARTESIAN_POINT('Ctrl Pts',(13.0972179933011,4.02117106174523,24.3240109962216));
#4090=CARTESIAN_POINT('Ctrl Pts',(13.0979150513902,3.75268085445875,24.2708359842848));
#4091=CARTESIAN_POINT('Ctrl Pts',(13.0979150513902,3.5,24.2708359842848));
#4092=CARTESIAN_POINT('Origin',(6.09999999999999,0.,24.1));
#4093=CARTESIAN_POINT('',(11.0763224648534,3.5,23.6139807351606));
#4094=CARTESIAN_POINT('',(9.84025448735364,3.5,27.4182068003412));
#4095=CARTESIAN_POINT('Ctrl Pts',(11.0763224648534,3.5,23.6139807351606));
#4096=CARTESIAN_POINT('Ctrl Pts',(11.0763224648534,3.7543717768351,23.6139807351606));
#4097=CARTESIAN_POINT('Ctrl Pts',(11.0827061306412,4.02344059811186,23.6701229933538));
#4098=CARTESIAN_POINT('Ctrl Pts',(11.0968112270176,4.51517352454282,23.8901635487598));
#4099=CARTESIAN_POINT('Ctrl Pts',(11.1031527245425,4.73813267308049,24.053488322123));
#4100=CARTESIAN_POINT('Ctrl Pts',(11.0930980553289,5.09011632306067,24.4203188735601));
#4101=CARTESIAN_POINT('Ctrl Pts',(11.075972021445,5.24362287272866,24.6492583022411));
#4102=CARTESIAN_POINT('Ctrl Pts',(10.9967967158772,5.44863856765519,25.1408478135112));
#4103=CARTESIAN_POINT('Ctrl Pts',(10.9338082640736,5.5,25.4034077712979));
#4104=CARTESIAN_POINT('Ctrl Pts',(10.7767568988779,5.5,25.8867621724516));
#4105=CARTESIAN_POINT('Ctrl Pts',(10.6733867558069,5.44863856765519,26.1362013233783));
#4106=CARTESIAN_POINT('Ctrl Pts',(10.4484918586398,5.24362287272865,26.5804436692107));
#4107=CARTESIAN_POINT('Ctrl Pts',(10.3277798912512,5.09011632306067,26.7757259878435));
#4108=CARTESIAN_POINT('Ctrl Pts',(10.1202967012927,4.73813267308048,27.0784081242924));
#4109=CARTESIAN_POINT('Ctrl Pts',(10.0191664289084,4.51517352454281,27.2068132028231));
#4110=CARTESIAN_POINT('Ctrl Pts',(9.87841857285874,4.02344059811186,27.376538983966));
#4111=CARTESIAN_POINT('Ctrl Pts',(9.84025448735364,3.7543717768351,27.4182068003412));
#4112=CARTESIAN_POINT('Ctrl Pts',(9.84025448735364,3.5,27.4182068003412));
#4113=CARTESIAN_POINT('Ctrl Pts',(9.84025448735364,3.5,27.4182068003412));
#4114=CARTESIAN_POINT('Ctrl Pts',(9.84025448735364,3.2456282231649,27.4182068003412));
#4115=CARTESIAN_POINT('Ctrl Pts',(9.87841857285874,2.97655940188814,27.376538983966));
#4116=CARTESIAN_POINT('Ctrl Pts',(10.0191664289084,2.48482647545719,27.2068132028231));
#4117=CARTESIAN_POINT('Ctrl Pts',(10.1202967012927,2.26186732691952,27.0784081242924));
#4118=CARTESIAN_POINT('Ctrl Pts',(10.3277798912512,1.90988367693933,26.7757259878434));
#4119=CARTESIAN_POINT('Ctrl Pts',(10.4484918586398,1.75637712727134,26.5804436692107));
#4120=CARTESIAN_POINT('Ctrl Pts',(10.6733867558069,1.55136143234481,26.1362013233783));
#4121=CARTESIAN_POINT('Ctrl Pts',(10.7767568988779,1.5,25.8867621724516));
#4122=CARTESIAN_POINT('Ctrl Pts',(10.9338082640736,1.5,25.4034077712979));
#4123=CARTESIAN_POINT('Ctrl Pts',(10.9967967158772,1.55136143234481,25.1408478135112));
#4124=CARTESIAN_POINT('Ctrl Pts',(11.075972021445,1.75637712727134,24.6492583022411));
#4125=CARTESIAN_POINT('Ctrl Pts',(11.0930980553289,1.90988367693933,24.4203188735601));
#4126=CARTESIAN_POINT('Ctrl Pts',(11.1031527245425,2.26186732691951,24.053488322123));
#4127=CARTESIAN_POINT('Ctrl Pts',(11.0968112270176,2.48482647545718,23.8901635487598));
#4128=CARTESIAN_POINT('Ctrl Pts',(11.0827061306412,2.97655940188814,23.6701229933538));
#4129=CARTESIAN_POINT('Ctrl Pts',(11.0763224648534,3.2456282231649,23.6139807351606));
#4130=CARTESIAN_POINT('Ctrl Pts',(11.0763224648534,3.5,23.6139807351606));
#4131=CARTESIAN_POINT('Origin',(6.1,3.5,24.1));
#4132=CARTESIAN_POINT('',(5.48196601125011,3.5,26.0021130325903));
#4133=CARTESIAN_POINT('Origin',(6.1,3.5,24.1));
#4134=CARTESIAN_POINT('',(1.12367753514655,3.5,24.5860192648394));
#4135=CARTESIAN_POINT('Ctrl Pts',(2.35974551264634,3.5,20.7817931996588));
#4136=CARTESIAN_POINT('Ctrl Pts',(2.35974551264634,3.2456282231649,20.7817931996588));
#4137=CARTESIAN_POINT('Ctrl Pts',(2.32158142714125,2.97655940188814,20.823461016034));
#4138=CARTESIAN_POINT('Ctrl Pts',(2.18083357109159,2.48482647545718,20.9931867971769));
#4139=CARTESIAN_POINT('Ctrl Pts',(2.07970329870725,2.26186732691951,21.1215918757076));
#4140=CARTESIAN_POINT('Ctrl Pts',(1.87222010874881,1.90988367693933,21.4242740121566));
#4141=CARTESIAN_POINT('Ctrl Pts',(1.75150814136022,1.75637712727134,21.6195563307893));
#4142=CARTESIAN_POINT('Ctrl Pts',(1.52661324419309,1.55136143234481,22.0637986766217));
#4143=CARTESIAN_POINT('Ctrl Pts',(1.42324310112206,1.5,22.3132378275484));
#4144=CARTESIAN_POINT('Ctrl Pts',(1.26619173592638,1.5,22.7965922287021));
#4145=CARTESIAN_POINT('Ctrl Pts',(1.20320328412273,1.55136143234481,23.0591521864888));
#4146=CARTESIAN_POINT('Ctrl Pts',(1.12402797855503,1.75637712727135,23.5507416977589));
#4147=CARTESIAN_POINT('Ctrl Pts',(1.10690194467103,1.90988367693933,23.7796811264399));
#4148=CARTESIAN_POINT('Ctrl Pts',(1.09684727545747,2.26186732691952,24.146511677877));
#4149=CARTESIAN_POINT('Ctrl Pts',(1.10318877298238,2.48482647545719,24.3098364512402));
#4150=CARTESIAN_POINT('Ctrl Pts',(1.11729386935877,2.97655940188815,24.5298770066461));
#4151=CARTESIAN_POINT('Ctrl Pts',(1.12367753514655,3.2456282231649,24.5860192648394));
#4152=CARTESIAN_POINT('Ctrl Pts',(1.12367753514655,3.7543717768351,24.5860192648394));
#4153=CARTESIAN_POINT('Ctrl Pts',(1.11729386935877,4.02344059811186,24.5298770066461));
#4154=CARTESIAN_POINT('Ctrl Pts',(1.10318877298238,4.51517352454281,24.3098364512402));
#4155=CARTESIAN_POINT('Ctrl Pts',(1.09684727545747,4.73813267308048,24.146511677877));
#4156=CARTESIAN_POINT('Ctrl Pts',(1.10690194467103,5.09011632306067,23.7796811264399));
#4157=CARTESIAN_POINT('Ctrl Pts',(1.12402797855503,5.24362287272866,23.5507416977589));
#4158=CARTESIAN_POINT('Ctrl Pts',(1.20320328412273,5.44863856765519,23.0591521864888));
#4159=CARTESIAN_POINT('Ctrl Pts',(1.26619173592638,5.5,22.7965922287021));
#4160=CARTESIAN_POINT('Ctrl Pts',(1.42324310112206,5.5,22.3132378275484));
#4161=CARTESIAN_POINT('Ctrl Pts',(1.52661324419309,5.44863856765519,22.0637986766217));
#4162=CARTESIAN_POINT('Ctrl Pts',(1.75150814136022,5.24362287272866,21.6195563307893));
#4163=CARTESIAN_POINT('Ctrl Pts',(1.87222010874881,5.09011632306067,21.4242740121566));
#4164=CARTESIAN_POINT('Ctrl Pts',(2.07970329870725,4.73813267308049,21.1215918757076));
#4165=CARTESIAN_POINT('Ctrl Pts',(2.18083357109159,4.51517352454282,20.9931867971769));
#4166=CARTESIAN_POINT('Ctrl Pts',(2.32158142714125,4.02344059811186,20.823461016034));
#4167=CARTESIAN_POINT('Ctrl Pts',(2.35974551264634,3.7543717768351,20.7817931996588));
#4168=CARTESIAN_POINT('Ctrl Pts',(2.35974551264634,3.5,20.7817931996588));
#4169=CARTESIAN_POINT('',(-0.897915051390201,3.5,23.9291640157152));
#4170=CARTESIAN_POINT('',(5.48196601125011,3.5,26.0021130325903));
#4171=CARTESIAN_POINT('Ctrl Pts',(0.338152926109585,3.5,20.1249379505345));
#4172=CARTESIAN_POINT('Ctrl Pts',(0.338152926109585,3.75268085445875,20.1249379505345));
#4173=CARTESIAN_POINT('Ctrl Pts',(0.307461370142828,4.02117106174523,20.1683671593322));
#4174=CARTESIAN_POINT('Ctrl Pts',(0.191050198815746,4.51347052785196,20.3455955978353));
#4175=CARTESIAN_POINT('Ctrl Pts',(0.106221979568833,4.73741218288098,20.4796113567441));
#4176=CARTESIAN_POINT('Ctrl Pts',(-0.0723981830039234,5.09097196915327,
20.793328907055));
#4177=CARTESIAN_POINT('Ctrl Pts',(-0.17827015834676,5.24467524039935,20.9944137089427));
#4178=CARTESIAN_POINT('Ctrl Pts',(-0.382059359491775,5.44922706382913,21.4458996158832));
#4179=CARTESIAN_POINT('Ctrl Pts',(-0.479331914382077,5.5,21.6966256760069));
#4180=CARTESIAN_POINT('Ctrl Pts',(-0.635459313750098,5.5,22.1771364027438));
#4181=CARTESIAN_POINT('Ctrl Pts',(-0.704137244263703,5.44922706382913,22.4371534195339));
#4182=CARTESIAN_POINT('Ctrl Pts',(-0.804645074984814,5.24467524039934,22.9221974779791));
#4183=CARTESIAN_POINT('Ctrl Pts',(-0.837187528714139,5.09097196915327,23.1471084857543));
#4184=CARTESIAN_POINT('Ctrl Pts',(-0.877079331112802,4.73741218288098,23.5059016127119));
#4185=CARTESIAN_POINT('Ctrl Pts',(-0.887224346800876,4.51347052785196,23.6641834154347));
#4186=CARTESIAN_POINT('Ctrl Pts',(-0.897217993301113,4.02117106174523,23.8759890037784));
#4187=CARTESIAN_POINT('Ctrl Pts',(-0.897915051390207,3.75268085445875,23.9291640157152));
#4188=CARTESIAN_POINT('Ctrl Pts',(-0.897915051390207,3.24731914554126,23.9291640157152));
#4189=CARTESIAN_POINT('Ctrl Pts',(-0.897217993301113,2.97882893825477,23.8759890037784));
#4190=CARTESIAN_POINT('Ctrl Pts',(-0.887224346800876,2.48652947214804,23.6641834154347));
#4191=CARTESIAN_POINT('Ctrl Pts',(-0.877079331112802,2.26258781711902,23.5059016127119));
#4192=CARTESIAN_POINT('Ctrl Pts',(-0.83718752871414,1.90902803084673,23.1471084857544));
#4193=CARTESIAN_POINT('Ctrl Pts',(-0.804645074984815,1.75532475960066,22.9221974779791));
#4194=CARTESIAN_POINT('Ctrl Pts',(-0.704137244263703,1.55077293617087,22.437153419534));
#4195=CARTESIAN_POINT('Ctrl Pts',(-0.635459313750098,1.5,22.1771364027438));
#4196=CARTESIAN_POINT('Ctrl Pts',(-0.479331914382077,1.5,21.6966256760069));
#4197=CARTESIAN_POINT('Ctrl Pts',(-0.382059359491776,1.55077293617087,21.4458996158832));
#4198=CARTESIAN_POINT('Ctrl Pts',(-0.178270158346762,1.75532475960065,20.9944137089427));
#4199=CARTESIAN_POINT('Ctrl Pts',(-0.0723981830039234,1.90902803084673,
20.793328907055));
#4200=CARTESIAN_POINT('Ctrl Pts',(0.106221979568833,2.26258781711901,20.4796113567441));
#4201=CARTESIAN_POINT('Ctrl Pts',(0.191050198815746,2.48652947214804,20.3455955978353));
#4202=CARTESIAN_POINT('Ctrl Pts',(0.307461370142828,2.97882893825477,20.1683671593322));
#4203=CARTESIAN_POINT('Ctrl Pts',(0.338152926109585,3.24731914554125,20.1249379505345));
#4204=CARTESIAN_POINT('Ctrl Pts',(0.338152926109585,3.5,20.1249379505345));
#4205=CARTESIAN_POINT('Origin',(6.09999999999999,0.,24.1));
#4206=CARTESIAN_POINT('Origin',(6.09999999999999,0.,24.1));
#4207=CARTESIAN_POINT('Origin',(6.09999999999999,0.,24.1));
#4208=CARTESIAN_POINT('',(8.09999999999999,6.93889390390723E-17,30.8082039324994));
#4209=CARTESIAN_POINT('',(4.09999999999999,-8.77702103951992E-17,30.8082039324994));
#4210=CARTESIAN_POINT('Ctrl Pts',(8.09999999999999,6.93889390390723E-17,
30.8082039324994));
#4211=CARTESIAN_POINT('Ctrl Pts',(8.09999999999999,-0.252680854458746,30.8082039324994));
#4212=CARTESIAN_POINT('Ctrl Pts',(8.04921215559787,-0.52117106174523,30.823972973226));
#4213=CARTESIAN_POINT('Ctrl Pts',(7.84468486401153,-1.01347052785196,30.8799199769022));
#4214=CARTESIAN_POINT('Ctrl Pts',(7.69101494186519,-1.23741218288099,30.9191832605658));
#4215=CARTESIAN_POINT('Ctrl Pts',(7.33745515559291,-1.59097196915327,30.9921170756426));
#4216=CARTESIAN_POINT('Ctrl Pts',(7.11349590482074,-1.74467524039935,31.0306686865917));
#4217=CARTESIAN_POINT('Ctrl Pts',(6.62113296458564,-1.94922706382913,31.0849669163258));
#4218=CARTESIAN_POINT('Ctrl Pts',(6.35261943875258,-2.,31.1));
#4219=CARTESIAN_POINT('Ctrl Pts',(5.8473805612474,-2.,31.1));
#4220=CARTESIAN_POINT('Ctrl Pts',(5.57886703541434,-1.94922706382913,31.0849669163258));
#4221=CARTESIAN_POINT('Ctrl Pts',(5.08650409517923,-1.74467524039934,31.0306686865917));
#4222=CARTESIAN_POINT('Ctrl Pts',(4.86254484440706,-1.59097196915327,30.9921170756426));
#4223=CARTESIAN_POINT('Ctrl Pts',(4.50898505813478,-1.23741218288098,30.9191832605658));
#4224=CARTESIAN_POINT('Ctrl Pts',(4.35531513598845,-1.01347052785196,30.8799199769022));
#4225=CARTESIAN_POINT('Ctrl Pts',(4.1507878444021,-0.521171061745231,30.823972973226));
#4226=CARTESIAN_POINT('Ctrl Pts',(4.09999999999999,-0.252680854458745,30.8082039324994));
#4227=CARTESIAN_POINT('Ctrl Pts',(4.09999999999999,6.93889390390723E-17,
30.8082039324994));
#4228=CARTESIAN_POINT('Ctrl Pts',(4.09999999999999,1.38777878078145E-16,
30.8082039324994));
#4229=CARTESIAN_POINT('Ctrl Pts',(4.09999999999999,0.252680854458746,30.8082039324994));
#4230=CARTESIAN_POINT('Ctrl Pts',(4.1507878444021,0.521171061745231,30.823972973226));
#4231=CARTESIAN_POINT('Ctrl Pts',(4.35531513598845,1.01347052785196,30.8799199769022));
#4232=CARTESIAN_POINT('Ctrl Pts',(4.50898505813479,1.23741218288098,30.9191832605658));
#4233=CARTESIAN_POINT('Ctrl Pts',(4.86254484440707,1.59097196915327,30.9921170756426));
#4234=CARTESIAN_POINT('Ctrl Pts',(5.08650409517923,1.74467524039934,31.0306686865917));
#4235=CARTESIAN_POINT('Ctrl Pts',(5.57886703541434,1.94922706382913,31.0849669163258));
#4236=CARTESIAN_POINT('Ctrl Pts',(5.8473805612474,2.,31.1));
#4237=CARTESIAN_POINT('Ctrl Pts',(6.35261943875258,2.,31.1));
#4238=CARTESIAN_POINT('Ctrl Pts',(6.62113296458564,1.94922706382913,31.0849669163258));
#4239=CARTESIAN_POINT('Ctrl Pts',(7.11349590482075,1.74467524039934,31.0306686865917));
#4240=CARTESIAN_POINT('Ctrl Pts',(7.33745515559291,1.59097196915327,30.9921170756426));
#4241=CARTESIAN_POINT('Ctrl Pts',(7.69101494186519,1.23741218288098,30.9191832605658));
#4242=CARTESIAN_POINT('Ctrl Pts',(7.84468486401153,1.01347052785196,30.8799199769022));
#4243=CARTESIAN_POINT('Ctrl Pts',(8.04921215559787,0.52117106174523,30.823972973226));
#4244=CARTESIAN_POINT('Ctrl Pts',(8.09999999999999,0.252680854458746,30.8082039324994));
#4245=CARTESIAN_POINT('Ctrl Pts',(8.09999999999999,0.,30.8082039324994));
#4246=CARTESIAN_POINT('Origin',(6.09999999999999,0.,24.1));
#4247=CARTESIAN_POINT('',(8.09999999999999,1.38777878078145E-16,28.6825756949558));
#4248=CARTESIAN_POINT('',(4.09999999999999,-2.44929359829471E-16,28.6825756949558));
#4249=CARTESIAN_POINT('Ctrl Pts',(8.09999999999999,0.,28.6825756949558));
#4250=CARTESIAN_POINT('Ctrl Pts',(8.09999999999999,0.254371776835101,28.6825756949558));
#4251=CARTESIAN_POINT('Ctrl Pts',(8.04857820072064,0.52344059811186,28.7059958337855));
#4252=CARTESIAN_POINT('Ctrl Pts',(7.84366591114022,1.01517352454282,28.7874068486793));
#4253=CARTESIAN_POINT('Ctrl Pts',(7.69029445166569,1.23813267308049,28.8439081017951));
#4254=CARTESIAN_POINT('Ctrl Pts',(7.33831080168551,1.59011632306067,28.9477024175704));
#4255=CARTESIAN_POINT('Ctrl Pts',(7.1152842306851,1.74362287272866,29.0021607655916));
#4256=CARTESIAN_POINT('Ctrl Pts',(6.62328830769408,1.94863856765519,29.0787700885408));
#4257=CARTESIAN_POINT('Ctrl Pts',(6.35411444686618,2.,29.1));
#4258=CARTESIAN_POINT('Ctrl Pts',(5.8458855531338,2.,29.1));
#4259=CARTESIAN_POINT('Ctrl Pts',(5.57671169230589,1.94863856765519,29.0787700885408));
#4260=CARTESIAN_POINT('Ctrl Pts',(5.08471576931487,1.74362287272866,29.0021607655916));
#4261=CARTESIAN_POINT('Ctrl Pts',(4.86168919831447,1.59011632306067,28.9477024175704));
#4262=CARTESIAN_POINT('Ctrl Pts',(4.50970554833428,1.23813267308049,28.8439081017951));
#4263=CARTESIAN_POINT('Ctrl Pts',(4.35633408885976,1.01517352454282,28.7874068486793));
#4264=CARTESIAN_POINT('Ctrl Pts',(4.15142179927934,0.52344059811186,28.7059958337855));
#4265=CARTESIAN_POINT('Ctrl Pts',(4.09999999999999,0.254371776835101,28.6825756949558));
#4266=CARTESIAN_POINT('Ctrl Pts',(4.09999999999999,2.08166817117217E-16,
28.6825756949558));
#4267=CARTESIAN_POINT('Ctrl Pts',(4.09999999999999,-1.38777878078145E-16,
28.6825756949558));
#4268=CARTESIAN_POINT('Ctrl Pts',(4.09999999999999,-0.254371776835101,28.6825756949558));
#4269=CARTESIAN_POINT('Ctrl Pts',(4.15142179927934,-0.52344059811186,28.7059958337855));
#4270=CARTESIAN_POINT('Ctrl Pts',(4.35633408885977,-1.01517352454282,28.7874068486793));
#4271=CARTESIAN_POINT('Ctrl Pts',(4.50970554833428,-1.23813267308049,28.8439081017951));
#4272=CARTESIAN_POINT('Ctrl Pts',(4.86168919831447,-1.59011632306067,28.9477024175704));
#4273=CARTESIAN_POINT('Ctrl Pts',(5.08471576931488,-1.74362287272866,29.0021607655916));
#4274=CARTESIAN_POINT('Ctrl Pts',(5.5767116923059,-1.94863856765519,29.0787700885408));
#4275=CARTESIAN_POINT('Ctrl Pts',(5.8458855531338,-2.,29.1));
#4276=CARTESIAN_POINT('Ctrl Pts',(6.35411444686618,-2.,29.1));
#4277=CARTESIAN_POINT('Ctrl Pts',(6.62328830769409,-1.94863856765519,29.0787700885408));
#4278=CARTESIAN_POINT('Ctrl Pts',(7.11528423068511,-1.74362287272866,29.0021607655916));
#4279=CARTESIAN_POINT('Ctrl Pts',(7.33831080168551,-1.59011632306067,28.9477024175704));
#4280=CARTESIAN_POINT('Ctrl Pts',(7.6902944516657,-1.23813267308049,28.8439081017951));
#4281=CARTESIAN_POINT('Ctrl Pts',(7.84366591114022,-1.01517352454282,28.7874068486793));
#4282=CARTESIAN_POINT('Ctrl Pts',(8.04857820072064,-0.523440598111858,28.7059958337855));
#4283=CARTESIAN_POINT('Ctrl Pts',(8.09999999999999,-0.254371776835101,28.6825756949558));
#4284=CARTESIAN_POINT('Ctrl Pts',(8.09999999999999,-6.93889390390723E-17,
28.6825756949558));
#4285=CARTESIAN_POINT('Origin',(6.09999999999999,0.,24.1));
#4286=CARTESIAN_POINT('',(4.09999999999999,-2.44929359829471E-16,24.1));
#4287=CARTESIAN_POINT('Origin',(6.09999999999999,0.,24.1));
#4288=CARTESIAN_POINT('',(4.09999999999999,-2.44929359829471E-16,19.5174243050442));
#4289=CARTESIAN_POINT('Ctrl Pts',(8.09999999999999,0.,19.5174243050442));
#4290=CARTESIAN_POINT('Ctrl Pts',(8.09999999999999,-0.254371776835101,19.5174243050442));
#4291=CARTESIAN_POINT('Ctrl Pts',(8.04857820072064,-0.52344059811186,19.4940041662145));
#4292=CARTESIAN_POINT('Ctrl Pts',(7.84366591114022,-1.01517352454282,19.4125931513207));
#4293=CARTESIAN_POINT('Ctrl Pts',(7.69029445166569,-1.23813267308049,19.3560918982049));
#4294=CARTESIAN_POINT('Ctrl Pts',(7.33831080168551,-1.59011632306067,19.2522975824296));
#4295=CARTESIAN_POINT('Ctrl Pts',(7.1152842306851,-1.74362287272866,19.1978392344084));
#4296=CARTESIAN_POINT('Ctrl Pts',(6.62328830769408,-1.94863856765519,19.1212299114593));
#4297=CARTESIAN_POINT('Ctrl Pts',(6.35411444686618,-2.,19.1));
#4298=CARTESIAN_POINT('Ctrl Pts',(5.8458855531338,-2.,19.1));
#4299=CARTESIAN_POINT('Ctrl Pts',(5.57671169230589,-1.94863856765519,19.1212299114593));
#4300=CARTESIAN_POINT('Ctrl Pts',(5.08471576931487,-1.74362287272866,19.1978392344084));
#4301=CARTESIAN_POINT('Ctrl Pts',(4.86168919831447,-1.59011632306067,19.2522975824296));
#4302=CARTESIAN_POINT('Ctrl Pts',(4.50970554833428,-1.23813267308049,19.3560918982049));
#4303=CARTESIAN_POINT('Ctrl Pts',(4.35633408885976,-1.01517352454281,19.4125931513207));
#4304=CARTESIAN_POINT('Ctrl Pts',(4.15142179927934,-0.523440598111858,19.4940041662145));
#4305=CARTESIAN_POINT('Ctrl Pts',(4.09999999999999,-0.254371776835101,19.5174243050442));
#4306=CARTESIAN_POINT('Ctrl Pts',(4.09999999999999,0.254371776835101,19.5174243050442));
#4307=CARTESIAN_POINT('Ctrl Pts',(4.15142179927934,0.523440598111859,19.4940041662145));
#4308=CARTESIAN_POINT('Ctrl Pts',(4.35633408885976,1.01517352454282,19.4125931513207));
#4309=CARTESIAN_POINT('Ctrl Pts',(4.50970554833428,1.23813267308049,19.3560918982049));
#4310=CARTESIAN_POINT('Ctrl Pts',(4.86168919831447,1.59011632306067,19.2522975824296));
#4311=CARTESIAN_POINT('Ctrl Pts',(5.08471576931488,1.74362287272866,19.1978392344084));
#4312=CARTESIAN_POINT('Ctrl Pts',(5.5767116923059,1.94863856765519,19.1212299114593));
#4313=CARTESIAN_POINT('Ctrl Pts',(5.8458855531338,2.,19.1));
#4314=CARTESIAN_POINT('Ctrl Pts',(6.35411444686618,2.,19.1));
#4315=CARTESIAN_POINT('Ctrl Pts',(6.62328830769408,1.94863856765519,19.1212299114593));
#4316=CARTESIAN_POINT('Ctrl Pts',(7.1152842306851,1.74362287272866,19.1978392344084));
#4317=CARTESIAN_POINT('Ctrl Pts',(7.33831080168551,1.59011632306067,19.2522975824296));
#4318=CARTESIAN_POINT('Ctrl Pts',(7.6902944516657,1.23813267308049,19.3560918982049));
#4319=CARTESIAN_POINT('Ctrl Pts',(7.84366591114022,1.01517352454282,19.4125931513207));
#4320=CARTESIAN_POINT('Ctrl Pts',(8.04857820072064,0.523440598111859,19.4940041662145));
#4321=CARTESIAN_POINT('Ctrl Pts',(8.09999999999999,0.254371776835101,19.5174243050442));
#4322=CARTESIAN_POINT('Ctrl Pts',(8.09999999999999,6.93889390390723E-17,
19.5174243050442));
#4323=CARTESIAN_POINT('',(4.09999999999999,-1.91853618953808E-16,17.3917960675006));
#4324=CARTESIAN_POINT('',(4.09999999999999,-2.44929359829471E-16,24.1));
#4325=CARTESIAN_POINT('Ctrl Pts',(8.09999999999999,-2.08166817117217E-16,
17.3917960675006));
#4326=CARTESIAN_POINT('Ctrl Pts',(8.09999999999999,0.252680854458745,17.3917960675006));
#4327=CARTESIAN_POINT('Ctrl Pts',(8.04921215559787,0.52117106174523,17.376027026774));
#4328=CARTESIAN_POINT('Ctrl Pts',(7.84468486401153,1.01347052785196,17.3200800230978));
#4329=CARTESIAN_POINT('Ctrl Pts',(7.6910149418652,1.23741218288098,17.2808167394342));
#4330=CARTESIAN_POINT('Ctrl Pts',(7.33745515559291,1.59097196915327,17.2078829243574));
#4331=CARTESIAN_POINT('Ctrl Pts',(7.11349590482075,1.74467524039934,17.1693313134083));
#4332=CARTESIAN_POINT('Ctrl Pts',(6.62113296458564,1.94922706382913,17.1150330836742));
#4333=CARTESIAN_POINT('Ctrl Pts',(6.35261943875258,2.,17.1));
#4334=CARTESIAN_POINT('Ctrl Pts',(5.8473805612474,2.,17.1));
#4335=CARTESIAN_POINT('Ctrl Pts',(5.57886703541434,1.94922706382913,17.1150330836742));
#4336=CARTESIAN_POINT('Ctrl Pts',(5.08650409517923,1.74467524039934,17.1693313134083));
#4337=CARTESIAN_POINT('Ctrl Pts',(4.86254484440707,1.59097196915327,17.2078829243574));
#4338=CARTESIAN_POINT('Ctrl Pts',(4.50898505813478,1.23741218288098,17.2808167394342));
#4339=CARTESIAN_POINT('Ctrl Pts',(4.35531513598845,1.01347052785196,17.3200800230978));
#4340=CARTESIAN_POINT('Ctrl Pts',(4.1507878444021,0.521171061745229,17.376027026774));
#4341=CARTESIAN_POINT('Ctrl Pts',(4.09999999999999,0.252680854458746,17.3917960675006));
#4342=CARTESIAN_POINT('Ctrl Pts',(4.09999999999999,-0.252680854458746,17.3917960675006));
#4343=CARTESIAN_POINT('Ctrl Pts',(4.1507878444021,-0.52117106174523,17.376027026774));
#4344=CARTESIAN_POINT('Ctrl Pts',(4.35531513598845,-1.01347052785196,17.3200800230978));
#4345=CARTESIAN_POINT('Ctrl Pts',(4.50898505813478,-1.23741218288098,17.2808167394342));
#4346=CARTESIAN_POINT('Ctrl Pts',(4.86254484440706,-1.59097196915327,17.2078829243574));
#4347=CARTESIAN_POINT('Ctrl Pts',(5.08650409517923,-1.74467524039934,17.1693313134083));
#4348=CARTESIAN_POINT('Ctrl Pts',(5.57886703541434,-1.94922706382913,17.1150330836742));
#4349=CARTESIAN_POINT('Ctrl Pts',(5.8473805612474,-2.,17.1));
#4350=CARTESIAN_POINT('Ctrl Pts',(6.35261943875258,-2.,17.1));
#4351=CARTESIAN_POINT('Ctrl Pts',(6.62113296458564,-1.94922706382913,17.1150330836742));
#4352=CARTESIAN_POINT('Ctrl Pts',(7.11349590482075,-1.74467524039934,17.1693313134083));
#4353=CARTESIAN_POINT('Ctrl Pts',(7.33745515559291,-1.59097196915327,17.2078829243574));
#4354=CARTESIAN_POINT('Ctrl Pts',(7.69101494186519,-1.23741218288099,17.2808167394342));
#4355=CARTESIAN_POINT('Ctrl Pts',(7.84468486401153,-1.01347052785196,17.3200800230978));
#4356=CARTESIAN_POINT('Ctrl Pts',(8.04921215559787,-0.52117106174523,17.376027026774));
#4357=CARTESIAN_POINT('Ctrl Pts',(8.09999999999999,-0.252680854458746,17.3917960675006));
#4358=CARTESIAN_POINT('Ctrl Pts',(8.09999999999999,6.93889390390723E-17,
17.3917960675006));
#4359=CARTESIAN_POINT('Origin',(6.09999999999999,0.,24.1));
#4360=CARTESIAN_POINT('Origin',(6.09999999999999,0.,24.1));
#4361=CARTESIAN_POINT('Origin',(6.09999999999999,0.,24.1));
#4362=CARTESIAN_POINT('',(0.338152926109588,-3.5,28.0750620494655));
#4363=CARTESIAN_POINT('',(-0.897915051390205,-3.5,24.2708359842848));
#4364=CARTESIAN_POINT('Ctrl Pts',(0.338152926109583,-3.5,28.0750620494655));
#4365=CARTESIAN_POINT('Ctrl Pts',(0.338152926109583,-3.75268085445875,28.0750620494655));
#4366=CARTESIAN_POINT('Ctrl Pts',(0.307461370142827,-4.02117106174523,28.0316328406678));
#4367=CARTESIAN_POINT('Ctrl Pts',(0.191050198815745,-4.51347052785196,27.8544044021647));
#4368=CARTESIAN_POINT('Ctrl Pts',(0.10622197956883,-4.73741218288098,27.7203886432559));
#4369=CARTESIAN_POINT('Ctrl Pts',(-0.0723981830039255,-5.09097196915327,
27.406671092945));
#4370=CARTESIAN_POINT('Ctrl Pts',(-0.178270158346762,-5.24467524039935,
27.2055862910573));
#4371=CARTESIAN_POINT('Ctrl Pts',(-0.382059359491776,-5.44922706382913,
26.7541003841168));
#4372=CARTESIAN_POINT('Ctrl Pts',(-0.479331914382077,-5.5,26.5033743239931));
#4373=CARTESIAN_POINT('Ctrl Pts',(-0.635459313750098,-5.5,26.0228635972562));
#4374=CARTESIAN_POINT('Ctrl Pts',(-0.704137244263703,-5.44922706382913,
25.7628465804661));
#4375=CARTESIAN_POINT('Ctrl Pts',(-0.804645074984815,-5.24467524039935,
25.2778025220209));
#4376=CARTESIAN_POINT('Ctrl Pts',(-0.837187528714139,-5.09097196915327,
25.0528915142457));
#4377=CARTESIAN_POINT('Ctrl Pts',(-0.877079331112802,-4.73741218288098,
24.6940983872882));
#4378=CARTESIAN_POINT('Ctrl Pts',(-0.887224346800876,-4.51347052785196,
24.5358165845653));
#4379=CARTESIAN_POINT('Ctrl Pts',(-0.897217993301113,-4.02117106174523,
24.3240109962216));
#4380=CARTESIAN_POINT('Ctrl Pts',(-0.897915051390205,-3.75268085445875,
24.2708359842848));
#4381=CARTESIAN_POINT('Ctrl Pts',(-0.897915051390205,-3.5,24.2708359842848));
#4382=CARTESIAN_POINT('Ctrl Pts',(-0.897915051390205,-3.5,24.2708359842848));
#4383=CARTESIAN_POINT('Ctrl Pts',(-0.897915051390205,-3.24731914554125,
24.2708359842848));
#4384=CARTESIAN_POINT('Ctrl Pts',(-0.897217993301113,-2.97882893825477,
24.3240109962216));
#4385=CARTESIAN_POINT('Ctrl Pts',(-0.887224346800876,-2.48652947214804,
24.5358165845653));
#4386=CARTESIAN_POINT('Ctrl Pts',(-0.877079331112802,-2.26258781711902,
24.6940983872882));
#4387=CARTESIAN_POINT('Ctrl Pts',(-0.837187528714139,-1.90902803084674,
25.0528915142457));
#4388=CARTESIAN_POINT('Ctrl Pts',(-0.804645074984813,-1.75532475960065,
25.2778025220209));
#4389=CARTESIAN_POINT('Ctrl Pts',(-0.7041372442637,-1.55077293617087,25.7628465804661));
#4390=CARTESIAN_POINT('Ctrl Pts',(-0.635459313750098,-1.5,26.0228635972562));
#4391=CARTESIAN_POINT('Ctrl Pts',(-0.479331914382077,-1.5,26.5033743239931));
#4392=CARTESIAN_POINT('Ctrl Pts',(-0.382059359491776,-1.55077293617087,
26.7541003841168));
#4393=CARTESIAN_POINT('Ctrl Pts',(-0.178270158346762,-1.75532475960065,
27.2055862910573));
#4394=CARTESIAN_POINT('Ctrl Pts',(-0.0723981830039255,-1.90902803084674,
27.406671092945));
#4395=CARTESIAN_POINT('Ctrl Pts',(0.10622197956883,-2.26258781711902,27.7203886432559));
#4396=CARTESIAN_POINT('Ctrl Pts',(0.191050198815745,-2.48652947214804,27.8544044021647));
#4397=CARTESIAN_POINT('Ctrl Pts',(0.307461370142827,-2.97882893825477,28.0316328406678));
#4398=CARTESIAN_POINT('Ctrl Pts',(0.338152926109583,-3.24731914554126,28.0750620494655));
#4399=CARTESIAN_POINT('Ctrl Pts',(0.338152926109583,-3.5,28.0750620494655));
#4400=CARTESIAN_POINT('Origin',(6.09999999999999,0.,24.1));
#4401=CARTESIAN_POINT('',(2.35974551264634,-3.5,27.4182068003412));
#4402=CARTESIAN_POINT('',(1.12367753514655,-3.5,23.6139807351606));
#4403=CARTESIAN_POINT('Ctrl Pts',(2.35974551264634,-3.5,27.4182068003412));
#4404=CARTESIAN_POINT('Ctrl Pts',(2.35974551264634,-3.2456282231649,27.4182068003412));
#4405=CARTESIAN_POINT('Ctrl Pts',(2.32158142714124,-2.97655940188814,27.376538983966));
#4406=CARTESIAN_POINT('Ctrl Pts',(2.18083357109159,-2.48482647545719,27.2068132028231));
#4407=CARTESIAN_POINT('Ctrl Pts',(2.07970329870725,-2.26186732691952,27.0784081242924));
#4408=CARTESIAN_POINT('Ctrl Pts',(1.87222010874881,-1.90988367693933,26.7757259878434));
#4409=CARTESIAN_POINT('Ctrl Pts',(1.75150814136022,-1.75637712727134,26.5804436692107));
#4410=CARTESIAN_POINT('Ctrl Pts',(1.52661324419309,-1.55136143234481,26.1362013233783));
#4411=CARTESIAN_POINT('Ctrl Pts',(1.42324310112206,-1.5,25.8867621724516));
#4412=CARTESIAN_POINT('Ctrl Pts',(1.26619173592638,-1.5,25.4034077712979));
#4413=CARTESIAN_POINT('Ctrl Pts',(1.20320328412273,-1.55136143234481,25.1408478135112));
#4414=CARTESIAN_POINT('Ctrl Pts',(1.12402797855503,-1.75637712727134,24.6492583022411));
#4415=CARTESIAN_POINT('Ctrl Pts',(1.10690194467103,-1.90988367693933,24.4203188735601));
#4416=CARTESIAN_POINT('Ctrl Pts',(1.09684727545747,-2.26186732691952,24.053488322123));
#4417=CARTESIAN_POINT('Ctrl Pts',(1.10318877298238,-2.48482647545719,23.8901635487598));
#4418=CARTESIAN_POINT('Ctrl Pts',(1.11729386935877,-2.97655940188814,23.6701229933538));
#4419=CARTESIAN_POINT('Ctrl Pts',(1.12367753514655,-3.2456282231649,23.6139807351606));
#4420=CARTESIAN_POINT('Ctrl Pts',(1.12367753514655,-3.5,23.6139807351606));
#4421=CARTESIAN_POINT('Ctrl Pts',(1.12367753514655,-3.5,23.6139807351606));
#4422=CARTESIAN_POINT('Ctrl Pts',(1.12367753514655,-3.7543717768351,23.6139807351606));
#4423=CARTESIAN_POINT('Ctrl Pts',(1.11729386935877,-4.02344059811186,23.6701229933538));
#4424=CARTESIAN_POINT('Ctrl Pts',(1.10318877298238,-4.51517352454282,23.8901635487598));
#4425=CARTESIAN_POINT('Ctrl Pts',(1.09684727545747,-4.73813267308048,24.053488322123));
#4426=CARTESIAN_POINT('Ctrl Pts',(1.10690194467103,-5.09011632306067,24.4203188735601));
#4427=CARTESIAN_POINT('Ctrl Pts',(1.12402797855503,-5.24362287272866,24.6492583022411));
#4428=CARTESIAN_POINT('Ctrl Pts',(1.20320328412273,-5.44863856765519,25.1408478135112));
#4429=CARTESIAN_POINT('Ctrl Pts',(1.26619173592638,-5.5,25.4034077712979));
#4430=CARTESIAN_POINT('Ctrl Pts',(1.42324310112206,-5.5,25.8867621724516));
#4431=CARTESIAN_POINT('Ctrl Pts',(1.52661324419309,-5.44863856765519,26.1362013233783));
#4432=CARTESIAN_POINT('Ctrl Pts',(1.75150814136022,-5.24362287272866,26.5804436692107));
#4433=CARTESIAN_POINT('Ctrl Pts',(1.87222010874881,-5.09011632306067,26.7757259878434));
#4434=CARTESIAN_POINT('Ctrl Pts',(2.07970329870725,-4.73813267308048,27.0784081242924));
#4435=CARTESIAN_POINT('Ctrl Pts',(2.18083357109159,-4.51517352454282,27.2068132028231));
#4436=CARTESIAN_POINT('Ctrl Pts',(2.32158142714124,-4.02344059811186,27.376538983966));
#4437=CARTESIAN_POINT('Ctrl Pts',(2.35974551264634,-3.7543717768351,27.4182068003412));
#4438=CARTESIAN_POINT('Ctrl Pts',(2.35974551264634,-3.5,27.4182068003412));
#4439=CARTESIAN_POINT('Origin',(6.09999999999999,-3.5,24.1));
#4440=CARTESIAN_POINT('',(5.4819660112501,-3.5,22.1978869674097));
#4441=CARTESIAN_POINT('Origin',(6.09999999999999,-3.5,24.1));
#4442=CARTESIAN_POINT('',(9.84025448735364,-3.5,20.7817931996588));
#4443=CARTESIAN_POINT('Ctrl Pts',(11.0763224648534,-3.5,24.5860192648394));
#4444=CARTESIAN_POINT('Ctrl Pts',(11.0763224648534,-3.7543717768351,24.5860192648394));
#4445=CARTESIAN_POINT('Ctrl Pts',(11.0827061306412,-4.02344059811186,24.5298770066462));
#4446=CARTESIAN_POINT('Ctrl Pts',(11.0968112270176,-4.51517352454282,24.3098364512402));
#4447=CARTESIAN_POINT('Ctrl Pts',(11.1031527245425,-4.73813267308048,24.146511677877));
#4448=CARTESIAN_POINT('Ctrl Pts',(11.0930980553289,-5.09011632306067,23.7796811264399));
#4449=CARTESIAN_POINT('Ctrl Pts',(11.075972021445,-5.24362287272866,23.5507416977589));
#4450=CARTESIAN_POINT('Ctrl Pts',(10.9967967158772,-5.44863856765519,23.0591521864888));
#4451=CARTESIAN_POINT('Ctrl Pts',(10.9338082640736,-5.5,22.7965922287021));
#4452=CARTESIAN_POINT('Ctrl Pts',(10.7767568988779,-5.5,22.3132378275484));
#4453=CARTESIAN_POINT('Ctrl Pts',(10.6733867558069,-5.44863856765519,22.0637986766217));
#4454=CARTESIAN_POINT('Ctrl Pts',(10.4484918586398,-5.24362287272866,21.6195563307893));
#4455=CARTESIAN_POINT('Ctrl Pts',(10.3277798912512,-5.09011632306067,21.4242740121566));
#4456=CARTESIAN_POINT('Ctrl Pts',(10.1202967012927,-4.73813267308048,21.1215918757076));
#4457=CARTESIAN_POINT('Ctrl Pts',(10.0191664289084,-4.51517352454282,20.9931867971769));
#4458=CARTESIAN_POINT('Ctrl Pts',(9.87841857285873,-4.02344059811186,20.823461016034));
#4459=CARTESIAN_POINT('Ctrl Pts',(9.84025448735364,-3.7543717768351,20.7817931996588));
#4460=CARTESIAN_POINT('Ctrl Pts',(9.84025448735364,-3.2456282231649,20.7817931996588));
#4461=CARTESIAN_POINT('Ctrl Pts',(9.87841857285873,-2.97655940188814,20.823461016034));
#4462=CARTESIAN_POINT('Ctrl Pts',(10.0191664289084,-2.48482647545719,20.9931867971769));
#4463=CARTESIAN_POINT('Ctrl Pts',(10.1202967012927,-2.26186732691952,21.1215918757076));
#4464=CARTESIAN_POINT('Ctrl Pts',(10.3277798912512,-1.90988367693933,21.4242740121566));
#4465=CARTESIAN_POINT('Ctrl Pts',(10.4484918586398,-1.75637712727134,21.6195563307893));
#4466=CARTESIAN_POINT('Ctrl Pts',(10.6733867558069,-1.55136143234481,22.0637986766217));
#4467=CARTESIAN_POINT('Ctrl Pts',(10.7767568988779,-1.5,22.3132378275484));
#4468=CARTESIAN_POINT('Ctrl Pts',(10.9338082640736,-1.5,22.7965922287021));
#4469=CARTESIAN_POINT('Ctrl Pts',(10.9967967158772,-1.55136143234481,23.0591521864888));
#4470=CARTESIAN_POINT('Ctrl Pts',(11.075972021445,-1.75637712727134,23.5507416977589));
#4471=CARTESIAN_POINT('Ctrl Pts',(11.0930980553289,-1.90988367693933,23.7796811264399));
#4472=CARTESIAN_POINT('Ctrl Pts',(11.1031527245425,-2.26186732691952,24.146511677877));
#4473=CARTESIAN_POINT('Ctrl Pts',(11.0968112270176,-2.48482647545719,24.3098364512402));
#4474=CARTESIAN_POINT('Ctrl Pts',(11.0827061306412,-2.97655940188814,24.5298770066462));
#4475=CARTESIAN_POINT('Ctrl Pts',(11.0763224648534,-3.2456282231649,24.5860192648394));
#4476=CARTESIAN_POINT('Ctrl Pts',(11.0763224648534,-3.5,24.5860192648394));
#4477=CARTESIAN_POINT('',(11.8618470738904,-3.5,20.1249379505345));
#4478=CARTESIAN_POINT('',(5.4819660112501,-3.5,22.1978869674097));
#4479=CARTESIAN_POINT('Ctrl Pts',(13.0979150513902,-3.5,23.9291640157152));
#4480=CARTESIAN_POINT('Ctrl Pts',(13.0979150513902,-3.24731914554125,23.9291640157152));
#4481=CARTESIAN_POINT('Ctrl Pts',(13.0972179933011,-2.97882893825477,23.8759890037784));
#4482=CARTESIAN_POINT('Ctrl Pts',(13.0872243468009,-2.48652947214804,23.6641834154347));
#4483=CARTESIAN_POINT('Ctrl Pts',(13.0770793311128,-2.26258781711902,23.5059016127119));
#4484=CARTESIAN_POINT('Ctrl Pts',(13.0371875287141,-1.90902803084674,23.1471084857543));
#4485=CARTESIAN_POINT('Ctrl Pts',(13.0046450749848,-1.75532475960065,22.9221974779791));
#4486=CARTESIAN_POINT('Ctrl Pts',(12.9041372442637,-1.55077293617087,22.437153419534));
#4487=CARTESIAN_POINT('Ctrl Pts',(12.8354593137501,-1.5,22.1771364027438));
#4488=CARTESIAN_POINT('Ctrl Pts',(12.6793319143821,-1.5,21.6966256760069));
#4489=CARTESIAN_POINT('Ctrl Pts',(12.5820593594918,-1.55077293617087,21.4458996158832));
#4490=CARTESIAN_POINT('Ctrl Pts',(12.3782701583467,-1.75532475960065,20.9944137089427));
#4491=CARTESIAN_POINT('Ctrl Pts',(12.2723981830039,-1.90902803084673,20.793328907055));
#4492=CARTESIAN_POINT('Ctrl Pts',(12.0937780204311,-2.26258781711902,20.4796113567441));
#4493=CARTESIAN_POINT('Ctrl Pts',(12.0089498011842,-2.48652947214804,20.3455955978353));
#4494=CARTESIAN_POINT('Ctrl Pts',(11.8925386298572,-2.97882893825477,20.1683671593322));
#4495=CARTESIAN_POINT('Ctrl Pts',(11.8618470738904,-3.24731914554125,20.1249379505345));
#4496=CARTESIAN_POINT('Ctrl Pts',(11.8618470738904,-3.75268085445875,20.1249379505345));
#4497=CARTESIAN_POINT('Ctrl Pts',(11.8925386298572,-4.02117106174523,20.1683671593322));
#4498=CARTESIAN_POINT('Ctrl Pts',(12.0089498011842,-4.51347052785196,20.3455955978353));
#4499=CARTESIAN_POINT('Ctrl Pts',(12.0937780204311,-4.73741218288098,20.4796113567441));
#4500=CARTESIAN_POINT('Ctrl Pts',(12.2723981830039,-5.09097196915327,20.793328907055));
#4501=CARTESIAN_POINT('Ctrl Pts',(12.3782701583467,-5.24467524039935,20.9944137089427));
#4502=CARTESIAN_POINT('Ctrl Pts',(12.5820593594918,-5.44922706382913,21.4458996158832));
#4503=CARTESIAN_POINT('Ctrl Pts',(12.6793319143821,-5.5,21.6966256760069));
#4504=CARTESIAN_POINT('Ctrl Pts',(12.8354593137501,-5.5,22.1771364027438));
#4505=CARTESIAN_POINT('Ctrl Pts',(12.9041372442637,-5.44922706382913,22.437153419534));
#4506=CARTESIAN_POINT('Ctrl Pts',(13.0046450749848,-5.24467524039935,22.9221974779791));
#4507=CARTESIAN_POINT('Ctrl Pts',(13.0371875287141,-5.09097196915326,23.1471084857543));
#4508=CARTESIAN_POINT('Ctrl Pts',(13.0770793311128,-4.73741218288098,23.5059016127118));
#4509=CARTESIAN_POINT('Ctrl Pts',(13.0872243468009,-4.51347052785196,23.6641834154347));
#4510=CARTESIAN_POINT('Ctrl Pts',(13.0972179933011,-4.02117106174523,23.8759890037784));
#4511=CARTESIAN_POINT('Ctrl Pts',(13.0979150513902,-3.75268085445875,23.9291640157152));
#4512=CARTESIAN_POINT('Ctrl Pts',(13.0979150513902,-3.5,23.9291640157152));
#4513=CARTESIAN_POINT('Origin',(6.09999999999999,0.,24.1));
#4514=CARTESIAN_POINT('Origin',(6.09999999999999,0.,24.1));
#4515=CARTESIAN_POINT('Origin',(6.09999999999999,0.,24.1));
#4516=CARTESIAN_POINT('',(8.4249493521436,-10.5,17.4973785122902));
#4517=CARTESIAN_POINT('',(11.6610173296434,-10.5,19.8485195214601));
#4518=CARTESIAN_POINT('Ctrl Pts',(8.42494935214359,-10.5,17.4973785122902));
#4519=CARTESIAN_POINT('Ctrl Pts',(8.42494935214359,-10.7526808544587,17.4973785122902));
#4520=CARTESIAN_POINT('Ctrl Pts',(8.47530639095452,-11.0211710617452,17.5144734362926));
#4521=CARTESIAN_POINT('Ctrl Pts',(8.67365726933216,-11.513470527852,17.58942948522));
#4522=CARTESIAN_POINT('Ctrl Pts',(8.82105722696687,-11.737412182881,17.6479897354397));
#4523=CARTESIAN_POINT('Ctrl Pts',(9.14996252348428,-12.0909719691533,17.7968022677525));
#4524=CARTESIAN_POINT('Ctrl Pts',(9.3538094317744,-12.2446752403993,17.8972533040526));
#4525=CARTESIAN_POINT('Ctrl Pts',(9.78405511648834,-12.4492270638291,18.1427287884787));
#4526=CARTESIAN_POINT('Ctrl Pts',(10.010123346987,-12.5,18.2883950588342));
#4527=CARTESIAN_POINT('Ctrl Pts',(10.4188701851076,-12.5,18.5853670199165));
#4528=CARTESIAN_POINT('Ctrl Pts',(10.6272659658459,-12.4492270638291,18.7553573306125));
#4529=CARTESIAN_POINT('Ctrl Pts',(10.9936802532332,-12.2446752403993,19.0886891962775));
#4530=CARTESIAN_POINT('Ctrl Pts',(11.1522070247874,-12.0909719691533,19.2515180494142));
#4531=CARTESIAN_POINT('Ctrl Pts',(11.3953734795137,-11.737412182881,19.5183399734504));
#4532=CARTESIAN_POINT('Ctrl Pts',(11.4966166789603,-11.513470527852,19.6404295511478));
#4533=CARTESIAN_POINT('Ctrl Pts',(11.6291979099963,-11.0211710617452,19.8059097535919));
#4534=CARTESIAN_POINT('Ctrl Pts',(11.6610173296434,-10.7526808544587,19.8485195214601));
#4535=CARTESIAN_POINT('Ctrl Pts',(11.6610173296434,-10.5,19.8485195214601));
#4536=CARTESIAN_POINT('Ctrl Pts',(11.6610173296434,-10.5,19.8485195214601));
#4537=CARTESIAN_POINT('Ctrl Pts',(11.6610173296434,-10.2473191455413,19.8485195214601));
#4538=CARTESIAN_POINT('Ctrl Pts',(11.6291979099963,-9.97882893825477,19.8059097535919));
#4539=CARTESIAN_POINT('Ctrl Pts',(11.4966166789603,-9.48652947214804,19.6404295511478));
#4540=CARTESIAN_POINT('Ctrl Pts',(11.3953734795137,-9.26258781711902,19.5183399734504));
#4541=CARTESIAN_POINT('Ctrl Pts',(11.1522070247874,-8.90902803084673,19.2515180494142));
#4542=CARTESIAN_POINT('Ctrl Pts',(10.9936802532332,-8.75532475960066,19.0886891962775));
#4543=CARTESIAN_POINT('Ctrl Pts',(10.6272659658459,-8.55077293617087,18.7553573306125));
#4544=CARTESIAN_POINT('Ctrl Pts',(10.4188701851076,-8.5,18.5853670199165));
#4545=CARTESIAN_POINT('Ctrl Pts',(10.010123346987,-8.5,18.2883950588342));
#4546=CARTESIAN_POINT('Ctrl Pts',(9.78405511648834,-8.55077293617087,18.1427287884787));
#4547=CARTESIAN_POINT('Ctrl Pts',(9.35380943177441,-8.75532475960066,17.8972533040526));
#4548=CARTESIAN_POINT('Ctrl Pts',(9.14996252348428,-8.90902803084673,17.7968022677525));
#4549=CARTESIAN_POINT('Ctrl Pts',(8.82105722696687,-9.26258781711901,17.6479897354397));
#4550=CARTESIAN_POINT('Ctrl Pts',(8.67365726933216,-9.48652947214804,17.58942948522));
#4551=CARTESIAN_POINT('Ctrl Pts',(8.47530639095451,-9.97882893825477,17.5144734362926));
#4552=CARTESIAN_POINT('Ctrl Pts',(8.42494935214359,-10.2473191455413,17.4973785122902));
#4553=CARTESIAN_POINT('Ctrl Pts',(8.42494935214359,-10.5,17.4973785122902));
#4554=CARTESIAN_POINT('Origin',(6.09999999999999,0.,24.1));
#4555=CARTESIAN_POINT('',(7.17553642225908,-10.5,19.2170478801862));
#4556=CARTESIAN_POINT('',(10.4116043997589,-10.5,21.5681888893561));
#4557=CARTESIAN_POINT('Ctrl Pts',(7.17553642225907,-10.5,19.2170478801862));
#4558=CARTESIAN_POINT('Ctrl Pts',(7.17553642225907,-10.2456282231649,19.2170478801862));
#4559=CARTESIAN_POINT('Ctrl Pts',(7.23090354396808,-9.97655940188814,19.2283255651252));
#4560=CARTESIAN_POINT('Ctrl Pts',(7.44453326252371,-9.48482647545718,19.2829070923756));
#4561=CARTESIAN_POINT('Ctrl Pts',(7.6018239830082,-9.26186732691951,19.3273461004031));
#4562=CARTESIAN_POINT('Ctrl Pts',(7.94759350566877,-8.90988367693933,19.4502655335278));
#4563=CARTESIAN_POINT('Ctrl Pts',(8.16003560563638,-8.75637712727134,19.5372995337964));
#4564=CARTESIAN_POINT('Ctrl Pts',(8.6030984987169,-8.55136143234481,19.7645092373252));
#4565=CARTESIAN_POINT('Ctrl Pts',(8.83334335543142,-8.5,19.9055503038629));
#4566=CARTESIAN_POINT('Ctrl Pts',(9.24450916749329,-8.5,20.2042797523877));
#4567=CARTESIAN_POINT('Ctrl Pts',(9.44979676648136,-8.55136143234481,20.3796715372446));
#4568=CARTESIAN_POINT('Ctrl Pts',(9.80279999912669,-8.75637712727135,20.7308377291601));
#4569=CARTESIAN_POINT('Ctrl Pts',(9.95122247143207,-8.90988367693933,20.9059871874983));
#4570=CARTESIAN_POINT('Ctrl Pts',(10.1749744579237,-9.26186732691951,21.1968493513864));
#4571=CARTESIAN_POINT('Ctrl Pts',(10.2658439717732,-9.48482647545719,21.3327093073623));
#4572=CARTESIAN_POINT('Ctrl Pts',(10.3837693024712,-9.97655940188814,21.5190166237696));
#4573=CARTESIAN_POINT('Ctrl Pts',(10.4116043997589,-10.2456282231649,21.5681888893561));
#4574=CARTESIAN_POINT('Ctrl Pts',(10.4116043997589,-10.5,21.5681888893561));
#4575=CARTESIAN_POINT('Ctrl Pts',(10.4116043997589,-10.5,21.5681888893561));
#4576=CARTESIAN_POINT('Ctrl Pts',(10.4116043997589,-10.7543717768351,21.5681888893561));
#4577=CARTESIAN_POINT('Ctrl Pts',(10.3837693024712,-11.0234405981119,21.5190166237696));
#4578=CARTESIAN_POINT('Ctrl Pts',(10.2658439717732,-11.5151735245428,21.3327093073622));
#4579=CARTESIAN_POINT('Ctrl Pts',(10.1749744579237,-11.7381326730805,21.1968493513864));
#4580=CARTESIAN_POINT('Ctrl Pts',(9.95122247143207,-12.0901163230607,20.9059871874983));
#4581=CARTESIAN_POINT('Ctrl Pts',(9.80279999912669,-12.2436228727287,20.7308377291601));
#4582=CARTESIAN_POINT('Ctrl Pts',(9.44979676648136,-12.4486385676552,20.3796715372446));
#4583=CARTESIAN_POINT('Ctrl Pts',(9.24450916749329,-12.5,20.2042797523877));
#4584=CARTESIAN_POINT('Ctrl Pts',(8.83334335543142,-12.5,19.9055503038629));
#4585=CARTESIAN_POINT('Ctrl Pts',(8.6030984987169,-12.4486385676552,19.7645092373252));
#4586=CARTESIAN_POINT('Ctrl Pts',(8.16003560563638,-12.2436228727287,19.5372995337964));
#4587=CARTESIAN_POINT('Ctrl Pts',(7.94759350566877,-12.0901163230607,19.4502655335278));
#4588=CARTESIAN_POINT('Ctrl Pts',(7.6018239830082,-11.7381326730805,19.3273461004031));
#4589=CARTESIAN_POINT('Ctrl Pts',(7.44453326252371,-11.5151735245428,19.2829070923756));
#4590=CARTESIAN_POINT('Ctrl Pts',(7.23090354396808,-11.0234405981119,19.2283255651252));
#4591=CARTESIAN_POINT('Ctrl Pts',(7.17553642225907,-10.7543717768351,19.2170478801862));
#4592=CARTESIAN_POINT('Ctrl Pts',(7.17553642225907,-10.5,19.2170478801862));
#4593=CARTESIAN_POINT('Origin',(6.09999999999999,-10.5,24.1));
#4594=CARTESIAN_POINT('',(7.71803398874988,-10.5,25.2755705045849));
#4595=CARTESIAN_POINT('Origin',(6.09999999999999,-10.5,24.1));
#4596=CARTESIAN_POINT('',(5.02446357774092,-10.5,28.9829521198138));
#4597=CARTESIAN_POINT('Ctrl Pts',(1.78839560024112,-10.5,26.6318111106439));
#4598=CARTESIAN_POINT('Ctrl Pts',(1.78839560024112,-10.7543717768351,26.6318111106439));
#4599=CARTESIAN_POINT('Ctrl Pts',(1.81623069752876,-11.0234405981119,26.6809833762304));
#4600=CARTESIAN_POINT('Ctrl Pts',(1.93415602822683,-11.5151735245428,26.8672906926378));
#4601=CARTESIAN_POINT('Ctrl Pts',(2.02502554207629,-11.7381326730805,27.0031506486136));
#4602=CARTESIAN_POINT('Ctrl Pts',(2.24877752856791,-12.0901163230607,27.2940128125017));
#4603=CARTESIAN_POINT('Ctrl Pts',(2.39720000087329,-12.2436228727287,27.4691622708399));
#4604=CARTESIAN_POINT('Ctrl Pts',(2.75020323351862,-12.4486385676552,27.8203284627555));
#4605=CARTESIAN_POINT('Ctrl Pts',(2.95549083250669,-12.5,27.9957202476123));
#4606=CARTESIAN_POINT('Ctrl Pts',(3.36665664456856,-12.5,28.2944496961371));
#4607=CARTESIAN_POINT('Ctrl Pts',(3.59690150128308,-12.4486385676552,28.4354907626748));
#4608=CARTESIAN_POINT('Ctrl Pts',(4.0399643943636,-12.2436228727287,28.6627004662036));
#4609=CARTESIAN_POINT('Ctrl Pts',(4.25240649433121,-12.0901163230607,28.7497344664722));
#4610=CARTESIAN_POINT('Ctrl Pts',(4.59817601699178,-11.7381326730805,28.8726538995969));
#4611=CARTESIAN_POINT('Ctrl Pts',(4.75546673747627,-11.5151735245428,28.9170929076244));
#4612=CARTESIAN_POINT('Ctrl Pts',(4.9690964560319,-11.0234405981119,28.9716744348748));
#4613=CARTESIAN_POINT('Ctrl Pts',(5.02446357774091,-10.7543717768351,28.9829521198138));
#4614=CARTESIAN_POINT('Ctrl Pts',(5.02446357774091,-10.2456282231649,28.9829521198138));
#4615=CARTESIAN_POINT('Ctrl Pts',(4.9690964560319,-9.97655940188814,28.9716744348748));
#4616=CARTESIAN_POINT('Ctrl Pts',(4.75546673747627,-9.48482647545718,28.9170929076244));
#4617=CARTESIAN_POINT('Ctrl Pts',(4.59817601699178,-9.26186732691951,28.8726538995969));
#4618=CARTESIAN_POINT('Ctrl Pts',(4.25240649433121,-8.90988367693933,28.7497344664722));
#4619=CARTESIAN_POINT('Ctrl Pts',(4.0399643943636,-8.75637712727135,28.6627004662036));
#4620=CARTESIAN_POINT('Ctrl Pts',(3.59690150128308,-8.55136143234481,28.4354907626748));
#4621=CARTESIAN_POINT('Ctrl Pts',(3.36665664456856,-8.5,28.2944496961371));
#4622=CARTESIAN_POINT('Ctrl Pts',(2.95549083250669,-8.5,27.9957202476123));
#4623=CARTESIAN_POINT('Ctrl Pts',(2.75020323351862,-8.55136143234481,27.8203284627555));
#4624=CARTESIAN_POINT('Ctrl Pts',(2.39720000087329,-8.75637712727135,27.4691622708399));
#4625=CARTESIAN_POINT('Ctrl Pts',(2.24877752856791,-8.90988367693933,27.2940128125017));
#4626=CARTESIAN_POINT('Ctrl Pts',(2.02502554207629,-9.26186732691951,27.0031506486136));
#4627=CARTESIAN_POINT('Ctrl Pts',(1.93415602822683,-9.48482647545719,26.8672906926378));
#4628=CARTESIAN_POINT('Ctrl Pts',(1.81623069752876,-9.97655940188814,26.6809833762304));
#4629=CARTESIAN_POINT('Ctrl Pts',(1.78839560024112,-10.2456282231649,26.6318111106439));
#4630=CARTESIAN_POINT('Ctrl Pts',(1.78839560024112,-10.5,26.6318111106439));
#4631=CARTESIAN_POINT('',(3.77505064785639,-10.5,30.7026214877098));
#4632=CARTESIAN_POINT('',(7.71803398874988,-10.5,25.2755705045849));
#4633=CARTESIAN_POINT('Ctrl Pts',(0.538982670356595,-10.5,28.3514804785399));
#4634=CARTESIAN_POINT('Ctrl Pts',(0.538982670356595,-10.2473191455413,28.3514804785399));
#4635=CARTESIAN_POINT('Ctrl Pts',(0.570802090003632,-9.97882893825477,28.3940902464081));
#4636=CARTESIAN_POINT('Ctrl Pts',(0.70338332103965,-9.48652947214804,28.5595704488522));
#4637=CARTESIAN_POINT('Ctrl Pts',(0.80462652048627,-9.26258781711901,28.6816600265496));
#4638=CARTESIAN_POINT('Ctrl Pts',(1.04779297521256,-8.90902803084673,28.9484819505859));
#4639=CARTESIAN_POINT('Ctrl Pts',(1.20631974676676,-8.75532475960066,29.1113108037225));
#4640=CARTESIAN_POINT('Ctrl Pts',(1.57273403415406,-8.55077293617087,29.4446426693875));
#4641=CARTESIAN_POINT('Ctrl Pts',(1.78112981489238,-8.5,29.6146329800835));
#4642=CARTESIAN_POINT('Ctrl Pts',(2.18987665301298,-8.5,29.9116049411658));
#4643=CARTESIAN_POINT('Ctrl Pts',(2.41594488351164,-8.55077293617087,30.0572712115213));
#4644=CARTESIAN_POINT('Ctrl Pts',(2.84619056822557,-8.75532475960066,30.3027466959474));
#4645=CARTESIAN_POINT('Ctrl Pts',(3.0500374765157,-8.90902803084673,30.4031977322475));
#4646=CARTESIAN_POINT('Ctrl Pts',(3.37894277303311,-9.26258781711901,30.5520102645603));
#4647=CARTESIAN_POINT('Ctrl Pts',(3.52634273066782,-9.48652947214804,30.61057051478));
#4648=CARTESIAN_POINT('Ctrl Pts',(3.72469360904546,-9.97882893825477,30.6855265637074));
#4649=CARTESIAN_POINT('Ctrl Pts',(3.77505064785638,-10.2473191455413,30.7026214877098));
#4650=CARTESIAN_POINT('Ctrl Pts',(3.77505064785638,-10.7526808544587,30.7026214877098));
#4651=CARTESIAN_POINT('Ctrl Pts',(3.72469360904546,-11.0211710617452,30.6855265637074));
#4652=CARTESIAN_POINT('Ctrl Pts',(3.52634273066782,-11.513470527852,30.61057051478));
#4653=CARTESIAN_POINT('Ctrl Pts',(3.37894277303311,-11.737412182881,30.5520102645603));
#4654=CARTESIAN_POINT('Ctrl Pts',(3.0500374765157,-12.0909719691533,30.4031977322475));
#4655=CARTESIAN_POINT('Ctrl Pts',(2.84619056822558,-12.2446752403993,30.3027466959474));
#4656=CARTESIAN_POINT('Ctrl Pts',(2.41594488351164,-12.4492270638291,30.0572712115213));
#4657=CARTESIAN_POINT('Ctrl Pts',(2.18987665301298,-12.5,29.9116049411658));
#4658=CARTESIAN_POINT('Ctrl Pts',(1.78112981489238,-12.5,29.6146329800835));
#4659=CARTESIAN_POINT('Ctrl Pts',(1.57273403415406,-12.4492270638291,29.4446426693875));
#4660=CARTESIAN_POINT('Ctrl Pts',(1.20631974676676,-12.2446752403993,29.1113108037225));
#4661=CARTESIAN_POINT('Ctrl Pts',(1.04779297521256,-12.0909719691533,28.9484819505859));
#4662=CARTESIAN_POINT('Ctrl Pts',(0.80462652048627,-11.737412182881,28.6816600265496));
#4663=CARTESIAN_POINT('Ctrl Pts',(0.703383321039649,-11.513470527852,28.5595704488522));
#4664=CARTESIAN_POINT('Ctrl Pts',(0.570802090003632,-11.0211710617452,28.3940902464081));
#4665=CARTESIAN_POINT('Ctrl Pts',(0.538982670356594,-10.7526808544587,28.3514804785399));
#4666=CARTESIAN_POINT('Ctrl Pts',(0.538982670356594,-10.5,28.3514804785399));
#4667=CARTESIAN_POINT('Origin',(6.09999999999999,0.,24.1));
#4668=CARTESIAN_POINT('Origin',(6.09999999999999,0.,24.1));
#4669=CARTESIAN_POINT('Origin',(6.09999999999999,0.,24.1));
#4670=CARTESIAN_POINT('',(13.0979150513902,-14.,24.2708359842848));
#4671=CARTESIAN_POINT('',(11.8618470738904,-14.,28.0750620494655));
#4672=CARTESIAN_POINT('Ctrl Pts',(13.0979150513902,-14.,24.2708359842848));
#4673=CARTESIAN_POINT('Ctrl Pts',(13.0979150513902,-14.2526808544587,24.2708359842848));
#4674=CARTESIAN_POINT('Ctrl Pts',(13.0972179933011,-14.5211710617452,24.3240109962216));
#4675=CARTESIAN_POINT('Ctrl Pts',(13.0872243468009,-15.013470527852,24.5358165845653));
#4676=CARTESIAN_POINT('Ctrl Pts',(13.0770793311128,-15.237412182881,24.6940983872882));
#4677=CARTESIAN_POINT('Ctrl Pts',(13.0371875287141,-15.5909719691533,25.0528915142457));
#4678=CARTESIAN_POINT('Ctrl Pts',(13.0046450749848,-15.7446752403994,25.2778025220209));
#4679=CARTESIAN_POINT('Ctrl Pts',(12.9041372442637,-15.9492270638291,25.7628465804661));
#4680=CARTESIAN_POINT('Ctrl Pts',(12.8354593137501,-16.,26.0228635972562));
#4681=CARTESIAN_POINT('Ctrl Pts',(12.6793319143821,-16.,26.5033743239931));
#4682=CARTESIAN_POINT('Ctrl Pts',(12.5820593594918,-15.9492270638291,26.7541003841168));
#4683=CARTESIAN_POINT('Ctrl Pts',(12.3782701583467,-15.7446752403993,27.2055862910573));
#4684=CARTESIAN_POINT('Ctrl Pts',(12.2723981830039,-15.5909719691533,27.406671092945));
#4685=CARTESIAN_POINT('Ctrl Pts',(12.0937780204311,-15.237412182881,27.7203886432559));
#4686=CARTESIAN_POINT('Ctrl Pts',(12.0089498011842,-15.013470527852,27.8544044021647));
#4687=CARTESIAN_POINT('Ctrl Pts',(11.8925386298572,-14.5211710617452,28.0316328406678));
#4688=CARTESIAN_POINT('Ctrl Pts',(11.8618470738904,-14.2526808544587,28.0750620494655));
#4689=CARTESIAN_POINT('Ctrl Pts',(11.8618470738904,-14.,28.0750620494655));
#4690=CARTESIAN_POINT('Ctrl Pts',(11.8618470738904,-14.,28.0750620494655));
#4691=CARTESIAN_POINT('Ctrl Pts',(11.8618470738904,-13.7473191455413,28.0750620494655));
#4692=CARTESIAN_POINT('Ctrl Pts',(11.8925386298572,-13.4788289382548,28.0316328406678));
#4693=CARTESIAN_POINT('Ctrl Pts',(12.0089498011842,-12.986529472148,27.8544044021647));
#4694=CARTESIAN_POINT('Ctrl Pts',(12.0937780204311,-12.762587817119,27.7203886432559));
#4695=CARTESIAN_POINT('Ctrl Pts',(12.2723981830039,-12.4090280308467,27.406671092945));
#4696=CARTESIAN_POINT('Ctrl Pts',(12.3782701583467,-12.2553247596007,27.2055862910573));
#4697=CARTESIAN_POINT('Ctrl Pts',(12.5820593594918,-12.0507729361709,26.7541003841168));
#4698=CARTESIAN_POINT('Ctrl Pts',(12.6793319143821,-12.,26.5033743239931));
#4699=CARTESIAN_POINT('Ctrl Pts',(12.8354593137501,-12.,26.0228635972562));
#4700=CARTESIAN_POINT('Ctrl Pts',(12.9041372442637,-12.0507729361709,25.7628465804661));
#4701=CARTESIAN_POINT('Ctrl Pts',(13.0046450749848,-12.2553247596007,25.2778025220209));
#4702=CARTESIAN_POINT('Ctrl Pts',(13.0371875287141,-12.4090280308467,25.0528915142457));
#4703=CARTESIAN_POINT('Ctrl Pts',(13.0770793311128,-12.762587817119,24.6940983872882));
#4704=CARTESIAN_POINT('Ctrl Pts',(13.0872243468009,-12.986529472148,24.5358165845653));
#4705=CARTESIAN_POINT('Ctrl Pts',(13.0972179933011,-13.4788289382548,24.3240109962216));
#4706=CARTESIAN_POINT('Ctrl Pts',(13.0979150513902,-13.7473191455413,24.2708359842848));
#4707=CARTESIAN_POINT('Ctrl Pts',(13.0979150513902,-14.,24.2708359842848));
#4708=CARTESIAN_POINT('Origin',(6.09999999999999,0.,24.1));
#4709=CARTESIAN_POINT('',(11.0763224648534,-14.,23.6139807351606));
#4710=CARTESIAN_POINT('',(9.84025448735364,-14.,27.4182068003412));
#4711=CARTESIAN_POINT('Ctrl Pts',(11.0763224648534,-14.,23.6139807351606));
#4712=CARTESIAN_POINT('Ctrl Pts',(11.0763224648534,-13.7456282231649,23.6139807351606));
#4713=CARTESIAN_POINT('Ctrl Pts',(11.0827061306412,-13.4765594018881,23.6701229933538));
#4714=CARTESIAN_POINT('Ctrl Pts',(11.0968112270176,-12.9848264754572,23.8901635487598));
#4715=CARTESIAN_POINT('Ctrl Pts',(11.1031527245425,-12.7618673269195,24.053488322123));
#4716=CARTESIAN_POINT('Ctrl Pts',(11.0930980553289,-12.4098836769393,24.4203188735601));
#4717=CARTESIAN_POINT('Ctrl Pts',(11.075972021445,-12.2563771272713,24.6492583022411));
#4718=CARTESIAN_POINT('Ctrl Pts',(10.9967967158772,-12.0513614323448,25.1408478135112));
#4719=CARTESIAN_POINT('Ctrl Pts',(10.9338082640736,-12.,25.4034077712979));
#4720=CARTESIAN_POINT('Ctrl Pts',(10.7767568988779,-12.,25.8867621724516));
#4721=CARTESIAN_POINT('Ctrl Pts',(10.6733867558069,-12.0513614323448,26.1362013233783));
#4722=CARTESIAN_POINT('Ctrl Pts',(10.4484918586398,-12.2563771272713,26.5804436692107));
#4723=CARTESIAN_POINT('Ctrl Pts',(10.3277798912512,-12.4098836769393,26.7757259878434));
#4724=CARTESIAN_POINT('Ctrl Pts',(10.1202967012927,-12.7618673269195,27.0784081242924));
#4725=CARTESIAN_POINT('Ctrl Pts',(10.0191664289084,-12.9848264754572,27.2068132028231));
#4726=CARTESIAN_POINT('Ctrl Pts',(9.87841857285874,-13.4765594018882,27.376538983966));
#4727=CARTESIAN_POINT('Ctrl Pts',(9.84025448735364,-13.7456282231649,27.4182068003412));
#4728=CARTESIAN_POINT('Ctrl Pts',(9.84025448735364,-14.,27.4182068003412));
#4729=CARTESIAN_POINT('Ctrl Pts',(9.84025448735364,-14.,27.4182068003412));
#4730=CARTESIAN_POINT('Ctrl Pts',(9.84025448735364,-14.2543717768351,27.4182068003412));
#4731=CARTESIAN_POINT('Ctrl Pts',(9.87841857285874,-14.5234405981119,27.376538983966));
#4732=CARTESIAN_POINT('Ctrl Pts',(10.0191664289084,-15.0151735245428,27.2068132028231));
#4733=CARTESIAN_POINT('Ctrl Pts',(10.1202967012927,-15.2381326730805,27.0784081242924));
#4734=CARTESIAN_POINT('Ctrl Pts',(10.3277798912512,-15.5901163230607,26.7757259878434));
#4735=CARTESIAN_POINT('Ctrl Pts',(10.4484918586398,-15.7436228727287,26.5804436692107));
#4736=CARTESIAN_POINT('Ctrl Pts',(10.6733867558069,-15.9486385676552,26.1362013233783));
#4737=CARTESIAN_POINT('Ctrl Pts',(10.7767568988779,-16.,25.8867621724516));
#4738=CARTESIAN_POINT('Ctrl Pts',(10.9338082640736,-16.,25.4034077712979));
#4739=CARTESIAN_POINT('Ctrl Pts',(10.9967967158772,-15.9486385676552,25.1408478135112));
#4740=CARTESIAN_POINT('Ctrl Pts',(11.075972021445,-15.7436228727287,24.6492583022411));
#4741=CARTESIAN_POINT('Ctrl Pts',(11.0930980553289,-15.5901163230607,24.4203188735601));
#4742=CARTESIAN_POINT('Ctrl Pts',(11.1031527245425,-15.2381326730805,24.053488322123));
#4743=CARTESIAN_POINT('Ctrl Pts',(11.0968112270176,-15.0151735245428,23.8901635487598));
#4744=CARTESIAN_POINT('Ctrl Pts',(11.0827061306412,-14.5234405981119,23.6701229933538));
#4745=CARTESIAN_POINT('Ctrl Pts',(11.0763224648534,-14.2543717768351,23.6139807351606));
#4746=CARTESIAN_POINT('Ctrl Pts',(11.0763224648534,-14.,23.6139807351606));
#4747=CARTESIAN_POINT('Origin',(6.1,-14.,24.1));
#4748=CARTESIAN_POINT('',(5.48196601125011,-14.,26.0021130325903));
#4749=CARTESIAN_POINT('Origin',(6.1,-14.,24.1));
#4750=CARTESIAN_POINT('',(1.12367753514655,-14.,24.5860192648394));
#4751=CARTESIAN_POINT('Ctrl Pts',(2.35974551264634,-14.,20.7817931996588));
#4752=CARTESIAN_POINT('Ctrl Pts',(2.35974551264634,-14.2543717768351,20.7817931996588));
#4753=CARTESIAN_POINT('Ctrl Pts',(2.32158142714125,-14.5234405981119,20.823461016034));
#4754=CARTESIAN_POINT('Ctrl Pts',(2.18083357109159,-15.0151735245428,20.9931867971769));
#4755=CARTESIAN_POINT('Ctrl Pts',(2.07970329870725,-15.2381326730805,21.1215918757076));
#4756=CARTESIAN_POINT('Ctrl Pts',(1.87222010874881,-15.5901163230607,21.4242740121566));
#4757=CARTESIAN_POINT('Ctrl Pts',(1.75150814136022,-15.7436228727287,21.6195563307893));
#4758=CARTESIAN_POINT('Ctrl Pts',(1.52661324419309,-15.9486385676552,22.0637986766217));
#4759=CARTESIAN_POINT('Ctrl Pts',(1.42324310112206,-16.,22.3132378275484));
#4760=CARTESIAN_POINT('Ctrl Pts',(1.26619173592638,-16.,22.7965922287021));
#4761=CARTESIAN_POINT('Ctrl Pts',(1.20320328412273,-15.9486385676552,23.0591521864888));
#4762=CARTESIAN_POINT('Ctrl Pts',(1.12402797855503,-15.7436228727287,23.5507416977589));
#4763=CARTESIAN_POINT('Ctrl Pts',(1.10690194467103,-15.5901163230607,23.7796811264399));
#4764=CARTESIAN_POINT('Ctrl Pts',(1.09684727545747,-15.2381326730805,24.146511677877));
#4765=CARTESIAN_POINT('Ctrl Pts',(1.10318877298238,-15.0151735245428,24.3098364512402));
#4766=CARTESIAN_POINT('Ctrl Pts',(1.11729386935877,-14.5234405981119,24.5298770066461));
#4767=CARTESIAN_POINT('Ctrl Pts',(1.12367753514655,-14.2543717768351,24.5860192648394));
#4768=CARTESIAN_POINT('Ctrl Pts',(1.12367753514655,-13.7456282231649,24.5860192648394));
#4769=CARTESIAN_POINT('Ctrl Pts',(1.11729386935877,-13.4765594018881,24.5298770066462));
#4770=CARTESIAN_POINT('Ctrl Pts',(1.10318877298238,-12.9848264754572,24.3098364512402));
#4771=CARTESIAN_POINT('Ctrl Pts',(1.09684727545747,-12.7618673269195,24.146511677877));
#4772=CARTESIAN_POINT('Ctrl Pts',(1.10690194467103,-12.4098836769393,23.7796811264399));
#4773=CARTESIAN_POINT('Ctrl Pts',(1.12402797855503,-12.2563771272713,23.5507416977589));
#4774=CARTESIAN_POINT('Ctrl Pts',(1.20320328412273,-12.0513614323448,23.0591521864888));
#4775=CARTESIAN_POINT('Ctrl Pts',(1.26619173592638,-12.,22.7965922287021));
#4776=CARTESIAN_POINT('Ctrl Pts',(1.42324310112206,-12.,22.3132378275484));
#4777=CARTESIAN_POINT('Ctrl Pts',(1.52661324419309,-12.0513614323448,22.0637986766217));
#4778=CARTESIAN_POINT('Ctrl Pts',(1.75150814136022,-12.2563771272713,21.6195563307893));
#4779=CARTESIAN_POINT('Ctrl Pts',(1.87222010874881,-12.4098836769393,21.4242740121566));
#4780=CARTESIAN_POINT('Ctrl Pts',(2.07970329870725,-12.7618673269195,21.1215918757076));
#4781=CARTESIAN_POINT('Ctrl Pts',(2.18083357109159,-12.9848264754572,20.9931867971769));
#4782=CARTESIAN_POINT('Ctrl Pts',(2.32158142714125,-13.4765594018881,20.823461016034));
#4783=CARTESIAN_POINT('Ctrl Pts',(2.35974551264634,-13.7456282231649,20.7817931996588));
#4784=CARTESIAN_POINT('Ctrl Pts',(2.35974551264634,-14.,20.7817931996588));
#4785=CARTESIAN_POINT('',(-0.897915051390201,-14.,23.9291640157152));
#4786=CARTESIAN_POINT('',(5.48196601125011,-14.,26.0021130325903));
#4787=CARTESIAN_POINT('Ctrl Pts',(0.338152926109586,-14.,20.1249379505345));
#4788=CARTESIAN_POINT('Ctrl Pts',(0.338152926109586,-13.7473191455413,20.1249379505345));
#4789=CARTESIAN_POINT('Ctrl Pts',(0.30746137014283,-13.4788289382548,20.1683671593322));
#4790=CARTESIAN_POINT('Ctrl Pts',(0.191050198815749,-12.986529472148,20.3455955978353));
#4791=CARTESIAN_POINT('Ctrl Pts',(0.106221979568833,-12.762587817119,20.4796113567441));
#4792=CARTESIAN_POINT('Ctrl Pts',(-0.0723981830039234,-12.4090280308467,
20.793328907055));
#4793=CARTESIAN_POINT('Ctrl Pts',(-0.178270158346759,-12.2553247596007,
20.9944137089426));
#4794=CARTESIAN_POINT('Ctrl Pts',(-0.382059359491774,-12.0507729361709,
21.4458996158832));
#4795=CARTESIAN_POINT('Ctrl Pts',(-0.479331914382077,-12.,21.6966256760069));
#4796=CARTESIAN_POINT('Ctrl Pts',(-0.635459313750098,-12.,22.1771364027438));
#4797=CARTESIAN_POINT('Ctrl Pts',(-0.704137244263703,-12.0507729361709,
22.437153419534));
#4798=CARTESIAN_POINT('Ctrl Pts',(-0.804645074984815,-12.2553247596007,
22.9221974779791));
#4799=CARTESIAN_POINT('Ctrl Pts',(-0.837187528714139,-12.4090280308467,
23.1471084857543));
#4800=CARTESIAN_POINT('Ctrl Pts',(-0.877079331112802,-12.762587817119,23.5059016127119));
#4801=CARTESIAN_POINT('Ctrl Pts',(-0.887224346800876,-12.986529472148,23.6641834154347));
#4802=CARTESIAN_POINT('Ctrl Pts',(-0.897217993301113,-13.4788289382548,
23.8759890037784));
#4803=CARTESIAN_POINT('Ctrl Pts',(-0.897915051390207,-13.7473191455413,
23.9291640157152));
#4804=CARTESIAN_POINT('Ctrl Pts',(-0.897915051390207,-14.2526808544587,
23.9291640157152));
#4805=CARTESIAN_POINT('Ctrl Pts',(-0.897217993301113,-14.5211710617452,
23.8759890037784));
#4806=CARTESIAN_POINT('Ctrl Pts',(-0.887224346800876,-15.013470527852,23.6641834154347));
#4807=CARTESIAN_POINT('Ctrl Pts',(-0.877079331112802,-15.237412182881,23.5059016127119));
#4808=CARTESIAN_POINT('Ctrl Pts',(-0.83718752871414,-15.5909719691533,23.1471084857544));
#4809=CARTESIAN_POINT('Ctrl Pts',(-0.804645074984815,-15.7446752403993,
22.9221974779791));
#4810=CARTESIAN_POINT('Ctrl Pts',(-0.704137244263703,-15.9492270638291,
22.4371534195339));
#4811=CARTESIAN_POINT('Ctrl Pts',(-0.635459313750098,-16.,22.1771364027438));
#4812=CARTESIAN_POINT('Ctrl Pts',(-0.479331914382077,-16.,21.6966256760069));
#4813=CARTESIAN_POINT('Ctrl Pts',(-0.382059359491776,-15.9492270638291,
21.4458996158832));
#4814=CARTESIAN_POINT('Ctrl Pts',(-0.178270158346762,-15.7446752403994,
20.9944137089427));
#4815=CARTESIAN_POINT('Ctrl Pts',(-0.0723981830039234,-15.5909719691533,
20.793328907055));
#4816=CARTESIAN_POINT('Ctrl Pts',(0.106221979568833,-15.237412182881,20.4796113567441));
#4817=CARTESIAN_POINT('Ctrl Pts',(0.191050198815748,-15.013470527852,20.3455955978353));
#4818=CARTESIAN_POINT('Ctrl Pts',(0.30746137014283,-14.5211710617452,20.1683671593322));
#4819=CARTESIAN_POINT('Ctrl Pts',(0.338152926109585,-14.2526808544587,20.1249379505345));
#4820=CARTESIAN_POINT('Ctrl Pts',(0.338152926109585,-14.,20.1249379505345));
#4821=CARTESIAN_POINT('Origin',(6.09999999999999,0.,24.1));
#4822=CARTESIAN_POINT('Origin',(6.09999999999999,0.,24.1));
#4823=CARTESIAN_POINT('Origin',(6.09999999999999,0.,24.1));
#4824=CARTESIAN_POINT('',(8.09999999999999,-17.5,30.8082039324994));
#4825=CARTESIAN_POINT('',(4.09999999999999,-17.5,30.8082039324994));
#4826=CARTESIAN_POINT('Ctrl Pts',(8.09999999999999,-17.5,30.8082039324994));
#4827=CARTESIAN_POINT('Ctrl Pts',(8.09999999999999,-17.7526808544587,30.8082039324994));
#4828=CARTESIAN_POINT('Ctrl Pts',(8.04921215559787,-18.0211710617452,30.823972973226));
#4829=CARTESIAN_POINT('Ctrl Pts',(7.84468486401154,-18.513470527852,30.8799199769022));
#4830=CARTESIAN_POINT('Ctrl Pts',(7.6910149418652,-18.737412182881,30.9191832605658));
#4831=CARTESIAN_POINT('Ctrl Pts',(7.33745515559292,-19.0909719691533,30.9921170756426));
#4832=CARTESIAN_POINT('Ctrl Pts',(7.11349590482075,-19.2446752403993,31.0306686865917));
#4833=CARTESIAN_POINT('Ctrl Pts',(6.62113296458564,-19.4492270638291,31.0849669163258));
#4834=CARTESIAN_POINT('Ctrl Pts',(6.35261943875258,-19.5,31.1));
#4835=CARTESIAN_POINT('Ctrl Pts',(5.8473805612474,-19.5,31.1));
#4836=CARTESIAN_POINT('Ctrl Pts',(5.57886703541434,-19.4492270638291,31.0849669163258));
#4837=CARTESIAN_POINT('Ctrl Pts',(5.08650409517923,-19.2446752403993,31.0306686865917));
#4838=CARTESIAN_POINT('Ctrl Pts',(4.86254484440706,-19.0909719691533,30.9921170756426));
#4839=CARTESIAN_POINT('Ctrl Pts',(4.50898505813478,-18.737412182881,30.9191832605658));
#4840=CARTESIAN_POINT('Ctrl Pts',(4.35531513598844,-18.513470527852,30.8799199769022));
#4841=CARTESIAN_POINT('Ctrl Pts',(4.1507878444021,-18.0211710617452,30.823972973226));
#4842=CARTESIAN_POINT('Ctrl Pts',(4.09999999999999,-17.7526808544587,30.8082039324994));
#4843=CARTESIAN_POINT('Ctrl Pts',(4.09999999999999,-17.5,30.8082039324994));
#4844=CARTESIAN_POINT('Ctrl Pts',(4.09999999999999,-17.5,30.8082039324994));
#4845=CARTESIAN_POINT('Ctrl Pts',(4.09999999999999,-17.2473191455413,30.8082039324994));
#4846=CARTESIAN_POINT('Ctrl Pts',(4.1507878444021,-16.9788289382548,30.823972973226));
#4847=CARTESIAN_POINT('Ctrl Pts',(4.35531513598844,-16.486529472148,30.8799199769022));
#4848=CARTESIAN_POINT('Ctrl Pts',(4.50898505813479,-16.262587817119,30.9191832605658));
#4849=CARTESIAN_POINT('Ctrl Pts',(4.86254484440707,-15.9090280308467,30.9921170756426));
#4850=CARTESIAN_POINT('Ctrl Pts',(5.08650409517923,-15.7553247596007,31.0306686865917));
#4851=CARTESIAN_POINT('Ctrl Pts',(5.57886703541434,-15.5507729361709,31.0849669163258));
#4852=CARTESIAN_POINT('Ctrl Pts',(5.8473805612474,-15.5,31.1));
#4853=CARTESIAN_POINT('Ctrl Pts',(6.35261943875258,-15.5,31.1));
#4854=CARTESIAN_POINT('Ctrl Pts',(6.62113296458564,-15.5507729361709,31.0849669163258));
#4855=CARTESIAN_POINT('Ctrl Pts',(7.11349590482075,-15.7553247596007,31.0306686865917));
#4856=CARTESIAN_POINT('Ctrl Pts',(7.33745515559291,-15.9090280308467,30.9921170756426));
#4857=CARTESIAN_POINT('Ctrl Pts',(7.69101494186519,-16.262587817119,30.9191832605658));
#4858=CARTESIAN_POINT('Ctrl Pts',(7.84468486401154,-16.486529472148,30.8799199769022));
#4859=CARTESIAN_POINT('Ctrl Pts',(8.04921215559787,-16.9788289382548,30.823972973226));
#4860=CARTESIAN_POINT('Ctrl Pts',(8.09999999999999,-17.2473191455413,30.8082039324994));
#4861=CARTESIAN_POINT('Ctrl Pts',(8.09999999999999,-17.5,30.8082039324994));
#4862=CARTESIAN_POINT('Origin',(6.09999999999999,0.,24.1));
#4863=CARTESIAN_POINT('',(8.09999999999999,-17.5,28.6825756949558));
#4864=CARTESIAN_POINT('',(4.09999999999999,-17.5,28.6825756949558));
#4865=CARTESIAN_POINT('Ctrl Pts',(8.09999999999999,-17.5,28.6825756949558));
#4866=CARTESIAN_POINT('Ctrl Pts',(8.09999999999999,-17.2456282231649,28.6825756949558));
#4867=CARTESIAN_POINT('Ctrl Pts',(8.04857820072064,-16.9765594018881,28.7059958337855));
#4868=CARTESIAN_POINT('Ctrl Pts',(7.84366591114022,-16.4848264754572,28.7874068486793));
#4869=CARTESIAN_POINT('Ctrl Pts',(7.69029445166569,-16.2618673269195,28.8439081017951));
#4870=CARTESIAN_POINT('Ctrl Pts',(7.33831080168551,-15.9098836769393,28.9477024175704));
#4871=CARTESIAN_POINT('Ctrl Pts',(7.1152842306851,-15.7563771272713,29.0021607655916));
#4872=CARTESIAN_POINT('Ctrl Pts',(6.62328830769408,-15.5513614323448,29.0787700885408));
#4873=CARTESIAN_POINT('Ctrl Pts',(6.35411444686618,-15.5,29.1));
#4874=CARTESIAN_POINT('Ctrl Pts',(5.8458855531338,-15.5,29.1));
#4875=CARTESIAN_POINT('Ctrl Pts',(5.57671169230589,-15.5513614323448,29.0787700885408));
#4876=CARTESIAN_POINT('Ctrl Pts',(5.08471576931487,-15.7563771272713,29.0021607655916));
#4877=CARTESIAN_POINT('Ctrl Pts',(4.86168919831447,-15.9098836769393,28.9477024175704));
#4878=CARTESIAN_POINT('Ctrl Pts',(4.50970554833428,-16.2618673269195,28.8439081017951));
#4879=CARTESIAN_POINT('Ctrl Pts',(4.35633408885976,-16.4848264754572,28.7874068486793));
#4880=CARTESIAN_POINT('Ctrl Pts',(4.15142179927934,-16.9765594018881,28.7059958337855));
#4881=CARTESIAN_POINT('Ctrl Pts',(4.09999999999999,-17.2456282231649,28.6825756949558));
#4882=CARTESIAN_POINT('Ctrl Pts',(4.09999999999999,-17.5,28.6825756949558));
#4883=CARTESIAN_POINT('Ctrl Pts',(4.09999999999999,-17.5,28.6825756949558));
#4884=CARTESIAN_POINT('Ctrl Pts',(4.09999999999999,-17.7543717768351,28.6825756949558));
#4885=CARTESIAN_POINT('Ctrl Pts',(4.15142179927934,-18.0234405981119,28.7059958337855));
#4886=CARTESIAN_POINT('Ctrl Pts',(4.35633408885977,-18.5151735245428,28.7874068486793));
#4887=CARTESIAN_POINT('Ctrl Pts',(4.50970554833428,-18.7381326730805,28.8439081017951));
#4888=CARTESIAN_POINT('Ctrl Pts',(4.86168919831447,-19.0901163230607,28.9477024175704));
#4889=CARTESIAN_POINT('Ctrl Pts',(5.08471576931488,-19.2436228727287,29.0021607655916));
#4890=CARTESIAN_POINT('Ctrl Pts',(5.5767116923059,-19.4486385676552,29.0787700885408));
#4891=CARTESIAN_POINT('Ctrl Pts',(5.8458855531338,-19.5,29.1));
#4892=CARTESIAN_POINT('Ctrl Pts',(6.35411444686618,-19.5,29.1));
#4893=CARTESIAN_POINT('Ctrl Pts',(6.62328830769408,-19.4486385676552,29.0787700885408));
#4894=CARTESIAN_POINT('Ctrl Pts',(7.1152842306851,-19.2436228727287,29.0021607655916));
#4895=CARTESIAN_POINT('Ctrl Pts',(7.33831080168551,-19.0901163230607,28.9477024175704));
#4896=CARTESIAN_POINT('Ctrl Pts',(7.6902944516657,-18.7381326730805,28.8439081017951));
#4897=CARTESIAN_POINT('Ctrl Pts',(7.84366591114022,-18.5151735245428,28.7874068486793));
#4898=CARTESIAN_POINT('Ctrl Pts',(8.04857820072064,-18.0234405981119,28.7059958337855));
#4899=CARTESIAN_POINT('Ctrl Pts',(8.09999999999999,-17.7543717768351,28.6825756949558));
#4900=CARTESIAN_POINT('Ctrl Pts',(8.09999999999999,-17.5,28.6825756949558));
#4901=CARTESIAN_POINT('Origin',(6.09999999999999,-17.5,24.1));
#4902=CARTESIAN_POINT('',(4.09999999999999,-17.5,24.1));
#4903=CARTESIAN_POINT('Origin',(6.09999999999999,-17.5,24.1));
#4904=CARTESIAN_POINT('',(4.09999999999999,-17.5,19.5174243050442));
#4905=CARTESIAN_POINT('Ctrl Pts',(8.09999999999999,-17.5,19.5174243050442));
#4906=CARTESIAN_POINT('Ctrl Pts',(8.09999999999999,-17.7543717768351,19.5174243050442));
#4907=CARTESIAN_POINT('Ctrl Pts',(8.04857820072064,-18.0234405981119,19.4940041662145));
#4908=CARTESIAN_POINT('Ctrl Pts',(7.84366591114022,-18.5151735245428,19.4125931513207));
#4909=CARTESIAN_POINT('Ctrl Pts',(7.69029445166569,-18.7381326730805,19.3560918982049));
#4910=CARTESIAN_POINT('Ctrl Pts',(7.33831080168551,-19.0901163230607,19.2522975824296));
#4911=CARTESIAN_POINT('Ctrl Pts',(7.1152842306851,-19.2436228727287,19.1978392344084));
#4912=CARTESIAN_POINT('Ctrl Pts',(6.62328830769409,-19.4486385676552,19.1212299114593));
#4913=CARTESIAN_POINT('Ctrl Pts',(6.35411444686618,-19.5,19.1));
#4914=CARTESIAN_POINT('Ctrl Pts',(5.8458855531338,-19.5,19.1));
#4915=CARTESIAN_POINT('Ctrl Pts',(5.57671169230589,-19.4486385676552,19.1212299114593));
#4916=CARTESIAN_POINT('Ctrl Pts',(5.08471576931487,-19.2436228727287,19.1978392344084));
#4917=CARTESIAN_POINT('Ctrl Pts',(4.86168919831447,-19.0901163230607,19.2522975824296));
#4918=CARTESIAN_POINT('Ctrl Pts',(4.50970554833428,-18.7381326730805,19.3560918982049));
#4919=CARTESIAN_POINT('Ctrl Pts',(4.35633408885976,-18.5151735245428,19.4125931513207));
#4920=CARTESIAN_POINT('Ctrl Pts',(4.15142179927934,-18.0234405981119,19.4940041662145));
#4921=CARTESIAN_POINT('Ctrl Pts',(4.09999999999999,-17.7543717768351,19.5174243050442));
#4922=CARTESIAN_POINT('Ctrl Pts',(4.09999999999999,-17.2456282231649,19.5174243050442));
#4923=CARTESIAN_POINT('Ctrl Pts',(4.15142179927934,-16.9765594018881,19.4940041662145));
#4924=CARTESIAN_POINT('Ctrl Pts',(4.35633408885976,-16.4848264754572,19.4125931513207));
#4925=CARTESIAN_POINT('Ctrl Pts',(4.50970554833428,-16.2618673269195,19.3560918982049));
#4926=CARTESIAN_POINT('Ctrl Pts',(4.86168919831447,-15.9098836769393,19.2522975824296));
#4927=CARTESIAN_POINT('Ctrl Pts',(5.08471576931488,-15.7563771272713,19.1978392344084));
#4928=CARTESIAN_POINT('Ctrl Pts',(5.57671169230589,-15.5513614323448,19.1212299114593));
#4929=CARTESIAN_POINT('Ctrl Pts',(5.8458855531338,-15.5,19.1));
#4930=CARTESIAN_POINT('Ctrl Pts',(6.35411444686618,-15.5,19.1));
#4931=CARTESIAN_POINT('Ctrl Pts',(6.62328830769409,-15.5513614323448,19.1212299114593));
#4932=CARTESIAN_POINT('Ctrl Pts',(7.11528423068511,-15.7563771272713,19.1978392344084));
#4933=CARTESIAN_POINT('Ctrl Pts',(7.33831080168551,-15.9098836769393,19.2522975824296));
#4934=CARTESIAN_POINT('Ctrl Pts',(7.6902944516657,-16.2618673269195,19.3560918982049));
#4935=CARTESIAN_POINT('Ctrl Pts',(7.84366591114022,-16.4848264754572,19.4125931513207));
#4936=CARTESIAN_POINT('Ctrl Pts',(8.04857820072064,-16.9765594018881,19.4940041662145));
#4937=CARTESIAN_POINT('Ctrl Pts',(8.09999999999999,-17.2456282231649,19.5174243050442));
#4938=CARTESIAN_POINT('Ctrl Pts',(8.09999999999999,-17.5,19.5174243050442));
#4939=CARTESIAN_POINT('',(4.09999999999999,-17.5,17.3917960675006));
#4940=CARTESIAN_POINT('',(4.09999999999999,-17.5,24.1));
#4941=CARTESIAN_POINT('Ctrl Pts',(8.09999999999999,-17.5,17.3917960675006));
#4942=CARTESIAN_POINT('Ctrl Pts',(8.09999999999999,-17.2473191455412,17.3917960675006));
#4943=CARTESIAN_POINT('Ctrl Pts',(8.04921215559787,-16.9788289382548,17.376027026774));
#4944=CARTESIAN_POINT('Ctrl Pts',(7.84468486401154,-16.486529472148,17.3200800230978));
#4945=CARTESIAN_POINT('Ctrl Pts',(7.69101494186519,-16.262587817119,17.2808167394342));
#4946=CARTESIAN_POINT('Ctrl Pts',(7.33745515559291,-15.9090280308467,17.2078829243574));
#4947=CARTESIAN_POINT('Ctrl Pts',(7.11349590482075,-15.7553247596007,17.1693313134083));
#4948=CARTESIAN_POINT('Ctrl Pts',(6.62113296458564,-15.5507729361709,17.1150330836742));
#4949=CARTESIAN_POINT('Ctrl Pts',(6.35261943875258,-15.5,17.1));
#4950=CARTESIAN_POINT('Ctrl Pts',(5.8473805612474,-15.5,17.1));
#4951=CARTESIAN_POINT('Ctrl Pts',(5.57886703541434,-15.5507729361709,17.1150330836742));
#4952=CARTESIAN_POINT('Ctrl Pts',(5.08650409517923,-15.7553247596007,17.1693313134083));
#4953=CARTESIAN_POINT('Ctrl Pts',(4.86254484440707,-15.9090280308467,17.2078829243574));
#4954=CARTESIAN_POINT('Ctrl Pts',(4.50898505813479,-16.262587817119,17.2808167394342));
#4955=CARTESIAN_POINT('Ctrl Pts',(4.35531513598844,-16.486529472148,17.3200800230978));
#4956=CARTESIAN_POINT('Ctrl Pts',(4.1507878444021,-16.9788289382548,17.376027026774));
#4957=CARTESIAN_POINT('Ctrl Pts',(4.09999999999999,-17.2473191455413,17.3917960675006));
#4958=CARTESIAN_POINT('Ctrl Pts',(4.09999999999999,-17.7526808544587,17.3917960675006));
#4959=CARTESIAN_POINT('Ctrl Pts',(4.1507878444021,-18.0211710617452,17.376027026774));
#4960=CARTESIAN_POINT('Ctrl Pts',(4.35531513598844,-18.513470527852,17.3200800230978));
#4961=CARTESIAN_POINT('Ctrl Pts',(4.50898505813478,-18.737412182881,17.2808167394342));
#4962=CARTESIAN_POINT('Ctrl Pts',(4.86254484440707,-19.0909719691533,17.2078829243574));
#4963=CARTESIAN_POINT('Ctrl Pts',(5.08650409517923,-19.2446752403993,17.1693313134083));
#4964=CARTESIAN_POINT('Ctrl Pts',(5.57886703541434,-19.4492270638291,17.1150330836742));
#4965=CARTESIAN_POINT('Ctrl Pts',(5.8473805612474,-19.5,17.1));
#4966=CARTESIAN_POINT('Ctrl Pts',(6.35261943875258,-19.5,17.1));
#4967=CARTESIAN_POINT('Ctrl Pts',(6.62113296458564,-19.4492270638291,17.1150330836742));
#4968=CARTESIAN_POINT('Ctrl Pts',(7.11349590482075,-19.2446752403993,17.1693313134083));
#4969=CARTESIAN_POINT('Ctrl Pts',(7.33745515559292,-19.0909719691533,17.2078829243574));
#4970=CARTESIAN_POINT('Ctrl Pts',(7.6910149418652,-18.737412182881,17.2808167394342));
#4971=CARTESIAN_POINT('Ctrl Pts',(7.84468486401154,-18.513470527852,17.3200800230978));
#4972=CARTESIAN_POINT('Ctrl Pts',(8.04921215559788,-18.0211710617452,17.376027026774));
#4973=CARTESIAN_POINT('Ctrl Pts',(8.09999999999999,-17.7526808544587,17.3917960675006));
#4974=CARTESIAN_POINT('Ctrl Pts',(8.09999999999999,-17.5,17.3917960675006));
#4975=CARTESIAN_POINT('Origin',(6.09999999999999,0.,24.1));
#4976=CARTESIAN_POINT('Origin',(6.09999999999999,0.,24.1));
#4977=CARTESIAN_POINT('Origin',(6.09999999999999,0.,24.1));
#4978=CARTESIAN_POINT('',(0.538982670356594,-7.,19.8485195214601));
#4979=CARTESIAN_POINT('',(3.77505064785638,-7.,17.4973785122902));
#4980=CARTESIAN_POINT('Ctrl Pts',(0.538982670356592,-7.,19.8485195214601));
#4981=CARTESIAN_POINT('Ctrl Pts',(0.538982670356592,-7.25268085445875,19.8485195214601));
#4982=CARTESIAN_POINT('Ctrl Pts',(0.570802090003632,-7.52117106174523,19.8059097535919));
#4983=CARTESIAN_POINT('Ctrl Pts',(0.70338332103965,-8.01347052785196,19.6404295511478));
#4984=CARTESIAN_POINT('Ctrl Pts',(0.804626520486267,-8.23741218288098,19.5183399734504));
#4985=CARTESIAN_POINT('Ctrl Pts',(1.04779297521255,-8.59097196915327,19.2515180494142));
#4986=CARTESIAN_POINT('Ctrl Pts',(1.20631974676676,-8.74467524039934,19.0886891962775));
#4987=CARTESIAN_POINT('Ctrl Pts',(1.57273403415405,-8.94922706382913,18.7553573306126));
#4988=CARTESIAN_POINT('Ctrl Pts',(1.78112981489237,-9.,18.5853670199165));
#4989=CARTESIAN_POINT('Ctrl Pts',(2.18987665301298,-9.,18.2883950588342));
#4990=CARTESIAN_POINT('Ctrl Pts',(2.41594488351163,-8.94922706382913,18.1427287884787));
#4991=CARTESIAN_POINT('Ctrl Pts',(2.84619056822557,-8.74467524039935,17.8972533040526));
#4992=CARTESIAN_POINT('Ctrl Pts',(3.05003747651569,-8.59097196915327,17.7968022677525));
#4993=CARTESIAN_POINT('Ctrl Pts',(3.37894277303311,-8.23741218288099,17.6479897354397));
#4994=CARTESIAN_POINT('Ctrl Pts',(3.52634273066782,-8.01347052785196,17.58942948522));
#4995=CARTESIAN_POINT('Ctrl Pts',(3.72469360904546,-7.52117106174523,17.5144734362926));
#4996=CARTESIAN_POINT('Ctrl Pts',(3.77505064785638,-7.25268085445875,17.4973785122902));
#4997=CARTESIAN_POINT('Ctrl Pts',(3.77505064785638,-7.,17.4973785122902));
#4998=CARTESIAN_POINT('Ctrl Pts',(3.77505064785638,-7.,17.4973785122902));
#4999=CARTESIAN_POINT('Ctrl Pts',(3.77505064785638,-6.74731914554126,17.4973785122902));
#5000=CARTESIAN_POINT('Ctrl Pts',(3.72469360904546,-6.47882893825477,17.5144734362926));
#5001=CARTESIAN_POINT('Ctrl Pts',(3.52634273066782,-5.98652947214804,17.58942948522));
#5002=CARTESIAN_POINT('Ctrl Pts',(3.37894277303311,-5.76258781711902,17.6479897354397));
#5003=CARTESIAN_POINT('Ctrl Pts',(3.0500374765157,-5.40902803084673,17.7968022677525));
#5004=CARTESIAN_POINT('Ctrl Pts',(2.84619056822557,-5.25532475960066,17.8972533040526));
#5005=CARTESIAN_POINT('Ctrl Pts',(2.41594488351163,-5.05077293617087,18.1427287884787));
#5006=CARTESIAN_POINT('Ctrl Pts',(2.18987665301298,-5.,18.2883950588342));
#5007=CARTESIAN_POINT('Ctrl Pts',(1.78112981489237,-5.,18.5853670199165));
#5008=CARTESIAN_POINT('Ctrl Pts',(1.57273403415405,-5.05077293617087,18.7553573306126));
#5009=CARTESIAN_POINT('Ctrl Pts',(1.20631974676676,-5.25532475960066,19.0886891962775));
#5010=CARTESIAN_POINT('Ctrl Pts',(1.04779297521255,-5.40902803084673,19.2515180494142));
#5011=CARTESIAN_POINT('Ctrl Pts',(0.804626520486267,-5.76258781711902,19.5183399734504));
#5012=CARTESIAN_POINT('Ctrl Pts',(0.703383321039649,-5.98652947214804,19.6404295511478));
#5013=CARTESIAN_POINT('Ctrl Pts',(0.570802090003632,-6.47882893825477,19.8059097535919));
#5014=CARTESIAN_POINT('Ctrl Pts',(0.538982670356592,-6.74731914554125,19.8485195214601));
#5015=CARTESIAN_POINT('Ctrl Pts',(0.538982670356592,-7.,19.8485195214601));
#5016=CARTESIAN_POINT('Origin',(6.09999999999999,0.,24.1));
#5017=CARTESIAN_POINT('',(1.78839560024112,-7.,21.5681888893561));
#5018=CARTESIAN_POINT('',(5.02446357774091,-7.,19.2170478801862));
#5019=CARTESIAN_POINT('Ctrl Pts',(1.78839560024112,-7.,21.5681888893561));
#5020=CARTESIAN_POINT('Ctrl Pts',(1.78839560024112,-6.7456282231649,21.5681888893561));
#5021=CARTESIAN_POINT('Ctrl Pts',(1.81623069752876,-6.47655940188814,21.5190166237696));
#5022=CARTESIAN_POINT('Ctrl Pts',(1.93415602822682,-5.98482647545719,21.3327093073623));
#5023=CARTESIAN_POINT('Ctrl Pts',(2.02502554207629,-5.76186732691952,21.1968493513864));
#5024=CARTESIAN_POINT('Ctrl Pts',(2.24877752856791,-5.40988367693933,20.9059871874983));
#5025=CARTESIAN_POINT('Ctrl Pts',(2.39720000087329,-5.25637712727135,20.7308377291601));
#5026=CARTESIAN_POINT('Ctrl Pts',(2.75020323351862,-5.05136143234481,20.3796715372446));
#5027=CARTESIAN_POINT('Ctrl Pts',(2.95549083250669,-5.,20.2042797523877));
#5028=CARTESIAN_POINT('Ctrl Pts',(3.36665664456856,-5.,19.9055503038629));
#5029=CARTESIAN_POINT('Ctrl Pts',(3.59690150128308,-5.05136143234481,19.7645092373252));
#5030=CARTESIAN_POINT('Ctrl Pts',(4.0399643943636,-5.25637712727134,19.5372995337964));
#5031=CARTESIAN_POINT('Ctrl Pts',(4.25240649433121,-5.40988367693933,19.4502655335278));
#5032=CARTESIAN_POINT('Ctrl Pts',(4.59817601699178,-5.76186732691952,19.3273461004031));
#5033=CARTESIAN_POINT('Ctrl Pts',(4.75546673747627,-5.98482647545719,19.2829070923756));
#5034=CARTESIAN_POINT('Ctrl Pts',(4.9690964560319,-6.47655940188814,19.2283255651252));
#5035=CARTESIAN_POINT('Ctrl Pts',(5.02446357774091,-6.7456282231649,19.2170478801862));
#5036=CARTESIAN_POINT('Ctrl Pts',(5.02446357774091,-7.,19.2170478801862));
#5037=CARTESIAN_POINT('Ctrl Pts',(5.02446357774091,-7.,19.2170478801862));
#5038=CARTESIAN_POINT('Ctrl Pts',(5.02446357774091,-7.2543717768351,19.2170478801862));
#5039=CARTESIAN_POINT('Ctrl Pts',(4.96909645603189,-7.52344059811186,19.2283255651252));
#5040=CARTESIAN_POINT('Ctrl Pts',(4.75546673747627,-8.01517352454282,19.2829070923756));
#5041=CARTESIAN_POINT('Ctrl Pts',(4.59817601699178,-8.23813267308049,19.3273461004031));
#5042=CARTESIAN_POINT('Ctrl Pts',(4.25240649433121,-8.59011632306067,19.4502655335278));
#5043=CARTESIAN_POINT('Ctrl Pts',(4.0399643943636,-8.74362287272866,19.5372995337964));
#5044=CARTESIAN_POINT('Ctrl Pts',(3.59690150128308,-8.94863856765519,19.7645092373252));
#5045=CARTESIAN_POINT('Ctrl Pts',(3.36665664456856,-9.,19.9055503038629));
#5046=CARTESIAN_POINT('Ctrl Pts',(2.95549083250669,-9.,20.2042797523877));
#5047=CARTESIAN_POINT('Ctrl Pts',(2.75020323351862,-8.94863856765519,20.3796715372446));
#5048=CARTESIAN_POINT('Ctrl Pts',(2.39720000087329,-8.74362287272865,20.7308377291601));
#5049=CARTESIAN_POINT('Ctrl Pts',(2.24877752856791,-8.59011632306067,20.9059871874983));
#5050=CARTESIAN_POINT('Ctrl Pts',(2.02502554207629,-8.23813267308049,21.1968493513864));
#5051=CARTESIAN_POINT('Ctrl Pts',(1.93415602822683,-8.01517352454282,21.3327093073623));
#5052=CARTESIAN_POINT('Ctrl Pts',(1.81623069752876,-7.52344059811186,21.5190166237696));
#5053=CARTESIAN_POINT('Ctrl Pts',(1.78839560024112,-7.2543717768351,21.5681888893561));
#5054=CARTESIAN_POINT('Ctrl Pts',(1.78839560024112,-7.,21.5681888893561));
#5055=CARTESIAN_POINT('Origin',(6.09999999999999,-7.,24.1));
#5056=CARTESIAN_POINT('',(7.71803398874988,-7.,22.9244294954151));
#5057=CARTESIAN_POINT('Origin',(6.09999999999999,-7.,24.1));
#5058=CARTESIAN_POINT('',(10.4116043997589,-7.,26.6318111106439));
#5059=CARTESIAN_POINT('Ctrl Pts',(7.17553642225907,-7.,28.9829521198138));
#5060=CARTESIAN_POINT('Ctrl Pts',(7.17553642225907,-7.2543717768351,28.9829521198138));
#5061=CARTESIAN_POINT('Ctrl Pts',(7.23090354396809,-7.52344059811186,28.9716744348748));
#5062=CARTESIAN_POINT('Ctrl Pts',(7.44453326252371,-8.01517352454282,28.9170929076244));
#5063=CARTESIAN_POINT('Ctrl Pts',(7.6018239830082,-8.23813267308049,28.8726538995969));
#5064=CARTESIAN_POINT('Ctrl Pts',(7.94759350566877,-8.59011632306067,28.7497344664722));
#5065=CARTESIAN_POINT('Ctrl Pts',(8.16003560563638,-8.74362287272865,28.6627004662036));
#5066=CARTESIAN_POINT('Ctrl Pts',(8.60309849871691,-8.94863856765519,28.4354907626748));
#5067=CARTESIAN_POINT('Ctrl Pts',(8.83334335543142,-9.,28.2944496961371));
#5068=CARTESIAN_POINT('Ctrl Pts',(9.24450916749329,-9.,27.9957202476123));
#5069=CARTESIAN_POINT('Ctrl Pts',(9.44979676648136,-8.94863856765519,27.8203284627555));
#5070=CARTESIAN_POINT('Ctrl Pts',(9.80279999912669,-8.74362287272865,27.4691622708399));
#5071=CARTESIAN_POINT('Ctrl Pts',(9.95122247143207,-8.59011632306067,27.2940128125017));
#5072=CARTESIAN_POINT('Ctrl Pts',(10.1749744579237,-8.23813267308049,27.0031506486136));
#5073=CARTESIAN_POINT('Ctrl Pts',(10.2658439717732,-8.01517352454282,26.8672906926378));
#5074=CARTESIAN_POINT('Ctrl Pts',(10.3837693024712,-7.52344059811186,26.6809833762304));
#5075=CARTESIAN_POINT('Ctrl Pts',(10.4116043997589,-7.2543717768351,26.6318111106439));
#5076=CARTESIAN_POINT('Ctrl Pts',(10.4116043997589,-6.7456282231649,26.6318111106439));
#5077=CARTESIAN_POINT('Ctrl Pts',(10.3837693024712,-6.47655940188814,26.6809833762304));
#5078=CARTESIAN_POINT('Ctrl Pts',(10.2658439717732,-5.98482647545719,26.8672906926378));
#5079=CARTESIAN_POINT('Ctrl Pts',(10.1749744579237,-5.76186732691952,27.0031506486136));
#5080=CARTESIAN_POINT('Ctrl Pts',(9.95122247143207,-5.40988367693933,27.2940128125017));
#5081=CARTESIAN_POINT('Ctrl Pts',(9.80279999912669,-5.25637712727134,27.4691622708399));
#5082=CARTESIAN_POINT('Ctrl Pts',(9.44979676648136,-5.05136143234481,27.8203284627555));
#5083=CARTESIAN_POINT('Ctrl Pts',(9.24450916749329,-5.,27.9957202476123));
#5084=CARTESIAN_POINT('Ctrl Pts',(8.83334335543142,-5.,28.2944496961371));
#5085=CARTESIAN_POINT('Ctrl Pts',(8.60309849871691,-5.05136143234481,28.4354907626748));
#5086=CARTESIAN_POINT('Ctrl Pts',(8.16003560563638,-5.25637712727135,28.6627004662036));
#5087=CARTESIAN_POINT('Ctrl Pts',(7.94759350566877,-5.40988367693933,28.7497344664722));
#5088=CARTESIAN_POINT('Ctrl Pts',(7.6018239830082,-5.76186732691952,28.8726538995969));
#5089=CARTESIAN_POINT('Ctrl Pts',(7.44453326252371,-5.98482647545719,28.9170929076244));
#5090=CARTESIAN_POINT('Ctrl Pts',(7.23090354396809,-6.47655940188814,28.9716744348748));
#5091=CARTESIAN_POINT('Ctrl Pts',(7.17553642225907,-6.7456282231649,28.9829521198138));
#5092=CARTESIAN_POINT('Ctrl Pts',(7.17553642225907,-7.,28.9829521198138));
#5093=CARTESIAN_POINT('',(11.6610173296434,-7.,28.3514804785399));
#5094=CARTESIAN_POINT('',(7.71803398874988,-7.,22.9244294954151));
#5095=CARTESIAN_POINT('Ctrl Pts',(8.4249493521436,-7.,30.7026214877098));
#5096=CARTESIAN_POINT('Ctrl Pts',(8.4249493521436,-6.74731914554125,30.7026214877098));
#5097=CARTESIAN_POINT('Ctrl Pts',(8.47530639095452,-6.47882893825477,30.6855265637074));
#5098=CARTESIAN_POINT('Ctrl Pts',(8.67365726933216,-5.98652947214804,30.61057051478));
#5099=CARTESIAN_POINT('Ctrl Pts',(8.82105722696687,-5.76258781711902,30.5520102645603));
#5100=CARTESIAN_POINT('Ctrl Pts',(9.14996252348429,-5.40902803084673,30.4031977322475));
#5101=CARTESIAN_POINT('Ctrl Pts',(9.35380943177441,-5.25532475960066,30.3027466959474));
#5102=CARTESIAN_POINT('Ctrl Pts',(9.78405511648835,-5.05077293617087,30.0572712115213));
#5103=CARTESIAN_POINT('Ctrl Pts',(10.010123346987,-5.,29.9116049411658));
#5104=CARTESIAN_POINT('Ctrl Pts',(10.4188701851076,-5.,29.6146329800835));
#5105=CARTESIAN_POINT('Ctrl Pts',(10.6272659658459,-5.05077293617087,29.4446426693875));
#5106=CARTESIAN_POINT('Ctrl Pts',(10.9936802532332,-5.25532475960065,29.1113108037225));
#5107=CARTESIAN_POINT('Ctrl Pts',(11.1522070247874,-5.40902803084673,28.9484819505859));
#5108=CARTESIAN_POINT('Ctrl Pts',(11.3953734795137,-5.76258781711902,28.6816600265496));
#5109=CARTESIAN_POINT('Ctrl Pts',(11.4966166789603,-5.98652947214804,28.5595704488522));
#5110=CARTESIAN_POINT('Ctrl Pts',(11.6291979099963,-6.47882893825477,28.3940902464081));
#5111=CARTESIAN_POINT('Ctrl Pts',(11.6610173296434,-6.74731914554125,28.3514804785399));
#5112=CARTESIAN_POINT('Ctrl Pts',(11.6610173296434,-7.25268085445875,28.3514804785399));
#5113=CARTESIAN_POINT('Ctrl Pts',(11.6291979099963,-7.52117106174523,28.3940902464081));
#5114=CARTESIAN_POINT('Ctrl Pts',(11.4966166789603,-8.01347052785196,28.5595704488522));
#5115=CARTESIAN_POINT('Ctrl Pts',(11.3953734795137,-8.23741218288099,28.6816600265496));
#5116=CARTESIAN_POINT('Ctrl Pts',(11.1522070247874,-8.59097196915327,28.9484819505859));
#5117=CARTESIAN_POINT('Ctrl Pts',(10.9936802532332,-8.74467524039935,29.1113108037225));
#5118=CARTESIAN_POINT('Ctrl Pts',(10.6272659658459,-8.94922706382913,29.4446426693875));
#5119=CARTESIAN_POINT('Ctrl Pts',(10.4188701851076,-9.,29.6146329800835));
#5120=CARTESIAN_POINT('Ctrl Pts',(10.010123346987,-9.,29.9116049411658));
#5121=CARTESIAN_POINT('Ctrl Pts',(9.78405511648835,-8.94922706382913,30.0572712115213));
#5122=CARTESIAN_POINT('Ctrl Pts',(9.35380943177441,-8.74467524039935,30.3027466959474));
#5123=CARTESIAN_POINT('Ctrl Pts',(9.14996252348429,-8.59097196915327,30.4031977322475));
#5124=CARTESIAN_POINT('Ctrl Pts',(8.82105722696687,-8.23741218288098,30.5520102645603));
#5125=CARTESIAN_POINT('Ctrl Pts',(8.67365726933216,-8.01347052785196,30.61057051478));
#5126=CARTESIAN_POINT('Ctrl Pts',(8.47530639095452,-7.52117106174523,30.6855265637074));
#5127=CARTESIAN_POINT('Ctrl Pts',(8.4249493521436,-7.25268085445875,30.7026214877098));
#5128=CARTESIAN_POINT('Ctrl Pts',(8.4249493521436,-7.,30.7026214877098));
#5129=CARTESIAN_POINT('Origin',(6.09999999999999,0.,24.1));
#5130=CARTESIAN_POINT('Origin',(6.09999999999999,0.,24.1));
#5131=CARTESIAN_POINT('Origin',(6.09999999999999,0.,24.1));
#5132=CARTESIAN_POINT('',(8.09999999999999,17.5,30.8082039324994));
#5133=CARTESIAN_POINT('',(4.09999999999999,17.5,30.8082039324994));
#5134=CARTESIAN_POINT('Ctrl Pts',(8.09999999999999,17.5,30.8082039324994));
#5135=CARTESIAN_POINT('Ctrl Pts',(8.09999999999999,17.2473191455413,30.8082039324994));
#5136=CARTESIAN_POINT('Ctrl Pts',(8.04921215559787,16.9788289382548,30.823972973226));
#5137=CARTESIAN_POINT('Ctrl Pts',(7.84468486401154,16.486529472148,30.8799199769022));
#5138=CARTESIAN_POINT('Ctrl Pts',(7.69101494186519,16.262587817119,30.9191832605658));
#5139=CARTESIAN_POINT('Ctrl Pts',(7.33745515559291,15.9090280308467,30.9921170756426));
#5140=CARTESIAN_POINT('Ctrl Pts',(7.11349590482075,15.7553247596007,31.0306686865917));
#5141=CARTESIAN_POINT('Ctrl Pts',(6.62113296458564,15.5507729361709,31.0849669163258));
#5142=CARTESIAN_POINT('Ctrl Pts',(6.35261943875258,15.5,31.1));
#5143=CARTESIAN_POINT('Ctrl Pts',(5.8473805612474,15.5,31.1));
#5144=CARTESIAN_POINT('Ctrl Pts',(5.57886703541434,15.5507729361709,31.0849669163258));
#5145=CARTESIAN_POINT('Ctrl Pts',(5.08650409517923,15.7553247596007,31.0306686865917));
#5146=CARTESIAN_POINT('Ctrl Pts',(4.86254484440707,15.9090280308467,30.9921170756426));
#5147=CARTESIAN_POINT('Ctrl Pts',(4.50898505813479,16.262587817119,30.9191832605658));
#5148=CARTESIAN_POINT('Ctrl Pts',(4.35531513598844,16.486529472148,30.8799199769022));
#5149=CARTESIAN_POINT('Ctrl Pts',(4.1507878444021,16.9788289382548,30.823972973226));
#5150=CARTESIAN_POINT('Ctrl Pts',(4.09999999999999,17.2473191455413,30.8082039324994));
#5151=CARTESIAN_POINT('Ctrl Pts',(4.09999999999999,17.5,30.8082039324994));
#5152=CARTESIAN_POINT('Ctrl Pts',(4.09999999999999,17.5,30.8082039324994));
#5153=CARTESIAN_POINT('Ctrl Pts',(4.09999999999999,17.7526808544587,30.8082039324994));
#5154=CARTESIAN_POINT('Ctrl Pts',(4.1507878444021,18.0211710617452,30.823972973226));
#5155=CARTESIAN_POINT('Ctrl Pts',(4.35531513598844,18.513470527852,30.8799199769022));
#5156=CARTESIAN_POINT('Ctrl Pts',(4.50898505813478,18.737412182881,30.9191832605658));
#5157=CARTESIAN_POINT('Ctrl Pts',(4.86254484440707,19.0909719691533,30.9921170756426));
#5158=CARTESIAN_POINT('Ctrl Pts',(5.08650409517923,19.2446752403993,31.0306686865917));
#5159=CARTESIAN_POINT('Ctrl Pts',(5.57886703541434,19.4492270638291,31.0849669163258));
#5160=CARTESIAN_POINT('Ctrl Pts',(5.8473805612474,19.5,31.1));
#5161=CARTESIAN_POINT('Ctrl Pts',(6.35261943875258,19.5,31.1));
#5162=CARTESIAN_POINT('Ctrl Pts',(6.62113296458564,19.4492270638291,31.0849669163258));
#5163=CARTESIAN_POINT('Ctrl Pts',(7.11349590482075,19.2446752403993,31.0306686865917));
#5164=CARTESIAN_POINT('Ctrl Pts',(7.33745515559292,19.0909719691533,30.9921170756426));
#5165=CARTESIAN_POINT('Ctrl Pts',(7.6910149418652,18.737412182881,30.9191832605658));
#5166=CARTESIAN_POINT('Ctrl Pts',(7.84468486401154,18.513470527852,30.8799199769022));
#5167=CARTESIAN_POINT('Ctrl Pts',(8.04921215559788,18.0211710617452,30.823972973226));
#5168=CARTESIAN_POINT('Ctrl Pts',(8.09999999999999,17.7526808544587,30.8082039324994));
#5169=CARTESIAN_POINT('Ctrl Pts',(8.09999999999999,17.5,30.8082039324994));
#5170=CARTESIAN_POINT('Origin',(6.09999999999999,0.,24.1));
#5171=CARTESIAN_POINT('',(8.09999999999999,17.5,28.6825756949558));
#5172=CARTESIAN_POINT('',(4.09999999999999,17.5,28.6825756949558));
#5173=CARTESIAN_POINT('Ctrl Pts',(8.09999999999999,17.5,28.6825756949558));
#5174=CARTESIAN_POINT('Ctrl Pts',(8.09999999999999,17.7543717768351,28.6825756949558));
#5175=CARTESIAN_POINT('Ctrl Pts',(8.04857820072064,18.0234405981119,28.7059958337855));
#5176=CARTESIAN_POINT('Ctrl Pts',(7.84366591114022,18.5151735245428,28.7874068486793));
#5177=CARTESIAN_POINT('Ctrl Pts',(7.69029445166569,18.7381326730805,28.8439081017951));
#5178=CARTESIAN_POINT('Ctrl Pts',(7.33831080168551,19.0901163230607,28.9477024175704));
#5179=CARTESIAN_POINT('Ctrl Pts',(7.1152842306851,19.2436228727287,29.0021607655916));
#5180=CARTESIAN_POINT('Ctrl Pts',(6.62328830769408,19.4486385676552,29.0787700885408));
#5181=CARTESIAN_POINT('Ctrl Pts',(6.35411444686618,19.5,29.1));
#5182=CARTESIAN_POINT('Ctrl Pts',(5.8458855531338,19.5,29.1));
#5183=CARTESIAN_POINT('Ctrl Pts',(5.57671169230589,19.4486385676552,29.0787700885408));
#5184=CARTESIAN_POINT('Ctrl Pts',(5.08471576931487,19.2436228727287,29.0021607655916));
#5185=CARTESIAN_POINT('Ctrl Pts',(4.86168919831447,19.0901163230607,28.9477024175704));
#5186=CARTESIAN_POINT('Ctrl Pts',(4.50970554833428,18.7381326730805,28.8439081017951));
#5187=CARTESIAN_POINT('Ctrl Pts',(4.35633408885977,18.5151735245428,28.7874068486793));
#5188=CARTESIAN_POINT('Ctrl Pts',(4.15142179927934,18.0234405981119,28.7059958337855));
#5189=CARTESIAN_POINT('Ctrl Pts',(4.09999999999999,17.7543717768351,28.6825756949558));
#5190=CARTESIAN_POINT('Ctrl Pts',(4.09999999999999,17.5,28.6825756949558));
#5191=CARTESIAN_POINT('Ctrl Pts',(4.09999999999999,17.5,28.6825756949558));
#5192=CARTESIAN_POINT('Ctrl Pts',(4.09999999999999,17.2456282231649,28.6825756949558));
#5193=CARTESIAN_POINT('Ctrl Pts',(4.15142179927934,16.9765594018881,28.7059958337855));
#5194=CARTESIAN_POINT('Ctrl Pts',(4.35633408885976,16.4848264754572,28.7874068486793));
#5195=CARTESIAN_POINT('Ctrl Pts',(4.50970554833428,16.2618673269195,28.8439081017951));
#5196=CARTESIAN_POINT('Ctrl Pts',(4.86168919831447,15.9098836769393,28.9477024175704));
#5197=CARTESIAN_POINT('Ctrl Pts',(5.08471576931488,15.7563771272713,29.0021607655916));
#5198=CARTESIAN_POINT('Ctrl Pts',(5.57671169230589,15.5513614323448,29.0787700885408));
#5199=CARTESIAN_POINT('Ctrl Pts',(5.8458855531338,15.5,29.1));
#5200=CARTESIAN_POINT('Ctrl Pts',(6.35411444686618,15.5,29.1));
#5201=CARTESIAN_POINT('Ctrl Pts',(6.62328830769408,15.5513614323448,29.0787700885408));
#5202=CARTESIAN_POINT('Ctrl Pts',(7.11528423068511,15.7563771272713,29.0021607655916));
#5203=CARTESIAN_POINT('Ctrl Pts',(7.33831080168551,15.9098836769393,28.9477024175704));
#5204=CARTESIAN_POINT('Ctrl Pts',(7.6902944516657,16.2618673269195,28.8439081017951));
#5205=CARTESIAN_POINT('Ctrl Pts',(7.84366591114022,16.4848264754572,28.7874068486793));
#5206=CARTESIAN_POINT('Ctrl Pts',(8.04857820072064,16.9765594018881,28.7059958337855));
#5207=CARTESIAN_POINT('Ctrl Pts',(8.09999999999999,17.2456282231649,28.6825756949558));
#5208=CARTESIAN_POINT('Ctrl Pts',(8.09999999999999,17.5,28.6825756949558));
#5209=CARTESIAN_POINT('Origin',(6.09999999999999,17.5,24.1));
#5210=CARTESIAN_POINT('',(4.09999999999999,17.5,24.1));
#5211=CARTESIAN_POINT('Origin',(6.09999999999999,17.5,24.1));
#5212=CARTESIAN_POINT('',(4.09999999999999,17.5,19.5174243050442));
#5213=CARTESIAN_POINT('Ctrl Pts',(8.09999999999999,17.5,19.5174243050442));
#5214=CARTESIAN_POINT('Ctrl Pts',(8.09999999999999,17.2456282231649,19.5174243050442));
#5215=CARTESIAN_POINT('Ctrl Pts',(8.04857820072064,16.9765594018881,19.4940041662145));
#5216=CARTESIAN_POINT('Ctrl Pts',(7.84366591114022,16.4848264754572,19.4125931513207));
#5217=CARTESIAN_POINT('Ctrl Pts',(7.69029445166569,16.2618673269195,19.3560918982049));
#5218=CARTESIAN_POINT('Ctrl Pts',(7.33831080168551,15.9098836769393,19.2522975824296));
#5219=CARTESIAN_POINT('Ctrl Pts',(7.11528423068511,15.7563771272713,19.1978392344084));
#5220=CARTESIAN_POINT('Ctrl Pts',(6.62328830769409,15.5513614323448,19.1212299114593));
#5221=CARTESIAN_POINT('Ctrl Pts',(6.35411444686618,15.5,19.1));
#5222=CARTESIAN_POINT('Ctrl Pts',(5.8458855531338,15.5,19.1));
#5223=CARTESIAN_POINT('Ctrl Pts',(5.57671169230589,15.5513614323448,19.1212299114593));
#5224=CARTESIAN_POINT('Ctrl Pts',(5.08471576931487,15.7563771272713,19.1978392344084));
#5225=CARTESIAN_POINT('Ctrl Pts',(4.86168919831447,15.9098836769393,19.2522975824296));
#5226=CARTESIAN_POINT('Ctrl Pts',(4.50970554833428,16.2618673269195,19.3560918982049));
#5227=CARTESIAN_POINT('Ctrl Pts',(4.35633408885976,16.4848264754572,19.4125931513207));
#5228=CARTESIAN_POINT('Ctrl Pts',(4.15142179927934,16.9765594018881,19.4940041662145));
#5229=CARTESIAN_POINT('Ctrl Pts',(4.09999999999999,17.2456282231649,19.5174243050442));
#5230=CARTESIAN_POINT('Ctrl Pts',(4.09999999999999,17.7543717768351,19.5174243050442));
#5231=CARTESIAN_POINT('Ctrl Pts',(4.15142179927934,18.0234405981119,19.4940041662145));
#5232=CARTESIAN_POINT('Ctrl Pts',(4.35633408885976,18.5151735245428,19.4125931513207));
#5233=CARTESIAN_POINT('Ctrl Pts',(4.50970554833428,18.7381326730805,19.3560918982049));
#5234=CARTESIAN_POINT('Ctrl Pts',(4.86168919831447,19.0901163230607,19.2522975824296));
#5235=CARTESIAN_POINT('Ctrl Pts',(5.08471576931488,19.2436228727287,19.1978392344084));
#5236=CARTESIAN_POINT('Ctrl Pts',(5.57671169230589,19.4486385676552,19.1212299114593));
#5237=CARTESIAN_POINT('Ctrl Pts',(5.8458855531338,19.5,19.1));
#5238=CARTESIAN_POINT('Ctrl Pts',(6.35411444686618,19.5,19.1));
#5239=CARTESIAN_POINT('Ctrl Pts',(6.62328830769409,19.4486385676552,19.1212299114593));
#5240=CARTESIAN_POINT('Ctrl Pts',(7.11528423068511,19.2436228727287,19.1978392344084));
#5241=CARTESIAN_POINT('Ctrl Pts',(7.33831080168551,19.0901163230607,19.2522975824296));
#5242=CARTESIAN_POINT('Ctrl Pts',(7.6902944516657,18.7381326730805,19.3560918982049));
#5243=CARTESIAN_POINT('Ctrl Pts',(7.84366591114022,18.5151735245428,19.4125931513207));
#5244=CARTESIAN_POINT('Ctrl Pts',(8.04857820072064,18.0234405981119,19.4940041662145));
#5245=CARTESIAN_POINT('Ctrl Pts',(8.09999999999999,17.7543717768351,19.5174243050442));
#5246=CARTESIAN_POINT('Ctrl Pts',(8.09999999999999,17.5,19.5174243050442));
#5247=CARTESIAN_POINT('',(4.09999999999999,17.5,17.3917960675006));
#5248=CARTESIAN_POINT('',(4.09999999999999,17.5,24.1));
#5249=CARTESIAN_POINT('Ctrl Pts',(8.09999999999999,17.5,17.3917960675006));
#5250=CARTESIAN_POINT('Ctrl Pts',(8.09999999999999,17.7526808544587,17.3917960675006));
#5251=CARTESIAN_POINT('Ctrl Pts',(8.04921215559788,18.0211710617452,17.376027026774));
#5252=CARTESIAN_POINT('Ctrl Pts',(7.84468486401154,18.513470527852,17.3200800230978));
#5253=CARTESIAN_POINT('Ctrl Pts',(7.6910149418652,18.737412182881,17.2808167394342));
#5254=CARTESIAN_POINT('Ctrl Pts',(7.33745515559292,19.0909719691533,17.2078829243574));
#5255=CARTESIAN_POINT('Ctrl Pts',(7.11349590482075,19.2446752403993,17.1693313134083));
#5256=CARTESIAN_POINT('Ctrl Pts',(6.62113296458564,19.4492270638291,17.1150330836742));
#5257=CARTESIAN_POINT('Ctrl Pts',(6.35261943875258,19.5,17.1));
#5258=CARTESIAN_POINT('Ctrl Pts',(5.8473805612474,19.5,17.1));
#5259=CARTESIAN_POINT('Ctrl Pts',(5.57886703541434,19.4492270638291,17.1150330836742));
#5260=CARTESIAN_POINT('Ctrl Pts',(5.08650409517923,19.2446752403993,17.1693313134083));
#5261=CARTESIAN_POINT('Ctrl Pts',(4.86254484440707,19.0909719691533,17.2078829243574));
#5262=CARTESIAN_POINT('Ctrl Pts',(4.50898505813478,18.737412182881,17.2808167394342));
#5263=CARTESIAN_POINT('Ctrl Pts',(4.35531513598844,18.513470527852,17.3200800230978));
#5264=CARTESIAN_POINT('Ctrl Pts',(4.1507878444021,18.0211710617452,17.376027026774));
#5265=CARTESIAN_POINT('Ctrl Pts',(4.09999999999999,17.7526808544587,17.3917960675006));
#5266=CARTESIAN_POINT('Ctrl Pts',(4.09999999999999,17.2473191455413,17.3917960675006));
#5267=CARTESIAN_POINT('Ctrl Pts',(4.1507878444021,16.9788289382548,17.376027026774));
#5268=CARTESIAN_POINT('Ctrl Pts',(4.35531513598844,16.486529472148,17.3200800230978));
#5269=CARTESIAN_POINT('Ctrl Pts',(4.50898505813479,16.262587817119,17.2808167394342));
#5270=CARTESIAN_POINT('Ctrl Pts',(4.86254484440707,15.9090280308467,17.2078829243574));
#5271=CARTESIAN_POINT('Ctrl Pts',(5.08650409517923,15.7553247596007,17.1693313134083));
#5272=CARTESIAN_POINT('Ctrl Pts',(5.57886703541434,15.5507729361709,17.1150330836742));
#5273=CARTESIAN_POINT('Ctrl Pts',(5.8473805612474,15.5,17.1));
#5274=CARTESIAN_POINT('Ctrl Pts',(6.35261943875258,15.5,17.1));
#5275=CARTESIAN_POINT('Ctrl Pts',(6.62113296458564,15.5507729361709,17.1150330836742));
#5276=CARTESIAN_POINT('Ctrl Pts',(7.11349590482074,15.7553247596007,17.1693313134083));
#5277=CARTESIAN_POINT('Ctrl Pts',(7.33745515559291,15.9090280308467,17.2078829243574));
#5278=CARTESIAN_POINT('Ctrl Pts',(7.69101494186519,16.262587817119,17.2808167394342));
#5279=CARTESIAN_POINT('Ctrl Pts',(7.84468486401154,16.486529472148,17.3200800230978));
#5280=CARTESIAN_POINT('Ctrl Pts',(8.04921215559787,16.9788289382548,17.376027026774));
#5281=CARTESIAN_POINT('Ctrl Pts',(8.09999999999999,17.2473191455413,17.3917960675006));
#5282=CARTESIAN_POINT('Ctrl Pts',(8.09999999999999,17.5,17.3917960675006));
#5283=CARTESIAN_POINT('Origin',(6.09999999999999,0.,24.1));
#5284=CARTESIAN_POINT('Origin',(6.09999999999999,0.,24.1));
#5285=CARTESIAN_POINT('Origin',(6.09999999999999,0.,24.1));
#5286=CARTESIAN_POINT('',(0.338152926109589,14.,28.0750620494655));
#5287=CARTESIAN_POINT('',(-0.897915051390205,14.,24.2708359842849));
#5288=CARTESIAN_POINT('Ctrl Pts',(0.338152926109583,14.,28.0750620494655));
#5289=CARTESIAN_POINT('Ctrl Pts',(0.338152926109583,13.7473191455413,28.0750620494655));
#5290=CARTESIAN_POINT('Ctrl Pts',(0.307461370142827,13.4788289382548,28.0316328406678));
#5291=CARTESIAN_POINT('Ctrl Pts',(0.191050198815745,12.986529472148,27.8544044021647));
#5292=CARTESIAN_POINT('Ctrl Pts',(0.10622197956883,12.762587817119,27.7203886432559));
#5293=CARTESIAN_POINT('Ctrl Pts',(-0.0723981830039256,12.4090280308467,
27.406671092945));
#5294=CARTESIAN_POINT('Ctrl Pts',(-0.178270158346763,12.2553247596007,27.2055862910573));
#5295=CARTESIAN_POINT('Ctrl Pts',(-0.382059359491777,12.0507729361709,26.7541003841168));
#5296=CARTESIAN_POINT('Ctrl Pts',(-0.479331914382077,12.,26.5033743239931));
#5297=CARTESIAN_POINT('Ctrl Pts',(-0.635459313750098,12.,26.0228635972562));
#5298=CARTESIAN_POINT('Ctrl Pts',(-0.7041372442637,12.0507729361709,25.7628465804661));
#5299=CARTESIAN_POINT('Ctrl Pts',(-0.804645074984812,12.2553247596007,25.2778025220209));
#5300=CARTESIAN_POINT('Ctrl Pts',(-0.837187528714139,12.4090280308467,25.0528915142457));
#5301=CARTESIAN_POINT('Ctrl Pts',(-0.877079331112802,12.762587817119,24.6940983872882));
#5302=CARTESIAN_POINT('Ctrl Pts',(-0.887224346800876,12.986529472148,24.5358165845653));
#5303=CARTESIAN_POINT('Ctrl Pts',(-0.897217993301113,13.4788289382548,24.3240109962216));
#5304=CARTESIAN_POINT('Ctrl Pts',(-0.897915051390205,13.7473191455413,24.2708359842849));
#5305=CARTESIAN_POINT('Ctrl Pts',(-0.897915051390205,14.,24.2708359842849));
#5306=CARTESIAN_POINT('Ctrl Pts',(-0.897915051390205,14.,24.2708359842848));
#5307=CARTESIAN_POINT('Ctrl Pts',(-0.897915051390205,14.2526808544588,24.2708359842848));
#5308=CARTESIAN_POINT('Ctrl Pts',(-0.897217993301113,14.5211710617452,24.3240109962216));
#5309=CARTESIAN_POINT('Ctrl Pts',(-0.887224346800875,15.013470527852,24.5358165845653));
#5310=CARTESIAN_POINT('Ctrl Pts',(-0.877079331112802,15.237412182881,24.6940983872882));
#5311=CARTESIAN_POINT('Ctrl Pts',(-0.837187528714139,15.5909719691533,25.0528915142457));
#5312=CARTESIAN_POINT('Ctrl Pts',(-0.804645074984816,15.7446752403994,25.2778025220209));
#5313=CARTESIAN_POINT('Ctrl Pts',(-0.704137244263704,15.9492270638291,25.7628465804661));
#5314=CARTESIAN_POINT('Ctrl Pts',(-0.635459313750098,16.,26.0228635972562));
#5315=CARTESIAN_POINT('Ctrl Pts',(-0.479331914382077,16.,26.5033743239931));
#5316=CARTESIAN_POINT('Ctrl Pts',(-0.382059359491774,15.9492270638291,26.7541003841168));
#5317=CARTESIAN_POINT('Ctrl Pts',(-0.17827015834676,15.7446752403993,27.2055862910574));
#5318=CARTESIAN_POINT('Ctrl Pts',(-0.0723981830039255,15.5909719691533,
27.406671092945));
#5319=CARTESIAN_POINT('Ctrl Pts',(0.10622197956883,15.237412182881,27.7203886432559));
#5320=CARTESIAN_POINT('Ctrl Pts',(0.191050198815745,15.013470527852,27.8544044021647));
#5321=CARTESIAN_POINT('Ctrl Pts',(0.307461370142827,14.5211710617452,28.0316328406678));
#5322=CARTESIAN_POINT('Ctrl Pts',(0.338152926109582,14.2526808544587,28.0750620494655));
#5323=CARTESIAN_POINT('Ctrl Pts',(0.338152926109582,14.,28.0750620494655));
#5324=CARTESIAN_POINT('Origin',(6.09999999999999,0.,24.1));
#5325=CARTESIAN_POINT('',(2.35974551264634,14.,27.4182068003413));
#5326=CARTESIAN_POINT('',(1.12367753514655,14.,23.6139807351606));
#5327=CARTESIAN_POINT('Ctrl Pts',(2.35974551264634,14.,27.4182068003412));
#5328=CARTESIAN_POINT('Ctrl Pts',(2.35974551264634,14.2543717768351,27.4182068003412));
#5329=CARTESIAN_POINT('Ctrl Pts',(2.32158142714125,14.5234405981119,27.376538983966));
#5330=CARTESIAN_POINT('Ctrl Pts',(2.18083357109159,15.0151735245428,27.2068132028231));
#5331=CARTESIAN_POINT('Ctrl Pts',(2.07970329870725,15.2381326730805,27.0784081242924));
#5332=CARTESIAN_POINT('Ctrl Pts',(1.87222010874881,15.5901163230607,26.7757259878434));
#5333=CARTESIAN_POINT('Ctrl Pts',(1.75150814136022,15.7436228727287,26.5804436692107));
#5334=CARTESIAN_POINT('Ctrl Pts',(1.5266132441931,15.9486385676552,26.1362013233783));
#5335=CARTESIAN_POINT('Ctrl Pts',(1.42324310112206,16.,25.8867621724516));
#5336=CARTESIAN_POINT('Ctrl Pts',(1.26619173592638,16.,25.4034077712979));
#5337=CARTESIAN_POINT('Ctrl Pts',(1.20320328412273,15.9486385676552,25.1408478135112));
#5338=CARTESIAN_POINT('Ctrl Pts',(1.12402797855503,15.7436228727287,24.6492583022411));
#5339=CARTESIAN_POINT('Ctrl Pts',(1.10690194467103,15.5901163230607,24.4203188735601));
#5340=CARTESIAN_POINT('Ctrl Pts',(1.09684727545747,15.2381326730805,24.053488322123));
#5341=CARTESIAN_POINT('Ctrl Pts',(1.10318877298238,15.0151735245428,23.8901635487598));
#5342=CARTESIAN_POINT('Ctrl Pts',(1.11729386935877,14.5234405981119,23.6701229933539));
#5343=CARTESIAN_POINT('Ctrl Pts',(1.12367753514655,14.2543717768351,23.6139807351606));
#5344=CARTESIAN_POINT('Ctrl Pts',(1.12367753514655,14.,23.6139807351606));
#5345=CARTESIAN_POINT('Ctrl Pts',(1.12367753514655,14.,23.6139807351606));
#5346=CARTESIAN_POINT('Ctrl Pts',(1.12367753514655,13.7456282231649,23.6139807351606));
#5347=CARTESIAN_POINT('Ctrl Pts',(1.11729386935877,13.4765594018881,23.6701229933538));
#5348=CARTESIAN_POINT('Ctrl Pts',(1.10318877298238,12.9848264754572,23.8901635487598));
#5349=CARTESIAN_POINT('Ctrl Pts',(1.09684727545747,12.7618673269195,24.053488322123));
#5350=CARTESIAN_POINT('Ctrl Pts',(1.10690194467103,12.4098836769393,24.4203188735601));
#5351=CARTESIAN_POINT('Ctrl Pts',(1.12402797855503,12.2563771272713,24.6492583022411));
#5352=CARTESIAN_POINT('Ctrl Pts',(1.20320328412273,12.0513614323448,25.1408478135112));
#5353=CARTESIAN_POINT('Ctrl Pts',(1.26619173592638,12.,25.4034077712979));
#5354=CARTESIAN_POINT('Ctrl Pts',(1.42324310112206,12.,25.8867621724516));
#5355=CARTESIAN_POINT('Ctrl Pts',(1.5266132441931,12.0513614323448,26.1362013233783));
#5356=CARTESIAN_POINT('Ctrl Pts',(1.75150814136022,12.2563771272713,26.5804436692107));
#5357=CARTESIAN_POINT('Ctrl Pts',(1.87222010874881,12.4098836769393,26.7757259878434));
#5358=CARTESIAN_POINT('Ctrl Pts',(2.07970329870725,12.7618673269195,27.0784081242924));
#5359=CARTESIAN_POINT('Ctrl Pts',(2.18083357109159,12.9848264754572,27.2068132028231));
#5360=CARTESIAN_POINT('Ctrl Pts',(2.32158142714124,13.4765594018881,27.376538983966));
#5361=CARTESIAN_POINT('Ctrl Pts',(2.35974551264634,13.7456282231649,27.4182068003412));
#5362=CARTESIAN_POINT('Ctrl Pts',(2.35974551264634,14.,27.4182068003412));
#5363=CARTESIAN_POINT('Origin',(6.09999999999999,14.,24.1));
#5364=CARTESIAN_POINT('',(5.4819660112501,14.,22.1978869674097));
#5365=CARTESIAN_POINT('Origin',(6.09999999999999,14.,24.1));
#5366=CARTESIAN_POINT('',(9.84025448735364,14.,20.7817931996588));
#5367=CARTESIAN_POINT('Ctrl Pts',(11.0763224648534,14.,24.5860192648394));
#5368=CARTESIAN_POINT('Ctrl Pts',(11.0763224648534,13.7456282231649,24.5860192648394));
#5369=CARTESIAN_POINT('Ctrl Pts',(11.0827061306412,13.4765594018881,24.5298770066462));
#5370=CARTESIAN_POINT('Ctrl Pts',(11.0968112270176,12.9848264754572,24.3098364512402));
#5371=CARTESIAN_POINT('Ctrl Pts',(11.1031527245425,12.7618673269195,24.146511677877));
#5372=CARTESIAN_POINT('Ctrl Pts',(11.0930980553289,12.4098836769393,23.7796811264399));
#5373=CARTESIAN_POINT('Ctrl Pts',(11.075972021445,12.2563771272713,23.5507416977589));
#5374=CARTESIAN_POINT('Ctrl Pts',(10.9967967158773,12.0513614323448,23.0591521864888));
#5375=CARTESIAN_POINT('Ctrl Pts',(10.9338082640736,12.,22.7965922287021));
#5376=CARTESIAN_POINT('Ctrl Pts',(10.7767568988779,12.,22.3132378275484));
#5377=CARTESIAN_POINT('Ctrl Pts',(10.6733867558069,12.0513614323448,22.0637986766217));
#5378=CARTESIAN_POINT('Ctrl Pts',(10.4484918586398,12.2563771272713,21.6195563307893));
#5379=CARTESIAN_POINT('Ctrl Pts',(10.3277798912512,12.4098836769393,21.4242740121566));
#5380=CARTESIAN_POINT('Ctrl Pts',(10.1202967012927,12.7618673269195,21.1215918757076));
#5381=CARTESIAN_POINT('Ctrl Pts',(10.0191664289084,12.9848264754572,20.9931867971769));
#5382=CARTESIAN_POINT('Ctrl Pts',(9.87841857285873,13.4765594018881,20.823461016034));
#5383=CARTESIAN_POINT('Ctrl Pts',(9.84025448735364,13.7456282231649,20.7817931996588));
#5384=CARTESIAN_POINT('Ctrl Pts',(9.84025448735364,14.2543717768351,20.7817931996588));
#5385=CARTESIAN_POINT('Ctrl Pts',(9.87841857285873,14.5234405981119,20.823461016034));
#5386=CARTESIAN_POINT('Ctrl Pts',(10.0191664289084,15.0151735245428,20.9931867971769));
#5387=CARTESIAN_POINT('Ctrl Pts',(10.1202967012927,15.2381326730805,21.1215918757076));
#5388=CARTESIAN_POINT('Ctrl Pts',(10.3277798912512,15.5901163230607,21.4242740121566));
#5389=CARTESIAN_POINT('Ctrl Pts',(10.4484918586398,15.7436228727287,21.6195563307893));
#5390=CARTESIAN_POINT('Ctrl Pts',(10.6733867558069,15.9486385676552,22.0637986766217));
#5391=CARTESIAN_POINT('Ctrl Pts',(10.7767568988779,16.,22.3132378275484));
#5392=CARTESIAN_POINT('Ctrl Pts',(10.9338082640736,16.,22.7965922287021));
#5393=CARTESIAN_POINT('Ctrl Pts',(10.9967967158772,15.9486385676552,23.0591521864888));
#5394=CARTESIAN_POINT('Ctrl Pts',(11.075972021445,15.7436228727287,23.5507416977589));
#5395=CARTESIAN_POINT('Ctrl Pts',(11.0930980553289,15.5901163230607,23.7796811264399));
#5396=CARTESIAN_POINT('Ctrl Pts',(11.1031527245425,15.2381326730805,24.146511677877));
#5397=CARTESIAN_POINT('Ctrl Pts',(11.0968112270176,15.0151735245428,24.3098364512402));
#5398=CARTESIAN_POINT('Ctrl Pts',(11.0827061306412,14.5234405981119,24.5298770066462));
#5399=CARTESIAN_POINT('Ctrl Pts',(11.0763224648534,14.2543717768351,24.5860192648394));
#5400=CARTESIAN_POINT('Ctrl Pts',(11.0763224648534,14.,24.5860192648394));
#5401=CARTESIAN_POINT('',(11.8618470738904,14.,20.1249379505345));
#5402=CARTESIAN_POINT('',(5.4819660112501,14.,22.1978869674097));
#5403=CARTESIAN_POINT('Ctrl Pts',(13.0979150513902,14.,23.9291640157152));
#5404=CARTESIAN_POINT('Ctrl Pts',(13.0979150513902,14.2526808544587,23.9291640157152));
#5405=CARTESIAN_POINT('Ctrl Pts',(13.0972179933011,14.5211710617452,23.8759890037784));
#5406=CARTESIAN_POINT('Ctrl Pts',(13.0872243468009,15.013470527852,23.6641834154347));
#5407=CARTESIAN_POINT('Ctrl Pts',(13.0770793311128,15.237412182881,23.5059016127119));
#5408=CARTESIAN_POINT('Ctrl Pts',(13.0371875287141,15.5909719691533,23.1471084857543));
#5409=CARTESIAN_POINT('Ctrl Pts',(13.0046450749848,15.7446752403993,22.9221974779791));
#5410=CARTESIAN_POINT('Ctrl Pts',(12.9041372442637,15.9492270638291,22.4371534195339));
#5411=CARTESIAN_POINT('Ctrl Pts',(12.8354593137501,16.,22.1771364027438));
#5412=CARTESIAN_POINT('Ctrl Pts',(12.6793319143821,16.,21.6966256760069));
#5413=CARTESIAN_POINT('Ctrl Pts',(12.5820593594918,15.9492270638291,21.4458996158832));
#5414=CARTESIAN_POINT('Ctrl Pts',(12.3782701583467,15.7446752403993,20.9944137089427));
#5415=CARTESIAN_POINT('Ctrl Pts',(12.2723981830039,15.5909719691533,20.793328907055));
#5416=CARTESIAN_POINT('Ctrl Pts',(12.0937780204311,15.237412182881,20.4796113567441));
#5417=CARTESIAN_POINT('Ctrl Pts',(12.0089498011842,15.013470527852,20.3455955978353));
#5418=CARTESIAN_POINT('Ctrl Pts',(11.8925386298572,14.5211710617452,20.1683671593322));
#5419=CARTESIAN_POINT('Ctrl Pts',(11.8618470738904,14.2526808544587,20.1249379505345));
#5420=CARTESIAN_POINT('Ctrl Pts',(11.8618470738904,13.7473191455413,20.1249379505345));
#5421=CARTESIAN_POINT('Ctrl Pts',(11.8925386298572,13.4788289382548,20.1683671593322));
#5422=CARTESIAN_POINT('Ctrl Pts',(12.0089498011842,12.986529472148,20.3455955978353));
#5423=CARTESIAN_POINT('Ctrl Pts',(12.0937780204311,12.762587817119,20.4796113567441));
#5424=CARTESIAN_POINT('Ctrl Pts',(12.2723981830039,12.4090280308467,20.793328907055));
#5425=CARTESIAN_POINT('Ctrl Pts',(12.3782701583467,12.2553247596007,20.9944137089427));
#5426=CARTESIAN_POINT('Ctrl Pts',(12.5820593594918,12.0507729361709,21.4458996158832));
#5427=CARTESIAN_POINT('Ctrl Pts',(12.6793319143821,12.,21.6966256760069));
#5428=CARTESIAN_POINT('Ctrl Pts',(12.8354593137501,12.,22.1771364027438));
#5429=CARTESIAN_POINT('Ctrl Pts',(12.9041372442637,12.0507729361709,22.4371534195339));
#5430=CARTESIAN_POINT('Ctrl Pts',(13.0046450749848,12.2553247596007,22.9221974779791));
#5431=CARTESIAN_POINT('Ctrl Pts',(13.0371875287141,12.4090280308467,23.1471084857543));
#5432=CARTESIAN_POINT('Ctrl Pts',(13.0770793311128,12.762587817119,23.5059016127119));
#5433=CARTESIAN_POINT('Ctrl Pts',(13.0872243468009,12.986529472148,23.6641834154347));
#5434=CARTESIAN_POINT('Ctrl Pts',(13.0972179933011,13.4788289382548,23.8759890037784));
#5435=CARTESIAN_POINT('Ctrl Pts',(13.0979150513902,13.7473191455413,23.9291640157152));
#5436=CARTESIAN_POINT('Ctrl Pts',(13.0979150513902,14.,23.9291640157152));
#5437=CARTESIAN_POINT('Origin',(6.09999999999999,0.,24.1));
#5438=CARTESIAN_POINT('Origin',(6.09999999999999,0.,24.1));
#5439=CARTESIAN_POINT('Origin',(6.09999999999999,0.,24.1));
#5440=CARTESIAN_POINT('',(0.538982670356594,10.5,19.8485195214601));
#5441=CARTESIAN_POINT('',(3.77505064785638,10.5,17.4973785122902));
#5442=CARTESIAN_POINT('Ctrl Pts',(0.538982670356592,10.5,19.8485195214601));
#5443=CARTESIAN_POINT('Ctrl Pts',(0.538982670356592,10.2473191455413,19.8485195214601));
#5444=CARTESIAN_POINT('Ctrl Pts',(0.570802090003632,9.97882893825477,19.8059097535919));
#5445=CARTESIAN_POINT('Ctrl Pts',(0.70338332103965,9.48652947214804,19.6404295511478));
#5446=CARTESIAN_POINT('Ctrl Pts',(0.804626520486267,9.26258781711902,19.5183399734504));
#5447=CARTESIAN_POINT('Ctrl Pts',(1.04779297521255,8.90902803084673,19.2515180494142));
#5448=CARTESIAN_POINT('Ctrl Pts',(1.20631974676676,8.75532475960066,19.0886891962775));
#5449=CARTESIAN_POINT('Ctrl Pts',(1.57273403415405,8.55077293617087,18.7553573306126));
#5450=CARTESIAN_POINT('Ctrl Pts',(1.78112981489237,8.5,18.5853670199165));
#5451=CARTESIAN_POINT('Ctrl Pts',(2.18987665301298,8.5,18.2883950588342));
#5452=CARTESIAN_POINT('Ctrl Pts',(2.41594488351163,8.55077293617087,18.1427287884787));
#5453=CARTESIAN_POINT('Ctrl Pts',(2.84619056822557,8.75532475960065,17.8972533040526));
#5454=CARTESIAN_POINT('Ctrl Pts',(3.05003747651569,8.90902803084673,17.7968022677525));
#5455=CARTESIAN_POINT('Ctrl Pts',(3.37894277303311,9.26258781711901,17.6479897354397));
#5456=CARTESIAN_POINT('Ctrl Pts',(3.52634273066782,9.48652947214804,17.58942948522));
#5457=CARTESIAN_POINT('Ctrl Pts',(3.72469360904546,9.97882893825477,17.5144734362926));
#5458=CARTESIAN_POINT('Ctrl Pts',(3.77505064785638,10.2473191455413,17.4973785122902));
#5459=CARTESIAN_POINT('Ctrl Pts',(3.77505064785638,10.5,17.4973785122902));
#5460=CARTESIAN_POINT('Ctrl Pts',(3.77505064785638,10.5,17.4973785122902));
#5461=CARTESIAN_POINT('Ctrl Pts',(3.77505064785638,10.7526808544587,17.4973785122902));
#5462=CARTESIAN_POINT('Ctrl Pts',(3.72469360904546,11.0211710617452,17.5144734362926));
#5463=CARTESIAN_POINT('Ctrl Pts',(3.52634273066782,11.513470527852,17.58942948522));
#5464=CARTESIAN_POINT('Ctrl Pts',(3.37894277303311,11.737412182881,17.6479897354397));
#5465=CARTESIAN_POINT('Ctrl Pts',(3.0500374765157,12.0909719691533,17.7968022677525));
#5466=CARTESIAN_POINT('Ctrl Pts',(2.84619056822557,12.2446752403993,17.8972533040526));
#5467=CARTESIAN_POINT('Ctrl Pts',(2.41594488351163,12.4492270638291,18.1427287884787));
#5468=CARTESIAN_POINT('Ctrl Pts',(2.18987665301298,12.5,18.2883950588342));
#5469=CARTESIAN_POINT('Ctrl Pts',(1.78112981489237,12.5,18.5853670199165));
#5470=CARTESIAN_POINT('Ctrl Pts',(1.57273403415405,12.4492270638291,18.7553573306126));
#5471=CARTESIAN_POINT('Ctrl Pts',(1.20631974676676,12.2446752403993,19.0886891962775));
#5472=CARTESIAN_POINT('Ctrl Pts',(1.04779297521255,12.0909719691533,19.2515180494142));
#5473=CARTESIAN_POINT('Ctrl Pts',(0.804626520486267,11.737412182881,19.5183399734504));
#5474=CARTESIAN_POINT('Ctrl Pts',(0.703383321039649,11.513470527852,19.6404295511478));
#5475=CARTESIAN_POINT('Ctrl Pts',(0.570802090003632,11.0211710617452,19.8059097535919));
#5476=CARTESIAN_POINT('Ctrl Pts',(0.538982670356592,10.7526808544587,19.8485195214601));
#5477=CARTESIAN_POINT('Ctrl Pts',(0.538982670356592,10.5,19.8485195214601));
#5478=CARTESIAN_POINT('Origin',(6.09999999999999,0.,24.1));
#5479=CARTESIAN_POINT('',(1.78839560024112,10.5,21.5681888893561));
#5480=CARTESIAN_POINT('',(5.02446357774091,10.5,19.2170478801862));
#5481=CARTESIAN_POINT('Ctrl Pts',(1.78839560024112,10.5,21.5681888893561));
#5482=CARTESIAN_POINT('Ctrl Pts',(1.78839560024112,10.7543717768351,21.5681888893561));
#5483=CARTESIAN_POINT('Ctrl Pts',(1.81623069752876,11.0234405981119,21.5190166237696));
#5484=CARTESIAN_POINT('Ctrl Pts',(1.93415602822683,11.5151735245428,21.3327093073623));
#5485=CARTESIAN_POINT('Ctrl Pts',(2.02502554207629,11.7381326730805,21.1968493513864));
#5486=CARTESIAN_POINT('Ctrl Pts',(2.24877752856791,12.0901163230607,20.9059871874983));
#5487=CARTESIAN_POINT('Ctrl Pts',(2.39720000087329,12.2436228727287,20.7308377291601));
#5488=CARTESIAN_POINT('Ctrl Pts',(2.75020323351862,12.4486385676552,20.3796715372446));
#5489=CARTESIAN_POINT('Ctrl Pts',(2.95549083250669,12.5,20.2042797523877));
#5490=CARTESIAN_POINT('Ctrl Pts',(3.36665664456856,12.5,19.9055503038629));
#5491=CARTESIAN_POINT('Ctrl Pts',(3.59690150128308,12.4486385676552,19.7645092373252));
#5492=CARTESIAN_POINT('Ctrl Pts',(4.0399643943636,12.2436228727287,19.5372995337964));
#5493=CARTESIAN_POINT('Ctrl Pts',(4.25240649433121,12.0901163230607,19.4502655335278));
#5494=CARTESIAN_POINT('Ctrl Pts',(4.59817601699178,11.7381326730805,19.3273461004031));
#5495=CARTESIAN_POINT('Ctrl Pts',(4.75546673747627,11.5151735245428,19.2829070923756));
#5496=CARTESIAN_POINT('Ctrl Pts',(4.9690964560319,11.0234405981119,19.2283255651252));
#5497=CARTESIAN_POINT('Ctrl Pts',(5.02446357774091,10.7543717768351,19.2170478801862));
#5498=CARTESIAN_POINT('Ctrl Pts',(5.02446357774091,10.5,19.2170478801862));
#5499=CARTESIAN_POINT('Ctrl Pts',(5.02446357774091,10.5,19.2170478801862));
#5500=CARTESIAN_POINT('Ctrl Pts',(5.02446357774091,10.2456282231649,19.2170478801862));
#5501=CARTESIAN_POINT('Ctrl Pts',(4.9690964560319,9.97655940188814,19.2283255651252));
#5502=CARTESIAN_POINT('Ctrl Pts',(4.75546673747627,9.48482647545718,19.2829070923756));
#5503=CARTESIAN_POINT('Ctrl Pts',(4.59817601699178,9.26186732691951,19.3273461004031));
#5504=CARTESIAN_POINT('Ctrl Pts',(4.25240649433121,8.90988367693933,19.4502655335278));
#5505=CARTESIAN_POINT('Ctrl Pts',(4.0399643943636,8.75637712727134,19.5372995337964));
#5506=CARTESIAN_POINT('Ctrl Pts',(3.59690150128308,8.55136143234481,19.7645092373252));
#5507=CARTESIAN_POINT('Ctrl Pts',(3.36665664456856,8.5,19.9055503038629));
#5508=CARTESIAN_POINT('Ctrl Pts',(2.95549083250669,8.5,20.2042797523877));
#5509=CARTESIAN_POINT('Ctrl Pts',(2.75020323351862,8.55136143234481,20.3796715372446));
#5510=CARTESIAN_POINT('Ctrl Pts',(2.39720000087329,8.75637712727135,20.7308377291601));
#5511=CARTESIAN_POINT('Ctrl Pts',(2.24877752856791,8.90988367693933,20.9059871874983));
#5512=CARTESIAN_POINT('Ctrl Pts',(2.02502554207629,9.26186732691952,21.1968493513864));
#5513=CARTESIAN_POINT('Ctrl Pts',(1.93415602822683,9.48482647545718,21.3327093073623));
#5514=CARTESIAN_POINT('Ctrl Pts',(1.81623069752876,9.97655940188814,21.5190166237696));
#5515=CARTESIAN_POINT('Ctrl Pts',(1.78839560024112,10.2456282231649,21.5681888893561));
#5516=CARTESIAN_POINT('Ctrl Pts',(1.78839560024112,10.5,21.5681888893561));
#5517=CARTESIAN_POINT('Origin',(6.09999999999999,10.5,24.1));
#5518=CARTESIAN_POINT('',(7.71803398874988,10.5,22.9244294954151));
#5519=UNCERTAINTY_MEASURE_WITH_UNIT(LENGTH_MEASURE(0.01),#5523,
'DISTANCE_ACCURACY_VALUE',
'Maximum model space distance between geometric entities at asserted c
onnectivities');
#5520=UNCERTAINTY_MEASURE_WITH_UNIT(LENGTH_MEASURE(0.01),#5523,
'DISTANCE_ACCURACY_VALUE',
'Maximum model space distance between geometric entities at asserted c
onnectivities');
#5521=(
GEOMETRIC_REPRESENTATION_CONTEXT(3)
GLOBAL_UNCERTAINTY_ASSIGNED_CONTEXT((#5519))
GLOBAL_UNIT_ASSIGNED_CONTEXT((#5523,#5525,#5526))
REPRESENTATION_CONTEXT('','3D')
);
#5522=(
GEOMETRIC_REPRESENTATION_CONTEXT(3)
GLOBAL_UNCERTAINTY_ASSIGNED_CONTEXT((#5520))
GLOBAL_UNIT_ASSIGNED_CONTEXT((#5523,#5525,#5526))
REPRESENTATION_CONTEXT('','3D')
);
#5523=(
LENGTH_UNIT()
NAMED_UNIT(*)
SI_UNIT(.MILLI.,.METRE.)
);
#5524=(
LENGTH_UNIT()
NAMED_UNIT(*)
SI_UNIT($,.METRE.)
);
#5525=(
NAMED_UNIT(*)
PLANE_ANGLE_UNIT()
SI_UNIT($,.RADIAN.)
);
#5526=(
NAMED_UNIT(*)
SI_UNIT($,.STERADIAN.)
SOLID_ANGLE_UNIT()
);
#5527=SHAPE_DEFINITION_REPRESENTATION(#5528,#5529);
#5528=PRODUCT_DEFINITION_SHAPE('',$,#5531);
#5529=SHAPE_REPRESENTATION('',(#1666),#5521);
#5530=PRODUCT_DEFINITION_CONTEXT('part definition',#5535,'design');
#5531=PRODUCT_DEFINITION('Self-lubricating Brass Bearing 12-14-45mm',
'(Unsaved)',#5532,#5530);
#5532=PRODUCT_DEFINITION_FORMATION('',$,#5537);
#5533=PRODUCT_RELATED_PRODUCT_CATEGORY('(Unsaved)','(Unsaved)',(#5537));
#5534=APPLICATION_PROTOCOL_DEFINITION('international standard',
'automotive_design',2009,#5535);
#5535=APPLICATION_CONTEXT(
'Core Data for Automotive Mechanical Design Process');
#5536=PRODUCT_CONTEXT('part definition',#5535,'mechanical');
#5537=PRODUCT('Self-lubricating Brass Bearing 12-14-45mm','(Unsaved)',$,
(#5536));
#5538=PRESENTATION_STYLE_ASSIGNMENT((#5541));
#5539=PRESENTATION_STYLE_ASSIGNMENT((#5542));
#5540=PRESENTATION_STYLE_ASSIGNMENT((#5543));
#5541=SURFACE_STYLE_USAGE(.BOTH.,#5544);
#5542=SURFACE_STYLE_USAGE(.BOTH.,#5545);
#5543=SURFACE_STYLE_USAGE(.BOTH.,#5546);
#5544=SURFACE_SIDE_STYLE('',(#5547));
#5545=SURFACE_SIDE_STYLE('',(#5548));
#5546=SURFACE_SIDE_STYLE('',(#5549));
#5547=SURFACE_STYLE_FILL_AREA(#5550);
#5548=SURFACE_STYLE_FILL_AREA(#5551);
#5549=SURFACE_STYLE_FILL_AREA(#5552);
#5550=FILL_AREA_STYLE('ABS (White)',(#5553));
#5551=FILL_AREA_STYLE('Opaque(243,203,124)',(#5554));
#5552=FILL_AREA_STYLE('Opaque(63,63,63)',(#5555));
#5553=FILL_AREA_STYLE_COLOUR('ABS (White)',#5556);
#5554=FILL_AREA_STYLE_COLOUR('Opaque(243,203,124)',#5557);
#5555=FILL_AREA_STYLE_COLOUR('Opaque(63,63,63)',#5558);
#5556=COLOUR_RGB('ABS (White)',0.964705882352941,0.964705882352941,0.952941176470588);
#5557=COLOUR_RGB('Opaque(243,203,124)',0.952941176470588,0.796078431372549,
0.486274509803922);
#5558=COLOUR_RGB('Opaque(63,63,63)',0.247058823529412,0.247058823529412,
0.247058823529412);
ENDSEC;
END-ISO-10303-21;
