ISO-10303-21;
HEADER;
/* Generated by software containing ST-Developer
 * from STEP Tools, Inc. (www.steptools.com) 
 */

FILE_DESCRIPTION(
/* description */ (''),
/* implementation_level */ '2;1');

FILE_NAME(
/* name */ 'TBG-S gear assembly.step',
/* time_stamp */ '2026-08-05T02:26:51-04:00',
/* author */ (''),
/* organization */ (''),
/* preprocessor_version */ 'ST-DEVELOPER v20.1',
/* originating_system */ 'Autodesk Translation Framework v15.8.0.0',
/* authorisation */ '');

FILE_SCHEMA (('AUTOMOTIVE_DESIGN { 1 0 10303 214 3 1 1 }'));
ENDSEC;

DATA;
#10=MECHANICAL_DESIGN_GEOMETRIC_PRESENTATION_REPRESENTATION('',(#132,#133,
#134,#135,#136,#137,#138,#139,#140,#141),#17641);
#11=CONTEXT_DEPENDENT_OVER_RIDING_STYLED_ITEM('',(#17778),#17700,#141,(#54,
#39));
#12=CONTEXT_DEPENDENT_OVER_RIDING_STYLED_ITEM('',(#17777),#17699,#141,(#54,
#38));
#13=CONTEXT_DEPENDENT_OVER_RIDING_STYLED_ITEM('',(#17778),#17706,#141,(#55,
#47,#41));
#14=CONTEXT_DEPENDENT_OVER_RIDING_STYLED_ITEM('',(#17777),#17708,#141,(#55,
#47,#43));
#15=CONTEXT_DEPENDENT_OVER_RIDING_STYLED_ITEM('',(#17778),#17706,#141,(#56,
#49,#44));
#16=CONTEXT_DEPENDENT_OVER_RIDING_STYLED_ITEM('',(#17777),#17708,#141,(#56,
#49,#46));
#17=MAPPED_ITEM('',#18,#11117);
#18=REPRESENTATION_MAP(#11117,#17695);
#19=ITEM_DEFINED_TRANSFORMATION($,$,#9768,#10523);
#20=ITEM_DEFINED_TRANSFORMATION($,$,#10314,#10524);
#21=ITEM_DEFINED_TRANSFORMATION($,$,#10512,#10525);
#22=ITEM_DEFINED_TRANSFORMATION($,$,#10530,#11076);
#23=ITEM_DEFINED_TRANSFORMATION($,$,#10566,#11077);
#24=ITEM_DEFINED_TRANSFORMATION($,$,#10578,#11078);
#25=ITEM_DEFINED_TRANSFORMATION($,$,#10530,#11079);
#26=ITEM_DEFINED_TRANSFORMATION($,$,#10566,#11080);
#27=ITEM_DEFINED_TRANSFORMATION($,$,#10578,#11081);
#28=ITEM_DEFINED_TRANSFORMATION($,$,#10527,#11107);
#29=ITEM_DEFINED_TRANSFORMATION($,$,#11082,#11108);
#30=ITEM_DEFINED_TRANSFORMATION($,$,#10529,#11109);
#31=ITEM_DEFINED_TRANSFORMATION($,$,#11082,#11110);
#32=ITEM_DEFINED_TRANSFORMATION($,$,#9598,#11111);
#33=ITEM_DEFINED_TRANSFORMATION($,$,#9724,#11112);
#34=ITEM_DEFINED_TRANSFORMATION($,$,#9724,#11113);
#35=ITEM_DEFINED_TRANSFORMATION($,$,#9767,#11114);
#36=ITEM_DEFINED_TRANSFORMATION($,$,#10526,#11115);
#37=ITEM_DEFINED_TRANSFORMATION($,$,#10528,#11116);
#38=(
REPRESENTATION_RELATIONSHIP($,$,#17699,#17698)
REPRESENTATION_RELATIONSHIP_WITH_TRANSFORMATION(#19)
SHAPE_REPRESENTATION_RELATIONSHIP()
);
#39=(
REPRESENTATION_RELATIONSHIP($,$,#17700,#17698)
REPRESENTATION_RELATIONSHIP_WITH_TRANSFORMATION(#20)
SHAPE_REPRESENTATION_RELATIONSHIP()
);
#40=(
REPRESENTATION_RELATIONSHIP($,$,#17701,#17698)
REPRESENTATION_RELATIONSHIP_WITH_TRANSFORMATION(#21)
SHAPE_REPRESENTATION_RELATIONSHIP()
);
#41=(
REPRESENTATION_RELATIONSHIP($,$,#17706,#17703)
REPRESENTATION_RELATIONSHIP_WITH_TRANSFORMATION(#22)
SHAPE_REPRESENTATION_RELATIONSHIP()
);
#42=(
REPRESENTATION_RELATIONSHIP($,$,#17707,#17703)
REPRESENTATION_RELATIONSHIP_WITH_TRANSFORMATION(#23)
SHAPE_REPRESENTATION_RELATIONSHIP()
);
#43=(
REPRESENTATION_RELATIONSHIP($,$,#17708,#17703)
REPRESENTATION_RELATIONSHIP_WITH_TRANSFORMATION(#24)
SHAPE_REPRESENTATION_RELATIONSHIP()
);
#44=(
REPRESENTATION_RELATIONSHIP($,$,#17706,#17705)
REPRESENTATION_RELATIONSHIP_WITH_TRANSFORMATION(#25)
SHAPE_REPRESENTATION_RELATIONSHIP()
);
#45=(
REPRESENTATION_RELATIONSHIP($,$,#17707,#17705)
REPRESENTATION_RELATIONSHIP_WITH_TRANSFORMATION(#26)
SHAPE_REPRESENTATION_RELATIONSHIP()
);
#46=(
REPRESENTATION_RELATIONSHIP($,$,#17708,#17705)
REPRESENTATION_RELATIONSHIP_WITH_TRANSFORMATION(#27)
SHAPE_REPRESENTATION_RELATIONSHIP()
);
#47=(
REPRESENTATION_RELATIONSHIP($,$,#17703,#17702)
REPRESENTATION_RELATIONSHIP_WITH_TRANSFORMATION(#28)
SHAPE_REPRESENTATION_RELATIONSHIP()
);
#48=(
REPRESENTATION_RELATIONSHIP($,$,#17709,#17702)
REPRESENTATION_RELATIONSHIP_WITH_TRANSFORMATION(#29)
SHAPE_REPRESENTATION_RELATIONSHIP()
);
#49=(
REPRESENTATION_RELATIONSHIP($,$,#17705,#17704)
REPRESENTATION_RELATIONSHIP_WITH_TRANSFORMATION(#30)
SHAPE_REPRESENTATION_RELATIONSHIP()
);
#50=(
REPRESENTATION_RELATIONSHIP($,$,#17709,#17704)
REPRESENTATION_RELATIONSHIP_WITH_TRANSFORMATION(#31)
SHAPE_REPRESENTATION_RELATIONSHIP()
);
#51=(
REPRESENTATION_RELATIONSHIP($,$,#17696,#17695)
REPRESENTATION_RELATIONSHIP_WITH_TRANSFORMATION(#32)
SHAPE_REPRESENTATION_RELATIONSHIP()
);
#52=(
REPRESENTATION_RELATIONSHIP($,$,#17697,#17695)
REPRESENTATION_RELATIONSHIP_WITH_TRANSFORMATION(#33)
SHAPE_REPRESENTATION_RELATIONSHIP()
);
#53=(
REPRESENTATION_RELATIONSHIP($,$,#17697,#17695)
REPRESENTATION_RELATIONSHIP_WITH_TRANSFORMATION(#34)
SHAPE_REPRESENTATION_RELATIONSHIP()
);
#54=(
REPRESENTATION_RELATIONSHIP($,$,#17698,#17695)
REPRESENTATION_RELATIONSHIP_WITH_TRANSFORMATION(#35)
SHAPE_REPRESENTATION_RELATIONSHIP()
);
#55=(
REPRESENTATION_RELATIONSHIP($,$,#17702,#17695)
REPRESENTATION_RELATIONSHIP_WITH_TRANSFORMATION(#36)
SHAPE_REPRESENTATION_RELATIONSHIP()
);
#56=(
REPRESENTATION_RELATIONSHIP($,$,#17704,#17695)
REPRESENTATION_RELATIONSHIP_WITH_TRANSFORMATION(#37)
SHAPE_REPRESENTATION_RELATIONSHIP()
);
#57=CONTEXT_DEPENDENT_SHAPE_REPRESENTATION(#38,#17668);
#58=CONTEXT_DEPENDENT_SHAPE_REPRESENTATION(#39,#17669);
#59=CONTEXT_DEPENDENT_SHAPE_REPRESENTATION(#40,#17670);
#60=CONTEXT_DEPENDENT_SHAPE_REPRESENTATION(#41,#17678);
#61=CONTEXT_DEPENDENT_SHAPE_REPRESENTATION(#42,#17679);
#62=CONTEXT_DEPENDENT_SHAPE_REPRESENTATION(#43,#17680);
#63=CONTEXT_DEPENDENT_SHAPE_REPRESENTATION(#44,#17681);
#64=CONTEXT_DEPENDENT_SHAPE_REPRESENTATION(#45,#17682);
#65=CONTEXT_DEPENDENT_SHAPE_REPRESENTATION(#46,#17683);
#66=CONTEXT_DEPENDENT_SHAPE_REPRESENTATION(#47,#17685);
#67=CONTEXT_DEPENDENT_SHAPE_REPRESENTATION(#48,#17686);
#68=CONTEXT_DEPENDENT_SHAPE_REPRESENTATION(#49,#17687);
#69=CONTEXT_DEPENDENT_SHAPE_REPRESENTATION(#50,#17688);
#70=CONTEXT_DEPENDENT_SHAPE_REPRESENTATION(#51,#17689);
#71=CONTEXT_DEPENDENT_SHAPE_REPRESENTATION(#52,#17690);
#72=CONTEXT_DEPENDENT_SHAPE_REPRESENTATION(#53,#17691);
#73=CONTEXT_DEPENDENT_SHAPE_REPRESENTATION(#54,#17692);
#74=CONTEXT_DEPENDENT_SHAPE_REPRESENTATION(#55,#17693);
#75=CONTEXT_DEPENDENT_SHAPE_REPRESENTATION(#56,#17694);
#76=NEXT_ASSEMBLY_USAGE_OCCURRENCE(
'spur gear_gb_GB - Spur gear 0.5M 45T 20PA 3FW ---S45A75H50L3.0N:1',
'spur gear_gb_GB - Spur gear 0.5M 45T 20PA 3FW ---S45A75H50L3.0N:1',
'spur gear_gb_GB - Spur gear 0.5M 45T 20PA 3FW ---S45A75H50L3.0N:1',#17714,
#17715,
'spur gear_gb_GB - Spur gear 0.5M 45T 20PA 3FW ---S45A75H50L3.0N:1');
#77=NEXT_ASSEMBLY_USAGE_OCCURRENCE(
'spur gear_gb_GB - Spur gear 0.5M 16T 20PA 4FW ---S16A75H50L3.0N:1',
'spur gear_gb_GB - Spur gear 0.5M 16T 20PA 4FW ---S16A75H50L3.0N:1',
'spur gear_gb_GB - Spur gear 0.5M 16T 20PA 4FW ---S16A75H50L3.0N:1',#17714,
#17716,
'spur gear_gb_GB - Spur gear 0.5M 16T 20PA 4FW ---S16A75H50L3.0N:1');
#78=NEXT_ASSEMBLY_USAGE_OCCURRENCE(
'\X\B3\X\F6\X\D6\X\E1^LGX-36\X\B5\X\E7\X\BB\X\FA\X\BC\X\F5\X\CB\X\D9\X\B3
\X\DD\X\C2\X\D6\X\D7\X\E9-45-17:1',
'\X\B3\X\F6\X\D6\X\E1^LGX-36\X\B5\X\E7\X\BB\X\FA\X\BC\X\F5\X\CB\X\D9\X\B3
\X\DD\X\C2\X\D6\X\D7\X\E9-45-17:1',
'\X\B3\X\F6\X\D6\X\E1^LGX-36\X\B5\X\E7\X\BB\X\FA\X\BC\X\F5\X\CB\X\D9\X\B3
\X\DD\X\C2\X\D6\X\D7\X\E9-45-17:1',#17714,#17717,
'\X\B3\X\F6\X\D6\X\E1^LGX-36\X\B5\X\E7\X\BB\X\FA\X\BC\X\F5\X\CB\X\D9\X\B3
\X\DD\X\C2\X\D6\X\D7\X\E9-45-17:1');
#79=NEXT_ASSEMBLY_USAGE_OCCURRENCE('LGX\X\BC\X\B7\X\B3\X\F6\X\C2\X\D6:
1','LGX\X\BC\X\B7\X\B3\X\F6\X\C2\X\D6:1','LGX\X\BC\X\B7\X\B3\X\F6\X\C2
\X\D6:1',#17719,#17722,'LGX\X\BC\X\B7\X\B3\X\F6\X\C2\X\D6:1');
#80=NEXT_ASSEMBLY_USAGE_OCCURRENCE('LGX\X\BC\X\B7\X\B3\X\F6\X\C2\X\D6\X\D6
\X\E1\X\CC\X\D7:1','LGX\X\BC\X\B7\X\B3\X\F6\X\C2\X\D6\X\D6\X\E1\X\CC\X\D7
:1','LGX\X\BC\X\B7\X\B3\X\F6\X\C2\X\D6\X\D6\X\E1\X\CC\X\D7:1',#17719,#17723,
'LGX\X\BC\X\B7\X\B3\X\F6\X\C2\X\D6\X\D6\X\E1\X\CC\X\D7:1');
#81=NEXT_ASSEMBLY_USAGE_OCCURRENCE('LGX\X\BC\X\B7\X\B3\X\F6\X\C2\X\D6\X\D5
\X\FD\X\B3\X\DD\X\C2\X\D6:1','LGX\X\BC\X\B7\X\B3\X\F6\X\C2\X\D6\X\D5\X\FD
\X\B3\X\DD\X\C2\X\D6:1','LGX\X\BC\X\B7\X\B3\X\F6\X\C2\X\D6\X\D5\X\FD\X\B3
\X\DD\X\C2\X\D6:1',#17719,#17724,'LGX\X\BC\X\B7\X\B3\X\F6\X\C2\X\D6\X\D5
\X\FD\X\B3\X\DD\X\C2\X\D6:1');
#82=NEXT_ASSEMBLY_USAGE_OCCURRENCE('LGX\X\BC\X\B7\X\B3\X\F6\X\C2\X\D6:
1','LGX\X\BC\X\B7\X\B3\X\F6\X\C2\X\D6:1','LGX\X\BC\X\B7\X\B3\X\F6\X\C2
\X\D6:1',#17721,#17722,'LGX\X\BC\X\B7\X\B3\X\F6\X\C2\X\D6:1');
#83=NEXT_ASSEMBLY_USAGE_OCCURRENCE('LGX\X\BC\X\B7\X\B3\X\F6\X\C2\X\D6\X\D6
\X\E1\X\CC\X\D7:1','LGX\X\BC\X\B7\X\B3\X\F6\X\C2\X\D6\X\D6\X\E1\X\CC\X\D7
:1','LGX\X\BC\X\B7\X\B3\X\F6\X\C2\X\D6\X\D6\X\E1\X\CC\X\D7:1',#17721,#17723,
'LGX\X\BC\X\B7\X\B3\X\F6\X\C2\X\D6\X\D6\X\E1\X\CC\X\D7:1');
#84=NEXT_ASSEMBLY_USAGE_OCCURRENCE('LGX\X\BC\X\B7\X\B3\X\F6\X\C2\X\D6\X\D5
\X\FD\X\B3\X\DD\X\C2\X\D6:1','LGX\X\BC\X\B7\X\B3\X\F6\X\C2\X\D6\X\D5\X\FD
\X\B3\X\DD\X\C2\X\D6:1','LGX\X\BC\X\B7\X\B3\X\F6\X\C2\X\D6\X\D5\X\FD\X\B3
\X\DD\X\C2\X\D6:1',#17721,#17724,'LGX\X\BC\X\B7\X\B3\X\F6\X\C2\X\D6\X\D5
\X\FD\X\B3\X\DD\X\C2\X\D6:1');
#85=NEXT_ASSEMBLY_USAGE_OCCURRENCE(
'TBG\X\BC\X\B7\X\B3\X\F6\X\C2\X\D6\X\D6\X\E1\X\CF\X\B5\X\CA\X\B5\X\D1\X\E9
\X\D7\X\B0\X\C5\X\E4\X\CC\X\E51:1',
'TBG\X\BC\X\B7\X\B3\X\F6\X\C2\X\D6\X\D6\X\E1\X\CF\X\B5\X\CA\X\B5\X\D1\X\E9
\X\D7\X\B0\X\C5\X\E4\X\CC\X\E51:1',
'TBG\X\BC\X\B7\X\B3\X\F6\X\C2\X\D6\X\D6\X\E1\X\CF\X\B5\X\CA\X\B5\X\D1\X\E9
\X\D7\X\B0\X\C5\X\E4\X\CC\X\E51:1',#17718,#17719,
'TBG\X\BC\X\B7\X\B3\X\F6\X\C2\X\D6\X\D6\X\E1\X\CF\X\B5\X\CA\X\B5\X\D1\X\E9
\X\D7\X\B0\X\C5\X\E4\X\CC\X\E51:1');
#86=NEXT_ASSEMBLY_USAGE_OCCURRENCE('TBG\X\B4\X\D3\X\B6\X\AF\X\BC\X\B7\X\B3
\X\F6\X\C2\X\D6\X\D6\X\E1:1','TBG\X\B4\X\D3\X\B6\X\AF\X\BC\X\B7\X\B3\X\F6
\X\C2\X\D6\X\D6\X\E1:1','TBG\X\B4\X\D3\X\B6\X\AF\X\BC\X\B7\X\B3\X\F6\X\C2
\X\D6\X\D6\X\E1:1',#17718,#17725,'TBG\X\B4\X\D3\X\B6\X\AF\X\BC\X\B7\X\B3
\X\F6\X\C2\X\D6\X\D6\X\E1:1');
#87=NEXT_ASSEMBLY_USAGE_OCCURRENCE(
'TBG\X\BC\X\B7\X\B3\X\F6\X\C2\X\D6\X\D6\X\E1\X\CF\X\B5\X\CA\X\B5\X\D1\X\E9
\X\D7\X\B0\X\C5\X\E4\X\CC\X\E51:1',
'TBG\X\BC\X\B7\X\B3\X\F6\X\C2\X\D6\X\D6\X\E1\X\CF\X\B5\X\CA\X\B5\X\D1\X\E9
\X\D7\X\B0\X\C5\X\E4\X\CC\X\E51:1',
'TBG\X\BC\X\B7\X\B3\X\F6\X\C2\X\D6\X\D6\X\E1\X\CF\X\B5\X\CA\X\B5\X\D1\X\E9
\X\D7\X\B0\X\C5\X\E4\X\CC\X\E51:1',#17720,#17721,
'TBG\X\BC\X\B7\X\B3\X\F6\X\C2\X\D6\X\D6\X\E1\X\CF\X\B5\X\CA\X\B5\X\D1\X\E9
\X\D7\X\B0\X\C5\X\E4\X\CC\X\E51:1');
#88=NEXT_ASSEMBLY_USAGE_OCCURRENCE('TBG\X\B4\X\D3\X\B6\X\AF\X\BC\X\B7\X\B3
\X\F6\X\C2\X\D6\X\D6\X\E1:1','TBG\X\B4\X\D3\X\B6\X\AF\X\BC\X\B7\X\B3\X\F6
\X\C2\X\D6\X\D6\X\E1:1','TBG\X\B4\X\D3\X\B6\X\AF\X\BC\X\B7\X\B3\X\F6\X\C2
\X\D6\X\D6\X\E1:1',#17720,#17725,'TBG\X\B4\X\D3\X\B6\X\AF\X\BC\X\B7\X\B3
\X\F6\X\C2\X\D6\X\D6\X\E1:1');
#89=NEXT_ASSEMBLY_USAGE_OCCURRENCE(
'spur gear_gb_GB - Spur gear 0.5M 10T 20PA 4FW ---S10A75H50L2.0N:1',
'spur gear_gb_GB - Spur gear 0.5M 10T 20PA 4FW ---S10A75H50L2.0N:1',
'spur gear_gb_GB - Spur gear 0.5M 10T 20PA 4FW ---S10A75H50L2.0N:1',#17711,
#17712,
'spur gear_gb_GB - Spur gear 0.5M 10T 20PA 4FW ---S10A75H50L2.0N:1');
#90=NEXT_ASSEMBLY_USAGE_OCCURRENCE(
'angular contact ball bearing_68_iso_ISO 15 ABB - 273 - 12,SI,NC,12_68
:1',
'angular contact ball bearing_68_iso_ISO 15 ABB - 273 - 12,SI,NC,12_68
:1',
'angular contact ball bearing_68_iso_ISO 15 ABB - 273 - 12,SI,NC,12_68
:1',#17711,#17713,
'angular contact ball bearing_68_iso_ISO 15 ABB - 273 - 12,SI,NC,12_68
:1');
#91=NEXT_ASSEMBLY_USAGE_OCCURRENCE(
'angular contact ball bearing_68_iso_ISO 15 ABB - 273 - 12,SI,NC,12_68
:2',
'angular contact ball bearing_68_iso_ISO 15 ABB - 273 - 12,SI,NC,12_68
:2',
'angular contact ball bearing_68_iso_ISO 15 ABB - 273 - 12,SI,NC,12_68
:2',#17711,#17713,
'angular contact ball bearing_68_iso_ISO 15 ABB - 273 - 12,SI,NC,12_68
:2');
#92=NEXT_ASSEMBLY_USAGE_OCCURRENCE(
'LGX-36\X\B5\X\E7\X\BB\X\FA\X\BC\X\F5\X\CB\X\D9\X\B3\X\DD\X\C2\X\D6\X\D7
\X\E9-45-17:1','LGX-36\X\B5\X\E7\X\BB\X\FA\X\BC\X\F5\X\CB\X\D9\X\B3\X\DD
\X\C2\X\D6\X\D7\X\E9-45-17:1',
'LGX-36\X\B5\X\E7\X\BB\X\FA\X\BC\X\F5\X\CB\X\D9\X\B3\X\DD\X\C2\X\D6\X\D7
\X\E9-45-17:1',#17711,#17714,
'LGX-36\X\B5\X\E7\X\BB\X\FA\X\BC\X\F5\X\CB\X\D9\X\B3\X\DD\X\C2\X\D6\X\D7
\X\E9-45-17:1');
#93=NEXT_ASSEMBLY_USAGE_OCCURRENCE('tbg secondary gear v2:1',
'tbg secondary gear v2:1','tbg secondary gear v2:1',#17711,#17718,
'tbg secondary gear v2:1');
#94=NEXT_ASSEMBLY_USAGE_OCCURRENCE('tbg secondary gear v2:2',
'tbg secondary gear v2:2','tbg secondary gear v2:2',#17711,#17720,
'tbg secondary gear v2:2');
#95=CONICAL_SURFACE('',#10513,1.5,0.785398163397446);
#96=CONICAL_SURFACE('',#10516,1.3,0.785398163397446);
#97=CONICAL_SURFACE('',#10537,5.2,0.785398163397455);
#98=CONICAL_SURFACE('',#10540,5.,0.785398163397448);
#99=CONICAL_SURFACE('',#10544,10.,0.78539816339744);
#100=CONICAL_SURFACE('',#10548,9.90000000000001,0.785398163397466);
#101=CONICAL_SURFACE('',#10554,6.8,0.523598775598297);
#102=CONICAL_SURFACE('',#10567,5.075,0.523598775598304);
#103=CONICAL_SURFACE('',#11083,2.3,0.785398163397441);
#104=CONICAL_SURFACE('',#11087,3.80000000000001,0.785398163397446);
#105=CONICAL_SURFACE('',#11091,3.80000000000001,0.785398163397442);
#106=CONICAL_SURFACE('',#11094,2.3,0.785398163397443);
#107=TOROIDAL_SURFACE('',#9725,2.92,0.0800000000000005);
#108=TOROIDAL_SURFACE('',#9731,2.92,0.0800000000000005);
#109=TOROIDAL_SURFACE('',#9742,2.25,0.45);
#110=TOROIDAL_SURFACE('',#9746,1.58,0.0800000000000002);
#111=TOROIDAL_SURFACE('',#9752,1.58,0.0800000000000002);
#112=TOROIDAL_SURFACE('',#9761,2.25,0.45);
#113=TOROIDAL_SURFACE('',#10531,11.23,1.6);
#114=SHAPE_REPRESENTATION_RELATIONSHIP('SRR','None',#17696,#123);
#115=SHAPE_REPRESENTATION_RELATIONSHIP('SRR','None',#17697,#124);
#116=SHAPE_REPRESENTATION_RELATIONSHIP('SRR','None',#17699,#125);
#117=SHAPE_REPRESENTATION_RELATIONSHIP('SRR','None',#17700,#126);
#118=SHAPE_REPRESENTATION_RELATIONSHIP('SRR','None',#17701,#127);
#119=SHAPE_REPRESENTATION_RELATIONSHIP('SRR','None',#17706,#128);
#120=SHAPE_REPRESENTATION_RELATIONSHIP('SRR','None',#17707,#129);
#121=SHAPE_REPRESENTATION_RELATIONSHIP('SRR','None',#17708,#130);
#122=SHAPE_REPRESENTATION_RELATIONSHIP('SRR','None',#17709,#131);
#123=ADVANCED_BREP_SHAPE_REPRESENTATION('',(#142),#17627);
#124=ADVANCED_BREP_SHAPE_REPRESENTATION('',(#143),#17628);
#125=ADVANCED_BREP_SHAPE_REPRESENTATION('',(#144),#17630);
#126=ADVANCED_BREP_SHAPE_REPRESENTATION('',(#145),#17631);
#127=ADVANCED_BREP_SHAPE_REPRESENTATION('',(#146),#17632);
#128=ADVANCED_BREP_SHAPE_REPRESENTATION('',(#147),#17637);
#129=ADVANCED_BREP_SHAPE_REPRESENTATION('',(#148),#17638);
#130=ADVANCED_BREP_SHAPE_REPRESENTATION('',(#149),#17639);
#131=ADVANCED_BREP_SHAPE_REPRESENTATION('',(#150),#17640);
#132=STYLED_ITEM('',(#17779),#142);
#133=STYLED_ITEM('',(#17779),#143);
#134=STYLED_ITEM('',(#17777),#144);
#135=STYLED_ITEM('',(#17778),#145);
#136=STYLED_ITEM('',(#17779),#146);
#137=STYLED_ITEM('',(#17774),#147);
#138=STYLED_ITEM('',(#17780),#148);
#139=STYLED_ITEM('',(#17775),#149);
#140=STYLED_ITEM('',(#17781),#150);
#141=STYLED_ITEM('',(#17782),#17);
#142=MANIFOLD_SOLID_BREP('Body1',#9488);
#143=MANIFOLD_SOLID_BREP('Body1',#9489);
#144=MANIFOLD_SOLID_BREP('Body1',#9490);
#145=MANIFOLD_SOLID_BREP('Body1',#9491);
#146=MANIFOLD_SOLID_BREP('Body1',#9492);
#147=MANIFOLD_SOLID_BREP('Body1',#9493);
#148=MANIFOLD_SOLID_BREP('Body1',#9494);
#149=MANIFOLD_SOLID_BREP('Body1',#9495);
#150=MANIFOLD_SOLID_BREP('Body1',#9496);
#151=FACE_BOUND('',#714,.T.);
#152=FACE_BOUND('',#724,.T.);
#153=FACE_BOUND('',#765,.T.);
#154=FACE_BOUND('',#767,.T.);
#155=FACE_BOUND('',#769,.T.);
#156=FACE_BOUND('',#771,.T.);
#157=FACE_BOUND('',#778,.T.);
#158=FACE_BOUND('',#824,.T.);
#159=FACE_BOUND('',#964,.T.);
#160=FACE_BOUND('',#981,.T.);
#161=FACE_BOUND('',#1043,.T.);
#162=FACE_BOUND('',#1045,.T.);
#163=FACE_BOUND('',#1047,.T.);
#164=FACE_BOUND('',#1049,.T.);
#165=FACE_BOUND('',#1054,.T.);
#166=FACE_BOUND('',#1056,.T.);
#167=FACE_BOUND('',#1062,.T.);
#168=FACE_BOUND('',#1104,.T.);
#169=FACE_BOUND('',#1234,.T.);
#170=FACE_BOUND('',#1237,.T.);
#171=PLANE('',#9617);
#172=PLANE('',#9669);
#173=PLANE('',#9763);
#174=PLANE('',#9764);
#175=PLANE('',#9765);
#176=PLANE('',#9766);
#177=PLANE('',#9784);
#178=PLANE('',#10049);
#179=PLANE('',#10333);
#180=PLANE('',#10423);
#181=PLANE('',#10521);
#182=PLANE('',#10522);
#183=PLANE('',#10562);
#184=PLANE('',#10563);
#185=PLANE('',#10564);
#186=PLANE('',#10565);
#187=PLANE('',#10576);
#188=PLANE('',#10577);
#189=PLANE('',#10591);
#190=PLANE('',#10833);
#191=PLANE('',#11103);
#192=PLANE('',#11104);
#193=PLANE('',#11105);
#194=PLANE('',#11106);
#195=FACE_OUTER_BOUND('',#707,.T.);
#196=FACE_OUTER_BOUND('',#708,.T.);
#197=FACE_OUTER_BOUND('',#709,.T.);
#198=FACE_OUTER_BOUND('',#710,.T.);
#199=FACE_OUTER_BOUND('',#711,.T.);
#200=FACE_OUTER_BOUND('',#712,.T.);
#201=FACE_OUTER_BOUND('',#713,.T.);
#202=FACE_OUTER_BOUND('',#715,.T.);
#203=FACE_OUTER_BOUND('',#716,.T.);
#204=FACE_OUTER_BOUND('',#717,.T.);
#205=FACE_OUTER_BOUND('',#718,.T.);
#206=FACE_OUTER_BOUND('',#719,.T.);
#207=FACE_OUTER_BOUND('',#720,.T.);
#208=FACE_OUTER_BOUND('',#721,.T.);
#209=FACE_OUTER_BOUND('',#722,.T.);
#210=FACE_OUTER_BOUND('',#723,.T.);
#211=FACE_OUTER_BOUND('',#725,.T.);
#212=FACE_OUTER_BOUND('',#726,.T.);
#213=FACE_OUTER_BOUND('',#727,.T.);
#214=FACE_OUTER_BOUND('',#728,.T.);
#215=FACE_OUTER_BOUND('',#729,.T.);
#216=FACE_OUTER_BOUND('',#730,.T.);
#217=FACE_OUTER_BOUND('',#731,.T.);
#218=FACE_OUTER_BOUND('',#732,.T.);
#219=FACE_OUTER_BOUND('',#733,.T.);
#220=FACE_OUTER_BOUND('',#734,.T.);
#221=FACE_OUTER_BOUND('',#735,.T.);
#222=FACE_OUTER_BOUND('',#736,.T.);
#223=FACE_OUTER_BOUND('',#737,.T.);
#224=FACE_OUTER_BOUND('',#738,.T.);
#225=FACE_OUTER_BOUND('',#739,.T.);
#226=FACE_OUTER_BOUND('',#740,.T.);
#227=FACE_OUTER_BOUND('',#741,.T.);
#228=FACE_OUTER_BOUND('',#742,.T.);
#229=FACE_OUTER_BOUND('',#743,.T.);
#230=FACE_OUTER_BOUND('',#744,.T.);
#231=FACE_OUTER_BOUND('',#745,.T.);
#232=FACE_OUTER_BOUND('',#746,.T.);
#233=FACE_OUTER_BOUND('',#747,.T.);
#234=FACE_OUTER_BOUND('',#748,.T.);
#235=FACE_OUTER_BOUND('',#749,.T.);
#236=FACE_OUTER_BOUND('',#750,.T.);
#237=FACE_OUTER_BOUND('',#751,.T.);
#238=FACE_OUTER_BOUND('',#752,.T.);
#239=FACE_OUTER_BOUND('',#753,.T.);
#240=FACE_OUTER_BOUND('',#754,.T.);
#241=FACE_OUTER_BOUND('',#755,.T.);
#242=FACE_OUTER_BOUND('',#756,.T.);
#243=FACE_OUTER_BOUND('',#757,.T.);
#244=FACE_OUTER_BOUND('',#758,.T.);
#245=FACE_OUTER_BOUND('',#759,.T.);
#246=FACE_OUTER_BOUND('',#760,.T.);
#247=FACE_OUTER_BOUND('',#761,.T.);
#248=FACE_OUTER_BOUND('',#762,.T.);
#249=FACE_OUTER_BOUND('',#763,.T.);
#250=FACE_OUTER_BOUND('',#764,.T.);
#251=FACE_OUTER_BOUND('',#766,.T.);
#252=FACE_OUTER_BOUND('',#768,.T.);
#253=FACE_OUTER_BOUND('',#770,.T.);
#254=FACE_OUTER_BOUND('',#772,.T.);
#255=FACE_OUTER_BOUND('',#773,.T.);
#256=FACE_OUTER_BOUND('',#774,.T.);
#257=FACE_OUTER_BOUND('',#775,.T.);
#258=FACE_OUTER_BOUND('',#776,.T.);
#259=FACE_OUTER_BOUND('',#777,.T.);
#260=FACE_OUTER_BOUND('',#779,.T.);
#261=FACE_OUTER_BOUND('',#780,.T.);
#262=FACE_OUTER_BOUND('',#781,.T.);
#263=FACE_OUTER_BOUND('',#782,.T.);
#264=FACE_OUTER_BOUND('',#783,.T.);
#265=FACE_OUTER_BOUND('',#784,.T.);
#266=FACE_OUTER_BOUND('',#785,.T.);
#267=FACE_OUTER_BOUND('',#786,.T.);
#268=FACE_OUTER_BOUND('',#787,.T.);
#269=FACE_OUTER_BOUND('',#788,.T.);
#270=FACE_OUTER_BOUND('',#789,.T.);
#271=FACE_OUTER_BOUND('',#790,.T.);
#272=FACE_OUTER_BOUND('',#791,.T.);
#273=FACE_OUTER_BOUND('',#792,.T.);
#274=FACE_OUTER_BOUND('',#793,.T.);
#275=FACE_OUTER_BOUND('',#794,.T.);
#276=FACE_OUTER_BOUND('',#795,.T.);
#277=FACE_OUTER_BOUND('',#796,.T.);
#278=FACE_OUTER_BOUND('',#797,.T.);
#279=FACE_OUTER_BOUND('',#798,.T.);
#280=FACE_OUTER_BOUND('',#799,.T.);
#281=FACE_OUTER_BOUND('',#800,.T.);
#282=FACE_OUTER_BOUND('',#801,.T.);
#283=FACE_OUTER_BOUND('',#802,.T.);
#284=FACE_OUTER_BOUND('',#803,.T.);
#285=FACE_OUTER_BOUND('',#804,.T.);
#286=FACE_OUTER_BOUND('',#805,.T.);
#287=FACE_OUTER_BOUND('',#806,.T.);
#288=FACE_OUTER_BOUND('',#807,.T.);
#289=FACE_OUTER_BOUND('',#808,.T.);
#290=FACE_OUTER_BOUND('',#809,.T.);
#291=FACE_OUTER_BOUND('',#810,.T.);
#292=FACE_OUTER_BOUND('',#811,.T.);
#293=FACE_OUTER_BOUND('',#812,.T.);
#294=FACE_OUTER_BOUND('',#813,.T.);
#295=FACE_OUTER_BOUND('',#814,.T.);
#296=FACE_OUTER_BOUND('',#815,.T.);
#297=FACE_OUTER_BOUND('',#816,.T.);
#298=FACE_OUTER_BOUND('',#817,.T.);
#299=FACE_OUTER_BOUND('',#818,.T.);
#300=FACE_OUTER_BOUND('',#819,.T.);
#301=FACE_OUTER_BOUND('',#820,.T.);
#302=FACE_OUTER_BOUND('',#821,.T.);
#303=FACE_OUTER_BOUND('',#822,.T.);
#304=FACE_OUTER_BOUND('',#823,.T.);
#305=FACE_OUTER_BOUND('',#825,.T.);
#306=FACE_OUTER_BOUND('',#826,.T.);
#307=FACE_OUTER_BOUND('',#827,.T.);
#308=FACE_OUTER_BOUND('',#828,.T.);
#309=FACE_OUTER_BOUND('',#829,.T.);
#310=FACE_OUTER_BOUND('',#830,.T.);
#311=FACE_OUTER_BOUND('',#831,.T.);
#312=FACE_OUTER_BOUND('',#832,.T.);
#313=FACE_OUTER_BOUND('',#833,.T.);
#314=FACE_OUTER_BOUND('',#834,.T.);
#315=FACE_OUTER_BOUND('',#835,.T.);
#316=FACE_OUTER_BOUND('',#836,.T.);
#317=FACE_OUTER_BOUND('',#837,.T.);
#318=FACE_OUTER_BOUND('',#838,.T.);
#319=FACE_OUTER_BOUND('',#839,.T.);
#320=FACE_OUTER_BOUND('',#840,.T.);
#321=FACE_OUTER_BOUND('',#841,.T.);
#322=FACE_OUTER_BOUND('',#842,.T.);
#323=FACE_OUTER_BOUND('',#843,.T.);
#324=FACE_OUTER_BOUND('',#844,.T.);
#325=FACE_OUTER_BOUND('',#845,.T.);
#326=FACE_OUTER_BOUND('',#846,.T.);
#327=FACE_OUTER_BOUND('',#847,.T.);
#328=FACE_OUTER_BOUND('',#848,.T.);
#329=FACE_OUTER_BOUND('',#849,.T.);
#330=FACE_OUTER_BOUND('',#850,.T.);
#331=FACE_OUTER_BOUND('',#851,.T.);
#332=FACE_OUTER_BOUND('',#852,.T.);
#333=FACE_OUTER_BOUND('',#853,.T.);
#334=FACE_OUTER_BOUND('',#854,.T.);
#335=FACE_OUTER_BOUND('',#855,.T.);
#336=FACE_OUTER_BOUND('',#856,.T.);
#337=FACE_OUTER_BOUND('',#857,.T.);
#338=FACE_OUTER_BOUND('',#858,.T.);
#339=FACE_OUTER_BOUND('',#859,.T.);
#340=FACE_OUTER_BOUND('',#860,.T.);
#341=FACE_OUTER_BOUND('',#861,.T.);
#342=FACE_OUTER_BOUND('',#862,.T.);
#343=FACE_OUTER_BOUND('',#863,.T.);
#344=FACE_OUTER_BOUND('',#864,.T.);
#345=FACE_OUTER_BOUND('',#865,.T.);
#346=FACE_OUTER_BOUND('',#866,.T.);
#347=FACE_OUTER_BOUND('',#867,.T.);
#348=FACE_OUTER_BOUND('',#868,.T.);
#349=FACE_OUTER_BOUND('',#869,.T.);
#350=FACE_OUTER_BOUND('',#870,.T.);
#351=FACE_OUTER_BOUND('',#871,.T.);
#352=FACE_OUTER_BOUND('',#872,.T.);
#353=FACE_OUTER_BOUND('',#873,.T.);
#354=FACE_OUTER_BOUND('',#874,.T.);
#355=FACE_OUTER_BOUND('',#875,.T.);
#356=FACE_OUTER_BOUND('',#876,.T.);
#357=FACE_OUTER_BOUND('',#877,.T.);
#358=FACE_OUTER_BOUND('',#878,.T.);
#359=FACE_OUTER_BOUND('',#879,.T.);
#360=FACE_OUTER_BOUND('',#880,.T.);
#361=FACE_OUTER_BOUND('',#881,.T.);
#362=FACE_OUTER_BOUND('',#882,.T.);
#363=FACE_OUTER_BOUND('',#883,.T.);
#364=FACE_OUTER_BOUND('',#884,.T.);
#365=FACE_OUTER_BOUND('',#885,.T.);
#366=FACE_OUTER_BOUND('',#886,.T.);
#367=FACE_OUTER_BOUND('',#887,.T.);
#368=FACE_OUTER_BOUND('',#888,.T.);
#369=FACE_OUTER_BOUND('',#889,.T.);
#370=FACE_OUTER_BOUND('',#890,.T.);
#371=FACE_OUTER_BOUND('',#891,.T.);
#372=FACE_OUTER_BOUND('',#892,.T.);
#373=FACE_OUTER_BOUND('',#893,.T.);
#374=FACE_OUTER_BOUND('',#894,.T.);
#375=FACE_OUTER_BOUND('',#895,.T.);
#376=FACE_OUTER_BOUND('',#896,.T.);
#377=FACE_OUTER_BOUND('',#897,.T.);
#378=FACE_OUTER_BOUND('',#898,.T.);
#379=FACE_OUTER_BOUND('',#899,.T.);
#380=FACE_OUTER_BOUND('',#900,.T.);
#381=FACE_OUTER_BOUND('',#901,.T.);
#382=FACE_OUTER_BOUND('',#902,.T.);
#383=FACE_OUTER_BOUND('',#903,.T.);
#384=FACE_OUTER_BOUND('',#904,.T.);
#385=FACE_OUTER_BOUND('',#905,.T.);
#386=FACE_OUTER_BOUND('',#906,.T.);
#387=FACE_OUTER_BOUND('',#907,.T.);
#388=FACE_OUTER_BOUND('',#908,.T.);
#389=FACE_OUTER_BOUND('',#909,.T.);
#390=FACE_OUTER_BOUND('',#910,.T.);
#391=FACE_OUTER_BOUND('',#911,.T.);
#392=FACE_OUTER_BOUND('',#912,.T.);
#393=FACE_OUTER_BOUND('',#913,.T.);
#394=FACE_OUTER_BOUND('',#914,.T.);
#395=FACE_OUTER_BOUND('',#915,.T.);
#396=FACE_OUTER_BOUND('',#916,.T.);
#397=FACE_OUTER_BOUND('',#917,.T.);
#398=FACE_OUTER_BOUND('',#918,.T.);
#399=FACE_OUTER_BOUND('',#919,.T.);
#400=FACE_OUTER_BOUND('',#920,.T.);
#401=FACE_OUTER_BOUND('',#921,.T.);
#402=FACE_OUTER_BOUND('',#922,.T.);
#403=FACE_OUTER_BOUND('',#923,.T.);
#404=FACE_OUTER_BOUND('',#924,.T.);
#405=FACE_OUTER_BOUND('',#925,.T.);
#406=FACE_OUTER_BOUND('',#926,.T.);
#407=FACE_OUTER_BOUND('',#927,.T.);
#408=FACE_OUTER_BOUND('',#928,.T.);
#409=FACE_OUTER_BOUND('',#929,.T.);
#410=FACE_OUTER_BOUND('',#930,.T.);
#411=FACE_OUTER_BOUND('',#931,.T.);
#412=FACE_OUTER_BOUND('',#932,.T.);
#413=FACE_OUTER_BOUND('',#933,.T.);
#414=FACE_OUTER_BOUND('',#934,.T.);
#415=FACE_OUTER_BOUND('',#935,.T.);
#416=FACE_OUTER_BOUND('',#936,.T.);
#417=FACE_OUTER_BOUND('',#937,.T.);
#418=FACE_OUTER_BOUND('',#938,.T.);
#419=FACE_OUTER_BOUND('',#939,.T.);
#420=FACE_OUTER_BOUND('',#940,.T.);
#421=FACE_OUTER_BOUND('',#941,.T.);
#422=FACE_OUTER_BOUND('',#942,.T.);
#423=FACE_OUTER_BOUND('',#943,.T.);
#424=FACE_OUTER_BOUND('',#944,.T.);
#425=FACE_OUTER_BOUND('',#945,.T.);
#426=FACE_OUTER_BOUND('',#946,.T.);
#427=FACE_OUTER_BOUND('',#947,.T.);
#428=FACE_OUTER_BOUND('',#948,.T.);
#429=FACE_OUTER_BOUND('',#949,.T.);
#430=FACE_OUTER_BOUND('',#950,.T.);
#431=FACE_OUTER_BOUND('',#951,.T.);
#432=FACE_OUTER_BOUND('',#952,.T.);
#433=FACE_OUTER_BOUND('',#953,.T.);
#434=FACE_OUTER_BOUND('',#954,.T.);
#435=FACE_OUTER_BOUND('',#955,.T.);
#436=FACE_OUTER_BOUND('',#956,.T.);
#437=FACE_OUTER_BOUND('',#957,.T.);
#438=FACE_OUTER_BOUND('',#958,.T.);
#439=FACE_OUTER_BOUND('',#959,.T.);
#440=FACE_OUTER_BOUND('',#960,.T.);
#441=FACE_OUTER_BOUND('',#961,.T.);
#442=FACE_OUTER_BOUND('',#962,.T.);
#443=FACE_OUTER_BOUND('',#963,.T.);
#444=FACE_OUTER_BOUND('',#965,.T.);
#445=FACE_OUTER_BOUND('',#966,.T.);
#446=FACE_OUTER_BOUND('',#967,.T.);
#447=FACE_OUTER_BOUND('',#968,.T.);
#448=FACE_OUTER_BOUND('',#969,.T.);
#449=FACE_OUTER_BOUND('',#970,.T.);
#450=FACE_OUTER_BOUND('',#971,.T.);
#451=FACE_OUTER_BOUND('',#972,.T.);
#452=FACE_OUTER_BOUND('',#973,.T.);
#453=FACE_OUTER_BOUND('',#974,.T.);
#454=FACE_OUTER_BOUND('',#975,.T.);
#455=FACE_OUTER_BOUND('',#976,.T.);
#456=FACE_OUTER_BOUND('',#977,.T.);
#457=FACE_OUTER_BOUND('',#978,.T.);
#458=FACE_OUTER_BOUND('',#979,.T.);
#459=FACE_OUTER_BOUND('',#980,.T.);
#460=FACE_OUTER_BOUND('',#982,.T.);
#461=FACE_OUTER_BOUND('',#983,.T.);
#462=FACE_OUTER_BOUND('',#984,.T.);
#463=FACE_OUTER_BOUND('',#985,.T.);
#464=FACE_OUTER_BOUND('',#986,.T.);
#465=FACE_OUTER_BOUND('',#987,.T.);
#466=FACE_OUTER_BOUND('',#988,.T.);
#467=FACE_OUTER_BOUND('',#989,.T.);
#468=FACE_OUTER_BOUND('',#990,.T.);
#469=FACE_OUTER_BOUND('',#991,.T.);
#470=FACE_OUTER_BOUND('',#992,.T.);
#471=FACE_OUTER_BOUND('',#993,.T.);
#472=FACE_OUTER_BOUND('',#994,.T.);
#473=FACE_OUTER_BOUND('',#995,.T.);
#474=FACE_OUTER_BOUND('',#996,.T.);
#475=FACE_OUTER_BOUND('',#997,.T.);
#476=FACE_OUTER_BOUND('',#998,.T.);
#477=FACE_OUTER_BOUND('',#999,.T.);
#478=FACE_OUTER_BOUND('',#1000,.T.);
#479=FACE_OUTER_BOUND('',#1001,.T.);
#480=FACE_OUTER_BOUND('',#1002,.T.);
#481=FACE_OUTER_BOUND('',#1003,.T.);
#482=FACE_OUTER_BOUND('',#1004,.T.);
#483=FACE_OUTER_BOUND('',#1005,.T.);
#484=FACE_OUTER_BOUND('',#1006,.T.);
#485=FACE_OUTER_BOUND('',#1007,.T.);
#486=FACE_OUTER_BOUND('',#1008,.T.);
#487=FACE_OUTER_BOUND('',#1009,.T.);
#488=FACE_OUTER_BOUND('',#1010,.T.);
#489=FACE_OUTER_BOUND('',#1011,.T.);
#490=FACE_OUTER_BOUND('',#1012,.T.);
#491=FACE_OUTER_BOUND('',#1013,.T.);
#492=FACE_OUTER_BOUND('',#1014,.T.);
#493=FACE_OUTER_BOUND('',#1015,.T.);
#494=FACE_OUTER_BOUND('',#1016,.T.);
#495=FACE_OUTER_BOUND('',#1017,.T.);
#496=FACE_OUTER_BOUND('',#1018,.T.);
#497=FACE_OUTER_BOUND('',#1019,.T.);
#498=FACE_OUTER_BOUND('',#1020,.T.);
#499=FACE_OUTER_BOUND('',#1021,.T.);
#500=FACE_OUTER_BOUND('',#1022,.T.);
#501=FACE_OUTER_BOUND('',#1023,.T.);
#502=FACE_OUTER_BOUND('',#1024,.T.);
#503=FACE_OUTER_BOUND('',#1025,.T.);
#504=FACE_OUTER_BOUND('',#1026,.T.);
#505=FACE_OUTER_BOUND('',#1027,.T.);
#506=FACE_OUTER_BOUND('',#1028,.T.);
#507=FACE_OUTER_BOUND('',#1029,.T.);
#508=FACE_OUTER_BOUND('',#1030,.T.);
#509=FACE_OUTER_BOUND('',#1031,.T.);
#510=FACE_OUTER_BOUND('',#1032,.T.);
#511=FACE_OUTER_BOUND('',#1033,.T.);
#512=FACE_OUTER_BOUND('',#1034,.T.);
#513=FACE_OUTER_BOUND('',#1035,.T.);
#514=FACE_OUTER_BOUND('',#1036,.T.);
#515=FACE_OUTER_BOUND('',#1037,.T.);
#516=FACE_OUTER_BOUND('',#1038,.T.);
#517=FACE_OUTER_BOUND('',#1039,.T.);
#518=FACE_OUTER_BOUND('',#1040,.T.);
#519=FACE_OUTER_BOUND('',#1041,.T.);
#520=FACE_OUTER_BOUND('',#1042,.T.);
#521=FACE_OUTER_BOUND('',#1044,.T.);
#522=FACE_OUTER_BOUND('',#1046,.T.);
#523=FACE_OUTER_BOUND('',#1048,.T.);
#524=FACE_OUTER_BOUND('',#1050,.T.);
#525=FACE_OUTER_BOUND('',#1051,.T.);
#526=FACE_OUTER_BOUND('',#1052,.T.);
#527=FACE_OUTER_BOUND('',#1053,.T.);
#528=FACE_OUTER_BOUND('',#1055,.T.);
#529=FACE_OUTER_BOUND('',#1057,.T.);
#530=FACE_OUTER_BOUND('',#1058,.T.);
#531=FACE_OUTER_BOUND('',#1059,.T.);
#532=FACE_OUTER_BOUND('',#1060,.T.);
#533=FACE_OUTER_BOUND('',#1061,.T.);
#534=FACE_OUTER_BOUND('',#1063,.T.);
#535=FACE_OUTER_BOUND('',#1064,.T.);
#536=FACE_OUTER_BOUND('',#1065,.T.);
#537=FACE_OUTER_BOUND('',#1066,.T.);
#538=FACE_OUTER_BOUND('',#1067,.T.);
#539=FACE_OUTER_BOUND('',#1068,.T.);
#540=FACE_OUTER_BOUND('',#1069,.T.);
#541=FACE_OUTER_BOUND('',#1070,.T.);
#542=FACE_OUTER_BOUND('',#1071,.T.);
#543=FACE_OUTER_BOUND('',#1072,.T.);
#544=FACE_OUTER_BOUND('',#1073,.T.);
#545=FACE_OUTER_BOUND('',#1074,.T.);
#546=FACE_OUTER_BOUND('',#1075,.T.);
#547=FACE_OUTER_BOUND('',#1076,.T.);
#548=FACE_OUTER_BOUND('',#1077,.T.);
#549=FACE_OUTER_BOUND('',#1078,.T.);
#550=FACE_OUTER_BOUND('',#1079,.T.);
#551=FACE_OUTER_BOUND('',#1080,.T.);
#552=FACE_OUTER_BOUND('',#1081,.T.);
#553=FACE_OUTER_BOUND('',#1082,.T.);
#554=FACE_OUTER_BOUND('',#1083,.T.);
#555=FACE_OUTER_BOUND('',#1084,.T.);
#556=FACE_OUTER_BOUND('',#1085,.T.);
#557=FACE_OUTER_BOUND('',#1086,.T.);
#558=FACE_OUTER_BOUND('',#1087,.T.);
#559=FACE_OUTER_BOUND('',#1088,.T.);
#560=FACE_OUTER_BOUND('',#1089,.T.);
#561=FACE_OUTER_BOUND('',#1090,.T.);
#562=FACE_OUTER_BOUND('',#1091,.T.);
#563=FACE_OUTER_BOUND('',#1092,.T.);
#564=FACE_OUTER_BOUND('',#1093,.T.);
#565=FACE_OUTER_BOUND('',#1094,.T.);
#566=FACE_OUTER_BOUND('',#1095,.T.);
#567=FACE_OUTER_BOUND('',#1096,.T.);
#568=FACE_OUTER_BOUND('',#1097,.T.);
#569=FACE_OUTER_BOUND('',#1098,.T.);
#570=FACE_OUTER_BOUND('',#1099,.T.);
#571=FACE_OUTER_BOUND('',#1100,.T.);
#572=FACE_OUTER_BOUND('',#1101,.T.);
#573=FACE_OUTER_BOUND('',#1102,.T.);
#574=FACE_OUTER_BOUND('',#1103,.T.);
#575=FACE_OUTER_BOUND('',#1105,.T.);
#576=FACE_OUTER_BOUND('',#1106,.T.);
#577=FACE_OUTER_BOUND('',#1107,.T.);
#578=FACE_OUTER_BOUND('',#1108,.T.);
#579=FACE_OUTER_BOUND('',#1109,.T.);
#580=FACE_OUTER_BOUND('',#1110,.T.);
#581=FACE_OUTER_BOUND('',#1111,.T.);
#582=FACE_OUTER_BOUND('',#1112,.T.);
#583=FACE_OUTER_BOUND('',#1113,.T.);
#584=FACE_OUTER_BOUND('',#1114,.T.);
#585=FACE_OUTER_BOUND('',#1115,.T.);
#586=FACE_OUTER_BOUND('',#1116,.T.);
#587=FACE_OUTER_BOUND('',#1117,.T.);
#588=FACE_OUTER_BOUND('',#1118,.T.);
#589=FACE_OUTER_BOUND('',#1119,.T.);
#590=FACE_OUTER_BOUND('',#1120,.T.);
#591=FACE_OUTER_BOUND('',#1121,.T.);
#592=FACE_OUTER_BOUND('',#1122,.T.);
#593=FACE_OUTER_BOUND('',#1123,.T.);
#594=FACE_OUTER_BOUND('',#1124,.T.);
#595=FACE_OUTER_BOUND('',#1125,.T.);
#596=FACE_OUTER_BOUND('',#1126,.T.);
#597=FACE_OUTER_BOUND('',#1127,.T.);
#598=FACE_OUTER_BOUND('',#1128,.T.);
#599=FACE_OUTER_BOUND('',#1129,.T.);
#600=FACE_OUTER_BOUND('',#1130,.T.);
#601=FACE_OUTER_BOUND('',#1131,.T.);
#602=FACE_OUTER_BOUND('',#1132,.T.);
#603=FACE_OUTER_BOUND('',#1133,.T.);
#604=FACE_OUTER_BOUND('',#1134,.T.);
#605=FACE_OUTER_BOUND('',#1135,.T.);
#606=FACE_OUTER_BOUND('',#1136,.T.);
#607=FACE_OUTER_BOUND('',#1137,.T.);
#608=FACE_OUTER_BOUND('',#1138,.T.);
#609=FACE_OUTER_BOUND('',#1139,.T.);
#610=FACE_OUTER_BOUND('',#1140,.T.);
#611=FACE_OUTER_BOUND('',#1141,.T.);
#612=FACE_OUTER_BOUND('',#1142,.T.);
#613=FACE_OUTER_BOUND('',#1143,.T.);
#614=FACE_OUTER_BOUND('',#1144,.T.);
#615=FACE_OUTER_BOUND('',#1145,.T.);
#616=FACE_OUTER_BOUND('',#1146,.T.);
#617=FACE_OUTER_BOUND('',#1147,.T.);
#618=FACE_OUTER_BOUND('',#1148,.T.);
#619=FACE_OUTER_BOUND('',#1149,.T.);
#620=FACE_OUTER_BOUND('',#1150,.T.);
#621=FACE_OUTER_BOUND('',#1151,.T.);
#622=FACE_OUTER_BOUND('',#1152,.T.);
#623=FACE_OUTER_BOUND('',#1153,.T.);
#624=FACE_OUTER_BOUND('',#1154,.T.);
#625=FACE_OUTER_BOUND('',#1155,.T.);
#626=FACE_OUTER_BOUND('',#1156,.T.);
#627=FACE_OUTER_BOUND('',#1157,.T.);
#628=FACE_OUTER_BOUND('',#1158,.T.);
#629=FACE_OUTER_BOUND('',#1159,.T.);
#630=FACE_OUTER_BOUND('',#1160,.T.);
#631=FACE_OUTER_BOUND('',#1161,.T.);
#632=FACE_OUTER_BOUND('',#1162,.T.);
#633=FACE_OUTER_BOUND('',#1163,.T.);
#634=FACE_OUTER_BOUND('',#1164,.T.);
#635=FACE_OUTER_BOUND('',#1165,.T.);
#636=FACE_OUTER_BOUND('',#1166,.T.);
#637=FACE_OUTER_BOUND('',#1167,.T.);
#638=FACE_OUTER_BOUND('',#1168,.T.);
#639=FACE_OUTER_BOUND('',#1169,.T.);
#640=FACE_OUTER_BOUND('',#1170,.T.);
#641=FACE_OUTER_BOUND('',#1171,.T.);
#642=FACE_OUTER_BOUND('',#1172,.T.);
#643=FACE_OUTER_BOUND('',#1173,.T.);
#644=FACE_OUTER_BOUND('',#1174,.T.);
#645=FACE_OUTER_BOUND('',#1175,.T.);
#646=FACE_OUTER_BOUND('',#1176,.T.);
#647=FACE_OUTER_BOUND('',#1177,.T.);
#648=FACE_OUTER_BOUND('',#1178,.T.);
#649=FACE_OUTER_BOUND('',#1179,.T.);
#650=FACE_OUTER_BOUND('',#1180,.T.);
#651=FACE_OUTER_BOUND('',#1181,.T.);
#652=FACE_OUTER_BOUND('',#1182,.T.);
#653=FACE_OUTER_BOUND('',#1183,.T.);
#654=FACE_OUTER_BOUND('',#1184,.T.);
#655=FACE_OUTER_BOUND('',#1185,.T.);
#656=FACE_OUTER_BOUND('',#1186,.T.);
#657=FACE_OUTER_BOUND('',#1187,.T.);
#658=FACE_OUTER_BOUND('',#1188,.T.);
#659=FACE_OUTER_BOUND('',#1189,.T.);
#660=FACE_OUTER_BOUND('',#1190,.T.);
#661=FACE_OUTER_BOUND('',#1191,.T.);
#662=FACE_OUTER_BOUND('',#1192,.T.);
#663=FACE_OUTER_BOUND('',#1193,.T.);
#664=FACE_OUTER_BOUND('',#1194,.T.);
#665=FACE_OUTER_BOUND('',#1195,.T.);
#666=FACE_OUTER_BOUND('',#1196,.T.);
#667=FACE_OUTER_BOUND('',#1197,.T.);
#668=FACE_OUTER_BOUND('',#1198,.T.);
#669=FACE_OUTER_BOUND('',#1199,.T.);
#670=FACE_OUTER_BOUND('',#1200,.T.);
#671=FACE_OUTER_BOUND('',#1201,.T.);
#672=FACE_OUTER_BOUND('',#1202,.T.);
#673=FACE_OUTER_BOUND('',#1203,.T.);
#674=FACE_OUTER_BOUND('',#1204,.T.);
#675=FACE_OUTER_BOUND('',#1205,.T.);
#676=FACE_OUTER_BOUND('',#1206,.T.);
#677=FACE_OUTER_BOUND('',#1207,.T.);
#678=FACE_OUTER_BOUND('',#1208,.T.);
#679=FACE_OUTER_BOUND('',#1209,.T.);
#680=FACE_OUTER_BOUND('',#1210,.T.);
#681=FACE_OUTER_BOUND('',#1211,.T.);
#682=FACE_OUTER_BOUND('',#1212,.T.);
#683=FACE_OUTER_BOUND('',#1213,.T.);
#684=FACE_OUTER_BOUND('',#1214,.T.);
#685=FACE_OUTER_BOUND('',#1215,.T.);
#686=FACE_OUTER_BOUND('',#1216,.T.);
#687=FACE_OUTER_BOUND('',#1217,.T.);
#688=FACE_OUTER_BOUND('',#1218,.T.);
#689=FACE_OUTER_BOUND('',#1219,.T.);
#690=FACE_OUTER_BOUND('',#1220,.T.);
#691=FACE_OUTER_BOUND('',#1221,.T.);
#692=FACE_OUTER_BOUND('',#1222,.T.);
#693=FACE_OUTER_BOUND('',#1223,.T.);
#694=FACE_OUTER_BOUND('',#1224,.T.);
#695=FACE_OUTER_BOUND('',#1225,.T.);
#696=FACE_OUTER_BOUND('',#1226,.T.);
#697=FACE_OUTER_BOUND('',#1227,.T.);
#698=FACE_OUTER_BOUND('',#1228,.T.);
#699=FACE_OUTER_BOUND('',#1229,.T.);
#700=FACE_OUTER_BOUND('',#1230,.T.);
#701=FACE_OUTER_BOUND('',#1231,.T.);
#702=FACE_OUTER_BOUND('',#1232,.T.);
#703=FACE_OUTER_BOUND('',#1233,.T.);
#704=FACE_OUTER_BOUND('',#1235,.T.);
#705=FACE_OUTER_BOUND('',#1236,.T.);
#706=FACE_OUTER_BOUND('',#1238,.T.);
#707=EDGE_LOOP('',(#5597,#5598,#5599,#5600));
#708=EDGE_LOOP('',(#5601,#5602,#5603,#5604));
#709=EDGE_LOOP('',(#5605,#5606,#5607,#5608));
#710=EDGE_LOOP('',(#5609,#5610,#5611,#5612));
#711=EDGE_LOOP('',(#5613,#5614,#5615,#5616));
#712=EDGE_LOOP('',(#5617,#5618,#5619,#5620));
#713=EDGE_LOOP('',(#5621,#5622,#5623,#5624,#5625,#5626,#5627,#5628,#5629,
#5630,#5631,#5632,#5633,#5634,#5635,#5636,#5637,#5638,#5639,#5640,#5641,
#5642,#5643,#5644,#5645,#5646,#5647,#5648,#5649,#5650,#5651,#5652,#5653,
#5654,#5655,#5656,#5657,#5658,#5659,#5660));
#714=EDGE_LOOP('',(#5661));
#715=EDGE_LOOP('',(#5662,#5663,#5664,#5665));
#716=EDGE_LOOP('',(#5666,#5667,#5668,#5669));
#717=EDGE_LOOP('',(#5670,#5671,#5672,#5673));
#718=EDGE_LOOP('',(#5674,#5675,#5676,#5677));
#719=EDGE_LOOP('',(#5678,#5679,#5680,#5681));
#720=EDGE_LOOP('',(#5682,#5683,#5684,#5685));
#721=EDGE_LOOP('',(#5686,#5687,#5688,#5689));
#722=EDGE_LOOP('',(#5690,#5691,#5692,#5693));
#723=EDGE_LOOP('',(#5694,#5695,#5696,#5697,#5698,#5699,#5700,#5701,#5702,
#5703,#5704,#5705,#5706,#5707,#5708,#5709,#5710,#5711,#5712,#5713,#5714,
#5715,#5716,#5717,#5718,#5719,#5720,#5721,#5722,#5723,#5724,#5725,#5726,
#5727,#5728,#5729,#5730,#5731,#5732,#5733));
#724=EDGE_LOOP('',(#5734));
#725=EDGE_LOOP('',(#5735,#5736,#5737,#5738));
#726=EDGE_LOOP('',(#5739,#5740,#5741,#5742));
#727=EDGE_LOOP('',(#5743,#5744,#5745,#5746));
#728=EDGE_LOOP('',(#5747,#5748,#5749,#5750));
#729=EDGE_LOOP('',(#5751,#5752,#5753,#5754));
#730=EDGE_LOOP('',(#5755,#5756,#5757,#5758));
#731=EDGE_LOOP('',(#5759,#5760,#5761,#5762));
#732=EDGE_LOOP('',(#5763,#5764,#5765,#5766));
#733=EDGE_LOOP('',(#5767,#5768,#5769,#5770));
#734=EDGE_LOOP('',(#5771,#5772,#5773,#5774));
#735=EDGE_LOOP('',(#5775,#5776,#5777,#5778));
#736=EDGE_LOOP('',(#5779,#5780,#5781,#5782));
#737=EDGE_LOOP('',(#5783,#5784,#5785,#5786));
#738=EDGE_LOOP('',(#5787,#5788,#5789,#5790));
#739=EDGE_LOOP('',(#5791,#5792,#5793,#5794));
#740=EDGE_LOOP('',(#5795,#5796,#5797,#5798));
#741=EDGE_LOOP('',(#5799,#5800,#5801,#5802));
#742=EDGE_LOOP('',(#5803,#5804,#5805,#5806));
#743=EDGE_LOOP('',(#5807,#5808,#5809,#5810));
#744=EDGE_LOOP('',(#5811,#5812,#5813,#5814));
#745=EDGE_LOOP('',(#5815,#5816,#5817,#5818));
#746=EDGE_LOOP('',(#5819,#5820,#5821,#5822));
#747=EDGE_LOOP('',(#5823,#5824,#5825,#5826));
#748=EDGE_LOOP('',(#5827,#5828,#5829,#5830));
#749=EDGE_LOOP('',(#5831,#5832,#5833,#5834));
#750=EDGE_LOOP('',(#5835,#5836,#5837,#5838));
#751=EDGE_LOOP('',(#5839,#5840,#5841,#5842));
#752=EDGE_LOOP('',(#5843,#5844,#5845,#5846));
#753=EDGE_LOOP('',(#5847,#5848,#5849,#5850));
#754=EDGE_LOOP('',(#5851,#5852,#5853,#5854));
#755=EDGE_LOOP('',(#5855,#5856,#5857,#5858,#5859));
#756=EDGE_LOOP('',(#5860,#5861,#5862,#5863,#5864));
#757=EDGE_LOOP('',(#5865,#5866,#5867,#5868,#5869,#5870));
#758=EDGE_LOOP('',(#5871,#5872,#5873,#5874));
#759=EDGE_LOOP('',(#5875,#5876,#5877,#5878));
#760=EDGE_LOOP('',(#5879,#5880,#5881,#5882));
#761=EDGE_LOOP('',(#5883,#5884,#5885,#5886,#5887));
#762=EDGE_LOOP('',(#5888,#5889,#5890,#5891,#5892));
#763=EDGE_LOOP('',(#5893,#5894,#5895,#5896,#5897,#5898));
#764=EDGE_LOOP('',(#5899));
#765=EDGE_LOOP('',(#5900));
#766=EDGE_LOOP('',(#5901));
#767=EDGE_LOOP('',(#5902));
#768=EDGE_LOOP('',(#5903));
#769=EDGE_LOOP('',(#5904));
#770=EDGE_LOOP('',(#5905));
#771=EDGE_LOOP('',(#5906));
#772=EDGE_LOOP('',(#5907,#5908,#5909,#5910));
#773=EDGE_LOOP('',(#5911,#5912,#5913,#5914));
#774=EDGE_LOOP('',(#5915,#5916,#5917,#5918));
#775=EDGE_LOOP('',(#5919,#5920,#5921,#5922));
#776=EDGE_LOOP('',(#5923,#5924,#5925,#5926));
#777=EDGE_LOOP('',(#5927,#5928,#5929,#5930,#5931,#5932,#5933,#5934,#5935,
#5936,#5937,#5938,#5939,#5940,#5941,#5942,#5943,#5944,#5945,#5946,#5947,
#5948,#5949,#5950,#5951,#5952,#5953,#5954,#5955,#5956,#5957,#5958,#5959,
#5960,#5961,#5962,#5963,#5964,#5965,#5966,#5967,#5968,#5969,#5970,#5971,
#5972,#5973,#5974,#5975,#5976,#5977,#5978,#5979,#5980,#5981,#5982,#5983,
#5984,#5985,#5986,#5987,#5988,#5989,#5990,#5991,#5992,#5993,#5994,#5995,
#5996,#5997,#5998,#5999,#6000,#6001,#6002,#6003,#6004,#6005,#6006,#6007,
#6008,#6009,#6010,#6011,#6012,#6013,#6014,#6015,#6016,#6017,#6018,#6019,
#6020,#6021,#6022,#6023,#6024,#6025,#6026,#6027,#6028,#6029,#6030,#6031,
#6032,#6033,#6034,#6035,#6036,#6037,#6038,#6039,#6040,#6041,#6042,#6043,
#6044,#6045,#6046,#6047,#6048,#6049,#6050,#6051,#6052,#6053,#6054,#6055,
#6056,#6057,#6058,#6059,#6060,#6061,#6062,#6063,#6064,#6065,#6066,#6067,
#6068,#6069,#6070,#6071,#6072,#6073,#6074,#6075,#6076,#6077,#6078,#6079,
#6080,#6081,#6082,#6083,#6084,#6085,#6086,#6087,#6088,#6089,#6090,#6091,
#6092,#6093,#6094,#6095,#6096,#6097,#6098,#6099,#6100,#6101,#6102,#6103,
#6104,#6105,#6106));
#778=EDGE_LOOP('',(#6107));
#779=EDGE_LOOP('',(#6108,#6109,#6110,#6111));
#780=EDGE_LOOP('',(#6112,#6113,#6114,#6115));
#781=EDGE_LOOP('',(#6116,#6117,#6118,#6119));
#782=EDGE_LOOP('',(#6120,#6121,#6122,#6123));
#783=EDGE_LOOP('',(#6124,#6125,#6126,#6127));
#784=EDGE_LOOP('',(#6128,#6129,#6130,#6131));
#785=EDGE_LOOP('',(#6132,#6133,#6134,#6135));
#786=EDGE_LOOP('',(#6136,#6137,#6138,#6139));
#787=EDGE_LOOP('',(#6140,#6141,#6142,#6143));
#788=EDGE_LOOP('',(#6144,#6145,#6146,#6147));
#789=EDGE_LOOP('',(#6148,#6149,#6150,#6151));
#790=EDGE_LOOP('',(#6152,#6153,#6154,#6155));
#791=EDGE_LOOP('',(#6156,#6157,#6158,#6159));
#792=EDGE_LOOP('',(#6160,#6161,#6162,#6163));
#793=EDGE_LOOP('',(#6164,#6165,#6166,#6167));
#794=EDGE_LOOP('',(#6168,#6169,#6170,#6171));
#795=EDGE_LOOP('',(#6172,#6173,#6174,#6175));
#796=EDGE_LOOP('',(#6176,#6177,#6178,#6179));
#797=EDGE_LOOP('',(#6180,#6181,#6182,#6183));
#798=EDGE_LOOP('',(#6184,#6185,#6186,#6187));
#799=EDGE_LOOP('',(#6188,#6189,#6190,#6191));
#800=EDGE_LOOP('',(#6192,#6193,#6194,#6195));
#801=EDGE_LOOP('',(#6196,#6197,#6198,#6199));
#802=EDGE_LOOP('',(#6200,#6201,#6202,#6203));
#803=EDGE_LOOP('',(#6204,#6205,#6206,#6207));
#804=EDGE_LOOP('',(#6208,#6209,#6210,#6211));
#805=EDGE_LOOP('',(#6212,#6213,#6214,#6215));
#806=EDGE_LOOP('',(#6216,#6217,#6218,#6219));
#807=EDGE_LOOP('',(#6220,#6221,#6222,#6223));
#808=EDGE_LOOP('',(#6224,#6225,#6226,#6227));
#809=EDGE_LOOP('',(#6228,#6229,#6230,#6231));
#810=EDGE_LOOP('',(#6232,#6233,#6234,#6235));
#811=EDGE_LOOP('',(#6236,#6237,#6238,#6239));
#812=EDGE_LOOP('',(#6240,#6241,#6242,#6243));
#813=EDGE_LOOP('',(#6244,#6245,#6246,#6247));
#814=EDGE_LOOP('',(#6248,#6249,#6250,#6251));
#815=EDGE_LOOP('',(#6252,#6253,#6254,#6255));
#816=EDGE_LOOP('',(#6256,#6257,#6258,#6259));
#817=EDGE_LOOP('',(#6260,#6261,#6262,#6263));
#818=EDGE_LOOP('',(#6264,#6265,#6266,#6267));
#819=EDGE_LOOP('',(#6268,#6269,#6270,#6271));
#820=EDGE_LOOP('',(#6272,#6273,#6274,#6275));
#821=EDGE_LOOP('',(#6276,#6277,#6278,#6279));
#822=EDGE_LOOP('',(#6280,#6281,#6282,#6283));
#823=EDGE_LOOP('',(#6284,#6285,#6286,#6287,#6288,#6289,#6290,#6291,#6292,
#6293,#6294,#6295,#6296,#6297,#6298,#6299,#6300,#6301,#6302,#6303,#6304,
#6305,#6306,#6307,#6308,#6309,#6310,#6311,#6312,#6313,#6314,#6315,#6316,
#6317,#6318,#6319,#6320,#6321,#6322,#6323,#6324,#6325,#6326,#6327,#6328,
#6329,#6330,#6331,#6332,#6333,#6334,#6335,#6336,#6337,#6338,#6339,#6340,
#6341,#6342,#6343,#6344,#6345,#6346,#6347,#6348,#6349,#6350,#6351,#6352,
#6353,#6354,#6355,#6356,#6357,#6358,#6359,#6360,#6361,#6362,#6363,#6364,
#6365,#6366,#6367,#6368,#6369,#6370,#6371,#6372,#6373,#6374,#6375,#6376,
#6377,#6378,#6379,#6380,#6381,#6382,#6383,#6384,#6385,#6386,#6387,#6388,
#6389,#6390,#6391,#6392,#6393,#6394,#6395,#6396,#6397,#6398,#6399,#6400,
#6401,#6402,#6403,#6404,#6405,#6406,#6407,#6408,#6409,#6410,#6411,#6412,
#6413,#6414,#6415,#6416,#6417,#6418,#6419,#6420,#6421,#6422,#6423,#6424,
#6425,#6426,#6427,#6428,#6429,#6430,#6431,#6432,#6433,#6434,#6435,#6436,
#6437,#6438,#6439,#6440,#6441,#6442,#6443,#6444,#6445,#6446,#6447,#6448,
#6449,#6450,#6451,#6452,#6453,#6454,#6455,#6456,#6457,#6458,#6459,#6460,
#6461,#6462,#6463));
#824=EDGE_LOOP('',(#6464));
#825=EDGE_LOOP('',(#6465,#6466,#6467,#6468));
#826=EDGE_LOOP('',(#6469,#6470,#6471,#6472));
#827=EDGE_LOOP('',(#6473,#6474,#6475,#6476));
#828=EDGE_LOOP('',(#6477,#6478,#6479,#6480));
#829=EDGE_LOOP('',(#6481,#6482,#6483,#6484));
#830=EDGE_LOOP('',(#6485,#6486,#6487,#6488));
#831=EDGE_LOOP('',(#6489,#6490,#6491,#6492));
#832=EDGE_LOOP('',(#6493,#6494,#6495,#6496));
#833=EDGE_LOOP('',(#6497,#6498,#6499,#6500));
#834=EDGE_LOOP('',(#6501,#6502,#6503,#6504));
#835=EDGE_LOOP('',(#6505,#6506,#6507,#6508));
#836=EDGE_LOOP('',(#6509,#6510,#6511,#6512));
#837=EDGE_LOOP('',(#6513,#6514,#6515,#6516));
#838=EDGE_LOOP('',(#6517,#6518,#6519,#6520));
#839=EDGE_LOOP('',(#6521,#6522,#6523,#6524));
#840=EDGE_LOOP('',(#6525,#6526,#6527,#6528));
#841=EDGE_LOOP('',(#6529,#6530,#6531,#6532));
#842=EDGE_LOOP('',(#6533,#6534,#6535,#6536));
#843=EDGE_LOOP('',(#6537,#6538,#6539,#6540));
#844=EDGE_LOOP('',(#6541,#6542,#6543,#6544));
#845=EDGE_LOOP('',(#6545,#6546,#6547,#6548));
#846=EDGE_LOOP('',(#6549,#6550,#6551,#6552));
#847=EDGE_LOOP('',(#6553,#6554,#6555,#6556));
#848=EDGE_LOOP('',(#6557,#6558,#6559,#6560));
#849=EDGE_LOOP('',(#6561,#6562,#6563,#6564));
#850=EDGE_LOOP('',(#6565,#6566,#6567,#6568));
#851=EDGE_LOOP('',(#6569,#6570,#6571,#6572));
#852=EDGE_LOOP('',(#6573,#6574,#6575,#6576));
#853=EDGE_LOOP('',(#6577,#6578,#6579,#6580));
#854=EDGE_LOOP('',(#6581,#6582,#6583,#6584));
#855=EDGE_LOOP('',(#6585,#6586,#6587,#6588));
#856=EDGE_LOOP('',(#6589,#6590,#6591,#6592));
#857=EDGE_LOOP('',(#6593,#6594,#6595,#6596));
#858=EDGE_LOOP('',(#6597,#6598,#6599,#6600));
#859=EDGE_LOOP('',(#6601,#6602,#6603,#6604));
#860=EDGE_LOOP('',(#6605,#6606,#6607,#6608));
#861=EDGE_LOOP('',(#6609,#6610,#6611,#6612));
#862=EDGE_LOOP('',(#6613,#6614,#6615,#6616));
#863=EDGE_LOOP('',(#6617,#6618,#6619,#6620));
#864=EDGE_LOOP('',(#6621,#6622,#6623,#6624));
#865=EDGE_LOOP('',(#6625,#6626,#6627,#6628));
#866=EDGE_LOOP('',(#6629,#6630,#6631,#6632));
#867=EDGE_LOOP('',(#6633,#6634,#6635,#6636));
#868=EDGE_LOOP('',(#6637,#6638,#6639,#6640));
#869=EDGE_LOOP('',(#6641,#6642,#6643,#6644));
#870=EDGE_LOOP('',(#6645,#6646,#6647,#6648));
#871=EDGE_LOOP('',(#6649,#6650,#6651,#6652));
#872=EDGE_LOOP('',(#6653,#6654,#6655,#6656));
#873=EDGE_LOOP('',(#6657,#6658,#6659,#6660));
#874=EDGE_LOOP('',(#6661,#6662,#6663,#6664));
#875=EDGE_LOOP('',(#6665,#6666,#6667,#6668));
#876=EDGE_LOOP('',(#6669,#6670,#6671,#6672));
#877=EDGE_LOOP('',(#6673,#6674,#6675,#6676));
#878=EDGE_LOOP('',(#6677,#6678,#6679,#6680));
#879=EDGE_LOOP('',(#6681,#6682,#6683,#6684));
#880=EDGE_LOOP('',(#6685,#6686,#6687,#6688));
#881=EDGE_LOOP('',(#6689,#6690,#6691,#6692));
#882=EDGE_LOOP('',(#6693,#6694,#6695,#6696));
#883=EDGE_LOOP('',(#6697,#6698,#6699,#6700));
#884=EDGE_LOOP('',(#6701,#6702,#6703,#6704));
#885=EDGE_LOOP('',(#6705,#6706,#6707,#6708));
#886=EDGE_LOOP('',(#6709,#6710,#6711,#6712));
#887=EDGE_LOOP('',(#6713,#6714,#6715,#6716));
#888=EDGE_LOOP('',(#6717,#6718,#6719,#6720));
#889=EDGE_LOOP('',(#6721,#6722,#6723,#6724));
#890=EDGE_LOOP('',(#6725,#6726,#6727,#6728));
#891=EDGE_LOOP('',(#6729,#6730,#6731,#6732));
#892=EDGE_LOOP('',(#6733,#6734,#6735,#6736));
#893=EDGE_LOOP('',(#6737,#6738,#6739,#6740));
#894=EDGE_LOOP('',(#6741,#6742,#6743,#6744));
#895=EDGE_LOOP('',(#6745,#6746,#6747,#6748));
#896=EDGE_LOOP('',(#6749,#6750,#6751,#6752));
#897=EDGE_LOOP('',(#6753,#6754,#6755,#6756));
#898=EDGE_LOOP('',(#6757,#6758,#6759,#6760));
#899=EDGE_LOOP('',(#6761,#6762,#6763,#6764));
#900=EDGE_LOOP('',(#6765,#6766,#6767,#6768));
#901=EDGE_LOOP('',(#6769,#6770,#6771,#6772));
#902=EDGE_LOOP('',(#6773,#6774,#6775,#6776));
#903=EDGE_LOOP('',(#6777,#6778,#6779,#6780));
#904=EDGE_LOOP('',(#6781,#6782,#6783,#6784));
#905=EDGE_LOOP('',(#6785,#6786,#6787,#6788));
#906=EDGE_LOOP('',(#6789,#6790,#6791,#6792));
#907=EDGE_LOOP('',(#6793,#6794,#6795,#6796));
#908=EDGE_LOOP('',(#6797,#6798,#6799,#6800));
#909=EDGE_LOOP('',(#6801,#6802,#6803,#6804));
#910=EDGE_LOOP('',(#6805,#6806,#6807,#6808));
#911=EDGE_LOOP('',(#6809,#6810,#6811,#6812));
#912=EDGE_LOOP('',(#6813,#6814,#6815,#6816));
#913=EDGE_LOOP('',(#6817,#6818,#6819,#6820));
#914=EDGE_LOOP('',(#6821,#6822,#6823,#6824));
#915=EDGE_LOOP('',(#6825,#6826,#6827,#6828));
#916=EDGE_LOOP('',(#6829,#6830,#6831,#6832));
#917=EDGE_LOOP('',(#6833,#6834,#6835,#6836));
#918=EDGE_LOOP('',(#6837,#6838,#6839,#6840));
#919=EDGE_LOOP('',(#6841,#6842,#6843,#6844));
#920=EDGE_LOOP('',(#6845,#6846,#6847,#6848));
#921=EDGE_LOOP('',(#6849,#6850,#6851,#6852));
#922=EDGE_LOOP('',(#6853,#6854,#6855,#6856));
#923=EDGE_LOOP('',(#6857,#6858,#6859,#6860));
#924=EDGE_LOOP('',(#6861,#6862,#6863,#6864));
#925=EDGE_LOOP('',(#6865,#6866,#6867,#6868));
#926=EDGE_LOOP('',(#6869,#6870,#6871,#6872));
#927=EDGE_LOOP('',(#6873,#6874,#6875,#6876));
#928=EDGE_LOOP('',(#6877,#6878,#6879,#6880));
#929=EDGE_LOOP('',(#6881,#6882,#6883,#6884));
#930=EDGE_LOOP('',(#6885,#6886,#6887,#6888));
#931=EDGE_LOOP('',(#6889,#6890,#6891,#6892));
#932=EDGE_LOOP('',(#6893,#6894,#6895,#6896));
#933=EDGE_LOOP('',(#6897,#6898,#6899,#6900));
#934=EDGE_LOOP('',(#6901,#6902,#6903,#6904));
#935=EDGE_LOOP('',(#6905,#6906,#6907,#6908));
#936=EDGE_LOOP('',(#6909,#6910,#6911,#6912));
#937=EDGE_LOOP('',(#6913,#6914,#6915,#6916));
#938=EDGE_LOOP('',(#6917,#6918,#6919,#6920));
#939=EDGE_LOOP('',(#6921,#6922,#6923,#6924));
#940=EDGE_LOOP('',(#6925,#6926,#6927,#6928));
#941=EDGE_LOOP('',(#6929,#6930,#6931,#6932));
#942=EDGE_LOOP('',(#6933,#6934,#6935,#6936));
#943=EDGE_LOOP('',(#6937,#6938,#6939,#6940));
#944=EDGE_LOOP('',(#6941,#6942,#6943,#6944));
#945=EDGE_LOOP('',(#6945,#6946,#6947,#6948));
#946=EDGE_LOOP('',(#6949,#6950,#6951,#6952));
#947=EDGE_LOOP('',(#6953,#6954,#6955,#6956));
#948=EDGE_LOOP('',(#6957,#6958,#6959,#6960));
#949=EDGE_LOOP('',(#6961,#6962,#6963,#6964));
#950=EDGE_LOOP('',(#6965,#6966,#6967,#6968));
#951=EDGE_LOOP('',(#6969,#6970,#6971,#6972));
#952=EDGE_LOOP('',(#6973,#6974,#6975,#6976));
#953=EDGE_LOOP('',(#6977,#6978,#6979,#6980));
#954=EDGE_LOOP('',(#6981,#6982,#6983,#6984));
#955=EDGE_LOOP('',(#6985,#6986,#6987,#6988));
#956=EDGE_LOOP('',(#6989,#6990,#6991,#6992));
#957=EDGE_LOOP('',(#6993,#6994,#6995,#6996));
#958=EDGE_LOOP('',(#6997,#6998,#6999,#7000));
#959=EDGE_LOOP('',(#7001,#7002,#7003,#7004));
#960=EDGE_LOOP('',(#7005,#7006,#7007,#7008));
#961=EDGE_LOOP('',(#7009,#7010,#7011,#7012));
#962=EDGE_LOOP('',(#7013,#7014,#7015,#7016));
#963=EDGE_LOOP('',(#7017,#7018,#7019,#7020,#7021,#7022,#7023,#7024,#7025,
#7026,#7027,#7028,#7029,#7030,#7031,#7032,#7033,#7034,#7035,#7036,#7037,
#7038,#7039,#7040,#7041,#7042,#7043,#7044,#7045,#7046,#7047,#7048,#7049,
#7050,#7051,#7052,#7053,#7054,#7055,#7056,#7057,#7058,#7059,#7060,#7061,
#7062,#7063,#7064,#7065,#7066,#7067,#7068,#7069,#7070,#7071,#7072,#7073,
#7074,#7075,#7076,#7077,#7078,#7079,#7080));
#964=EDGE_LOOP('',(#7081));
#965=EDGE_LOOP('',(#7082,#7083,#7084,#7085));
#966=EDGE_LOOP('',(#7086,#7087,#7088,#7089));
#967=EDGE_LOOP('',(#7090,#7091,#7092,#7093));
#968=EDGE_LOOP('',(#7094,#7095,#7096,#7097));
#969=EDGE_LOOP('',(#7098,#7099,#7100,#7101));
#970=EDGE_LOOP('',(#7102,#7103,#7104,#7105));
#971=EDGE_LOOP('',(#7106,#7107,#7108,#7109));
#972=EDGE_LOOP('',(#7110,#7111,#7112,#7113));
#973=EDGE_LOOP('',(#7114,#7115,#7116,#7117));
#974=EDGE_LOOP('',(#7118,#7119,#7120,#7121));
#975=EDGE_LOOP('',(#7122,#7123,#7124,#7125));
#976=EDGE_LOOP('',(#7126,#7127,#7128,#7129));
#977=EDGE_LOOP('',(#7130,#7131,#7132,#7133));
#978=EDGE_LOOP('',(#7134,#7135,#7136,#7137));
#979=EDGE_LOOP('',(#7138,#7139,#7140,#7141));
#980=EDGE_LOOP('',(#7142,#7143,#7144,#7145,#7146,#7147,#7148,#7149,#7150,
#7151,#7152,#7153,#7154,#7155,#7156,#7157,#7158,#7159,#7160,#7161,#7162,
#7163,#7164,#7165,#7166,#7167,#7168,#7169,#7170,#7171,#7172,#7173,#7174,
#7175,#7176,#7177,#7178,#7179,#7180,#7181,#7182,#7183,#7184,#7185,#7186,
#7187,#7188,#7189,#7190,#7191,#7192,#7193,#7194,#7195,#7196,#7197,#7198,
#7199,#7200,#7201,#7202,#7203,#7204,#7205));
#981=EDGE_LOOP('',(#7206));
#982=EDGE_LOOP('',(#7207,#7208,#7209,#7210));
#983=EDGE_LOOP('',(#7211,#7212,#7213,#7214));
#984=EDGE_LOOP('',(#7215,#7216,#7217,#7218));
#985=EDGE_LOOP('',(#7219,#7220,#7221,#7222));
#986=EDGE_LOOP('',(#7223,#7224,#7225,#7226));
#987=EDGE_LOOP('',(#7227,#7228,#7229,#7230));
#988=EDGE_LOOP('',(#7231,#7232,#7233,#7234));
#989=EDGE_LOOP('',(#7235,#7236,#7237,#7238));
#990=EDGE_LOOP('',(#7239,#7240,#7241,#7242));
#991=EDGE_LOOP('',(#7243,#7244,#7245,#7246));
#992=EDGE_LOOP('',(#7247,#7248,#7249,#7250));
#993=EDGE_LOOP('',(#7251,#7252,#7253,#7254));
#994=EDGE_LOOP('',(#7255,#7256,#7257,#7258));
#995=EDGE_LOOP('',(#7259,#7260,#7261,#7262));
#996=EDGE_LOOP('',(#7263,#7264,#7265,#7266));
#997=EDGE_LOOP('',(#7267,#7268,#7269,#7270));
#998=EDGE_LOOP('',(#7271,#7272,#7273,#7274));
#999=EDGE_LOOP('',(#7275,#7276,#7277,#7278));
#1000=EDGE_LOOP('',(#7279,#7280,#7281,#7282));
#1001=EDGE_LOOP('',(#7283,#7284,#7285,#7286));
#1002=EDGE_LOOP('',(#7287,#7288,#7289,#7290));
#1003=EDGE_LOOP('',(#7291,#7292,#7293,#7294));
#1004=EDGE_LOOP('',(#7295,#7296,#7297,#7298));
#1005=EDGE_LOOP('',(#7299,#7300,#7301,#7302));
#1006=EDGE_LOOP('',(#7303,#7304,#7305,#7306));
#1007=EDGE_LOOP('',(#7307,#7308,#7309,#7310));
#1008=EDGE_LOOP('',(#7311,#7312,#7313,#7314));
#1009=EDGE_LOOP('',(#7315,#7316,#7317,#7318));
#1010=EDGE_LOOP('',(#7319,#7320,#7321,#7322));
#1011=EDGE_LOOP('',(#7323,#7324,#7325,#7326));
#1012=EDGE_LOOP('',(#7327,#7328,#7329,#7330));
#1013=EDGE_LOOP('',(#7331,#7332,#7333,#7334));
#1014=EDGE_LOOP('',(#7335,#7336,#7337,#7338));
#1015=EDGE_LOOP('',(#7339,#7340,#7341,#7342));
#1016=EDGE_LOOP('',(#7343,#7344,#7345,#7346));
#1017=EDGE_LOOP('',(#7347,#7348,#7349,#7350));
#1018=EDGE_LOOP('',(#7351,#7352,#7353,#7354));
#1019=EDGE_LOOP('',(#7355,#7356,#7357,#7358));
#1020=EDGE_LOOP('',(#7359,#7360,#7361,#7362));
#1021=EDGE_LOOP('',(#7363,#7364,#7365,#7366));
#1022=EDGE_LOOP('',(#7367,#7368,#7369,#7370));
#1023=EDGE_LOOP('',(#7371,#7372,#7373,#7374));
#1024=EDGE_LOOP('',(#7375,#7376,#7377,#7378));
#1025=EDGE_LOOP('',(#7379,#7380,#7381,#7382));
#1026=EDGE_LOOP('',(#7383,#7384,#7385,#7386));
#1027=EDGE_LOOP('',(#7387,#7388,#7389,#7390,#7391));
#1028=EDGE_LOOP('',(#7392,#7393,#7394,#7395,#7396));
#1029=EDGE_LOOP('',(#7397));
#1030=EDGE_LOOP('',(#7398));
#1031=EDGE_LOOP('',(#7399,#7400,#7401,#7402,#7403,#7404));
#1032=EDGE_LOOP('',(#7405,#7406,#7407,#7408));
#1033=EDGE_LOOP('',(#7409,#7410,#7411,#7412,#7413));
#1034=EDGE_LOOP('',(#7414,#7415,#7416,#7417,#7418));
#1035=EDGE_LOOP('',(#7419,#7420,#7421,#7422));
#1036=EDGE_LOOP('',(#7423,#7424,#7425,#7426));
#1037=EDGE_LOOP('',(#7427,#7428,#7429,#7430));
#1038=EDGE_LOOP('',(#7431,#7432,#7433,#7434));
#1039=EDGE_LOOP('',(#7435,#7436,#7437,#7438,#7439));
#1040=EDGE_LOOP('',(#7440,#7441,#7442,#7443,#7444));
#1041=EDGE_LOOP('',(#7445,#7446,#7447,#7448,#7449,#7450));
#1042=EDGE_LOOP('',(#7451));
#1043=EDGE_LOOP('',(#7452));
#1044=EDGE_LOOP('',(#7453));
#1045=EDGE_LOOP('',(#7454));
#1046=EDGE_LOOP('',(#7455));
#1047=EDGE_LOOP('',(#7456));
#1048=EDGE_LOOP('',(#7457));
#1049=EDGE_LOOP('',(#7458));
#1050=EDGE_LOOP('',(#7459,#7460,#7461,#7462,#7463));
#1051=EDGE_LOOP('',(#7464,#7465,#7466,#7467));
#1052=EDGE_LOOP('',(#7468,#7469,#7470,#7471,#7472));
#1053=EDGE_LOOP('',(#7473));
#1054=EDGE_LOOP('',(#7474));
#1055=EDGE_LOOP('',(#7475));
#1056=EDGE_LOOP('',(#7476));
#1057=EDGE_LOOP('',(#7477,#7478,#7479,#7480));
#1058=EDGE_LOOP('',(#7481,#7482,#7483,#7484));
#1059=EDGE_LOOP('',(#7485,#7486,#7487,#7488));
#1060=EDGE_LOOP('',(#7489,#7490,#7491,#7492));
#1061=EDGE_LOOP('',(#7493,#7494,#7495,#7496,#7497,#7498,#7499,#7500,#7501,
#7502,#7503,#7504,#7505,#7506,#7507,#7508,#7509,#7510,#7511,#7512,#7513,
#7514,#7515,#7516,#7517,#7518,#7519,#7520,#7521,#7522,#7523,#7524,#7525,
#7526,#7527,#7528,#7529,#7530,#7531,#7532,#7533,#7534,#7535,#7536,#7537,
#7538,#7539,#7540,#7541,#7542,#7543,#7544,#7545,#7546,#7547,#7548,#7549,
#7550,#7551,#7552,#7553,#7554,#7555,#7556,#7557,#7558,#7559,#7560,#7561,
#7562,#7563,#7564,#7565,#7566,#7567,#7568,#7569,#7570,#7571,#7572,#7573,
#7574,#7575,#7576,#7577,#7578,#7579,#7580,#7581,#7582,#7583,#7584,#7585,
#7586,#7587,#7588,#7589,#7590,#7591,#7592,#7593,#7594,#7595,#7596,#7597,
#7598,#7599,#7600,#7601,#7602,#7603,#7604,#7605,#7606,#7607,#7608,#7609,
#7610,#7611,#7612,#7613,#7614,#7615,#7616,#7617,#7618,#7619,#7620,#7621,
#7622,#7623,#7624,#7625,#7626,#7627,#7628,#7629,#7630,#7631,#7632,#7633,
#7634,#7635,#7636,#7637,#7638,#7639,#7640,#7641,#7642,#7643,#7644,#7645,
#7646,#7647,#7648,#7649,#7650,#7651,#7652,#7653,#7654,#7655,#7656));
#1062=EDGE_LOOP('',(#7657));
#1063=EDGE_LOOP('',(#7658,#7659,#7660,#7661));
#1064=EDGE_LOOP('',(#7662,#7663,#7664,#7665));
#1065=EDGE_LOOP('',(#7666,#7667,#7668,#7669));
#1066=EDGE_LOOP('',(#7670,#7671,#7672,#7673));
#1067=EDGE_LOOP('',(#7674,#7675,#7676,#7677));
#1068=EDGE_LOOP('',(#7678,#7679,#7680,#7681));
#1069=EDGE_LOOP('',(#7682,#7683,#7684,#7685));
#1070=EDGE_LOOP('',(#7686,#7687,#7688,#7689));
#1071=EDGE_LOOP('',(#7690,#7691,#7692,#7693));
#1072=EDGE_LOOP('',(#7694,#7695,#7696,#7697));
#1073=EDGE_LOOP('',(#7698,#7699,#7700,#7701));
#1074=EDGE_LOOP('',(#7702,#7703,#7704,#7705));
#1075=EDGE_LOOP('',(#7706,#7707,#7708,#7709));
#1076=EDGE_LOOP('',(#7710,#7711,#7712,#7713));
#1077=EDGE_LOOP('',(#7714,#7715,#7716,#7717));
#1078=EDGE_LOOP('',(#7718,#7719,#7720,#7721));
#1079=EDGE_LOOP('',(#7722,#7723,#7724,#7725));
#1080=EDGE_LOOP('',(#7726,#7727,#7728,#7729));
#1081=EDGE_LOOP('',(#7730,#7731,#7732,#7733));
#1082=EDGE_LOOP('',(#7734,#7735,#7736,#7737));
#1083=EDGE_LOOP('',(#7738,#7739,#7740,#7741));
#1084=EDGE_LOOP('',(#7742,#7743,#7744,#7745));
#1085=EDGE_LOOP('',(#7746,#7747,#7748,#7749));
#1086=EDGE_LOOP('',(#7750,#7751,#7752,#7753));
#1087=EDGE_LOOP('',(#7754,#7755,#7756,#7757));
#1088=EDGE_LOOP('',(#7758,#7759,#7760,#7761));
#1089=EDGE_LOOP('',(#7762,#7763,#7764,#7765));
#1090=EDGE_LOOP('',(#7766,#7767,#7768,#7769));
#1091=EDGE_LOOP('',(#7770,#7771,#7772,#7773));
#1092=EDGE_LOOP('',(#7774,#7775,#7776,#7777));
#1093=EDGE_LOOP('',(#7778,#7779,#7780,#7781));
#1094=EDGE_LOOP('',(#7782,#7783,#7784,#7785));
#1095=EDGE_LOOP('',(#7786,#7787,#7788,#7789));
#1096=EDGE_LOOP('',(#7790,#7791,#7792,#7793));
#1097=EDGE_LOOP('',(#7794,#7795,#7796,#7797));
#1098=EDGE_LOOP('',(#7798,#7799,#7800,#7801));
#1099=EDGE_LOOP('',(#7802,#7803,#7804,#7805));
#1100=EDGE_LOOP('',(#7806,#7807,#7808,#7809));
#1101=EDGE_LOOP('',(#7810,#7811,#7812,#7813));
#1102=EDGE_LOOP('',(#7814,#7815,#7816,#7817));
#1103=EDGE_LOOP('',(#7818,#7819,#7820,#7821,#7822,#7823,#7824,#7825,#7826,
#7827,#7828,#7829,#7830,#7831,#7832,#7833,#7834,#7835,#7836,#7837,#7838,
#7839,#7840,#7841,#7842,#7843,#7844,#7845,#7846,#7847,#7848,#7849,#7850,
#7851,#7852,#7853,#7854,#7855,#7856,#7857,#7858,#7859,#7860,#7861,#7862,
#7863,#7864,#7865,#7866,#7867,#7868,#7869,#7870,#7871,#7872,#7873,#7874,
#7875,#7876,#7877,#7878,#7879,#7880,#7881,#7882,#7883,#7884,#7885,#7886,
#7887,#7888,#7889,#7890,#7891,#7892,#7893,#7894,#7895,#7896,#7897,#7898,
#7899,#7900,#7901,#7902,#7903,#7904,#7905,#7906,#7907,#7908,#7909,#7910,
#7911,#7912,#7913,#7914,#7915,#7916,#7917,#7918,#7919,#7920,#7921,#7922,
#7923,#7924,#7925,#7926,#7927,#7928,#7929,#7930,#7931,#7932,#7933,#7934,
#7935,#7936,#7937,#7938,#7939,#7940,#7941,#7942,#7943,#7944,#7945,#7946,
#7947,#7948,#7949,#7950,#7951,#7952,#7953,#7954,#7955,#7956,#7957,#7958,
#7959,#7960,#7961,#7962,#7963,#7964,#7965,#7966,#7967,#7968,#7969,#7970,
#7971,#7972,#7973,#7974,#7975,#7976,#7977,#7978,#7979,#7980,#7981));
#1104=EDGE_LOOP('',(#7982));
#1105=EDGE_LOOP('',(#7983,#7984,#7985,#7986));
#1106=EDGE_LOOP('',(#7987,#7988,#7989,#7990));
#1107=EDGE_LOOP('',(#7991,#7992,#7993,#7994));
#1108=EDGE_LOOP('',(#7995,#7996,#7997,#7998));
#1109=EDGE_LOOP('',(#7999,#8000,#8001,#8002));
#1110=EDGE_LOOP('',(#8003,#8004,#8005,#8006));
#1111=EDGE_LOOP('',(#8007,#8008,#8009,#8010));
#1112=EDGE_LOOP('',(#8011,#8012,#8013,#8014));
#1113=EDGE_LOOP('',(#8015,#8016,#8017,#8018));
#1114=EDGE_LOOP('',(#8019,#8020,#8021,#8022));
#1115=EDGE_LOOP('',(#8023,#8024,#8025,#8026));
#1116=EDGE_LOOP('',(#8027,#8028,#8029,#8030));
#1117=EDGE_LOOP('',(#8031,#8032,#8033,#8034));
#1118=EDGE_LOOP('',(#8035,#8036,#8037,#8038));
#1119=EDGE_LOOP('',(#8039,#8040,#8041,#8042));
#1120=EDGE_LOOP('',(#8043,#8044,#8045,#8046));
#1121=EDGE_LOOP('',(#8047,#8048,#8049,#8050));
#1122=EDGE_LOOP('',(#8051,#8052,#8053,#8054));
#1123=EDGE_LOOP('',(#8055,#8056,#8057,#8058));
#1124=EDGE_LOOP('',(#8059,#8060,#8061,#8062));
#1125=EDGE_LOOP('',(#8063,#8064,#8065,#8066));
#1126=EDGE_LOOP('',(#8067,#8068,#8069,#8070));
#1127=EDGE_LOOP('',(#8071,#8072,#8073,#8074));
#1128=EDGE_LOOP('',(#8075,#8076,#8077,#8078));
#1129=EDGE_LOOP('',(#8079,#8080,#8081,#8082));
#1130=EDGE_LOOP('',(#8083,#8084,#8085,#8086));
#1131=EDGE_LOOP('',(#8087,#8088,#8089,#8090));
#1132=EDGE_LOOP('',(#8091,#8092,#8093,#8094));
#1133=EDGE_LOOP('',(#8095,#8096,#8097,#8098));
#1134=EDGE_LOOP('',(#8099,#8100,#8101,#8102));
#1135=EDGE_LOOP('',(#8103,#8104,#8105,#8106));
#1136=EDGE_LOOP('',(#8107,#8108,#8109,#8110));
#1137=EDGE_LOOP('',(#8111,#8112,#8113,#8114));
#1138=EDGE_LOOP('',(#8115,#8116,#8117,#8118));
#1139=EDGE_LOOP('',(#8119,#8120,#8121,#8122));
#1140=EDGE_LOOP('',(#8123,#8124,#8125,#8126));
#1141=EDGE_LOOP('',(#8127,#8128,#8129,#8130));
#1142=EDGE_LOOP('',(#8131,#8132,#8133,#8134));
#1143=EDGE_LOOP('',(#8135,#8136,#8137,#8138));
#1144=EDGE_LOOP('',(#8139,#8140,#8141,#8142));
#1145=EDGE_LOOP('',(#8143,#8144,#8145,#8146));
#1146=EDGE_LOOP('',(#8147,#8148,#8149,#8150));
#1147=EDGE_LOOP('',(#8151,#8152,#8153,#8154));
#1148=EDGE_LOOP('',(#8155,#8156,#8157,#8158));
#1149=EDGE_LOOP('',(#8159,#8160,#8161,#8162));
#1150=EDGE_LOOP('',(#8163,#8164,#8165,#8166));
#1151=EDGE_LOOP('',(#8167,#8168,#8169,#8170));
#1152=EDGE_LOOP('',(#8171,#8172,#8173,#8174));
#1153=EDGE_LOOP('',(#8175,#8176,#8177,#8178));
#1154=EDGE_LOOP('',(#8179,#8180,#8181,#8182));
#1155=EDGE_LOOP('',(#8183,#8184,#8185,#8186));
#1156=EDGE_LOOP('',(#8187,#8188,#8189,#8190));
#1157=EDGE_LOOP('',(#8191,#8192,#8193,#8194));
#1158=EDGE_LOOP('',(#8195,#8196,#8197,#8198));
#1159=EDGE_LOOP('',(#8199,#8200,#8201,#8202));
#1160=EDGE_LOOP('',(#8203,#8204,#8205,#8206));
#1161=EDGE_LOOP('',(#8207,#8208,#8209,#8210));
#1162=EDGE_LOOP('',(#8211,#8212,#8213,#8214));
#1163=EDGE_LOOP('',(#8215,#8216,#8217,#8218));
#1164=EDGE_LOOP('',(#8219,#8220,#8221,#8222));
#1165=EDGE_LOOP('',(#8223,#8224,#8225,#8226));
#1166=EDGE_LOOP('',(#8227,#8228,#8229,#8230));
#1167=EDGE_LOOP('',(#8231,#8232,#8233,#8234));
#1168=EDGE_LOOP('',(#8235,#8236,#8237,#8238));
#1169=EDGE_LOOP('',(#8239,#8240,#8241,#8242));
#1170=EDGE_LOOP('',(#8243,#8244,#8245,#8246));
#1171=EDGE_LOOP('',(#8247,#8248,#8249,#8250));
#1172=EDGE_LOOP('',(#8251,#8252,#8253,#8254));
#1173=EDGE_LOOP('',(#8255,#8256,#8257,#8258));
#1174=EDGE_LOOP('',(#8259,#8260,#8261,#8262));
#1175=EDGE_LOOP('',(#8263,#8264,#8265,#8266));
#1176=EDGE_LOOP('',(#8267,#8268,#8269,#8270));
#1177=EDGE_LOOP('',(#8271,#8272,#8273,#8274));
#1178=EDGE_LOOP('',(#8275,#8276,#8277,#8278));
#1179=EDGE_LOOP('',(#8279,#8280,#8281,#8282));
#1180=EDGE_LOOP('',(#8283,#8284,#8285,#8286));
#1181=EDGE_LOOP('',(#8287,#8288,#8289,#8290));
#1182=EDGE_LOOP('',(#8291,#8292,#8293,#8294));
#1183=EDGE_LOOP('',(#8295,#8296,#8297,#8298));
#1184=EDGE_LOOP('',(#8299,#8300,#8301,#8302));
#1185=EDGE_LOOP('',(#8303,#8304,#8305,#8306));
#1186=EDGE_LOOP('',(#8307,#8308,#8309,#8310));
#1187=EDGE_LOOP('',(#8311,#8312,#8313,#8314));
#1188=EDGE_LOOP('',(#8315,#8316,#8317,#8318));
#1189=EDGE_LOOP('',(#8319,#8320,#8321,#8322));
#1190=EDGE_LOOP('',(#8323,#8324,#8325,#8326));
#1191=EDGE_LOOP('',(#8327,#8328,#8329,#8330));
#1192=EDGE_LOOP('',(#8331,#8332,#8333,#8334));
#1193=EDGE_LOOP('',(#8335,#8336,#8337,#8338));
#1194=EDGE_LOOP('',(#8339,#8340,#8341,#8342));
#1195=EDGE_LOOP('',(#8343,#8344,#8345,#8346));
#1196=EDGE_LOOP('',(#8347,#8348,#8349,#8350));
#1197=EDGE_LOOP('',(#8351,#8352,#8353,#8354));
#1198=EDGE_LOOP('',(#8355,#8356,#8357,#8358));
#1199=EDGE_LOOP('',(#8359,#8360,#8361,#8362));
#1200=EDGE_LOOP('',(#8363,#8364,#8365,#8366));
#1201=EDGE_LOOP('',(#8367,#8368,#8369,#8370));
#1202=EDGE_LOOP('',(#8371,#8372,#8373,#8374));
#1203=EDGE_LOOP('',(#8375,#8376,#8377,#8378));
#1204=EDGE_LOOP('',(#8379,#8380,#8381,#8382));
#1205=EDGE_LOOP('',(#8383,#8384,#8385,#8386));
#1206=EDGE_LOOP('',(#8387,#8388,#8389,#8390));
#1207=EDGE_LOOP('',(#8391,#8392,#8393,#8394));
#1208=EDGE_LOOP('',(#8395,#8396,#8397,#8398));
#1209=EDGE_LOOP('',(#8399,#8400,#8401,#8402));
#1210=EDGE_LOOP('',(#8403,#8404,#8405,#8406));
#1211=EDGE_LOOP('',(#8407,#8408,#8409,#8410));
#1212=EDGE_LOOP('',(#8411,#8412,#8413,#8414));
#1213=EDGE_LOOP('',(#8415,#8416,#8417,#8418));
#1214=EDGE_LOOP('',(#8419,#8420,#8421,#8422));
#1215=EDGE_LOOP('',(#8423,#8424,#8425,#8426));
#1216=EDGE_LOOP('',(#8427,#8428,#8429,#8430));
#1217=EDGE_LOOP('',(#8431,#8432,#8433,#8434));
#1218=EDGE_LOOP('',(#8435,#8436,#8437,#8438));
#1219=EDGE_LOOP('',(#8439,#8440,#8441,#8442));
#1220=EDGE_LOOP('',(#8443,#8444,#8445,#8446));
#1221=EDGE_LOOP('',(#8447,#8448,#8449,#8450));
#1222=EDGE_LOOP('',(#8451,#8452,#8453,#8454));
#1223=EDGE_LOOP('',(#8455,#8456,#8457,#8458));
#1224=EDGE_LOOP('',(#8459,#8460,#8461,#8462));
#1225=EDGE_LOOP('',(#8463,#8464,#8465,#8466));
#1226=EDGE_LOOP('',(#8467,#8468,#8469,#8470,#8471));
#1227=EDGE_LOOP('',(#8472,#8473,#8474,#8475,#8476));
#1228=EDGE_LOOP('',(#8477,#8478,#8479,#8480));
#1229=EDGE_LOOP('',(#8481,#8482,#8483,#8484,#8485));
#1230=EDGE_LOOP('',(#8486,#8487,#8488,#8489,#8490));
#1231=EDGE_LOOP('',(#8491,#8492,#8493,#8494,#8495));
#1232=EDGE_LOOP('',(#8496,#8497,#8498,#8499,#8500));
#1233=EDGE_LOOP('',(#8501));
#1234=EDGE_LOOP('',(#8502));
#1235=EDGE_LOOP('',(#8503));
#1236=EDGE_LOOP('',(#8504));
#1237=EDGE_LOOP('',(#8505));
#1238=EDGE_LOOP('',(#8506));
#1239=LINE('',#14647,#1720);
#1240=LINE('',#14654,#1721);
#1241=LINE('',#14657,#1722);
#1242=LINE('',#14663,#1723);
#1243=LINE('',#14666,#1724);
#1244=LINE('',#14672,#1725);
#1245=LINE('',#14675,#1726);
#1246=LINE('',#14681,#1727);
#1247=LINE('',#14684,#1728);
#1248=LINE('',#14690,#1729);
#1249=LINE('',#14693,#1730);
#1250=LINE('',#14762,#1731);
#1251=LINE('',#14764,#1732);
#1252=LINE('',#14768,#1733);
#1253=LINE('',#14771,#1734);
#1254=LINE('',#14774,#1735);
#1255=LINE('',#14778,#1736);
#1256=LINE('',#14782,#1737);
#1257=LINE('',#14785,#1738);
#1258=LINE('',#14788,#1739);
#1259=LINE('',#14790,#1740);
#1260=LINE('',#14794,#1741);
#1261=LINE('',#14797,#1742);
#1262=LINE('',#14800,#1743);
#1263=LINE('',#14848,#1744);
#1264=LINE('',#14850,#1745);
#1265=LINE('',#14853,#1746);
#1266=LINE('',#14856,#1747);
#1267=LINE('',#14859,#1748);
#1268=LINE('',#14862,#1749);
#1269=LINE('',#14864,#1750);
#1270=LINE('',#14867,#1751);
#1271=LINE('',#14869,#1752);
#1272=LINE('',#14872,#1753);
#1273=LINE('',#14874,#1754);
#1274=LINE('',#14877,#1755);
#1275=LINE('',#14879,#1756);
#1276=LINE('',#14882,#1757);
#1277=LINE('',#14884,#1758);
#1278=LINE('',#14887,#1759);
#1279=LINE('',#14889,#1760);
#1280=LINE('',#14900,#1761);
#1281=LINE('',#14910,#1762);
#1282=LINE('',#14920,#1763);
#1283=LINE('',#14936,#1764);
#1284=LINE('',#14944,#1765);
#1285=LINE('',#14950,#1766);
#1286=LINE('',#14966,#1767);
#1287=LINE('',#14973,#1768);
#1288=LINE('',#14976,#1769);
#1289=LINE('',#14982,#1770);
#1290=LINE('',#14985,#1771);
#1291=LINE('',#14991,#1772);
#1292=LINE('',#14994,#1773);
#1293=LINE('',#15000,#1774);
#1294=LINE('',#15003,#1775);
#1295=LINE('',#15355,#1776);
#1296=LINE('',#15357,#1777);
#1297=LINE('',#15361,#1778);
#1298=LINE('',#15364,#1779);
#1299=LINE('',#15367,#1780);
#1300=LINE('',#15369,#1781);
#1301=LINE('',#15373,#1782);
#1302=LINE('',#15375,#1783);
#1303=LINE('',#15379,#1784);
#1304=LINE('',#15381,#1785);
#1305=LINE('',#15385,#1786);
#1306=LINE('',#15388,#1787);
#1307=LINE('',#15391,#1788);
#1308=LINE('',#15393,#1789);
#1309=LINE('',#15397,#1790);
#1310=LINE('',#15400,#1791);
#1311=LINE('',#15403,#1792);
#1312=LINE('',#15405,#1793);
#1313=LINE('',#15409,#1794);
#1314=LINE('',#15413,#1795);
#1315=LINE('',#15417,#1796);
#1316=LINE('',#15419,#1797);
#1317=LINE('',#15423,#1798);
#1318=LINE('',#15426,#1799);
#1319=LINE('',#15429,#1800);
#1320=LINE('',#15433,#1801);
#1321=LINE('',#15437,#1802);
#1322=LINE('',#15439,#1803);
#1323=LINE('',#15443,#1804);
#1324=LINE('',#15446,#1805);
#1325=LINE('',#15449,#1806);
#1326=LINE('',#15451,#1807);
#1327=LINE('',#15455,#1808);
#1328=LINE('',#15457,#1809);
#1329=LINE('',#15461,#1810);
#1330=LINE('',#15464,#1811);
#1331=LINE('',#15467,#1812);
#1332=LINE('',#15469,#1813);
#1333=LINE('',#15473,#1814);
#1334=LINE('',#15475,#1815);
#1335=LINE('',#15479,#1816);
#1336=LINE('',#15481,#1817);
#1337=LINE('',#15485,#1818);
#1338=LINE('',#15488,#1819);
#1339=LINE('',#15491,#1820);
#1340=LINE('',#15493,#1821);
#1341=LINE('',#15497,#1822);
#1342=LINE('',#15499,#1823);
#1343=LINE('',#15503,#1824);
#1344=LINE('',#15505,#1825);
#1345=LINE('',#15509,#1826);
#1346=LINE('',#15512,#1827);
#1347=LINE('',#15515,#1828);
#1348=LINE('',#15517,#1829);
#1349=LINE('',#15521,#1830);
#1350=LINE('',#15523,#1831);
#1351=LINE('',#15527,#1832);
#1352=LINE('',#15530,#1833);
#1353=LINE('',#15533,#1834);
#1354=LINE('',#15535,#1835);
#1355=LINE('',#15539,#1836);
#1356=LINE('',#15541,#1837);
#1357=LINE('',#15545,#1838);
#1358=LINE('',#15547,#1839);
#1359=LINE('',#15551,#1840);
#1360=LINE('',#15554,#1841);
#1361=LINE('',#15557,#1842);
#1362=LINE('',#15559,#1843);
#1363=LINE('',#15563,#1844);
#1364=LINE('',#15565,#1845);
#1365=LINE('',#15569,#1846);
#1366=LINE('',#15571,#1847);
#1367=LINE('',#15575,#1848);
#1368=LINE('',#15578,#1849);
#1369=LINE('',#15581,#1850);
#1370=LINE('',#15583,#1851);
#1371=LINE('',#15587,#1852);
#1372=LINE('',#15589,#1853);
#1373=LINE('',#15593,#1854);
#1374=LINE('',#15596,#1855);
#1375=LINE('',#15599,#1856);
#1376=LINE('',#15601,#1857);
#1377=LINE('',#15605,#1858);
#1378=LINE('',#15607,#1859);
#1379=LINE('',#15831,#1860);
#1380=LINE('',#15832,#1861);
#1381=LINE('',#15834,#1862);
#1382=LINE('',#15836,#1863);
#1383=LINE('',#15839,#1864);
#1384=LINE('',#15841,#1865);
#1385=LINE('',#15844,#1866);
#1386=LINE('',#15846,#1867);
#1387=LINE('',#15849,#1868);
#1388=LINE('',#15851,#1869);
#1389=LINE('',#15854,#1870);
#1390=LINE('',#15856,#1871);
#1391=LINE('',#15859,#1872);
#1392=LINE('',#15861,#1873);
#1393=LINE('',#15864,#1874);
#1394=LINE('',#15866,#1875);
#1395=LINE('',#15869,#1876);
#1396=LINE('',#15871,#1877);
#1397=LINE('',#15874,#1878);
#1398=LINE('',#15876,#1879);
#1399=LINE('',#15879,#1880);
#1400=LINE('',#15881,#1881);
#1401=LINE('',#15884,#1882);
#1402=LINE('',#15886,#1883);
#1403=LINE('',#15889,#1884);
#1404=LINE('',#15891,#1885);
#1405=LINE('',#15894,#1886);
#1406=LINE('',#15896,#1887);
#1407=LINE('',#15899,#1888);
#1408=LINE('',#15901,#1889);
#1409=LINE('',#15904,#1890);
#1410=LINE('',#15906,#1891);
#1411=LINE('',#15909,#1892);
#1412=LINE('',#15911,#1893);
#1413=LINE('',#15914,#1894);
#1414=LINE('',#15916,#1895);
#1415=LINE('',#15919,#1896);
#1416=LINE('',#15921,#1897);
#1417=LINE('',#15924,#1898);
#1418=LINE('',#15926,#1899);
#1419=LINE('',#15929,#1900);
#1420=LINE('',#15931,#1901);
#1421=LINE('',#15934,#1902);
#1422=LINE('',#15936,#1903);
#1423=LINE('',#15939,#1904);
#1424=LINE('',#15941,#1905);
#1425=LINE('',#15944,#1906);
#1426=LINE('',#15946,#1907);
#1427=LINE('',#15949,#1908);
#1428=LINE('',#15951,#1909);
#1429=LINE('',#15954,#1910);
#1430=LINE('',#15956,#1911);
#1431=LINE('',#15959,#1912);
#1432=LINE('',#15961,#1913);
#1433=LINE('',#15964,#1914);
#1434=LINE('',#15966,#1915);
#1435=LINE('',#15969,#1916);
#1436=LINE('',#15971,#1917);
#1437=LINE('',#15974,#1918);
#1438=LINE('',#15976,#1919);
#1439=LINE('',#15979,#1920);
#1440=LINE('',#15981,#1921);
#1441=LINE('',#15984,#1922);
#1442=LINE('',#15987,#1923);
#1443=LINE('',#15989,#1924);
#1444=LINE('',#15992,#1925);
#1445=LINE('',#15995,#1926);
#1446=LINE('',#15997,#1927);
#1447=LINE('',#16000,#1928);
#1448=LINE('',#16002,#1929);
#1449=LINE('',#16005,#1930);
#1450=LINE('',#16008,#1931);
#1451=LINE('',#16011,#1932);
#1452=LINE('',#16013,#1933);
#1453=LINE('',#16016,#1934);
#1454=LINE('',#16018,#1935);
#1455=LINE('',#16021,#1936);
#1456=LINE('',#16023,#1937);
#1457=LINE('',#16026,#1938);
#1458=LINE('',#16028,#1939);
#1459=LINE('',#16031,#1940);
#1460=LINE('',#16033,#1941);
#1461=LINE('',#16036,#1942);
#1462=LINE('',#16038,#1943);
#1463=LINE('',#16041,#1944);
#1464=LINE('',#16043,#1945);
#1465=LINE('',#16046,#1946);
#1466=LINE('',#16048,#1947);
#1467=LINE('',#16055,#1948);
#1468=LINE('',#16062,#1949);
#1469=LINE('',#16065,#1950);
#1470=LINE('',#16071,#1951);
#1471=LINE('',#16074,#1952);
#1472=LINE('',#16080,#1953);
#1473=LINE('',#16083,#1954);
#1474=LINE('',#16089,#1955);
#1475=LINE('',#16092,#1956);
#1476=LINE('',#16098,#1957);
#1477=LINE('',#16101,#1958);
#1478=LINE('',#16218,#1959);
#1479=LINE('',#16220,#1960);
#1480=LINE('',#16224,#1961);
#1481=LINE('',#16227,#1962);
#1482=LINE('',#16230,#1963);
#1483=LINE('',#16232,#1964);
#1484=LINE('',#16236,#1965);
#1485=LINE('',#16240,#1966);
#1486=LINE('',#16244,#1967);
#1487=LINE('',#16247,#1968);
#1488=LINE('',#16250,#1969);
#1489=LINE('',#16254,#1970);
#1490=LINE('',#16257,#1971);
#1491=LINE('',#16260,#1972);
#1492=LINE('',#16262,#1973);
#1493=LINE('',#16266,#1974);
#1494=LINE('',#16269,#1975);
#1495=LINE('',#16272,#1976);
#1496=LINE('',#16275,#1977);
#1497=LINE('',#16278,#1978);
#1498=LINE('',#16280,#1979);
#1499=LINE('',#16284,#1980);
#1500=LINE('',#16287,#1981);
#1501=LINE('',#16290,#1982);
#1502=LINE('',#16293,#1983);
#1503=LINE('',#16296,#1984);
#1504=LINE('',#16298,#1985);
#1505=LINE('',#16373,#1986);
#1506=LINE('',#16375,#1987);
#1507=LINE('',#16377,#1988);
#1508=LINE('',#16380,#1989);
#1509=LINE('',#16383,#1990);
#1510=LINE('',#16385,#1991);
#1511=LINE('',#16388,#1992);
#1512=LINE('',#16390,#1993);
#1513=LINE('',#16393,#1994);
#1514=LINE('',#16395,#1995);
#1515=LINE('',#16398,#1996);
#1516=LINE('',#16400,#1997);
#1517=LINE('',#16403,#1998);
#1518=LINE('',#16405,#1999);
#1519=LINE('',#16408,#2000);
#1520=LINE('',#16410,#2001);
#1521=LINE('',#16413,#2002);
#1522=LINE('',#16415,#2003);
#1523=LINE('',#16418,#2004);
#1524=LINE('',#16421,#2005);
#1525=LINE('',#16423,#2006);
#1526=LINE('',#16426,#2007);
#1527=LINE('',#16429,#2008);
#1528=LINE('',#16431,#2009);
#1529=LINE('',#16434,#2010);
#1530=LINE('',#16437,#2011);
#1531=LINE('',#16439,#2012);
#1532=LINE('',#16448,#2013);
#1533=LINE('',#16456,#2014);
#1534=LINE('',#16459,#2015);
#1535=LINE('',#16484,#2016);
#1536=LINE('',#16492,#2017);
#1537=LINE('',#16500,#2018);
#1538=LINE('',#16506,#2019);
#1539=LINE('',#16512,#2020);
#1540=LINE('',#16518,#2021);
#1541=LINE('',#16523,#2022);
#1542=LINE('',#16525,#2023);
#1543=LINE('',#16527,#2024);
#1544=LINE('',#16529,#2025);
#1545=LINE('',#16541,#2026);
#1546=LINE('',#16547,#2027);
#1547=LINE('',#16551,#2028);
#1548=LINE('',#16560,#2029);
#1549=LINE('',#16567,#2030);
#1550=LINE('',#16570,#2031);
#1551=LINE('',#16576,#2032);
#1552=LINE('',#16579,#2033);
#1553=LINE('',#16585,#2034);
#1554=LINE('',#16588,#2035);
#1555=LINE('',#16911,#2036);
#1556=LINE('',#16913,#2037);
#1557=LINE('',#16917,#2038);
#1558=LINE('',#16920,#2039);
#1559=LINE('',#16923,#2040);
#1560=LINE('',#16925,#2041);
#1561=LINE('',#16929,#2042);
#1562=LINE('',#16931,#2043);
#1563=LINE('',#16935,#2044);
#1564=LINE('',#16937,#2045);
#1565=LINE('',#16941,#2046);
#1566=LINE('',#16944,#2047);
#1567=LINE('',#16947,#2048);
#1568=LINE('',#16951,#2049);
#1569=LINE('',#16955,#2050);
#1570=LINE('',#16958,#2051);
#1571=LINE('',#16961,#2052);
#1572=LINE('',#16963,#2053);
#1573=LINE('',#16967,#2054);
#1574=LINE('',#16969,#2055);
#1575=LINE('',#16973,#2056);
#1576=LINE('',#16976,#2057);
#1577=LINE('',#16979,#2058);
#1578=LINE('',#16983,#2059);
#1579=LINE('',#16985,#2060);
#1580=LINE('',#16989,#2061);
#1581=LINE('',#16991,#2062);
#1582=LINE('',#16995,#2063);
#1583=LINE('',#16998,#2064);
#1584=LINE('',#17001,#2065);
#1585=LINE('',#17003,#2066);
#1586=LINE('',#17007,#2067);
#1587=LINE('',#17010,#2068);
#1588=LINE('',#17013,#2069);
#1589=LINE('',#17015,#2070);
#1590=LINE('',#17019,#2071);
#1591=LINE('',#17021,#2072);
#1592=LINE('',#17025,#2073);
#1593=LINE('',#17027,#2074);
#1594=LINE('',#17031,#2075);
#1595=LINE('',#17034,#2076);
#1596=LINE('',#17037,#2077);
#1597=LINE('',#17039,#2078);
#1598=LINE('',#17043,#2079);
#1599=LINE('',#17045,#2080);
#1600=LINE('',#17049,#2081);
#1601=LINE('',#17051,#2082);
#1602=LINE('',#17055,#2083);
#1603=LINE('',#17058,#2084);
#1604=LINE('',#17061,#2085);
#1605=LINE('',#17063,#2086);
#1606=LINE('',#17067,#2087);
#1607=LINE('',#17070,#2088);
#1608=LINE('',#17073,#2089);
#1609=LINE('',#17075,#2090);
#1610=LINE('',#17079,#2091);
#1611=LINE('',#17081,#2092);
#1612=LINE('',#17085,#2093);
#1613=LINE('',#17087,#2094);
#1614=LINE('',#17091,#2095);
#1615=LINE('',#17094,#2096);
#1616=LINE('',#17097,#2097);
#1617=LINE('',#17099,#2098);
#1618=LINE('',#17103,#2099);
#1619=LINE('',#17106,#2100);
#1620=LINE('',#17109,#2101);
#1621=LINE('',#17112,#2102);
#1622=LINE('',#17115,#2103);
#1623=LINE('',#17118,#2104);
#1624=LINE('',#17121,#2105);
#1625=LINE('',#17123,#2106);
#1626=LINE('',#17127,#2107);
#1627=LINE('',#17130,#2108);
#1628=LINE('',#17133,#2109);
#1629=LINE('',#17135,#2110);
#1630=LINE('',#17139,#2111);
#1631=LINE('',#17141,#2112);
#1632=LINE('',#17347,#2113);
#1633=LINE('',#17348,#2114);
#1634=LINE('',#17350,#2115);
#1635=LINE('',#17352,#2116);
#1636=LINE('',#17355,#2117);
#1637=LINE('',#17357,#2118);
#1638=LINE('',#17360,#2119);
#1639=LINE('',#17362,#2120);
#1640=LINE('',#17365,#2121);
#1641=LINE('',#17367,#2122);
#1642=LINE('',#17370,#2123);
#1643=LINE('',#17372,#2124);
#1644=LINE('',#17375,#2125);
#1645=LINE('',#17377,#2126);
#1646=LINE('',#17380,#2127);
#1647=LINE('',#17382,#2128);
#1648=LINE('',#17385,#2129);
#1649=LINE('',#17387,#2130);
#1650=LINE('',#17390,#2131);
#1651=LINE('',#17392,#2132);
#1652=LINE('',#17395,#2133);
#1653=LINE('',#17397,#2134);
#1654=LINE('',#17400,#2135);
#1655=LINE('',#17402,#2136);
#1656=LINE('',#17405,#2137);
#1657=LINE('',#17407,#2138);
#1658=LINE('',#17410,#2139);
#1659=LINE('',#17412,#2140);
#1660=LINE('',#17415,#2141);
#1661=LINE('',#17417,#2142);
#1662=LINE('',#17420,#2143);
#1663=LINE('',#17422,#2144);
#1664=LINE('',#17425,#2145);
#1665=LINE('',#17427,#2146);
#1666=LINE('',#17430,#2147);
#1667=LINE('',#17432,#2148);
#1668=LINE('',#17435,#2149);
#1669=LINE('',#17437,#2150);
#1670=LINE('',#17440,#2151);
#1671=LINE('',#17442,#2152);
#1672=LINE('',#17445,#2153);
#1673=LINE('',#17447,#2154);
#1674=LINE('',#17450,#2155);
#1675=LINE('',#17452,#2156);
#1676=LINE('',#17455,#2157);
#1677=LINE('',#17457,#2158);
#1678=LINE('',#17460,#2159);
#1679=LINE('',#17462,#2160);
#1680=LINE('',#17465,#2161);
#1681=LINE('',#17467,#2162);
#1682=LINE('',#17470,#2163);
#1683=LINE('',#17472,#2164);
#1684=LINE('',#17475,#2165);
#1685=LINE('',#17477,#2166);
#1686=LINE('',#17480,#2167);
#1687=LINE('',#17482,#2168);
#1688=LINE('',#17485,#2169);
#1689=LINE('',#17487,#2170);
#1690=LINE('',#17490,#2171);
#1691=LINE('',#17492,#2172);
#1692=LINE('',#17495,#2173);
#1693=LINE('',#17498,#2174);
#1694=LINE('',#17500,#2175);
#1695=LINE('',#17503,#2176);
#1696=LINE('',#17505,#2177);
#1697=LINE('',#17508,#2178);
#1698=LINE('',#17510,#2179);
#1699=LINE('',#17513,#2180);
#1700=LINE('',#17515,#2181);
#1701=LINE('',#17518,#2182);
#1702=LINE('',#17521,#2183);
#1703=LINE('',#17524,#2184);
#1704=LINE('',#17526,#2185);
#1705=LINE('',#17529,#2186);
#1706=LINE('',#17531,#2187);
#1707=LINE('',#17534,#2188);
#1708=LINE('',#17536,#2189);
#1709=LINE('',#17539,#2190);
#1710=LINE('',#17541,#2191);
#1711=LINE('',#17544,#2192);
#1712=LINE('',#17546,#2193);
#1713=LINE('',#17561,#2194);
#1714=LINE('',#17569,#2195);
#1715=LINE('',#17575,#2196);
#1716=LINE('',#17583,#2197);
#1717=LINE('',#17587,#2198);
#1718=LINE('',#17591,#2199);
#1719=LINE('',#17594,#2200);
#1720=VECTOR('',#11126,1.);
#1721=VECTOR('',#11133,1000.);
#1722=VECTOR('',#11136,1000.);
#1723=VECTOR('',#11141,1000.);
#1724=VECTOR('',#11144,1000.);
#1725=VECTOR('',#11149,1000.);
#1726=VECTOR('',#11152,1000.);
#1727=VECTOR('',#11157,1000.);
#1728=VECTOR('',#11160,1000.);
#1729=VECTOR('',#11165,1000.);
#1730=VECTOR('',#11168,1000.);
#1731=VECTOR('',#11243,1000.);
#1732=VECTOR('',#11244,1000.);
#1733=VECTOR('',#11249,1000.);
#1734=VECTOR('',#11252,1000.);
#1735=VECTOR('',#11255,1000.);
#1736=VECTOR('',#11260,1000.);
#1737=VECTOR('',#11265,1000.);
#1738=VECTOR('',#11268,1000.);
#1739=VECTOR('',#11271,1000.);
#1740=VECTOR('',#11272,1000.);
#1741=VECTOR('',#11277,1000.);
#1742=VECTOR('',#11280,1000.);
#1743=VECTOR('',#11283,1000.);
#1744=VECTOR('',#11344,1000.);
#1745=VECTOR('',#11347,1000.);
#1746=VECTOR('',#11352,1000.);
#1747=VECTOR('',#11357,1000.);
#1748=VECTOR('',#11362,1000.);
#1749=VECTOR('',#11367,1000.);
#1750=VECTOR('',#11370,1000.);
#1751=VECTOR('',#11375,1000.);
#1752=VECTOR('',#11378,1000.);
#1753=VECTOR('',#11383,1000.);
#1754=VECTOR('',#11386,1000.);
#1755=VECTOR('',#11391,1000.);
#1756=VECTOR('',#11394,1000.);
#1757=VECTOR('',#11399,1000.);
#1758=VECTOR('',#11402,1000.);
#1759=VECTOR('',#11407,1000.);
#1760=VECTOR('',#11410,1000.);
#1761=VECTOR('',#11425,3.);
#1762=VECTOR('',#11438,2.675);
#1763=VECTOR('',#11449,2.55);
#1764=VECTOR('',#11470,1.5);
#1765=VECTOR('',#11481,1.95);
#1766=VECTOR('',#11488,1.825);
#1767=VECTOR('',#11513,1.5);
#1768=VECTOR('',#11520,1000.);
#1769=VECTOR('',#11523,1000.);
#1770=VECTOR('',#11528,1000.);
#1771=VECTOR('',#11531,1000.);
#1772=VECTOR('',#11536,1000.);
#1773=VECTOR('',#11539,1000.);
#1774=VECTOR('',#11544,1000.);
#1775=VECTOR('',#11547,1000.);
#1776=VECTOR('',#11904,1000.);
#1777=VECTOR('',#11905,1000.);
#1778=VECTOR('',#11910,1000.);
#1779=VECTOR('',#11913,1000.);
#1780=VECTOR('',#11916,1000.);
#1781=VECTOR('',#11917,1000.);
#1782=VECTOR('',#11922,1000.);
#1783=VECTOR('',#11923,1000.);
#1784=VECTOR('',#11928,1000.);
#1785=VECTOR('',#11929,1000.);
#1786=VECTOR('',#11934,1000.);
#1787=VECTOR('',#11937,1000.);
#1788=VECTOR('',#11940,1000.);
#1789=VECTOR('',#11941,1000.);
#1790=VECTOR('',#11946,1000.);
#1791=VECTOR('',#11949,1000.);
#1792=VECTOR('',#11952,1000.);
#1793=VECTOR('',#11953,1000.);
#1794=VECTOR('',#11958,1000.);
#1795=VECTOR('',#11963,1000.);
#1796=VECTOR('',#11968,1000.);
#1797=VECTOR('',#11969,1000.);
#1798=VECTOR('',#11974,1000.);
#1799=VECTOR('',#11977,1000.);
#1800=VECTOR('',#11980,1000.);
#1801=VECTOR('',#11985,1000.);
#1802=VECTOR('',#11990,1000.);
#1803=VECTOR('',#11991,1000.);
#1804=VECTOR('',#11996,1000.);
#1805=VECTOR('',#11999,1000.);
#1806=VECTOR('',#12002,1000.);
#1807=VECTOR('',#12003,1000.);
#1808=VECTOR('',#12008,1000.);
#1809=VECTOR('',#12009,1000.);
#1810=VECTOR('',#12014,1000.);
#1811=VECTOR('',#12017,1000.);
#1812=VECTOR('',#12020,1000.);
#1813=VECTOR('',#12021,1000.);
#1814=VECTOR('',#12026,1000.);
#1815=VECTOR('',#12027,1000.);
#1816=VECTOR('',#12032,1000.);
#1817=VECTOR('',#12033,1000.);
#1818=VECTOR('',#12038,1000.);
#1819=VECTOR('',#12041,1000.);
#1820=VECTOR('',#12044,1000.);
#1821=VECTOR('',#12045,1000.);
#1822=VECTOR('',#12050,1000.);
#1823=VECTOR('',#12051,1000.);
#1824=VECTOR('',#12056,1000.);
#1825=VECTOR('',#12057,1000.);
#1826=VECTOR('',#12062,1000.);
#1827=VECTOR('',#12065,1000.);
#1828=VECTOR('',#12068,1000.);
#1829=VECTOR('',#12069,1000.);
#1830=VECTOR('',#12074,1000.);
#1831=VECTOR('',#12075,1000.);
#1832=VECTOR('',#12080,1000.);
#1833=VECTOR('',#12083,1000.);
#1834=VECTOR('',#12086,1000.);
#1835=VECTOR('',#12087,1000.);
#1836=VECTOR('',#12092,1000.);
#1837=VECTOR('',#12093,1000.);
#1838=VECTOR('',#12098,1000.);
#1839=VECTOR('',#12099,1000.);
#1840=VECTOR('',#12104,1000.);
#1841=VECTOR('',#12107,1000.);
#1842=VECTOR('',#12110,1000.);
#1843=VECTOR('',#12111,1000.);
#1844=VECTOR('',#12116,1000.);
#1845=VECTOR('',#12117,1000.);
#1846=VECTOR('',#12122,1000.);
#1847=VECTOR('',#12123,1000.);
#1848=VECTOR('',#12128,1000.);
#1849=VECTOR('',#12131,1000.);
#1850=VECTOR('',#12134,1000.);
#1851=VECTOR('',#12135,1000.);
#1852=VECTOR('',#12140,1000.);
#1853=VECTOR('',#12141,1000.);
#1854=VECTOR('',#12146,1000.);
#1855=VECTOR('',#12149,1000.);
#1856=VECTOR('',#12152,1000.);
#1857=VECTOR('',#12153,1000.);
#1858=VECTOR('',#12158,1000.);
#1859=VECTOR('',#12159,1000.);
#1860=VECTOR('',#12430,1000.);
#1861=VECTOR('',#12431,1000.);
#1862=VECTOR('',#12434,1000.);
#1863=VECTOR('',#12437,1000.);
#1864=VECTOR('',#12442,1000.);
#1865=VECTOR('',#12445,1000.);
#1866=VECTOR('',#12450,1000.);
#1867=VECTOR('',#12453,1000.);
#1868=VECTOR('',#12458,1000.);
#1869=VECTOR('',#12461,1000.);
#1870=VECTOR('',#12466,1000.);
#1871=VECTOR('',#12469,1000.);
#1872=VECTOR('',#12474,1000.);
#1873=VECTOR('',#12477,1000.);
#1874=VECTOR('',#12482,1000.);
#1875=VECTOR('',#12485,1000.);
#1876=VECTOR('',#12490,1000.);
#1877=VECTOR('',#12493,1000.);
#1878=VECTOR('',#12498,1000.);
#1879=VECTOR('',#12501,1000.);
#1880=VECTOR('',#12506,1000.);
#1881=VECTOR('',#12509,1000.);
#1882=VECTOR('',#12514,1000.);
#1883=VECTOR('',#12517,1000.);
#1884=VECTOR('',#12522,1000.);
#1885=VECTOR('',#12525,1000.);
#1886=VECTOR('',#12530,1000.);
#1887=VECTOR('',#12533,1000.);
#1888=VECTOR('',#12538,1000.);
#1889=VECTOR('',#12541,1000.);
#1890=VECTOR('',#12546,1000.);
#1891=VECTOR('',#12549,1000.);
#1892=VECTOR('',#12554,1000.);
#1893=VECTOR('',#12557,1000.);
#1894=VECTOR('',#12562,1000.);
#1895=VECTOR('',#12565,1000.);
#1896=VECTOR('',#12570,1000.);
#1897=VECTOR('',#12573,1000.);
#1898=VECTOR('',#12578,1000.);
#1899=VECTOR('',#12581,1000.);
#1900=VECTOR('',#12586,1000.);
#1901=VECTOR('',#12589,1000.);
#1902=VECTOR('',#12594,1000.);
#1903=VECTOR('',#12597,1000.);
#1904=VECTOR('',#12602,1000.);
#1905=VECTOR('',#12605,1000.);
#1906=VECTOR('',#12610,1000.);
#1907=VECTOR('',#12613,1000.);
#1908=VECTOR('',#12618,1000.);
#1909=VECTOR('',#12621,1000.);
#1910=VECTOR('',#12626,1000.);
#1911=VECTOR('',#12629,1000.);
#1912=VECTOR('',#12634,1000.);
#1913=VECTOR('',#12637,1000.);
#1914=VECTOR('',#12642,1000.);
#1915=VECTOR('',#12645,1000.);
#1916=VECTOR('',#12650,1000.);
#1917=VECTOR('',#12653,1000.);
#1918=VECTOR('',#12658,1000.);
#1919=VECTOR('',#12661,1000.);
#1920=VECTOR('',#12666,1000.);
#1921=VECTOR('',#12669,1000.);
#1922=VECTOR('',#12674,1000.);
#1923=VECTOR('',#12679,1000.);
#1924=VECTOR('',#12682,1000.);
#1925=VECTOR('',#12687,1000.);
#1926=VECTOR('',#12692,1000.);
#1927=VECTOR('',#12695,1000.);
#1928=VECTOR('',#12700,1000.);
#1929=VECTOR('',#12703,1000.);
#1930=VECTOR('',#12708,1000.);
#1931=VECTOR('',#12713,1000.);
#1932=VECTOR('',#12718,1000.);
#1933=VECTOR('',#12721,1000.);
#1934=VECTOR('',#12726,1000.);
#1935=VECTOR('',#12729,1000.);
#1936=VECTOR('',#12734,1000.);
#1937=VECTOR('',#12737,1000.);
#1938=VECTOR('',#12742,1000.);
#1939=VECTOR('',#12745,1000.);
#1940=VECTOR('',#12750,1000.);
#1941=VECTOR('',#12753,1000.);
#1942=VECTOR('',#12758,1000.);
#1943=VECTOR('',#12761,1000.);
#1944=VECTOR('',#12766,1000.);
#1945=VECTOR('',#12769,1000.);
#1946=VECTOR('',#12774,1000.);
#1947=VECTOR('',#12777,1000.);
#1948=VECTOR('',#12786,1.5);
#1949=VECTOR('',#12793,1000.);
#1950=VECTOR('',#12796,1000.);
#1951=VECTOR('',#12801,1000.);
#1952=VECTOR('',#12804,1000.);
#1953=VECTOR('',#12809,1000.);
#1954=VECTOR('',#12812,1000.);
#1955=VECTOR('',#12817,1000.);
#1956=VECTOR('',#12820,1000.);
#1957=VECTOR('',#12825,1000.);
#1958=VECTOR('',#12828,1000.);
#1959=VECTOR('',#12951,1000.);
#1960=VECTOR('',#12952,1000.);
#1961=VECTOR('',#12957,1000.);
#1962=VECTOR('',#12960,1000.);
#1963=VECTOR('',#12963,1000.);
#1964=VECTOR('',#12964,1000.);
#1965=VECTOR('',#12969,1000.);
#1966=VECTOR('',#12974,1000.);
#1967=VECTOR('',#12979,1000.);
#1968=VECTOR('',#12982,1000.);
#1969=VECTOR('',#12985,1000.);
#1970=VECTOR('',#12990,1000.);
#1971=VECTOR('',#12993,1000.);
#1972=VECTOR('',#12996,1000.);
#1973=VECTOR('',#12997,1000.);
#1974=VECTOR('',#13002,1000.);
#1975=VECTOR('',#13005,1000.);
#1976=VECTOR('',#13008,1000.);
#1977=VECTOR('',#13011,1000.);
#1978=VECTOR('',#13014,1000.);
#1979=VECTOR('',#13015,1000.);
#1980=VECTOR('',#13020,1000.);
#1981=VECTOR('',#13023,1000.);
#1982=VECTOR('',#13026,1000.);
#1983=VECTOR('',#13029,1000.);
#1984=VECTOR('',#13032,1000.);
#1985=VECTOR('',#13033,1000.);
#1986=VECTOR('',#13128,1000.);
#1987=VECTOR('',#13131,1000.);
#1988=VECTOR('',#13134,1000.);
#1989=VECTOR('',#13139,1000.);
#1990=VECTOR('',#13144,1000.);
#1991=VECTOR('',#13147,1000.);
#1992=VECTOR('',#13152,1000.);
#1993=VECTOR('',#13155,1000.);
#1994=VECTOR('',#13160,1000.);
#1995=VECTOR('',#13163,1000.);
#1996=VECTOR('',#13168,1000.);
#1997=VECTOR('',#13171,1000.);
#1998=VECTOR('',#13176,1000.);
#1999=VECTOR('',#13179,1000.);
#2000=VECTOR('',#13184,1000.);
#2001=VECTOR('',#13187,1000.);
#2002=VECTOR('',#13192,1000.);
#2003=VECTOR('',#13195,1000.);
#2004=VECTOR('',#13200,1000.);
#2005=VECTOR('',#13205,1000.);
#2006=VECTOR('',#13208,1000.);
#2007=VECTOR('',#13213,1000.);
#2008=VECTOR('',#13218,1000.);
#2009=VECTOR('',#13221,1000.);
#2010=VECTOR('',#13226,1000.);
#2011=VECTOR('',#13231,1000.);
#2012=VECTOR('',#13234,1000.);
#2013=VECTOR('',#13247,1.5);
#2014=VECTOR('',#13256,1.3);
#2015=VECTOR('',#13261,1.5);
#2016=VECTOR('',#13298,5.2);
#2017=VECTOR('',#13307,5.);
#2018=VECTOR('',#13316,10.);
#2019=VECTOR('',#13323,9.90000000000001);
#2020=VECTOR('',#13330,6.7);
#2021=VECTOR('',#13337,6.8);
#2022=VECTOR('',#13344,7.);
#2023=VECTOR('',#13347,5.);
#2024=VECTOR('',#13350,10.);
#2025=VECTOR('',#13353,10.);
#2026=VECTOR('',#13370,5.075);
#2027=VECTOR('',#13377,4.075);
#2028=VECTOR('',#13382,5.075);
#2029=VECTOR('',#13395,7.);
#2030=VECTOR('',#13402,1000.);
#2031=VECTOR('',#13405,1000.);
#2032=VECTOR('',#13410,1000.);
#2033=VECTOR('',#13413,1000.);
#2034=VECTOR('',#13418,1000.);
#2035=VECTOR('',#13421,1000.);
#2036=VECTOR('',#13748,1000.);
#2037=VECTOR('',#13749,1000.);
#2038=VECTOR('',#13754,1000.);
#2039=VECTOR('',#13757,1000.);
#2040=VECTOR('',#13760,1000.);
#2041=VECTOR('',#13761,1000.);
#2042=VECTOR('',#13766,1000.);
#2043=VECTOR('',#13767,1000.);
#2044=VECTOR('',#13772,1000.);
#2045=VECTOR('',#13773,1000.);
#2046=VECTOR('',#13778,1000.);
#2047=VECTOR('',#13781,1000.);
#2048=VECTOR('',#13784,1000.);
#2049=VECTOR('',#13789,1000.);
#2050=VECTOR('',#13794,1000.);
#2051=VECTOR('',#13797,1000.);
#2052=VECTOR('',#13800,1000.);
#2053=VECTOR('',#13801,1000.);
#2054=VECTOR('',#13806,1000.);
#2055=VECTOR('',#13807,1000.);
#2056=VECTOR('',#13812,1000.);
#2057=VECTOR('',#13815,1000.);
#2058=VECTOR('',#13818,1000.);
#2059=VECTOR('',#13823,1000.);
#2060=VECTOR('',#13824,1000.);
#2061=VECTOR('',#13829,1000.);
#2062=VECTOR('',#13830,1000.);
#2063=VECTOR('',#13835,1000.);
#2064=VECTOR('',#13838,1000.);
#2065=VECTOR('',#13841,1000.);
#2066=VECTOR('',#13842,1000.);
#2067=VECTOR('',#13847,1000.);
#2068=VECTOR('',#13850,1000.);
#2069=VECTOR('',#13853,1000.);
#2070=VECTOR('',#13854,1000.);
#2071=VECTOR('',#13859,1000.);
#2072=VECTOR('',#13860,1000.);
#2073=VECTOR('',#13865,1000.);
#2074=VECTOR('',#13866,1000.);
#2075=VECTOR('',#13871,1000.);
#2076=VECTOR('',#13874,1000.);
#2077=VECTOR('',#13877,1000.);
#2078=VECTOR('',#13878,1000.);
#2079=VECTOR('',#13883,1000.);
#2080=VECTOR('',#13884,1000.);
#2081=VECTOR('',#13889,1000.);
#2082=VECTOR('',#13890,1000.);
#2083=VECTOR('',#13895,1000.);
#2084=VECTOR('',#13898,1000.);
#2085=VECTOR('',#13901,1000.);
#2086=VECTOR('',#13902,1000.);
#2087=VECTOR('',#13907,1000.);
#2088=VECTOR('',#13910,1000.);
#2089=VECTOR('',#13913,1000.);
#2090=VECTOR('',#13914,1000.);
#2091=VECTOR('',#13919,1000.);
#2092=VECTOR('',#13920,1000.);
#2093=VECTOR('',#13925,1000.);
#2094=VECTOR('',#13926,1000.);
#2095=VECTOR('',#13931,1000.);
#2096=VECTOR('',#13934,1000.);
#2097=VECTOR('',#13937,1000.);
#2098=VECTOR('',#13938,1000.);
#2099=VECTOR('',#13943,1000.);
#2100=VECTOR('',#13946,1000.);
#2101=VECTOR('',#13949,1000.);
#2102=VECTOR('',#13952,1000.);
#2103=VECTOR('',#13955,1000.);
#2104=VECTOR('',#13958,1000.);
#2105=VECTOR('',#13961,1000.);
#2106=VECTOR('',#13962,1000.);
#2107=VECTOR('',#13967,1000.);
#2108=VECTOR('',#13970,1000.);
#2109=VECTOR('',#13973,1000.);
#2110=VECTOR('',#13974,1000.);
#2111=VECTOR('',#13979,1000.);
#2112=VECTOR('',#13980,1000.);
#2113=VECTOR('',#14229,1000.);
#2114=VECTOR('',#14230,1000.);
#2115=VECTOR('',#14233,1000.);
#2116=VECTOR('',#14236,1000.);
#2117=VECTOR('',#14241,1000.);
#2118=VECTOR('',#14244,1000.);
#2119=VECTOR('',#14249,1000.);
#2120=VECTOR('',#14252,1000.);
#2121=VECTOR('',#14257,1000.);
#2122=VECTOR('',#14260,1000.);
#2123=VECTOR('',#14265,1000.);
#2124=VECTOR('',#14268,1000.);
#2125=VECTOR('',#14273,1000.);
#2126=VECTOR('',#14276,1000.);
#2127=VECTOR('',#14281,1000.);
#2128=VECTOR('',#14284,1000.);
#2129=VECTOR('',#14289,1000.);
#2130=VECTOR('',#14292,1000.);
#2131=VECTOR('',#14297,1000.);
#2132=VECTOR('',#14300,1000.);
#2133=VECTOR('',#14305,1000.);
#2134=VECTOR('',#14308,1000.);
#2135=VECTOR('',#14313,1000.);
#2136=VECTOR('',#14316,1000.);
#2137=VECTOR('',#14321,1000.);
#2138=VECTOR('',#14324,1000.);
#2139=VECTOR('',#14329,1000.);
#2140=VECTOR('',#14332,1000.);
#2141=VECTOR('',#14337,1000.);
#2142=VECTOR('',#14340,1000.);
#2143=VECTOR('',#14345,1000.);
#2144=VECTOR('',#14348,1000.);
#2145=VECTOR('',#14353,1000.);
#2146=VECTOR('',#14356,1000.);
#2147=VECTOR('',#14361,1000.);
#2148=VECTOR('',#14364,1000.);
#2149=VECTOR('',#14369,1000.);
#2150=VECTOR('',#14372,1000.);
#2151=VECTOR('',#14377,1000.);
#2152=VECTOR('',#14380,1000.);
#2153=VECTOR('',#14385,1000.);
#2154=VECTOR('',#14388,1000.);
#2155=VECTOR('',#14393,1000.);
#2156=VECTOR('',#14396,1000.);
#2157=VECTOR('',#14401,1000.);
#2158=VECTOR('',#14404,1000.);
#2159=VECTOR('',#14409,1000.);
#2160=VECTOR('',#14412,1000.);
#2161=VECTOR('',#14417,1000.);
#2162=VECTOR('',#14420,1000.);
#2163=VECTOR('',#14425,1000.);
#2164=VECTOR('',#14428,1000.);
#2165=VECTOR('',#14433,1000.);
#2166=VECTOR('',#14436,1000.);
#2167=VECTOR('',#14441,1000.);
#2168=VECTOR('',#14444,1000.);
#2169=VECTOR('',#14449,1000.);
#2170=VECTOR('',#14452,1000.);
#2171=VECTOR('',#14457,1000.);
#2172=VECTOR('',#14460,1000.);
#2173=VECTOR('',#14465,1000.);
#2174=VECTOR('',#14470,1000.);
#2175=VECTOR('',#14473,1000.);
#2176=VECTOR('',#14478,1000.);
#2177=VECTOR('',#14481,1000.);
#2178=VECTOR('',#14486,1000.);
#2179=VECTOR('',#14489,1000.);
#2180=VECTOR('',#14494,1000.);
#2181=VECTOR('',#14497,1000.);
#2182=VECTOR('',#14502,1000.);
#2183=VECTOR('',#14507,1000.);
#2184=VECTOR('',#14512,1000.);
#2185=VECTOR('',#14515,1000.);
#2186=VECTOR('',#14520,1000.);
#2187=VECTOR('',#14523,1000.);
#2188=VECTOR('',#14528,1000.);
#2189=VECTOR('',#14531,1000.);
#2190=VECTOR('',#14536,1000.);
#2191=VECTOR('',#14539,1000.);
#2192=VECTOR('',#14544,1000.);
#2193=VECTOR('',#14547,1000.);
#2194=VECTOR('',#14570,2.3);
#2195=VECTOR('',#14579,3.80000000000001);
#2196=VECTOR('',#14586,3.80000000000001);
#2197=VECTOR('',#14595,2.3);
#2198=VECTOR('',#14600,2.5);
#2199=VECTOR('',#14605,2.5);
#2200=VECTOR('',#14610,4.);
#2201=CIRCLE('',#9600,1.);
#2202=CIRCLE('',#9601,1.);
#2203=CIRCLE('',#9603,1.);
#2204=CIRCLE('',#9604,0.999999999999999);
#2205=CIRCLE('',#9606,1.);
#2206=CIRCLE('',#9607,1.);
#2207=CIRCLE('',#9609,1.);
#2208=CIRCLE('',#9610,1.);
#2209=CIRCLE('',#9612,1.);
#2210=CIRCLE('',#9613,1.);
#2211=CIRCLE('',#9615,3.);
#2212=CIRCLE('',#9616,3.);
#2213=CIRCLE('',#9618,1.);
#2214=CIRCLE('',#9619,1.874);
#2215=CIRCLE('',#9620,1.);
#2216=CIRCLE('',#9621,3.);
#2217=CIRCLE('',#9622,1.);
#2218=CIRCLE('',#9623,1.874);
#2219=CIRCLE('',#9624,1.);
#2220=CIRCLE('',#9625,3.);
#2221=CIRCLE('',#9626,1.874);
#2222=CIRCLE('',#9627,1.);
#2223=CIRCLE('',#9628,3.);
#2224=CIRCLE('',#9629,1.874);
#2225=CIRCLE('',#9630,1.);
#2226=CIRCLE('',#9631,3.);
#2227=CIRCLE('',#9632,1.);
#2228=CIRCLE('',#9633,1.874);
#2229=CIRCLE('',#9634,1.);
#2230=CIRCLE('',#9635,1.);
#2231=CIRCLE('',#9636,1.874);
#2232=CIRCLE('',#9637,1.);
#2233=CIRCLE('',#9638,3.);
#2234=CIRCLE('',#9639,1.);
#2235=CIRCLE('',#9640,1.874);
#2236=CIRCLE('',#9641,3.);
#2237=CIRCLE('',#9642,1.);
#2238=CIRCLE('',#9643,1.874);
#2239=CIRCLE('',#9644,3.);
#2240=CIRCLE('',#9645,1.);
#2241=CIRCLE('',#9646,1.874);
#2242=CIRCLE('',#9647,0.999999999999999);
#2243=CIRCLE('',#9648,3.);
#2244=CIRCLE('',#9649,1.);
#2245=CIRCLE('',#9650,1.874);
#2246=CIRCLE('',#9651,1.);
#2247=CIRCLE('',#9652,3.);
#2248=CIRCLE('',#9654,3.);
#2249=CIRCLE('',#9656,3.);
#2250=CIRCLE('',#9658,3.);
#2251=CIRCLE('',#9660,3.);
#2252=CIRCLE('',#9662,3.);
#2253=CIRCLE('',#9664,3.);
#2254=CIRCLE('',#9666,3.);
#2255=CIRCLE('',#9668,3.);
#2256=CIRCLE('',#9670,1.);
#2257=CIRCLE('',#9671,1.);
#2258=CIRCLE('',#9672,1.874);
#2259=CIRCLE('',#9673,1.);
#2260=CIRCLE('',#9674,1.);
#2261=CIRCLE('',#9675,1.874);
#2262=CIRCLE('',#9676,1.);
#2263=CIRCLE('',#9677,1.874);
#2264=CIRCLE('',#9678,1.);
#2265=CIRCLE('',#9679,1.874);
#2266=CIRCLE('',#9680,1.);
#2267=CIRCLE('',#9681,1.);
#2268=CIRCLE('',#9682,1.874);
#2269=CIRCLE('',#9683,1.);
#2270=CIRCLE('',#9684,1.);
#2271=CIRCLE('',#9685,1.874);
#2272=CIRCLE('',#9686,1.);
#2273=CIRCLE('',#9687,1.);
#2274=CIRCLE('',#9688,1.874);
#2275=CIRCLE('',#9689,3.);
#2276=CIRCLE('',#9690,1.);
#2277=CIRCLE('',#9691,1.874);
#2278=CIRCLE('',#9692,1.);
#2279=CIRCLE('',#9693,1.874);
#2280=CIRCLE('',#9694,1.);
#2281=CIRCLE('',#9695,1.);
#2282=CIRCLE('',#9696,1.874);
#2283=CIRCLE('',#9726,2.92);
#2284=CIRCLE('',#9727,0.0800000000000005);
#2285=CIRCLE('',#9728,3.);
#2286=CIRCLE('',#9730,3.);
#2287=CIRCLE('',#9732,0.0800000000000005);
#2288=CIRCLE('',#9733,2.92);
#2289=CIRCLE('',#9735,2.675);
#2290=CIRCLE('',#9736,2.675);
#2291=CIRCLE('',#9737,2.675);
#2292=CIRCLE('',#9739,2.55);
#2293=CIRCLE('',#9740,2.55);
#2294=CIRCLE('',#9741,2.55);
#2295=CIRCLE('',#9743,1.95);
#2296=CIRCLE('',#9744,0.45);
#2297=CIRCLE('',#9745,1.95);
#2298=CIRCLE('',#9747,1.58);
#2299=CIRCLE('',#9748,0.0800000000000002);
#2300=CIRCLE('',#9749,1.5);
#2301=CIRCLE('',#9751,1.5);
#2302=CIRCLE('',#9753,0.0800000000000002);
#2303=CIRCLE('',#9754,1.58);
#2304=CIRCLE('',#9756,1.95);
#2305=CIRCLE('',#9758,1.825);
#2306=CIRCLE('',#9759,1.825);
#2307=CIRCLE('',#9760,1.825);
#2308=CIRCLE('',#9762,0.45);
#2309=CIRCLE('',#9770,1.5);
#2310=CIRCLE('',#9771,1.5);
#2311=CIRCLE('',#9773,4.5);
#2312=CIRCLE('',#9774,4.5);
#2313=CIRCLE('',#9776,4.5);
#2314=CIRCLE('',#9777,4.5);
#2315=CIRCLE('',#9779,4.5);
#2316=CIRCLE('',#9780,4.5);
#2317=CIRCLE('',#9782,4.5);
#2318=CIRCLE('',#9783,4.5);
#2319=CIRCLE('',#9785,4.5);
#2320=CIRCLE('',#9786,10.624);
#2321=CIRCLE('',#9787,4.5);
#2322=CIRCLE('',#9788,11.75);
#2323=CIRCLE('',#9789,4.5);
#2324=CIRCLE('',#9790,10.624);
#2325=CIRCLE('',#9791,4.5);
#2326=CIRCLE('',#9792,11.75);
#2327=CIRCLE('',#9793,4.5);
#2328=CIRCLE('',#9794,10.624);
#2329=CIRCLE('',#9795,4.5);
#2330=CIRCLE('',#9796,11.75);
#2331=CIRCLE('',#9797,4.5);
#2332=CIRCLE('',#9798,10.624);
#2333=CIRCLE('',#9799,4.5);
#2334=CIRCLE('',#9800,11.75);
#2335=CIRCLE('',#9801,4.5);
#2336=CIRCLE('',#9802,10.624);
#2337=CIRCLE('',#9803,4.5);
#2338=CIRCLE('',#9804,11.75);
#2339=CIRCLE('',#9805,4.5);
#2340=CIRCLE('',#9806,10.624);
#2341=CIRCLE('',#9807,4.5);
#2342=CIRCLE('',#9808,11.75);
#2343=CIRCLE('',#9809,4.5);
#2344=CIRCLE('',#9810,10.624);
#2345=CIRCLE('',#9811,4.5);
#2346=CIRCLE('',#9812,11.75);
#2347=CIRCLE('',#9813,4.5);
#2348=CIRCLE('',#9814,10.624);
#2349=CIRCLE('',#9815,4.5);
#2350=CIRCLE('',#9816,11.75);
#2351=CIRCLE('',#9817,4.5);
#2352=CIRCLE('',#9818,10.624);
#2353=CIRCLE('',#9819,11.75);
#2354=CIRCLE('',#9820,4.5);
#2355=CIRCLE('',#9821,10.624);
#2356=CIRCLE('',#9822,11.75);
#2357=CIRCLE('',#9823,4.5);
#2358=CIRCLE('',#9824,10.624);
#2359=CIRCLE('',#9825,4.5);
#2360=CIRCLE('',#9826,11.75);
#2361=CIRCLE('',#9827,4.5);
#2362=CIRCLE('',#9828,10.624);
#2363=CIRCLE('',#9829,4.5);
#2364=CIRCLE('',#9830,11.75);
#2365=CIRCLE('',#9831,4.5);
#2366=CIRCLE('',#9832,10.624);
#2367=CIRCLE('',#9833,4.5);
#2368=CIRCLE('',#9834,11.75);
#2369=CIRCLE('',#9835,4.5);
#2370=CIRCLE('',#9836,10.624);
#2371=CIRCLE('',#9837,4.5);
#2372=CIRCLE('',#9838,11.75);
#2373=CIRCLE('',#9839,4.5);
#2374=CIRCLE('',#9840,10.624);
#2375=CIRCLE('',#9841,4.5);
#2376=CIRCLE('',#9842,11.75);
#2377=CIRCLE('',#9843,4.5);
#2378=CIRCLE('',#9844,10.624);
#2379=CIRCLE('',#9845,4.5);
#2380=CIRCLE('',#9846,11.75);
#2381=CIRCLE('',#9847,4.5);
#2382=CIRCLE('',#9848,10.624);
#2383=CIRCLE('',#9849,4.5);
#2384=CIRCLE('',#9850,11.75);
#2385=CIRCLE('',#9851,4.5);
#2386=CIRCLE('',#9852,10.624);
#2387=CIRCLE('',#9853,4.5);
#2388=CIRCLE('',#9854,11.75);
#2389=CIRCLE('',#9855,4.5);
#2390=CIRCLE('',#9856,10.624);
#2391=CIRCLE('',#9857,4.5);
#2392=CIRCLE('',#9858,11.75);
#2393=CIRCLE('',#9859,4.5);
#2394=CIRCLE('',#9860,10.624);
#2395=CIRCLE('',#9861,4.5);
#2396=CIRCLE('',#9862,11.75);
#2397=CIRCLE('',#9863,4.5);
#2398=CIRCLE('',#9864,10.624);
#2399=CIRCLE('',#9865,4.5);
#2400=CIRCLE('',#9866,11.75);
#2401=CIRCLE('',#9867,4.5);
#2402=CIRCLE('',#9868,10.624);
#2403=CIRCLE('',#9869,4.5);
#2404=CIRCLE('',#9870,11.75);
#2405=CIRCLE('',#9871,4.5);
#2406=CIRCLE('',#9872,10.624);
#2407=CIRCLE('',#9873,4.5);
#2408=CIRCLE('',#9874,11.75);
#2409=CIRCLE('',#9875,4.5);
#2410=CIRCLE('',#9876,10.624);
#2411=CIRCLE('',#9877,4.5);
#2412=CIRCLE('',#9878,11.75);
#2413=CIRCLE('',#9879,4.5);
#2414=CIRCLE('',#9880,10.624);
#2415=CIRCLE('',#9881,4.5);
#2416=CIRCLE('',#9882,11.75);
#2417=CIRCLE('',#9883,4.5);
#2418=CIRCLE('',#9884,10.624);
#2419=CIRCLE('',#9885,4.5);
#2420=CIRCLE('',#9886,11.75);
#2421=CIRCLE('',#9887,4.5);
#2422=CIRCLE('',#9888,10.624);
#2423=CIRCLE('',#9889,4.5);
#2424=CIRCLE('',#9890,11.75);
#2425=CIRCLE('',#9891,4.5);
#2426=CIRCLE('',#9892,10.624);
#2427=CIRCLE('',#9893,4.5);
#2428=CIRCLE('',#9894,11.75);
#2429=CIRCLE('',#9895,4.5);
#2430=CIRCLE('',#9896,10.624);
#2431=CIRCLE('',#9897,4.5);
#2432=CIRCLE('',#9898,11.75);
#2433=CIRCLE('',#9899,4.5);
#2434=CIRCLE('',#9900,10.624);
#2435=CIRCLE('',#9901,4.5);
#2436=CIRCLE('',#9902,11.75);
#2437=CIRCLE('',#9903,4.5);
#2438=CIRCLE('',#9904,10.624);
#2439=CIRCLE('',#9905,4.5);
#2440=CIRCLE('',#9906,11.75);
#2441=CIRCLE('',#9907,4.5);
#2442=CIRCLE('',#9908,10.624);
#2443=CIRCLE('',#9909,4.5);
#2444=CIRCLE('',#9910,11.75);
#2445=CIRCLE('',#9911,4.5);
#2446=CIRCLE('',#9912,10.624);
#2447=CIRCLE('',#9913,4.5);
#2448=CIRCLE('',#9914,11.75);
#2449=CIRCLE('',#9915,4.5);
#2450=CIRCLE('',#9916,10.624);
#2451=CIRCLE('',#9917,4.5);
#2452=CIRCLE('',#9918,11.75);
#2453=CIRCLE('',#9919,4.5);
#2454=CIRCLE('',#9920,10.624);
#2455=CIRCLE('',#9921,4.5);
#2456=CIRCLE('',#9922,11.75);
#2457=CIRCLE('',#9923,4.5);
#2458=CIRCLE('',#9924,10.624);
#2459=CIRCLE('',#9925,4.5);
#2460=CIRCLE('',#9926,11.75);
#2461=CIRCLE('',#9927,10.624);
#2462=CIRCLE('',#9928,4.5);
#2463=CIRCLE('',#9929,11.75);
#2464=CIRCLE('',#9930,10.624);
#2465=CIRCLE('',#9931,4.5);
#2466=CIRCLE('',#9932,11.75);
#2467=CIRCLE('',#9933,4.5);
#2468=CIRCLE('',#9934,10.624);
#2469=CIRCLE('',#9935,4.5);
#2470=CIRCLE('',#9936,11.75);
#2471=CIRCLE('',#9937,4.5);
#2472=CIRCLE('',#9938,10.624);
#2473=CIRCLE('',#9939,4.5);
#2474=CIRCLE('',#9940,11.75);
#2475=CIRCLE('',#9941,4.5);
#2476=CIRCLE('',#9942,10.624);
#2477=CIRCLE('',#9943,4.5);
#2478=CIRCLE('',#9944,11.75);
#2479=CIRCLE('',#9945,4.5);
#2480=CIRCLE('',#9946,10.624);
#2481=CIRCLE('',#9947,4.5);
#2482=CIRCLE('',#9948,11.75);
#2483=CIRCLE('',#9949,4.5);
#2484=CIRCLE('',#9950,10.624);
#2485=CIRCLE('',#9951,4.5);
#2486=CIRCLE('',#9952,11.75);
#2487=CIRCLE('',#9953,4.5);
#2488=CIRCLE('',#9954,10.624);
#2489=CIRCLE('',#9955,4.5);
#2490=CIRCLE('',#9956,11.75);
#2491=CIRCLE('',#9957,4.5);
#2492=CIRCLE('',#9958,10.624);
#2493=CIRCLE('',#9959,4.5);
#2494=CIRCLE('',#9960,11.75);
#2495=CIRCLE('',#9962,11.75);
#2496=CIRCLE('',#9964,11.75);
#2497=CIRCLE('',#9966,11.75);
#2498=CIRCLE('',#9968,11.75);
#2499=CIRCLE('',#9970,11.75);
#2500=CIRCLE('',#9972,11.75);
#2501=CIRCLE('',#9974,11.75);
#2502=CIRCLE('',#9976,11.75);
#2503=CIRCLE('',#9978,11.75);
#2504=CIRCLE('',#9980,11.75);
#2505=CIRCLE('',#9982,11.75);
#2506=CIRCLE('',#9984,11.75);
#2507=CIRCLE('',#9986,11.75);
#2508=CIRCLE('',#9988,11.75);
#2509=CIRCLE('',#9990,11.75);
#2510=CIRCLE('',#9992,11.75);
#2511=CIRCLE('',#9994,11.75);
#2512=CIRCLE('',#9996,11.75);
#2513=CIRCLE('',#9998,11.75);
#2514=CIRCLE('',#10000,11.75);
#2515=CIRCLE('',#10002,11.75);
#2516=CIRCLE('',#10004,11.75);
#2517=CIRCLE('',#10006,11.75);
#2518=CIRCLE('',#10008,11.75);
#2519=CIRCLE('',#10010,11.75);
#2520=CIRCLE('',#10012,11.75);
#2521=CIRCLE('',#10014,11.75);
#2522=CIRCLE('',#10016,11.75);
#2523=CIRCLE('',#10018,11.75);
#2524=CIRCLE('',#10020,11.75);
#2525=CIRCLE('',#10022,11.75);
#2526=CIRCLE('',#10024,11.75);
#2527=CIRCLE('',#10026,11.75);
#2528=CIRCLE('',#10028,11.75);
#2529=CIRCLE('',#10030,11.75);
#2530=CIRCLE('',#10032,11.75);
#2531=CIRCLE('',#10034,11.75);
#2532=CIRCLE('',#10036,11.75);
#2533=CIRCLE('',#10038,11.75);
#2534=CIRCLE('',#10040,11.75);
#2535=CIRCLE('',#10042,11.75);
#2536=CIRCLE('',#10044,11.75);
#2537=CIRCLE('',#10046,11.75);
#2538=CIRCLE('',#10048,11.75);
#2539=CIRCLE('',#10050,4.5);
#2540=CIRCLE('',#10051,4.5);
#2541=CIRCLE('',#10052,10.624);
#2542=CIRCLE('',#10053,4.5);
#2543=CIRCLE('',#10054,4.5);
#2544=CIRCLE('',#10055,10.624);
#2545=CIRCLE('',#10056,4.5);
#2546=CIRCLE('',#10057,4.5);
#2547=CIRCLE('',#10058,10.624);
#2548=CIRCLE('',#10059,4.5);
#2549=CIRCLE('',#10060,4.5);
#2550=CIRCLE('',#10061,10.624);
#2551=CIRCLE('',#10062,4.5);
#2552=CIRCLE('',#10063,4.5);
#2553=CIRCLE('',#10064,10.624);
#2554=CIRCLE('',#10065,4.5);
#2555=CIRCLE('',#10066,4.5);
#2556=CIRCLE('',#10067,10.624);
#2557=CIRCLE('',#10068,4.5);
#2558=CIRCLE('',#10069,4.5);
#2559=CIRCLE('',#10070,10.624);
#2560=CIRCLE('',#10071,4.5);
#2561=CIRCLE('',#10072,4.5);
#2562=CIRCLE('',#10073,10.624);
#2563=CIRCLE('',#10074,4.5);
#2564=CIRCLE('',#10075,10.624);
#2565=CIRCLE('',#10076,4.5);
#2566=CIRCLE('',#10077,10.624);
#2567=CIRCLE('',#10078,4.5);
#2568=CIRCLE('',#10079,11.75);
#2569=CIRCLE('',#10080,4.5);
#2570=CIRCLE('',#10081,10.624);
#2571=CIRCLE('',#10082,4.5);
#2572=CIRCLE('',#10083,4.5);
#2573=CIRCLE('',#10084,10.624);
#2574=CIRCLE('',#10085,4.5);
#2575=CIRCLE('',#10086,4.5);
#2576=CIRCLE('',#10087,10.624);
#2577=CIRCLE('',#10088,4.5);
#2578=CIRCLE('',#10089,4.5);
#2579=CIRCLE('',#10090,10.624);
#2580=CIRCLE('',#10091,4.5);
#2581=CIRCLE('',#10092,4.5);
#2582=CIRCLE('',#10093,10.624);
#2583=CIRCLE('',#10094,4.5);
#2584=CIRCLE('',#10095,4.5);
#2585=CIRCLE('',#10096,10.624);
#2586=CIRCLE('',#10097,4.5);
#2587=CIRCLE('',#10098,4.5);
#2588=CIRCLE('',#10099,10.624);
#2589=CIRCLE('',#10100,4.5);
#2590=CIRCLE('',#10101,4.5);
#2591=CIRCLE('',#10102,10.624);
#2592=CIRCLE('',#10103,4.5);
#2593=CIRCLE('',#10104,4.5);
#2594=CIRCLE('',#10105,10.624);
#2595=CIRCLE('',#10106,4.5);
#2596=CIRCLE('',#10107,4.5);
#2597=CIRCLE('',#10108,10.624);
#2598=CIRCLE('',#10109,4.5);
#2599=CIRCLE('',#10110,4.5);
#2600=CIRCLE('',#10111,10.624);
#2601=CIRCLE('',#10112,4.5);
#2602=CIRCLE('',#10113,4.5);
#2603=CIRCLE('',#10114,10.624);
#2604=CIRCLE('',#10115,4.5);
#2605=CIRCLE('',#10116,4.5);
#2606=CIRCLE('',#10117,10.624);
#2607=CIRCLE('',#10118,4.5);
#2608=CIRCLE('',#10119,4.5);
#2609=CIRCLE('',#10120,10.624);
#2610=CIRCLE('',#10121,4.5);
#2611=CIRCLE('',#10122,4.5);
#2612=CIRCLE('',#10123,10.624);
#2613=CIRCLE('',#10124,4.5);
#2614=CIRCLE('',#10125,4.5);
#2615=CIRCLE('',#10126,10.624);
#2616=CIRCLE('',#10127,4.5);
#2617=CIRCLE('',#10128,4.5);
#2618=CIRCLE('',#10129,10.624);
#2619=CIRCLE('',#10130,4.5);
#2620=CIRCLE('',#10131,4.5);
#2621=CIRCLE('',#10132,10.624);
#2622=CIRCLE('',#10133,4.5);
#2623=CIRCLE('',#10134,4.5);
#2624=CIRCLE('',#10135,10.624);
#2625=CIRCLE('',#10136,4.5);
#2626=CIRCLE('',#10137,4.5);
#2627=CIRCLE('',#10138,10.624);
#2628=CIRCLE('',#10139,4.5);
#2629=CIRCLE('',#10140,4.5);
#2630=CIRCLE('',#10141,10.624);
#2631=CIRCLE('',#10142,4.5);
#2632=CIRCLE('',#10143,4.5);
#2633=CIRCLE('',#10144,10.624);
#2634=CIRCLE('',#10145,4.5);
#2635=CIRCLE('',#10146,4.5);
#2636=CIRCLE('',#10147,10.624);
#2637=CIRCLE('',#10148,4.5);
#2638=CIRCLE('',#10149,4.5);
#2639=CIRCLE('',#10150,10.624);
#2640=CIRCLE('',#10151,4.5);
#2641=CIRCLE('',#10152,4.5);
#2642=CIRCLE('',#10153,10.624);
#2643=CIRCLE('',#10154,4.5);
#2644=CIRCLE('',#10155,10.624);
#2645=CIRCLE('',#10156,4.5);
#2646=CIRCLE('',#10157,10.624);
#2647=CIRCLE('',#10158,4.5);
#2648=CIRCLE('',#10159,4.5);
#2649=CIRCLE('',#10160,10.624);
#2650=CIRCLE('',#10161,4.5);
#2651=CIRCLE('',#10162,4.5);
#2652=CIRCLE('',#10163,10.624);
#2653=CIRCLE('',#10164,4.5);
#2654=CIRCLE('',#10165,4.5);
#2655=CIRCLE('',#10166,10.624);
#2656=CIRCLE('',#10167,4.5);
#2657=CIRCLE('',#10168,4.5);
#2658=CIRCLE('',#10169,10.624);
#2659=CIRCLE('',#10170,4.5);
#2660=CIRCLE('',#10171,4.5);
#2661=CIRCLE('',#10172,10.624);
#2662=CIRCLE('',#10173,4.5);
#2663=CIRCLE('',#10174,4.5);
#2664=CIRCLE('',#10175,10.624);
#2665=CIRCLE('',#10176,4.5);
#2666=CIRCLE('',#10177,4.5);
#2667=CIRCLE('',#10178,10.624);
#2668=CIRCLE('',#10179,4.5);
#2669=CIRCLE('',#10180,4.5);
#2670=CIRCLE('',#10181,10.624);
#2671=CIRCLE('',#10316,1.5);
#2672=CIRCLE('',#10317,1.5);
#2673=CIRCLE('',#10319,3.374);
#2674=CIRCLE('',#10320,3.374);
#2675=CIRCLE('',#10322,1.6);
#2676=CIRCLE('',#10323,1.6);
#2677=CIRCLE('',#10325,1.6);
#2678=CIRCLE('',#10326,1.6);
#2679=CIRCLE('',#10328,1.6);
#2680=CIRCLE('',#10329,1.6);
#2681=CIRCLE('',#10331,1.6);
#2682=CIRCLE('',#10332,1.6);
#2683=CIRCLE('',#10334,1.6);
#2684=CIRCLE('',#10335,1.6);
#2685=CIRCLE('',#10336,4.5);
#2686=CIRCLE('',#10337,1.6);
#2687=CIRCLE('',#10338,3.374);
#2688=CIRCLE('',#10339,1.6);
#2689=CIRCLE('',#10340,4.5);
#2690=CIRCLE('',#10341,1.6);
#2691=CIRCLE('',#10342,3.374);
#2692=CIRCLE('',#10343,4.5);
#2693=CIRCLE('',#10344,1.6);
#2694=CIRCLE('',#10345,3.374);
#2695=CIRCLE('',#10346,4.5);
#2696=CIRCLE('',#10347,1.6);
#2697=CIRCLE('',#10348,3.374);
#2698=CIRCLE('',#10349,1.6);
#2699=CIRCLE('',#10350,4.5);
#2700=CIRCLE('',#10351,1.6);
#2701=CIRCLE('',#10352,3.374);
#2702=CIRCLE('',#10353,1.6);
#2703=CIRCLE('',#10354,4.5);
#2704=CIRCLE('',#10355,1.6);
#2705=CIRCLE('',#10356,3.374);
#2706=CIRCLE('',#10357,1.6);
#2707=CIRCLE('',#10358,4.5);
#2708=CIRCLE('',#10359,1.6);
#2709=CIRCLE('',#10360,3.374);
#2710=CIRCLE('',#10361,1.6);
#2711=CIRCLE('',#10362,4.5);
#2712=CIRCLE('',#10363,1.6);
#2713=CIRCLE('',#10364,3.374);
#2714=CIRCLE('',#10365,1.6);
#2715=CIRCLE('',#10366,4.5);
#2716=CIRCLE('',#10367,1.6);
#2717=CIRCLE('',#10368,3.374);
#2718=CIRCLE('',#10369,1.6);
#2719=CIRCLE('',#10370,4.5);
#2720=CIRCLE('',#10371,1.6);
#2721=CIRCLE('',#10372,3.374);
#2722=CIRCLE('',#10373,1.6);
#2723=CIRCLE('',#10374,4.5);
#2724=CIRCLE('',#10375,1.6);
#2725=CIRCLE('',#10376,3.374);
#2726=CIRCLE('',#10377,1.6);
#2727=CIRCLE('',#10378,4.5);
#2728=CIRCLE('',#10379,1.6);
#2729=CIRCLE('',#10380,3.374);
#2730=CIRCLE('',#10381,1.6);
#2731=CIRCLE('',#10382,4.5);
#2732=CIRCLE('',#10383,3.374);
#2733=CIRCLE('',#10384,1.6);
#2734=CIRCLE('',#10385,4.5);
#2735=CIRCLE('',#10386,3.374);
#2736=CIRCLE('',#10387,1.6);
#2737=CIRCLE('',#10388,4.5);
#2738=CIRCLE('',#10389,1.6);
#2739=CIRCLE('',#10390,3.374);
#2740=CIRCLE('',#10391,1.6);
#2741=CIRCLE('',#10392,4.5);
#2742=CIRCLE('',#10394,4.5);
#2743=CIRCLE('',#10396,4.5);
#2744=CIRCLE('',#10398,4.5);
#2745=CIRCLE('',#10400,4.5);
#2746=CIRCLE('',#10402,4.5);
#2747=CIRCLE('',#10404,4.5);
#2748=CIRCLE('',#10406,4.5);
#2749=CIRCLE('',#10408,4.5);
#2750=CIRCLE('',#10410,4.5);
#2751=CIRCLE('',#10412,4.5);
#2752=CIRCLE('',#10414,4.5);
#2753=CIRCLE('',#10416,4.5);
#2754=CIRCLE('',#10418,4.5);
#2755=CIRCLE('',#10420,4.5);
#2756=CIRCLE('',#10422,4.5);
#2757=CIRCLE('',#10424,1.6);
#2758=CIRCLE('',#10425,1.6);
#2759=CIRCLE('',#10426,3.374);
#2760=CIRCLE('',#10427,1.6);
#2761=CIRCLE('',#10428,1.6);
#2762=CIRCLE('',#10429,3.374);
#2763=CIRCLE('',#10430,1.6);
#2764=CIRCLE('',#10431,3.374);
#2765=CIRCLE('',#10432,4.5);
#2766=CIRCLE('',#10433,1.6);
#2767=CIRCLE('',#10434,3.374);
#2768=CIRCLE('',#10435,1.6);
#2769=CIRCLE('',#10436,1.6);
#2770=CIRCLE('',#10437,3.374);
#2771=CIRCLE('',#10438,1.6);
#2772=CIRCLE('',#10439,1.6);
#2773=CIRCLE('',#10440,3.374);
#2774=CIRCLE('',#10441,1.6);
#2775=CIRCLE('',#10442,1.6);
#2776=CIRCLE('',#10443,3.374);
#2777=CIRCLE('',#10444,1.6);
#2778=CIRCLE('',#10445,1.6);
#2779=CIRCLE('',#10446,3.374);
#2780=CIRCLE('',#10447,1.6);
#2781=CIRCLE('',#10448,1.6);
#2782=CIRCLE('',#10449,3.374);
#2783=CIRCLE('',#10450,1.6);
#2784=CIRCLE('',#10451,1.6);
#2785=CIRCLE('',#10452,3.374);
#2786=CIRCLE('',#10453,1.6);
#2787=CIRCLE('',#10454,1.6);
#2788=CIRCLE('',#10455,3.374);
#2789=CIRCLE('',#10456,1.6);
#2790=CIRCLE('',#10457,1.6);
#2791=CIRCLE('',#10458,3.374);
#2792=CIRCLE('',#10459,1.6);
#2793=CIRCLE('',#10460,3.374);
#2794=CIRCLE('',#10461,1.6);
#2795=CIRCLE('',#10462,3.374);
#2796=CIRCLE('',#10463,1.6);
#2797=CIRCLE('',#10464,1.6);
#2798=CIRCLE('',#10465,3.374);
#2799=CIRCLE('',#10466,1.6);
#2800=CIRCLE('',#10467,1.6);
#2801=CIRCLE('',#10514,1.5);
#2802=CIRCLE('',#10515,1.3);
#2803=CIRCLE('',#10517,1.5);
#2804=CIRCLE('',#10518,1.5);
#2805=CIRCLE('',#10519,1.3);
#2806=CIRCLE('',#10532,10.);
#2807=CIRCLE('',#10533,1.6);
#2808=CIRCLE('',#10534,10.);
#2809=CIRCLE('',#10535,10.);
#2810=CIRCLE('',#10536,10.);
#2811=CIRCLE('',#10538,5.);
#2812=CIRCLE('',#10539,5.2);
#2813=CIRCLE('',#10541,5.);
#2814=CIRCLE('',#10542,5.);
#2815=CIRCLE('',#10543,5.2);
#2816=CIRCLE('',#10545,10.);
#2817=CIRCLE('',#10546,10.);
#2818=CIRCLE('',#10547,9.9);
#2819=CIRCLE('',#10549,10.);
#2820=CIRCLE('',#10550,9.90000000000001);
#2821=CIRCLE('',#10552,6.7);
#2822=CIRCLE('',#10553,6.7);
#2823=CIRCLE('',#10555,7.);
#2824=CIRCLE('',#10556,6.8);
#2825=CIRCLE('',#10558,7.);
#2826=CIRCLE('',#10568,5.075);
#2827=CIRCLE('',#10569,5.075);
#2828=CIRCLE('',#10570,4.875);
#2829=CIRCLE('',#10572,4.075);
#2830=CIRCLE('',#10573,4.075);
#2831=CIRCLE('',#10575,5.075);
#2832=CIRCLE('',#10580,7.);
#2833=CIRCLE('',#10581,7.);
#2834=CIRCLE('',#10583,4.1);
#2835=CIRCLE('',#10584,4.1);
#2836=CIRCLE('',#10586,4.1);
#2837=CIRCLE('',#10587,4.1);
#2838=CIRCLE('',#10589,4.1);
#2839=CIRCLE('',#10590,4.1);
#2840=CIRCLE('',#10592,4.1);
#2841=CIRCLE('',#10593,9.624);
#2842=CIRCLE('',#10594,4.1);
#2843=CIRCLE('',#10595,10.75);
#2844=CIRCLE('',#10596,4.1);
#2845=CIRCLE('',#10597,9.62400000000001);
#2846=CIRCLE('',#10598,4.1);
#2847=CIRCLE('',#10599,10.75);
#2848=CIRCLE('',#10600,4.1);
#2849=CIRCLE('',#10601,9.624);
#2850=CIRCLE('',#10602,4.1);
#2851=CIRCLE('',#10603,10.75);
#2852=CIRCLE('',#10604,4.1);
#2853=CIRCLE('',#10605,9.624);
#2854=CIRCLE('',#10606,4.1);
#2855=CIRCLE('',#10607,10.75);
#2856=CIRCLE('',#10608,4.1);
#2857=CIRCLE('',#10609,9.624);
#2858=CIRCLE('',#10610,4.1);
#2859=CIRCLE('',#10611,10.75);
#2860=CIRCLE('',#10612,4.1);
#2861=CIRCLE('',#10613,9.624);
#2862=CIRCLE('',#10614,4.1);
#2863=CIRCLE('',#10615,10.75);
#2864=CIRCLE('',#10616,4.1);
#2865=CIRCLE('',#10617,9.624);
#2866=CIRCLE('',#10618,4.1);
#2867=CIRCLE('',#10619,10.75);
#2868=CIRCLE('',#10620,4.1);
#2869=CIRCLE('',#10621,9.624);
#2870=CIRCLE('',#10622,4.1);
#2871=CIRCLE('',#10623,10.75);
#2872=CIRCLE('',#10624,4.1);
#2873=CIRCLE('',#10625,9.624);
#2874=CIRCLE('',#10626,10.75);
#2875=CIRCLE('',#10627,4.1);
#2876=CIRCLE('',#10628,9.62400000000001);
#2877=CIRCLE('',#10629,4.1);
#2878=CIRCLE('',#10630,10.75);
#2879=CIRCLE('',#10631,4.1);
#2880=CIRCLE('',#10632,9.624);
#2881=CIRCLE('',#10633,4.1);
#2882=CIRCLE('',#10634,10.75);
#2883=CIRCLE('',#10635,4.1);
#2884=CIRCLE('',#10636,9.624);
#2885=CIRCLE('',#10637,4.1);
#2886=CIRCLE('',#10638,10.75);
#2887=CIRCLE('',#10639,4.1);
#2888=CIRCLE('',#10640,9.624);
#2889=CIRCLE('',#10641,4.1);
#2890=CIRCLE('',#10642,10.75);
#2891=CIRCLE('',#10643,4.1);
#2892=CIRCLE('',#10644,9.624);
#2893=CIRCLE('',#10645,4.1);
#2894=CIRCLE('',#10646,10.75);
#2895=CIRCLE('',#10647,4.1);
#2896=CIRCLE('',#10648,9.624);
#2897=CIRCLE('',#10649,4.1);
#2898=CIRCLE('',#10650,10.75);
#2899=CIRCLE('',#10651,4.1);
#2900=CIRCLE('',#10652,9.624);
#2901=CIRCLE('',#10653,4.1);
#2902=CIRCLE('',#10654,10.75);
#2903=CIRCLE('',#10655,4.1);
#2904=CIRCLE('',#10656,9.62400000000001);
#2905=CIRCLE('',#10657,4.1);
#2906=CIRCLE('',#10658,10.75);
#2907=CIRCLE('',#10659,4.1);
#2908=CIRCLE('',#10660,9.62400000000001);
#2909=CIRCLE('',#10661,4.1);
#2910=CIRCLE('',#10662,10.75);
#2911=CIRCLE('',#10663,4.1);
#2912=CIRCLE('',#10664,9.624);
#2913=CIRCLE('',#10665,4.1);
#2914=CIRCLE('',#10666,10.75);
#2915=CIRCLE('',#10667,4.1);
#2916=CIRCLE('',#10668,9.624);
#2917=CIRCLE('',#10669,4.1);
#2918=CIRCLE('',#10670,10.75);
#2919=CIRCLE('',#10671,4.1);
#2920=CIRCLE('',#10672,9.624);
#2921=CIRCLE('',#10673,4.1);
#2922=CIRCLE('',#10674,10.75);
#2923=CIRCLE('',#10675,4.1);
#2924=CIRCLE('',#10676,9.624);
#2925=CIRCLE('',#10677,4.1);
#2926=CIRCLE('',#10678,10.75);
#2927=CIRCLE('',#10679,4.1);
#2928=CIRCLE('',#10680,9.624);
#2929=CIRCLE('',#10681,4.1);
#2930=CIRCLE('',#10682,10.75);
#2931=CIRCLE('',#10683,4.1);
#2932=CIRCLE('',#10684,9.624);
#2933=CIRCLE('',#10685,4.1);
#2934=CIRCLE('',#10686,10.75);
#2935=CIRCLE('',#10687,4.1);
#2936=CIRCLE('',#10688,9.624);
#2937=CIRCLE('',#10689,4.1);
#2938=CIRCLE('',#10690,10.75);
#2939=CIRCLE('',#10691,4.1);
#2940=CIRCLE('',#10692,9.624);
#2941=CIRCLE('',#10693,4.1);
#2942=CIRCLE('',#10694,10.75);
#2943=CIRCLE('',#10695,4.1);
#2944=CIRCLE('',#10696,9.62400000000001);
#2945=CIRCLE('',#10697,4.1);
#2946=CIRCLE('',#10698,10.75);
#2947=CIRCLE('',#10699,4.1);
#2948=CIRCLE('',#10700,9.624);
#2949=CIRCLE('',#10701,4.1);
#2950=CIRCLE('',#10702,10.75);
#2951=CIRCLE('',#10703,4.1);
#2952=CIRCLE('',#10704,9.624);
#2953=CIRCLE('',#10705,4.1);
#2954=CIRCLE('',#10706,10.75);
#2955=CIRCLE('',#10707,4.1);
#2956=CIRCLE('',#10708,9.624);
#2957=CIRCLE('',#10709,4.1);
#2958=CIRCLE('',#10710,10.75);
#2959=CIRCLE('',#10711,4.1);
#2960=CIRCLE('',#10712,9.624);
#2961=CIRCLE('',#10713,4.1);
#2962=CIRCLE('',#10714,10.75);
#2963=CIRCLE('',#10715,4.1);
#2964=CIRCLE('',#10716,9.624);
#2965=CIRCLE('',#10717,4.1);
#2966=CIRCLE('',#10718,10.75);
#2967=CIRCLE('',#10719,4.1);
#2968=CIRCLE('',#10720,9.62400000000001);
#2969=CIRCLE('',#10721,4.1);
#2970=CIRCLE('',#10722,10.75);
#2971=CIRCLE('',#10723,9.624);
#2972=CIRCLE('',#10724,4.1);
#2973=CIRCLE('',#10725,10.75);
#2974=CIRCLE('',#10726,9.624);
#2975=CIRCLE('',#10727,4.1);
#2976=CIRCLE('',#10728,10.75);
#2977=CIRCLE('',#10729,4.1);
#2978=CIRCLE('',#10730,9.62400000000001);
#2979=CIRCLE('',#10731,4.1);
#2980=CIRCLE('',#10732,10.75);
#2981=CIRCLE('',#10733,4.1);
#2982=CIRCLE('',#10734,9.624);
#2983=CIRCLE('',#10735,4.1);
#2984=CIRCLE('',#10736,10.75);
#2985=CIRCLE('',#10737,4.1);
#2986=CIRCLE('',#10738,9.624);
#2987=CIRCLE('',#10739,4.1);
#2988=CIRCLE('',#10740,10.75);
#2989=CIRCLE('',#10741,4.1);
#2990=CIRCLE('',#10742,9.62400000000001);
#2991=CIRCLE('',#10743,4.1);
#2992=CIRCLE('',#10744,10.75);
#2993=CIRCLE('',#10745,4.1);
#2994=CIRCLE('',#10746,9.62400000000001);
#2995=CIRCLE('',#10747,4.1);
#2996=CIRCLE('',#10748,10.75);
#2997=CIRCLE('',#10749,4.1);
#2998=CIRCLE('',#10750,9.62400000000001);
#2999=CIRCLE('',#10751,4.1);
#3000=CIRCLE('',#10752,10.75);
#3001=CIRCLE('',#10754,10.75);
#3002=CIRCLE('',#10756,10.75);
#3003=CIRCLE('',#10758,10.75);
#3004=CIRCLE('',#10760,10.75);
#3005=CIRCLE('',#10762,10.75);
#3006=CIRCLE('',#10764,10.75);
#3007=CIRCLE('',#10766,10.75);
#3008=CIRCLE('',#10768,10.75);
#3009=CIRCLE('',#10770,10.75);
#3010=CIRCLE('',#10772,10.75);
#3011=CIRCLE('',#10774,10.75);
#3012=CIRCLE('',#10776,10.75);
#3013=CIRCLE('',#10778,10.75);
#3014=CIRCLE('',#10780,10.75);
#3015=CIRCLE('',#10782,10.75);
#3016=CIRCLE('',#10784,10.75);
#3017=CIRCLE('',#10786,10.75);
#3018=CIRCLE('',#10788,10.75);
#3019=CIRCLE('',#10790,10.75);
#3020=CIRCLE('',#10792,10.75);
#3021=CIRCLE('',#10794,10.75);
#3022=CIRCLE('',#10796,10.75);
#3023=CIRCLE('',#10798,10.75);
#3024=CIRCLE('',#10800,10.75);
#3025=CIRCLE('',#10802,10.75);
#3026=CIRCLE('',#10804,10.75);
#3027=CIRCLE('',#10806,10.75);
#3028=CIRCLE('',#10808,10.75);
#3029=CIRCLE('',#10810,10.75);
#3030=CIRCLE('',#10812,10.75);
#3031=CIRCLE('',#10814,10.75);
#3032=CIRCLE('',#10816,10.75);
#3033=CIRCLE('',#10818,10.75);
#3034=CIRCLE('',#10820,10.75);
#3035=CIRCLE('',#10822,10.75);
#3036=CIRCLE('',#10824,10.75);
#3037=CIRCLE('',#10826,10.75);
#3038=CIRCLE('',#10828,10.75);
#3039=CIRCLE('',#10830,10.75);
#3040=CIRCLE('',#10832,10.75);
#3041=CIRCLE('',#10834,4.1);
#3042=CIRCLE('',#10835,4.1);
#3043=CIRCLE('',#10836,9.62400000000001);
#3044=CIRCLE('',#10837,4.1);
#3045=CIRCLE('',#10838,4.1);
#3046=CIRCLE('',#10839,9.62400000000001);
#3047=CIRCLE('',#10840,4.1);
#3048=CIRCLE('',#10841,4.1);
#3049=CIRCLE('',#10842,9.62400000000001);
#3050=CIRCLE('',#10843,4.1);
#3051=CIRCLE('',#10844,4.1);
#3052=CIRCLE('',#10845,9.624);
#3053=CIRCLE('',#10846,4.1);
#3054=CIRCLE('',#10847,4.1);
#3055=CIRCLE('',#10848,9.624);
#3056=CIRCLE('',#10849,4.1);
#3057=CIRCLE('',#10850,4.1);
#3058=CIRCLE('',#10851,9.62400000000001);
#3059=CIRCLE('',#10852,4.1);
#3060=CIRCLE('',#10853,4.1);
#3061=CIRCLE('',#10854,9.624);
#3062=CIRCLE('',#10855,4.1);
#3063=CIRCLE('',#10856,9.624);
#3064=CIRCLE('',#10857,4.1);
#3065=CIRCLE('',#10858,9.62400000000001);
#3066=CIRCLE('',#10859,4.1);
#3067=CIRCLE('',#10860,10.75);
#3068=CIRCLE('',#10861,4.1);
#3069=CIRCLE('',#10862,9.624);
#3070=CIRCLE('',#10863,4.1);
#3071=CIRCLE('',#10864,4.1);
#3072=CIRCLE('',#10865,9.624);
#3073=CIRCLE('',#10866,4.1);
#3074=CIRCLE('',#10867,4.1);
#3075=CIRCLE('',#10868,9.624);
#3076=CIRCLE('',#10869,4.1);
#3077=CIRCLE('',#10870,4.1);
#3078=CIRCLE('',#10871,9.624);
#3079=CIRCLE('',#10872,4.1);
#3080=CIRCLE('',#10873,4.1);
#3081=CIRCLE('',#10874,9.624);
#3082=CIRCLE('',#10875,4.1);
#3083=CIRCLE('',#10876,4.1);
#3084=CIRCLE('',#10877,9.62400000000001);
#3085=CIRCLE('',#10878,4.1);
#3086=CIRCLE('',#10879,4.1);
#3087=CIRCLE('',#10880,9.624);
#3088=CIRCLE('',#10881,4.1);
#3089=CIRCLE('',#10882,4.1);
#3090=CIRCLE('',#10883,9.624);
#3091=CIRCLE('',#10884,4.1);
#3092=CIRCLE('',#10885,4.1);
#3093=CIRCLE('',#10886,9.624);
#3094=CIRCLE('',#10887,4.1);
#3095=CIRCLE('',#10888,4.1);
#3096=CIRCLE('',#10889,9.624);
#3097=CIRCLE('',#10890,4.1);
#3098=CIRCLE('',#10891,4.1);
#3099=CIRCLE('',#10892,9.624);
#3100=CIRCLE('',#10893,4.1);
#3101=CIRCLE('',#10894,4.1);
#3102=CIRCLE('',#10895,9.624);
#3103=CIRCLE('',#10896,4.1);
#3104=CIRCLE('',#10897,4.1);
#3105=CIRCLE('',#10898,9.624);
#3106=CIRCLE('',#10899,4.1);
#3107=CIRCLE('',#10900,4.1);
#3108=CIRCLE('',#10901,9.624);
#3109=CIRCLE('',#10902,4.1);
#3110=CIRCLE('',#10903,4.1);
#3111=CIRCLE('',#10904,9.62400000000001);
#3112=CIRCLE('',#10905,4.1);
#3113=CIRCLE('',#10906,4.1);
#3114=CIRCLE('',#10907,9.62400000000001);
#3115=CIRCLE('',#10908,4.1);
#3116=CIRCLE('',#10909,4.1);
#3117=CIRCLE('',#10910,9.624);
#3118=CIRCLE('',#10911,4.1);
#3119=CIRCLE('',#10912,4.1);
#3120=CIRCLE('',#10913,9.624);
#3121=CIRCLE('',#10914,4.1);
#3122=CIRCLE('',#10915,4.1);
#3123=CIRCLE('',#10916,9.624);
#3124=CIRCLE('',#10917,4.1);
#3125=CIRCLE('',#10918,4.1);
#3126=CIRCLE('',#10919,9.624);
#3127=CIRCLE('',#10920,4.1);
#3128=CIRCLE('',#10921,4.1);
#3129=CIRCLE('',#10922,9.624);
#3130=CIRCLE('',#10923,4.1);
#3131=CIRCLE('',#10924,4.1);
#3132=CIRCLE('',#10925,9.624);
#3133=CIRCLE('',#10926,4.1);
#3134=CIRCLE('',#10927,4.1);
#3135=CIRCLE('',#10928,9.62400000000001);
#3136=CIRCLE('',#10929,4.1);
#3137=CIRCLE('',#10930,9.624);
#3138=CIRCLE('',#10931,4.1);
#3139=CIRCLE('',#10932,4.1);
#3140=CIRCLE('',#10933,9.624);
#3141=CIRCLE('',#10934,4.1);
#3142=CIRCLE('',#10935,4.1);
#3143=CIRCLE('',#10936,9.624);
#3144=CIRCLE('',#10937,4.1);
#3145=CIRCLE('',#10938,4.1);
#3146=CIRCLE('',#10939,9.624);
#3147=CIRCLE('',#10940,4.1);
#3148=CIRCLE('',#10941,4.1);
#3149=CIRCLE('',#10942,9.624);
#3150=CIRCLE('',#10943,4.1);
#3151=CIRCLE('',#10944,4.1);
#3152=CIRCLE('',#10945,9.624);
#3153=CIRCLE('',#10946,4.1);
#3154=CIRCLE('',#10947,4.1);
#3155=CIRCLE('',#10948,9.624);
#3156=CIRCLE('',#10949,4.1);
#3157=CIRCLE('',#10950,4.1);
#3158=CIRCLE('',#10951,9.62400000000001);
#3159=CIRCLE('',#10952,4.1);
#3160=CIRCLE('',#10953,4.1);
#3161=CIRCLE('',#10954,9.624);
#3162=CIRCLE('',#11084,2.5);
#3163=CIRCLE('',#11085,2.5);
#3164=CIRCLE('',#11086,2.3);
#3165=CIRCLE('',#11088,4.);
#3166=CIRCLE('',#11089,4.);
#3167=CIRCLE('',#11090,3.80000000000001);
#3168=CIRCLE('',#11092,4.);
#3169=CIRCLE('',#11093,3.80000000000001);
#3170=CIRCLE('',#11095,2.5);
#3171=CIRCLE('',#11096,2.5);
#3172=CIRCLE('',#11097,2.3);
#3173=CIRCLE('',#11099,2.5);
#3174=CIRCLE('',#11101,2.5);
#3175=VERTEX_POINT('',#14644);
#3176=VERTEX_POINT('',#14646);
#3177=VERTEX_POINT('',#14650);
#3178=VERTEX_POINT('',#14651);
#3179=VERTEX_POINT('',#14653);
#3180=VERTEX_POINT('',#14655);
#3181=VERTEX_POINT('',#14659);
#3182=VERTEX_POINT('',#14660);
#3183=VERTEX_POINT('',#14662);
#3184=VERTEX_POINT('',#14664);
#3185=VERTEX_POINT('',#14668);
#3186=VERTEX_POINT('',#14669);
#3187=VERTEX_POINT('',#14671);
#3188=VERTEX_POINT('',#14673);
#3189=VERTEX_POINT('',#14677);
#3190=VERTEX_POINT('',#14678);
#3191=VERTEX_POINT('',#14680);
#3192=VERTEX_POINT('',#14682);
#3193=VERTEX_POINT('',#14686);
#3194=VERTEX_POINT('',#14687);
#3195=VERTEX_POINT('',#14689);
#3196=VERTEX_POINT('',#14691);
#3197=VERTEX_POINT('',#14695);
#3198=VERTEX_POINT('',#14696);
#3199=VERTEX_POINT('',#14698);
#3200=VERTEX_POINT('',#14700);
#3201=VERTEX_POINT('',#14702);
#3202=VERTEX_POINT('',#14704);
#3203=VERTEX_POINT('',#14706);
#3204=VERTEX_POINT('',#14708);
#3205=VERTEX_POINT('',#14711);
#3206=VERTEX_POINT('',#14713);
#3207=VERTEX_POINT('',#14716);
#3208=VERTEX_POINT('',#14718);
#3209=VERTEX_POINT('',#14720);
#3210=VERTEX_POINT('',#14722);
#3211=VERTEX_POINT('',#14724);
#3212=VERTEX_POINT('',#14727);
#3213=VERTEX_POINT('',#14729);
#3214=VERTEX_POINT('',#14731);
#3215=VERTEX_POINT('',#14733);
#3216=VERTEX_POINT('',#14735);
#3217=VERTEX_POINT('',#14738);
#3218=VERTEX_POINT('',#14740);
#3219=VERTEX_POINT('',#14743);
#3220=VERTEX_POINT('',#14745);
#3221=VERTEX_POINT('',#14747);
#3222=VERTEX_POINT('',#14749);
#3223=VERTEX_POINT('',#14751);
#3224=VERTEX_POINT('',#14753);
#3225=VERTEX_POINT('',#14755);
#3226=VERTEX_POINT('',#14757);
#3227=VERTEX_POINT('',#14761);
#3228=VERTEX_POINT('',#14763);
#3229=VERTEX_POINT('',#14767);
#3230=VERTEX_POINT('',#14769);
#3231=VERTEX_POINT('',#14773);
#3232=VERTEX_POINT('',#14777);
#3233=VERTEX_POINT('',#14781);
#3234=VERTEX_POINT('',#14783);
#3235=VERTEX_POINT('',#14787);
#3236=VERTEX_POINT('',#14789);
#3237=VERTEX_POINT('',#14793);
#3238=VERTEX_POINT('',#14795);
#3239=VERTEX_POINT('',#14799);
#3240=VERTEX_POINT('',#14803);
#3241=VERTEX_POINT('',#14805);
#3242=VERTEX_POINT('',#14807);
#3243=VERTEX_POINT('',#14810);
#3244=VERTEX_POINT('',#14812);
#3245=VERTEX_POINT('',#14815);
#3246=VERTEX_POINT('',#14818);
#3247=VERTEX_POINT('',#14821);
#3248=VERTEX_POINT('',#14823);
#3249=VERTEX_POINT('',#14826);
#3250=VERTEX_POINT('',#14828);
#3251=VERTEX_POINT('',#14831);
#3252=VERTEX_POINT('',#14834);
#3253=VERTEX_POINT('',#14836);
#3254=VERTEX_POINT('',#14839);
#3255=VERTEX_POINT('',#14841);
#3256=VERTEX_POINT('',#14844);
#3257=VERTEX_POINT('',#14893);
#3258=VERTEX_POINT('',#14895);
#3259=VERTEX_POINT('',#14899);
#3260=VERTEX_POINT('',#14903);
#3261=VERTEX_POINT('',#14907);
#3262=VERTEX_POINT('',#14909);
#3263=VERTEX_POINT('',#14911);
#3264=VERTEX_POINT('',#14915);
#3265=VERTEX_POINT('',#14916);
#3266=VERTEX_POINT('',#14919);
#3267=VERTEX_POINT('',#14923);
#3268=VERTEX_POINT('',#14924);
#3269=VERTEX_POINT('',#14929);
#3270=VERTEX_POINT('',#14931);
#3271=VERTEX_POINT('',#14935);
#3272=VERTEX_POINT('',#14939);
#3273=VERTEX_POINT('',#14943);
#3274=VERTEX_POINT('',#14947);
#3275=VERTEX_POINT('',#14949);
#3276=VERTEX_POINT('',#14951);
#3277=VERTEX_POINT('',#14963);
#3278=VERTEX_POINT('',#14965);
#3279=VERTEX_POINT('',#14969);
#3280=VERTEX_POINT('',#14970);
#3281=VERTEX_POINT('',#14972);
#3282=VERTEX_POINT('',#14974);
#3283=VERTEX_POINT('',#14978);
#3284=VERTEX_POINT('',#14979);
#3285=VERTEX_POINT('',#14981);
#3286=VERTEX_POINT('',#14983);
#3287=VERTEX_POINT('',#14987);
#3288=VERTEX_POINT('',#14988);
#3289=VERTEX_POINT('',#14990);
#3290=VERTEX_POINT('',#14992);
#3291=VERTEX_POINT('',#14996);
#3292=VERTEX_POINT('',#14997);
#3293=VERTEX_POINT('',#14999);
#3294=VERTEX_POINT('',#15001);
#3295=VERTEX_POINT('',#15005);
#3296=VERTEX_POINT('',#15006);
#3297=VERTEX_POINT('',#15008);
#3298=VERTEX_POINT('',#15010);
#3299=VERTEX_POINT('',#15012);
#3300=VERTEX_POINT('',#15014);
#3301=VERTEX_POINT('',#15016);
#3302=VERTEX_POINT('',#15018);
#3303=VERTEX_POINT('',#15020);
#3304=VERTEX_POINT('',#15022);
#3305=VERTEX_POINT('',#15024);
#3306=VERTEX_POINT('',#15026);
#3307=VERTEX_POINT('',#15028);
#3308=VERTEX_POINT('',#15030);
#3309=VERTEX_POINT('',#15032);
#3310=VERTEX_POINT('',#15034);
#3311=VERTEX_POINT('',#15036);
#3312=VERTEX_POINT('',#15038);
#3313=VERTEX_POINT('',#15040);
#3314=VERTEX_POINT('',#15042);
#3315=VERTEX_POINT('',#15044);
#3316=VERTEX_POINT('',#15046);
#3317=VERTEX_POINT('',#15048);
#3318=VERTEX_POINT('',#15050);
#3319=VERTEX_POINT('',#15052);
#3320=VERTEX_POINT('',#15054);
#3321=VERTEX_POINT('',#15056);
#3322=VERTEX_POINT('',#15058);
#3323=VERTEX_POINT('',#15060);
#3324=VERTEX_POINT('',#15062);
#3325=VERTEX_POINT('',#15064);
#3326=VERTEX_POINT('',#15066);
#3327=VERTEX_POINT('',#15068);
#3328=VERTEX_POINT('',#15070);
#3329=VERTEX_POINT('',#15073);
#3330=VERTEX_POINT('',#15075);
#3331=VERTEX_POINT('',#15078);
#3332=VERTEX_POINT('',#15080);
#3333=VERTEX_POINT('',#15082);
#3334=VERTEX_POINT('',#15084);
#3335=VERTEX_POINT('',#15086);
#3336=VERTEX_POINT('',#15088);
#3337=VERTEX_POINT('',#15090);
#3338=VERTEX_POINT('',#15092);
#3339=VERTEX_POINT('',#15094);
#3340=VERTEX_POINT('',#15096);
#3341=VERTEX_POINT('',#15098);
#3342=VERTEX_POINT('',#15100);
#3343=VERTEX_POINT('',#15102);
#3344=VERTEX_POINT('',#15104);
#3345=VERTEX_POINT('',#15106);
#3346=VERTEX_POINT('',#15108);
#3347=VERTEX_POINT('',#15110);
#3348=VERTEX_POINT('',#15112);
#3349=VERTEX_POINT('',#15114);
#3350=VERTEX_POINT('',#15116);
#3351=VERTEX_POINT('',#15118);
#3352=VERTEX_POINT('',#15120);
#3353=VERTEX_POINT('',#15122);
#3354=VERTEX_POINT('',#15124);
#3355=VERTEX_POINT('',#15126);
#3356=VERTEX_POINT('',#15128);
#3357=VERTEX_POINT('',#15130);
#3358=VERTEX_POINT('',#15132);
#3359=VERTEX_POINT('',#15134);
#3360=VERTEX_POINT('',#15136);
#3361=VERTEX_POINT('',#15138);
#3362=VERTEX_POINT('',#15140);
#3363=VERTEX_POINT('',#15142);
#3364=VERTEX_POINT('',#15144);
#3365=VERTEX_POINT('',#15146);
#3366=VERTEX_POINT('',#15148);
#3367=VERTEX_POINT('',#15150);
#3368=VERTEX_POINT('',#15152);
#3369=VERTEX_POINT('',#15154);
#3370=VERTEX_POINT('',#15156);
#3371=VERTEX_POINT('',#15158);
#3372=VERTEX_POINT('',#15160);
#3373=VERTEX_POINT('',#15162);
#3374=VERTEX_POINT('',#15164);
#3375=VERTEX_POINT('',#15166);
#3376=VERTEX_POINT('',#15168);
#3377=VERTEX_POINT('',#15170);
#3378=VERTEX_POINT('',#15172);
#3379=VERTEX_POINT('',#15174);
#3380=VERTEX_POINT('',#15176);
#3381=VERTEX_POINT('',#15178);
#3382=VERTEX_POINT('',#15180);
#3383=VERTEX_POINT('',#15182);
#3384=VERTEX_POINT('',#15184);
#3385=VERTEX_POINT('',#15186);
#3386=VERTEX_POINT('',#15188);
#3387=VERTEX_POINT('',#15190);
#3388=VERTEX_POINT('',#15192);
#3389=VERTEX_POINT('',#15194);
#3390=VERTEX_POINT('',#15196);
#3391=VERTEX_POINT('',#15198);
#3392=VERTEX_POINT('',#15200);
#3393=VERTEX_POINT('',#15202);
#3394=VERTEX_POINT('',#15204);
#3395=VERTEX_POINT('',#15206);
#3396=VERTEX_POINT('',#15208);
#3397=VERTEX_POINT('',#15210);
#3398=VERTEX_POINT('',#15212);
#3399=VERTEX_POINT('',#15214);
#3400=VERTEX_POINT('',#15216);
#3401=VERTEX_POINT('',#15218);
#3402=VERTEX_POINT('',#15220);
#3403=VERTEX_POINT('',#15222);
#3404=VERTEX_POINT('',#15224);
#3405=VERTEX_POINT('',#15226);
#3406=VERTEX_POINT('',#15228);
#3407=VERTEX_POINT('',#15230);
#3408=VERTEX_POINT('',#15232);
#3409=VERTEX_POINT('',#15234);
#3410=VERTEX_POINT('',#15236);
#3411=VERTEX_POINT('',#15238);
#3412=VERTEX_POINT('',#15240);
#3413=VERTEX_POINT('',#15242);
#3414=VERTEX_POINT('',#15244);
#3415=VERTEX_POINT('',#15246);
#3416=VERTEX_POINT('',#15248);
#3417=VERTEX_POINT('',#15250);
#3418=VERTEX_POINT('',#15252);
#3419=VERTEX_POINT('',#15254);
#3420=VERTEX_POINT('',#15256);
#3421=VERTEX_POINT('',#15258);
#3422=VERTEX_POINT('',#15260);
#3423=VERTEX_POINT('',#15262);
#3424=VERTEX_POINT('',#15264);
#3425=VERTEX_POINT('',#15266);
#3426=VERTEX_POINT('',#15268);
#3427=VERTEX_POINT('',#15270);
#3428=VERTEX_POINT('',#15272);
#3429=VERTEX_POINT('',#15274);
#3430=VERTEX_POINT('',#15276);
#3431=VERTEX_POINT('',#15278);
#3432=VERTEX_POINT('',#15280);
#3433=VERTEX_POINT('',#15282);
#3434=VERTEX_POINT('',#15284);
#3435=VERTEX_POINT('',#15287);
#3436=VERTEX_POINT('',#15289);
#3437=VERTEX_POINT('',#15292);
#3438=VERTEX_POINT('',#15294);
#3439=VERTEX_POINT('',#15296);
#3440=VERTEX_POINT('',#15298);
#3441=VERTEX_POINT('',#15300);
#3442=VERTEX_POINT('',#15302);
#3443=VERTEX_POINT('',#15304);
#3444=VERTEX_POINT('',#15306);
#3445=VERTEX_POINT('',#15308);
#3446=VERTEX_POINT('',#15310);
#3447=VERTEX_POINT('',#15312);
#3448=VERTEX_POINT('',#15314);
#3449=VERTEX_POINT('',#15316);
#3450=VERTEX_POINT('',#15318);
#3451=VERTEX_POINT('',#15320);
#3452=VERTEX_POINT('',#15322);
#3453=VERTEX_POINT('',#15324);
#3454=VERTEX_POINT('',#15326);
#3455=VERTEX_POINT('',#15328);
#3456=VERTEX_POINT('',#15330);
#3457=VERTEX_POINT('',#15332);
#3458=VERTEX_POINT('',#15334);
#3459=VERTEX_POINT('',#15336);
#3460=VERTEX_POINT('',#15338);
#3461=VERTEX_POINT('',#15340);
#3462=VERTEX_POINT('',#15342);
#3463=VERTEX_POINT('',#15344);
#3464=VERTEX_POINT('',#15346);
#3465=VERTEX_POINT('',#15348);
#3466=VERTEX_POINT('',#15350);
#3467=VERTEX_POINT('',#15354);
#3468=VERTEX_POINT('',#15356);
#3469=VERTEX_POINT('',#15360);
#3470=VERTEX_POINT('',#15362);
#3471=VERTEX_POINT('',#15366);
#3472=VERTEX_POINT('',#15368);
#3473=VERTEX_POINT('',#15372);
#3474=VERTEX_POINT('',#15374);
#3475=VERTEX_POINT('',#15378);
#3476=VERTEX_POINT('',#15380);
#3477=VERTEX_POINT('',#15384);
#3478=VERTEX_POINT('',#15386);
#3479=VERTEX_POINT('',#15390);
#3480=VERTEX_POINT('',#15392);
#3481=VERTEX_POINT('',#15396);
#3482=VERTEX_POINT('',#15398);
#3483=VERTEX_POINT('',#15402);
#3484=VERTEX_POINT('',#15404);
#3485=VERTEX_POINT('',#15408);
#3486=VERTEX_POINT('',#15412);
#3487=VERTEX_POINT('',#15416);
#3488=VERTEX_POINT('',#15418);
#3489=VERTEX_POINT('',#15422);
#3490=VERTEX_POINT('',#15424);
#3491=VERTEX_POINT('',#15428);
#3492=VERTEX_POINT('',#15432);
#3493=VERTEX_POINT('',#15436);
#3494=VERTEX_POINT('',#15438);
#3495=VERTEX_POINT('',#15442);
#3496=VERTEX_POINT('',#15444);
#3497=VERTEX_POINT('',#15448);
#3498=VERTEX_POINT('',#15450);
#3499=VERTEX_POINT('',#15454);
#3500=VERTEX_POINT('',#15456);
#3501=VERTEX_POINT('',#15460);
#3502=VERTEX_POINT('',#15462);
#3503=VERTEX_POINT('',#15466);
#3504=VERTEX_POINT('',#15468);
#3505=VERTEX_POINT('',#15472);
#3506=VERTEX_POINT('',#15474);
#3507=VERTEX_POINT('',#15478);
#3508=VERTEX_POINT('',#15480);
#3509=VERTEX_POINT('',#15484);
#3510=VERTEX_POINT('',#15486);
#3511=VERTEX_POINT('',#15490);
#3512=VERTEX_POINT('',#15492);
#3513=VERTEX_POINT('',#15496);
#3514=VERTEX_POINT('',#15498);
#3515=VERTEX_POINT('',#15502);
#3516=VERTEX_POINT('',#15504);
#3517=VERTEX_POINT('',#15508);
#3518=VERTEX_POINT('',#15510);
#3519=VERTEX_POINT('',#15514);
#3520=VERTEX_POINT('',#15516);
#3521=VERTEX_POINT('',#15520);
#3522=VERTEX_POINT('',#15522);
#3523=VERTEX_POINT('',#15526);
#3524=VERTEX_POINT('',#15528);
#3525=VERTEX_POINT('',#15532);
#3526=VERTEX_POINT('',#15534);
#3527=VERTEX_POINT('',#15538);
#3528=VERTEX_POINT('',#15540);
#3529=VERTEX_POINT('',#15544);
#3530=VERTEX_POINT('',#15546);
#3531=VERTEX_POINT('',#15550);
#3532=VERTEX_POINT('',#15552);
#3533=VERTEX_POINT('',#15556);
#3534=VERTEX_POINT('',#15558);
#3535=VERTEX_POINT('',#15562);
#3536=VERTEX_POINT('',#15564);
#3537=VERTEX_POINT('',#15568);
#3538=VERTEX_POINT('',#15570);
#3539=VERTEX_POINT('',#15574);
#3540=VERTEX_POINT('',#15576);
#3541=VERTEX_POINT('',#15580);
#3542=VERTEX_POINT('',#15582);
#3543=VERTEX_POINT('',#15586);
#3544=VERTEX_POINT('',#15588);
#3545=VERTEX_POINT('',#15592);
#3546=VERTEX_POINT('',#15594);
#3547=VERTEX_POINT('',#15598);
#3548=VERTEX_POINT('',#15600);
#3549=VERTEX_POINT('',#15604);
#3550=VERTEX_POINT('',#15606);
#3551=VERTEX_POINT('',#15610);
#3552=VERTEX_POINT('',#15612);
#3553=VERTEX_POINT('',#15614);
#3554=VERTEX_POINT('',#15617);
#3555=VERTEX_POINT('',#15619);
#3556=VERTEX_POINT('',#15622);
#3557=VERTEX_POINT('',#15624);
#3558=VERTEX_POINT('',#15627);
#3559=VERTEX_POINT('',#15629);
#3560=VERTEX_POINT('',#15632);
#3561=VERTEX_POINT('',#15634);
#3562=VERTEX_POINT('',#15637);
#3563=VERTEX_POINT('',#15639);
#3564=VERTEX_POINT('',#15642);
#3565=VERTEX_POINT('',#15644);
#3566=VERTEX_POINT('',#15647);
#3567=VERTEX_POINT('',#15650);
#3568=VERTEX_POINT('',#15653);
#3569=VERTEX_POINT('',#15655);
#3570=VERTEX_POINT('',#15657);
#3571=VERTEX_POINT('',#15659);
#3572=VERTEX_POINT('',#15661);
#3573=VERTEX_POINT('',#15663);
#3574=VERTEX_POINT('',#15666);
#3575=VERTEX_POINT('',#15668);
#3576=VERTEX_POINT('',#15671);
#3577=VERTEX_POINT('',#15673);
#3578=VERTEX_POINT('',#15676);
#3579=VERTEX_POINT('',#15678);
#3580=VERTEX_POINT('',#15681);
#3581=VERTEX_POINT('',#15683);
#3582=VERTEX_POINT('',#15686);
#3583=VERTEX_POINT('',#15688);
#3584=VERTEX_POINT('',#15691);
#3585=VERTEX_POINT('',#15693);
#3586=VERTEX_POINT('',#15696);
#3587=VERTEX_POINT('',#15698);
#3588=VERTEX_POINT('',#15701);
#3589=VERTEX_POINT('',#15703);
#3590=VERTEX_POINT('',#15706);
#3591=VERTEX_POINT('',#15708);
#3592=VERTEX_POINT('',#15711);
#3593=VERTEX_POINT('',#15713);
#3594=VERTEX_POINT('',#15716);
#3595=VERTEX_POINT('',#15718);
#3596=VERTEX_POINT('',#15721);
#3597=VERTEX_POINT('',#15723);
#3598=VERTEX_POINT('',#15726);
#3599=VERTEX_POINT('',#15728);
#3600=VERTEX_POINT('',#15731);
#3601=VERTEX_POINT('',#15733);
#3602=VERTEX_POINT('',#15736);
#3603=VERTEX_POINT('',#15738);
#3604=VERTEX_POINT('',#15741);
#3605=VERTEX_POINT('',#15743);
#3606=VERTEX_POINT('',#15746);
#3607=VERTEX_POINT('',#15748);
#3608=VERTEX_POINT('',#15751);
#3609=VERTEX_POINT('',#15753);
#3610=VERTEX_POINT('',#15756);
#3611=VERTEX_POINT('',#15758);
#3612=VERTEX_POINT('',#15761);
#3613=VERTEX_POINT('',#15763);
#3614=VERTEX_POINT('',#15766);
#3615=VERTEX_POINT('',#15768);
#3616=VERTEX_POINT('',#15771);
#3617=VERTEX_POINT('',#15773);
#3618=VERTEX_POINT('',#15776);
#3619=VERTEX_POINT('',#15778);
#3620=VERTEX_POINT('',#15781);
#3621=VERTEX_POINT('',#15783);
#3622=VERTEX_POINT('',#15786);
#3623=VERTEX_POINT('',#15789);
#3624=VERTEX_POINT('',#15792);
#3625=VERTEX_POINT('',#15794);
#3626=VERTEX_POINT('',#15797);
#3627=VERTEX_POINT('',#15799);
#3628=VERTEX_POINT('',#15802);
#3629=VERTEX_POINT('',#15804);
#3630=VERTEX_POINT('',#15807);
#3631=VERTEX_POINT('',#15809);
#3632=VERTEX_POINT('',#15812);
#3633=VERTEX_POINT('',#15814);
#3634=VERTEX_POINT('',#15817);
#3635=VERTEX_POINT('',#15819);
#3636=VERTEX_POINT('',#15822);
#3637=VERTEX_POINT('',#15824);
#3638=VERTEX_POINT('',#15827);
#3639=VERTEX_POINT('',#16052);
#3640=VERTEX_POINT('',#16054);
#3641=VERTEX_POINT('',#16058);
#3642=VERTEX_POINT('',#16059);
#3643=VERTEX_POINT('',#16061);
#3644=VERTEX_POINT('',#16063);
#3645=VERTEX_POINT('',#16067);
#3646=VERTEX_POINT('',#16068);
#3647=VERTEX_POINT('',#16070);
#3648=VERTEX_POINT('',#16072);
#3649=VERTEX_POINT('',#16076);
#3650=VERTEX_POINT('',#16077);
#3651=VERTEX_POINT('',#16079);
#3652=VERTEX_POINT('',#16081);
#3653=VERTEX_POINT('',#16085);
#3654=VERTEX_POINT('',#16086);
#3655=VERTEX_POINT('',#16088);
#3656=VERTEX_POINT('',#16090);
#3657=VERTEX_POINT('',#16094);
#3658=VERTEX_POINT('',#16095);
#3659=VERTEX_POINT('',#16097);
#3660=VERTEX_POINT('',#16099);
#3661=VERTEX_POINT('',#16103);
#3662=VERTEX_POINT('',#16105);
#3663=VERTEX_POINT('',#16107);
#3664=VERTEX_POINT('',#16109);
#3665=VERTEX_POINT('',#16111);
#3666=VERTEX_POINT('',#16113);
#3667=VERTEX_POINT('',#16115);
#3668=VERTEX_POINT('',#16117);
#3669=VERTEX_POINT('',#16120);
#3670=VERTEX_POINT('',#16122);
#3671=VERTEX_POINT('',#16125);
#3672=VERTEX_POINT('',#16127);
#3673=VERTEX_POINT('',#16129);
#3674=VERTEX_POINT('',#16131);
#3675=VERTEX_POINT('',#16133);
#3676=VERTEX_POINT('',#16135);
#3677=VERTEX_POINT('',#16137);
#3678=VERTEX_POINT('',#16139);
#3679=VERTEX_POINT('',#16141);
#3680=VERTEX_POINT('',#16143);
#3681=VERTEX_POINT('',#16145);
#3682=VERTEX_POINT('',#16147);
#3683=VERTEX_POINT('',#16149);
#3684=VERTEX_POINT('',#16151);
#3685=VERTEX_POINT('',#16153);
#3686=VERTEX_POINT('',#16155);
#3687=VERTEX_POINT('',#16157);
#3688=VERTEX_POINT('',#16159);
#3689=VERTEX_POINT('',#16161);
#3690=VERTEX_POINT('',#16163);
#3691=VERTEX_POINT('',#16165);
#3692=VERTEX_POINT('',#16167);
#3693=VERTEX_POINT('',#16169);
#3694=VERTEX_POINT('',#16171);
#3695=VERTEX_POINT('',#16173);
#3696=VERTEX_POINT('',#16175);
#3697=VERTEX_POINT('',#16177);
#3698=VERTEX_POINT('',#16179);
#3699=VERTEX_POINT('',#16181);
#3700=VERTEX_POINT('',#16183);
#3701=VERTEX_POINT('',#16185);
#3702=VERTEX_POINT('',#16187);
#3703=VERTEX_POINT('',#16189);
#3704=VERTEX_POINT('',#16191);
#3705=VERTEX_POINT('',#16193);
#3706=VERTEX_POINT('',#16195);
#3707=VERTEX_POINT('',#16198);
#3708=VERTEX_POINT('',#16200);
#3709=VERTEX_POINT('',#16203);
#3710=VERTEX_POINT('',#16205);
#3711=VERTEX_POINT('',#16207);
#3712=VERTEX_POINT('',#16209);
#3713=VERTEX_POINT('',#16211);
#3714=VERTEX_POINT('',#16213);
#3715=VERTEX_POINT('',#16217);
#3716=VERTEX_POINT('',#16219);
#3717=VERTEX_POINT('',#16223);
#3718=VERTEX_POINT('',#16225);
#3719=VERTEX_POINT('',#16229);
#3720=VERTEX_POINT('',#16231);
#3721=VERTEX_POINT('',#16235);
#3722=VERTEX_POINT('',#16239);
#3723=VERTEX_POINT('',#16243);
#3724=VERTEX_POINT('',#16245);
#3725=VERTEX_POINT('',#16249);
#3726=VERTEX_POINT('',#16253);
#3727=VERTEX_POINT('',#16255);
#3728=VERTEX_POINT('',#16259);
#3729=VERTEX_POINT('',#16261);
#3730=VERTEX_POINT('',#16265);
#3731=VERTEX_POINT('',#16267);
#3732=VERTEX_POINT('',#16271);
#3733=VERTEX_POINT('',#16273);
#3734=VERTEX_POINT('',#16277);
#3735=VERTEX_POINT('',#16279);
#3736=VERTEX_POINT('',#16283);
#3737=VERTEX_POINT('',#16285);
#3738=VERTEX_POINT('',#16289);
#3739=VERTEX_POINT('',#16291);
#3740=VERTEX_POINT('',#16295);
#3741=VERTEX_POINT('',#16297);
#3742=VERTEX_POINT('',#16302);
#3743=VERTEX_POINT('',#16304);
#3744=VERTEX_POINT('',#16307);
#3745=VERTEX_POINT('',#16310);
#3746=VERTEX_POINT('',#16313);
#3747=VERTEX_POINT('',#16315);
#3748=VERTEX_POINT('',#16317);
#3749=VERTEX_POINT('',#16320);
#3750=VERTEX_POINT('',#16322);
#3751=VERTEX_POINT('',#16325);
#3752=VERTEX_POINT('',#16327);
#3753=VERTEX_POINT('',#16330);
#3754=VERTEX_POINT('',#16332);
#3755=VERTEX_POINT('',#16335);
#3756=VERTEX_POINT('',#16337);
#3757=VERTEX_POINT('',#16340);
#3758=VERTEX_POINT('',#16342);
#3759=VERTEX_POINT('',#16345);
#3760=VERTEX_POINT('',#16347);
#3761=VERTEX_POINT('',#16350);
#3762=VERTEX_POINT('',#16352);
#3763=VERTEX_POINT('',#16355);
#3764=VERTEX_POINT('',#16357);
#3765=VERTEX_POINT('',#16360);
#3766=VERTEX_POINT('',#16363);
#3767=VERTEX_POINT('',#16366);
#3768=VERTEX_POINT('',#16368);
#3769=VERTEX_POINT('',#16445);
#3770=VERTEX_POINT('',#16447);
#3771=VERTEX_POINT('',#16451);
#3772=VERTEX_POINT('',#16452);
#3773=VERTEX_POINT('',#16455);
#3774=VERTEX_POINT('',#16471);
#3775=VERTEX_POINT('',#16472);
#3776=VERTEX_POINT('',#16474);
#3777=VERTEX_POINT('',#16476);
#3778=VERTEX_POINT('',#16481);
#3779=VERTEX_POINT('',#16483);
#3780=VERTEX_POINT('',#16487);
#3781=VERTEX_POINT('',#16488);
#3782=VERTEX_POINT('',#16491);
#3783=VERTEX_POINT('',#16495);
#3784=VERTEX_POINT('',#16496);
#3785=VERTEX_POINT('',#16499);
#3786=VERTEX_POINT('',#16503);
#3787=VERTEX_POINT('',#16505);
#3788=VERTEX_POINT('',#16509);
#3789=VERTEX_POINT('',#16511);
#3790=VERTEX_POINT('',#16515);
#3791=VERTEX_POINT('',#16517);
#3792=VERTEX_POINT('',#16521);
#3793=VERTEX_POINT('',#16536);
#3794=VERTEX_POINT('',#16537);
#3795=VERTEX_POINT('',#16540);
#3796=VERTEX_POINT('',#16544);
#3797=VERTEX_POINT('',#16546);
#3798=VERTEX_POINT('',#16550);
#3799=VERTEX_POINT('',#16557);
#3800=VERTEX_POINT('',#16559);
#3801=VERTEX_POINT('',#16563);
#3802=VERTEX_POINT('',#16564);
#3803=VERTEX_POINT('',#16566);
#3804=VERTEX_POINT('',#16568);
#3805=VERTEX_POINT('',#16572);
#3806=VERTEX_POINT('',#16573);
#3807=VERTEX_POINT('',#16575);
#3808=VERTEX_POINT('',#16577);
#3809=VERTEX_POINT('',#16581);
#3810=VERTEX_POINT('',#16582);
#3811=VERTEX_POINT('',#16584);
#3812=VERTEX_POINT('',#16586);
#3813=VERTEX_POINT('',#16590);
#3814=VERTEX_POINT('',#16591);
#3815=VERTEX_POINT('',#16593);
#3816=VERTEX_POINT('',#16595);
#3817=VERTEX_POINT('',#16597);
#3818=VERTEX_POINT('',#16599);
#3819=VERTEX_POINT('',#16601);
#3820=VERTEX_POINT('',#16603);
#3821=VERTEX_POINT('',#16605);
#3822=VERTEX_POINT('',#16607);
#3823=VERTEX_POINT('',#16609);
#3824=VERTEX_POINT('',#16611);
#3825=VERTEX_POINT('',#16613);
#3826=VERTEX_POINT('',#16615);
#3827=VERTEX_POINT('',#16617);
#3828=VERTEX_POINT('',#16619);
#3829=VERTEX_POINT('',#16621);
#3830=VERTEX_POINT('',#16623);
#3831=VERTEX_POINT('',#16625);
#3832=VERTEX_POINT('',#16627);
#3833=VERTEX_POINT('',#16629);
#3834=VERTEX_POINT('',#16631);
#3835=VERTEX_POINT('',#16633);
#3836=VERTEX_POINT('',#16635);
#3837=VERTEX_POINT('',#16637);
#3838=VERTEX_POINT('',#16639);
#3839=VERTEX_POINT('',#16641);
#3840=VERTEX_POINT('',#16643);
#3841=VERTEX_POINT('',#16645);
#3842=VERTEX_POINT('',#16647);
#3843=VERTEX_POINT('',#16649);
#3844=VERTEX_POINT('',#16651);
#3845=VERTEX_POINT('',#16653);
#3846=VERTEX_POINT('',#16655);
#3847=VERTEX_POINT('',#16658);
#3848=VERTEX_POINT('',#16660);
#3849=VERTEX_POINT('',#16662);
#3850=VERTEX_POINT('',#16664);
#3851=VERTEX_POINT('',#16666);
#3852=VERTEX_POINT('',#16668);
#3853=VERTEX_POINT('',#16670);
#3854=VERTEX_POINT('',#16672);
#3855=VERTEX_POINT('',#16674);
#3856=VERTEX_POINT('',#16676);
#3857=VERTEX_POINT('',#16678);
#3858=VERTEX_POINT('',#16680);
#3859=VERTEX_POINT('',#16682);
#3860=VERTEX_POINT('',#16684);
#3861=VERTEX_POINT('',#16686);
#3862=VERTEX_POINT('',#16688);
#3863=VERTEX_POINT('',#16690);
#3864=VERTEX_POINT('',#16692);
#3865=VERTEX_POINT('',#16694);
#3866=VERTEX_POINT('',#16696);
#3867=VERTEX_POINT('',#16698);
#3868=VERTEX_POINT('',#16700);
#3869=VERTEX_POINT('',#16702);
#3870=VERTEX_POINT('',#16704);
#3871=VERTEX_POINT('',#16706);
#3872=VERTEX_POINT('',#16708);
#3873=VERTEX_POINT('',#16710);
#3874=VERTEX_POINT('',#16712);
#3875=VERTEX_POINT('',#16714);
#3876=VERTEX_POINT('',#16716);
#3877=VERTEX_POINT('',#16718);
#3878=VERTEX_POINT('',#16720);
#3879=VERTEX_POINT('',#16722);
#3880=VERTEX_POINT('',#16724);
#3881=VERTEX_POINT('',#16726);
#3882=VERTEX_POINT('',#16728);
#3883=VERTEX_POINT('',#16730);
#3884=VERTEX_POINT('',#16732);
#3885=VERTEX_POINT('',#16734);
#3886=VERTEX_POINT('',#16736);
#3887=VERTEX_POINT('',#16738);
#3888=VERTEX_POINT('',#16740);
#3889=VERTEX_POINT('',#16742);
#3890=VERTEX_POINT('',#16744);
#3891=VERTEX_POINT('',#16746);
#3892=VERTEX_POINT('',#16748);
#3893=VERTEX_POINT('',#16750);
#3894=VERTEX_POINT('',#16752);
#3895=VERTEX_POINT('',#16754);
#3896=VERTEX_POINT('',#16756);
#3897=VERTEX_POINT('',#16758);
#3898=VERTEX_POINT('',#16760);
#3899=VERTEX_POINT('',#16762);
#3900=VERTEX_POINT('',#16764);
#3901=VERTEX_POINT('',#16766);
#3902=VERTEX_POINT('',#16768);
#3903=VERTEX_POINT('',#16770);
#3904=VERTEX_POINT('',#16772);
#3905=VERTEX_POINT('',#16774);
#3906=VERTEX_POINT('',#16776);
#3907=VERTEX_POINT('',#16778);
#3908=VERTEX_POINT('',#16780);
#3909=VERTEX_POINT('',#16782);
#3910=VERTEX_POINT('',#16784);
#3911=VERTEX_POINT('',#16786);
#3912=VERTEX_POINT('',#16788);
#3913=VERTEX_POINT('',#16790);
#3914=VERTEX_POINT('',#16792);
#3915=VERTEX_POINT('',#16794);
#3916=VERTEX_POINT('',#16796);
#3917=VERTEX_POINT('',#16798);
#3918=VERTEX_POINT('',#16800);
#3919=VERTEX_POINT('',#16802);
#3920=VERTEX_POINT('',#16804);
#3921=VERTEX_POINT('',#16806);
#3922=VERTEX_POINT('',#16808);
#3923=VERTEX_POINT('',#16810);
#3924=VERTEX_POINT('',#16812);
#3925=VERTEX_POINT('',#16814);
#3926=VERTEX_POINT('',#16816);
#3927=VERTEX_POINT('',#16818);
#3928=VERTEX_POINT('',#16820);
#3929=VERTEX_POINT('',#16822);
#3930=VERTEX_POINT('',#16824);
#3931=VERTEX_POINT('',#16826);
#3932=VERTEX_POINT('',#16828);
#3933=VERTEX_POINT('',#16830);
#3934=VERTEX_POINT('',#16832);
#3935=VERTEX_POINT('',#16834);
#3936=VERTEX_POINT('',#16836);
#3937=VERTEX_POINT('',#16838);
#3938=VERTEX_POINT('',#16840);
#3939=VERTEX_POINT('',#16842);
#3940=VERTEX_POINT('',#16844);
#3941=VERTEX_POINT('',#16846);
#3942=VERTEX_POINT('',#16848);
#3943=VERTEX_POINT('',#16851);
#3944=VERTEX_POINT('',#16853);
#3945=VERTEX_POINT('',#16856);
#3946=VERTEX_POINT('',#16858);
#3947=VERTEX_POINT('',#16860);
#3948=VERTEX_POINT('',#16862);
#3949=VERTEX_POINT('',#16864);
#3950=VERTEX_POINT('',#16866);
#3951=VERTEX_POINT('',#16868);
#3952=VERTEX_POINT('',#16870);
#3953=VERTEX_POINT('',#16872);
#3954=VERTEX_POINT('',#16874);
#3955=VERTEX_POINT('',#16876);
#3956=VERTEX_POINT('',#16878);
#3957=VERTEX_POINT('',#16880);
#3958=VERTEX_POINT('',#16882);
#3959=VERTEX_POINT('',#16884);
#3960=VERTEX_POINT('',#16886);
#3961=VERTEX_POINT('',#16888);
#3962=VERTEX_POINT('',#16890);
#3963=VERTEX_POINT('',#16892);
#3964=VERTEX_POINT('',#16894);
#3965=VERTEX_POINT('',#16896);
#3966=VERTEX_POINT('',#16898);
#3967=VERTEX_POINT('',#16900);
#3968=VERTEX_POINT('',#16902);
#3969=VERTEX_POINT('',#16904);
#3970=VERTEX_POINT('',#16906);
#3971=VERTEX_POINT('',#16910);
#3972=VERTEX_POINT('',#16912);
#3973=VERTEX_POINT('',#16916);
#3974=VERTEX_POINT('',#16918);
#3975=VERTEX_POINT('',#16922);
#3976=VERTEX_POINT('',#16924);
#3977=VERTEX_POINT('',#16928);
#3978=VERTEX_POINT('',#16930);
#3979=VERTEX_POINT('',#16934);
#3980=VERTEX_POINT('',#16936);
#3981=VERTEX_POINT('',#16940);
#3982=VERTEX_POINT('',#16942);
#3983=VERTEX_POINT('',#16946);
#3984=VERTEX_POINT('',#16950);
#3985=VERTEX_POINT('',#16954);
#3986=VERTEX_POINT('',#16956);
#3987=VERTEX_POINT('',#16960);
#3988=VERTEX_POINT('',#16962);
#3989=VERTEX_POINT('',#16966);
#3990=VERTEX_POINT('',#16968);
#3991=VERTEX_POINT('',#16972);
#3992=VERTEX_POINT('',#16974);
#3993=VERTEX_POINT('',#16978);
#3994=VERTEX_POINT('',#16982);
#3995=VERTEX_POINT('',#16984);
#3996=VERTEX_POINT('',#16988);
#3997=VERTEX_POINT('',#16990);
#3998=VERTEX_POINT('',#16994);
#3999=VERTEX_POINT('',#16996);
#4000=VERTEX_POINT('',#17000);
#4001=VERTEX_POINT('',#17002);
#4002=VERTEX_POINT('',#17006);
#4003=VERTEX_POINT('',#17008);
#4004=VERTEX_POINT('',#17012);
#4005=VERTEX_POINT('',#17014);
#4006=VERTEX_POINT('',#17018);
#4007=VERTEX_POINT('',#17020);
#4008=VERTEX_POINT('',#17024);
#4009=VERTEX_POINT('',#17026);
#4010=VERTEX_POINT('',#17030);
#4011=VERTEX_POINT('',#17032);
#4012=VERTEX_POINT('',#17036);
#4013=VERTEX_POINT('',#17038);
#4014=VERTEX_POINT('',#17042);
#4015=VERTEX_POINT('',#17044);
#4016=VERTEX_POINT('',#17048);
#4017=VERTEX_POINT('',#17050);
#4018=VERTEX_POINT('',#17054);
#4019=VERTEX_POINT('',#17056);
#4020=VERTEX_POINT('',#17060);
#4021=VERTEX_POINT('',#17062);
#4022=VERTEX_POINT('',#17066);
#4023=VERTEX_POINT('',#17068);
#4024=VERTEX_POINT('',#17072);
#4025=VERTEX_POINT('',#17074);
#4026=VERTEX_POINT('',#17078);
#4027=VERTEX_POINT('',#17080);
#4028=VERTEX_POINT('',#17084);
#4029=VERTEX_POINT('',#17086);
#4030=VERTEX_POINT('',#17090);
#4031=VERTEX_POINT('',#17092);
#4032=VERTEX_POINT('',#17096);
#4033=VERTEX_POINT('',#17098);
#4034=VERTEX_POINT('',#17102);
#4035=VERTEX_POINT('',#17104);
#4036=VERTEX_POINT('',#17108);
#4037=VERTEX_POINT('',#17110);
#4038=VERTEX_POINT('',#17114);
#4039=VERTEX_POINT('',#17116);
#4040=VERTEX_POINT('',#17120);
#4041=VERTEX_POINT('',#17122);
#4042=VERTEX_POINT('',#17126);
#4043=VERTEX_POINT('',#17128);
#4044=VERTEX_POINT('',#17132);
#4045=VERTEX_POINT('',#17134);
#4046=VERTEX_POINT('',#17138);
#4047=VERTEX_POINT('',#17140);
#4048=VERTEX_POINT('',#17144);
#4049=VERTEX_POINT('',#17146);
#4050=VERTEX_POINT('',#17148);
#4051=VERTEX_POINT('',#17151);
#4052=VERTEX_POINT('',#17153);
#4053=VERTEX_POINT('',#17156);
#4054=VERTEX_POINT('',#17158);
#4055=VERTEX_POINT('',#17161);
#4056=VERTEX_POINT('',#17163);
#4057=VERTEX_POINT('',#17166);
#4058=VERTEX_POINT('',#17168);
#4059=VERTEX_POINT('',#17171);
#4060=VERTEX_POINT('',#17173);
#4061=VERTEX_POINT('',#17176);
#4062=VERTEX_POINT('',#17179);
#4063=VERTEX_POINT('',#17182);
#4064=VERTEX_POINT('',#17184);
#4065=VERTEX_POINT('',#17186);
#4066=VERTEX_POINT('',#17188);
#4067=VERTEX_POINT('',#17190);
#4068=VERTEX_POINT('',#17192);
#4069=VERTEX_POINT('',#17195);
#4070=VERTEX_POINT('',#17197);
#4071=VERTEX_POINT('',#17200);
#4072=VERTEX_POINT('',#17202);
#4073=VERTEX_POINT('',#17205);
#4074=VERTEX_POINT('',#17207);
#4075=VERTEX_POINT('',#17210);
#4076=VERTEX_POINT('',#17212);
#4077=VERTEX_POINT('',#17215);
#4078=VERTEX_POINT('',#17217);
#4079=VERTEX_POINT('',#17220);
#4080=VERTEX_POINT('',#17222);
#4081=VERTEX_POINT('',#17225);
#4082=VERTEX_POINT('',#17227);
#4083=VERTEX_POINT('',#17230);
#4084=VERTEX_POINT('',#17232);
#4085=VERTEX_POINT('',#17235);
#4086=VERTEX_POINT('',#17237);
#4087=VERTEX_POINT('',#17240);
#4088=VERTEX_POINT('',#17242);
#4089=VERTEX_POINT('',#17245);
#4090=VERTEX_POINT('',#17247);
#4091=VERTEX_POINT('',#17250);
#4092=VERTEX_POINT('',#17252);
#4093=VERTEX_POINT('',#17255);
#4094=VERTEX_POINT('',#17257);
#4095=VERTEX_POINT('',#17260);
#4096=VERTEX_POINT('',#17262);
#4097=VERTEX_POINT('',#17265);
#4098=VERTEX_POINT('',#17267);
#4099=VERTEX_POINT('',#17270);
#4100=VERTEX_POINT('',#17272);
#4101=VERTEX_POINT('',#17275);
#4102=VERTEX_POINT('',#17277);
#4103=VERTEX_POINT('',#17280);
#4104=VERTEX_POINT('',#17282);
#4105=VERTEX_POINT('',#17285);
#4106=VERTEX_POINT('',#17287);
#4107=VERTEX_POINT('',#17290);
#4108=VERTEX_POINT('',#17292);
#4109=VERTEX_POINT('',#17295);
#4110=VERTEX_POINT('',#17297);
#4111=VERTEX_POINT('',#17300);
#4112=VERTEX_POINT('',#17302);
#4113=VERTEX_POINT('',#17305);
#4114=VERTEX_POINT('',#17308);
#4115=VERTEX_POINT('',#17310);
#4116=VERTEX_POINT('',#17313);
#4117=VERTEX_POINT('',#17315);
#4118=VERTEX_POINT('',#17318);
#4119=VERTEX_POINT('',#17320);
#4120=VERTEX_POINT('',#17323);
#4121=VERTEX_POINT('',#17325);
#4122=VERTEX_POINT('',#17328);
#4123=VERTEX_POINT('',#17330);
#4124=VERTEX_POINT('',#17333);
#4125=VERTEX_POINT('',#17335);
#4126=VERTEX_POINT('',#17338);
#4127=VERTEX_POINT('',#17340);
#4128=VERTEX_POINT('',#17343);
#4129=VERTEX_POINT('',#17556);
#4130=VERTEX_POINT('',#17557);
#4131=VERTEX_POINT('',#17560);
#4132=VERTEX_POINT('',#17564);
#4133=VERTEX_POINT('',#17565);
#4134=VERTEX_POINT('',#17568);
#4135=VERTEX_POINT('',#17572);
#4136=VERTEX_POINT('',#17574);
#4137=VERTEX_POINT('',#17578);
#4138=VERTEX_POINT('',#17579);
#4139=VERTEX_POINT('',#17582);
#4140=VERTEX_POINT('',#17586);
#4141=VERTEX_POINT('',#17590);
#4142=EDGE_CURVE('',#3175,#3175,#2201,.T.);
#4143=EDGE_CURVE('',#3175,#3176,#1239,.T.);
#4144=EDGE_CURVE('',#3176,#3176,#2202,.T.);
#4145=EDGE_CURVE('',#3177,#3178,#2203,.T.);
#4146=EDGE_CURVE('',#3178,#3179,#1240,.T.);
#4147=EDGE_CURVE('',#3179,#3180,#2204,.T.);
#4148=EDGE_CURVE('',#3180,#3177,#1241,.T.);
#4149=EDGE_CURVE('',#3181,#3182,#2205,.T.);
#4150=EDGE_CURVE('',#3182,#3183,#1242,.T.);
#4151=EDGE_CURVE('',#3183,#3184,#2206,.T.);
#4152=EDGE_CURVE('',#3184,#3181,#1243,.T.);
#4153=EDGE_CURVE('',#3185,#3186,#2207,.T.);
#4154=EDGE_CURVE('',#3186,#3187,#1244,.T.);
#4155=EDGE_CURVE('',#3188,#3187,#2208,.T.);
#4156=EDGE_CURVE('',#3185,#3188,#1245,.T.);
#4157=EDGE_CURVE('',#3189,#3190,#2209,.T.);
#4158=EDGE_CURVE('',#3190,#3191,#1246,.T.);
#4159=EDGE_CURVE('',#3192,#3191,#2210,.T.);
#4160=EDGE_CURVE('',#3189,#3192,#1247,.T.);
#4161=EDGE_CURVE('',#3193,#3194,#2211,.T.);
#4162=EDGE_CURVE('',#3195,#3194,#1248,.T.);
#4163=EDGE_CURVE('',#3196,#3195,#2212,.T.);
#4164=EDGE_CURVE('',#3193,#3196,#1249,.T.);
#4165=EDGE_CURVE('',#3197,#3198,#2213,.T.);
#4166=EDGE_CURVE('',#3199,#3197,#2214,.T.);
#4167=EDGE_CURVE('',#3200,#3199,#2215,.T.);
#4168=EDGE_CURVE('',#3201,#3200,#2216,.T.);
#4169=EDGE_CURVE('',#3202,#3201,#2217,.T.);
#4170=EDGE_CURVE('',#3203,#3202,#2218,.T.);
#4171=EDGE_CURVE('',#3204,#3203,#2219,.T.);
#4172=EDGE_CURVE('',#3190,#3204,#2220,.T.);
#4173=EDGE_CURVE('',#3205,#3189,#2221,.T.);
#4174=EDGE_CURVE('',#3206,#3205,#2222,.T.);
#4175=EDGE_CURVE('',#3186,#3206,#2223,.T.);
#4176=EDGE_CURVE('',#3207,#3185,#2224,.T.);
#4177=EDGE_CURVE('',#3208,#3207,#2225,.T.);
#4178=EDGE_CURVE('',#3209,#3208,#2226,.T.);
#4179=EDGE_CURVE('',#3210,#3209,#2227,.T.);
#4180=EDGE_CURVE('',#3211,#3210,#2228,.T.);
#4181=EDGE_CURVE('',#3194,#3211,#2229,.T.);
#4182=EDGE_CURVE('',#3212,#3193,#2230,.T.);
#4183=EDGE_CURVE('',#3213,#3212,#2231,.T.);
#4184=EDGE_CURVE('',#3214,#3213,#2232,.T.);
#4185=EDGE_CURVE('',#3215,#3214,#2233,.T.);
#4186=EDGE_CURVE('',#3216,#3215,#2234,.T.);
#4187=EDGE_CURVE('',#3182,#3216,#2235,.T.);
#4188=EDGE_CURVE('',#3217,#3181,#2236,.T.);
#4189=EDGE_CURVE('',#3218,#3217,#2237,.T.);
#4190=EDGE_CURVE('',#3178,#3218,#2238,.T.);
#4191=EDGE_CURVE('',#3219,#3177,#2239,.T.);
#4192=EDGE_CURVE('',#3220,#3219,#2240,.T.);
#4193=EDGE_CURVE('',#3221,#3220,#2241,.T.);
#4194=EDGE_CURVE('',#3222,#3221,#2242,.T.);
#4195=EDGE_CURVE('',#3223,#3222,#2243,.T.);
#4196=EDGE_CURVE('',#3224,#3223,#2244,.T.);
#4197=EDGE_CURVE('',#3225,#3224,#2245,.T.);
#4198=EDGE_CURVE('',#3226,#3225,#2246,.T.);
#4199=EDGE_CURVE('',#3198,#3226,#2247,.T.);
#4200=EDGE_CURVE('',#3198,#3227,#1250,.T.);
#4201=EDGE_CURVE('',#3228,#3226,#1251,.T.);
#4202=EDGE_CURVE('',#3227,#3228,#2248,.T.);
#4203=EDGE_CURVE('',#3229,#3200,#1252,.T.);
#4204=EDGE_CURVE('',#3230,#3229,#2249,.T.);
#4205=EDGE_CURVE('',#3201,#3230,#1253,.T.);
#4206=EDGE_CURVE('',#3231,#3204,#1254,.T.);
#4207=EDGE_CURVE('',#3191,#3231,#2250,.T.);
#4208=EDGE_CURVE('',#3219,#3232,#1255,.T.);
#4209=EDGE_CURVE('',#3232,#3180,#2251,.T.);
#4210=EDGE_CURVE('',#3233,#3222,#1256,.T.);
#4211=EDGE_CURVE('',#3234,#3233,#2252,.T.);
#4212=EDGE_CURVE('',#3223,#3234,#1257,.T.);
#4213=EDGE_CURVE('',#3209,#3235,#1258,.T.);
#4214=EDGE_CURVE('',#3236,#3208,#1259,.T.);
#4215=EDGE_CURVE('',#3235,#3236,#2253,.T.);
#4216=EDGE_CURVE('',#3237,#3214,#1260,.T.);
#4217=EDGE_CURVE('',#3238,#3237,#2254,.T.);
#4218=EDGE_CURVE('',#3215,#3238,#1261,.T.);
#4219=EDGE_CURVE('',#3217,#3239,#1262,.T.);
#4220=EDGE_CURVE('',#3239,#3184,#2255,.T.);
#4221=EDGE_CURVE('',#3240,#3227,#2256,.T.);
#4222=EDGE_CURVE('',#3241,#3228,#2257,.T.);
#4223=EDGE_CURVE('',#3241,#3242,#2258,.T.);
#4224=EDGE_CURVE('',#3242,#3234,#2259,.T.);
#4225=EDGE_CURVE('',#3243,#3233,#2260,.T.);
#4226=EDGE_CURVE('',#3243,#3244,#2261,.T.);
#4227=EDGE_CURVE('',#3244,#3232,#2262,.T.);
#4228=EDGE_CURVE('',#3179,#3245,#2263,.T.);
#4229=EDGE_CURVE('',#3245,#3239,#2264,.T.);
#4230=EDGE_CURVE('',#3183,#3246,#2265,.T.);
#4231=EDGE_CURVE('',#3246,#3238,#2266,.T.);
#4232=EDGE_CURVE('',#3247,#3237,#2267,.T.);
#4233=EDGE_CURVE('',#3247,#3248,#2268,.T.);
#4234=EDGE_CURVE('',#3248,#3196,#2269,.T.);
#4235=EDGE_CURVE('',#3249,#3195,#2270,.T.);
#4236=EDGE_CURVE('',#3249,#3250,#2271,.T.);
#4237=EDGE_CURVE('',#3250,#3235,#2272,.T.);
#4238=EDGE_CURVE('',#3251,#3236,#2273,.T.);
#4239=EDGE_CURVE('',#3251,#3188,#2274,.T.);
#4240=EDGE_CURVE('',#3187,#3252,#2275,.T.);
#4241=EDGE_CURVE('',#3253,#3252,#2276,.T.);
#4242=EDGE_CURVE('',#3253,#3192,#2277,.T.);
#4243=EDGE_CURVE('',#3254,#3231,#2278,.T.);
#4244=EDGE_CURVE('',#3254,#3255,#2279,.T.);
#4245=EDGE_CURVE('',#3255,#3230,#2280,.T.);
#4246=EDGE_CURVE('',#3256,#3229,#2281,.T.);
#4247=EDGE_CURVE('',#3256,#3240,#2282,.T.);
#4248=EDGE_CURVE('',#3252,#3206,#1263,.T.);
#4249=EDGE_CURVE('',#3205,#3253,#1264,.T.);
#4250=EDGE_CURVE('',#3207,#3251,#1265,.T.);
#4251=EDGE_CURVE('',#3216,#3246,#1266,.T.);
#4252=EDGE_CURVE('',#3218,#3245,#1267,.T.);
#4253=EDGE_CURVE('',#3212,#3248,#1268,.T.);
#4254=EDGE_CURVE('',#3213,#3247,#1269,.T.);
#4255=EDGE_CURVE('',#3210,#3250,#1270,.T.);
#4256=EDGE_CURVE('',#3211,#3249,#1271,.T.);
#4257=EDGE_CURVE('',#3224,#3242,#1272,.T.);
#4258=EDGE_CURVE('',#3225,#3241,#1273,.T.);
#4259=EDGE_CURVE('',#3220,#3244,#1274,.T.);
#4260=EDGE_CURVE('',#3221,#3243,#1275,.T.);
#4261=EDGE_CURVE('',#3202,#3255,#1276,.T.);
#4262=EDGE_CURVE('',#3203,#3254,#1277,.T.);
#4263=EDGE_CURVE('',#3197,#3240,#1278,.T.);
#4264=EDGE_CURVE('',#3199,#3256,#1279,.T.);
#4265=EDGE_CURVE('',#3257,#3257,#2283,.T.);
#4266=EDGE_CURVE('',#3257,#3258,#2284,.T.);
#4267=EDGE_CURVE('',#3258,#3258,#2285,.T.);
#4268=EDGE_CURVE('',#3258,#3259,#1280,.T.);
#4269=EDGE_CURVE('',#3259,#3259,#2286,.T.);
#4270=EDGE_CURVE('',#3259,#3260,#2287,.T.);
#4271=EDGE_CURVE('',#3260,#3260,#2288,.T.);
#4272=EDGE_CURVE('',#3261,#3261,#2289,.T.);
#4273=EDGE_CURVE('',#3261,#3262,#1281,.T.);
#4274=EDGE_CURVE('',#3263,#3262,#2290,.T.);
#4275=EDGE_CURVE('',#3262,#3263,#2291,.T.);
#4276=EDGE_CURVE('',#3264,#3265,#2292,.T.);
#4277=EDGE_CURVE('',#3265,#3264,#2293,.T.);
#4278=EDGE_CURVE('',#3265,#3266,#1282,.T.);
#4279=EDGE_CURVE('',#3266,#3266,#2294,.T.);
#4280=EDGE_CURVE('',#3267,#3268,#2295,.T.);
#4281=EDGE_CURVE('',#3268,#3263,#2296,.T.);
#4282=EDGE_CURVE('',#3268,#3267,#2297,.T.);
#4283=EDGE_CURVE('',#3269,#3269,#2298,.T.);
#4284=EDGE_CURVE('',#3269,#3270,#2299,.T.);
#4285=EDGE_CURVE('',#3270,#3270,#2300,.T.);
#4286=EDGE_CURVE('',#3270,#3271,#1283,.T.);
#4287=EDGE_CURVE('',#3271,#3271,#2301,.T.);
#4288=EDGE_CURVE('',#3271,#3272,#2302,.T.);
#4289=EDGE_CURVE('',#3272,#3272,#2303,.T.);
#4290=EDGE_CURVE('',#3267,#3273,#1284,.T.);
#4291=EDGE_CURVE('',#3273,#3273,#2304,.T.);
#4292=EDGE_CURVE('',#3274,#3274,#2305,.T.);
#4293=EDGE_CURVE('',#3274,#3275,#1285,.T.);
#4294=EDGE_CURVE('',#3276,#3275,#2306,.T.);
#4295=EDGE_CURVE('',#3275,#3276,#2307,.T.);
#4296=EDGE_CURVE('',#3264,#3276,#2308,.T.);
#4297=EDGE_CURVE('',#3277,#3277,#2309,.T.);
#4298=EDGE_CURVE('',#3277,#3278,#1286,.T.);
#4299=EDGE_CURVE('',#3278,#3278,#2310,.T.);
#4300=EDGE_CURVE('',#3279,#3280,#2311,.T.);
#4301=EDGE_CURVE('',#3280,#3281,#1287,.T.);
#4302=EDGE_CURVE('',#3282,#3281,#2312,.T.);
#4303=EDGE_CURVE('',#3279,#3282,#1288,.T.);
#4304=EDGE_CURVE('',#3283,#3284,#2313,.T.);
#4305=EDGE_CURVE('',#3284,#3285,#1289,.T.);
#4306=EDGE_CURVE('',#3286,#3285,#2314,.T.);
#4307=EDGE_CURVE('',#3283,#3286,#1290,.T.);
#4308=EDGE_CURVE('',#3287,#3288,#2315,.T.);
#4309=EDGE_CURVE('',#3288,#3289,#1291,.T.);
#4310=EDGE_CURVE('',#3289,#3290,#2316,.T.);
#4311=EDGE_CURVE('',#3290,#3287,#1292,.T.);
#4312=EDGE_CURVE('',#3291,#3292,#2317,.T.);
#4313=EDGE_CURVE('',#3292,#3293,#1293,.T.);
#4314=EDGE_CURVE('',#3293,#3294,#2318,.T.);
#4315=EDGE_CURVE('',#3294,#3291,#1294,.T.);
#4316=EDGE_CURVE('',#3295,#3296,#2319,.T.);
#4317=EDGE_CURVE('',#3297,#3295,#2320,.T.);
#4318=EDGE_CURVE('',#3298,#3297,#2321,.T.);
#4319=EDGE_CURVE('',#3299,#3298,#2322,.T.);
#4320=EDGE_CURVE('',#3300,#3299,#2323,.T.);
#4321=EDGE_CURVE('',#3301,#3300,#2324,.T.);
#4322=EDGE_CURVE('',#3302,#3301,#2325,.T.);
#4323=EDGE_CURVE('',#3303,#3302,#2326,.T.);
#4324=EDGE_CURVE('',#3304,#3303,#2327,.T.);
#4325=EDGE_CURVE('',#3305,#3304,#2328,.T.);
#4326=EDGE_CURVE('',#3306,#3305,#2329,.T.);
#4327=EDGE_CURVE('',#3307,#3306,#2330,.T.);
#4328=EDGE_CURVE('',#3308,#3307,#2331,.T.);
#4329=EDGE_CURVE('',#3309,#3308,#2332,.T.);
#4330=EDGE_CURVE('',#3310,#3309,#2333,.T.);
#4331=EDGE_CURVE('',#3311,#3310,#2334,.T.);
#4332=EDGE_CURVE('',#3312,#3311,#2335,.T.);
#4333=EDGE_CURVE('',#3313,#3312,#2336,.T.);
#4334=EDGE_CURVE('',#3314,#3313,#2337,.T.);
#4335=EDGE_CURVE('',#3315,#3314,#2338,.T.);
#4336=EDGE_CURVE('',#3316,#3315,#2339,.T.);
#4337=EDGE_CURVE('',#3317,#3316,#2340,.T.);
#4338=EDGE_CURVE('',#3318,#3317,#2341,.T.);
#4339=EDGE_CURVE('',#3319,#3318,#2342,.T.);
#4340=EDGE_CURVE('',#3320,#3319,#2343,.T.);
#4341=EDGE_CURVE('',#3321,#3320,#2344,.T.);
#4342=EDGE_CURVE('',#3322,#3321,#2345,.T.);
#4343=EDGE_CURVE('',#3323,#3322,#2346,.T.);
#4344=EDGE_CURVE('',#3324,#3323,#2347,.T.);
#4345=EDGE_CURVE('',#3325,#3324,#2348,.T.);
#4346=EDGE_CURVE('',#3326,#3325,#2349,.T.);
#4347=EDGE_CURVE('',#3327,#3326,#2350,.T.);
#4348=EDGE_CURVE('',#3328,#3327,#2351,.T.);
#4349=EDGE_CURVE('',#3292,#3328,#2352,.T.);
#4350=EDGE_CURVE('',#3329,#3291,#2353,.T.);
#4351=EDGE_CURVE('',#3330,#3329,#2354,.T.);
#4352=EDGE_CURVE('',#3288,#3330,#2355,.T.);
#4353=EDGE_CURVE('',#3331,#3287,#2356,.T.);
#4354=EDGE_CURVE('',#3332,#3331,#2357,.T.);
#4355=EDGE_CURVE('',#3333,#3332,#2358,.T.);
#4356=EDGE_CURVE('',#3334,#3333,#2359,.T.);
#4357=EDGE_CURVE('',#3335,#3334,#2360,.T.);
#4358=EDGE_CURVE('',#3336,#3335,#2361,.T.);
#4359=EDGE_CURVE('',#3337,#3336,#2362,.T.);
#4360=EDGE_CURVE('',#3338,#3337,#2363,.T.);
#4361=EDGE_CURVE('',#3339,#3338,#2364,.T.);
#4362=EDGE_CURVE('',#3340,#3339,#2365,.T.);
#4363=EDGE_CURVE('',#3341,#3340,#2366,.T.);
#4364=EDGE_CURVE('',#3342,#3341,#2367,.T.);
#4365=EDGE_CURVE('',#3343,#3342,#2368,.T.);
#4366=EDGE_CURVE('',#3344,#3343,#2369,.T.);
#4367=EDGE_CURVE('',#3345,#3344,#2370,.T.);
#4368=EDGE_CURVE('',#3346,#3345,#2371,.T.);
#4369=EDGE_CURVE('',#3347,#3346,#2372,.T.);
#4370=EDGE_CURVE('',#3348,#3347,#2373,.T.);
#4371=EDGE_CURVE('',#3349,#3348,#2374,.T.);
#4372=EDGE_CURVE('',#3350,#3349,#2375,.T.);
#4373=EDGE_CURVE('',#3351,#3350,#2376,.T.);
#4374=EDGE_CURVE('',#3352,#3351,#2377,.T.);
#4375=EDGE_CURVE('',#3353,#3352,#2378,.T.);
#4376=EDGE_CURVE('',#3354,#3353,#2379,.T.);
#4377=EDGE_CURVE('',#3355,#3354,#2380,.T.);
#4378=EDGE_CURVE('',#3356,#3355,#2381,.T.);
#4379=EDGE_CURVE('',#3357,#3356,#2382,.T.);
#4380=EDGE_CURVE('',#3358,#3357,#2383,.T.);
#4381=EDGE_CURVE('',#3359,#3358,#2384,.T.);
#4382=EDGE_CURVE('',#3360,#3359,#2385,.T.);
#4383=EDGE_CURVE('',#3361,#3360,#2386,.T.);
#4384=EDGE_CURVE('',#3362,#3361,#2387,.T.);
#4385=EDGE_CURVE('',#3363,#3362,#2388,.T.);
#4386=EDGE_CURVE('',#3364,#3363,#2389,.T.);
#4387=EDGE_CURVE('',#3365,#3364,#2390,.T.);
#4388=EDGE_CURVE('',#3366,#3365,#2391,.T.);
#4389=EDGE_CURVE('',#3367,#3366,#2392,.T.);
#4390=EDGE_CURVE('',#3368,#3367,#2393,.T.);
#4391=EDGE_CURVE('',#3369,#3368,#2394,.T.);
#4392=EDGE_CURVE('',#3370,#3369,#2395,.T.);
#4393=EDGE_CURVE('',#3371,#3370,#2396,.T.);
#4394=EDGE_CURVE('',#3372,#3371,#2397,.T.);
#4395=EDGE_CURVE('',#3373,#3372,#2398,.T.);
#4396=EDGE_CURVE('',#3374,#3373,#2399,.T.);
#4397=EDGE_CURVE('',#3375,#3374,#2400,.T.);
#4398=EDGE_CURVE('',#3376,#3375,#2401,.T.);
#4399=EDGE_CURVE('',#3377,#3376,#2402,.T.);
#4400=EDGE_CURVE('',#3378,#3377,#2403,.T.);
#4401=EDGE_CURVE('',#3379,#3378,#2404,.T.);
#4402=EDGE_CURVE('',#3380,#3379,#2405,.T.);
#4403=EDGE_CURVE('',#3381,#3380,#2406,.T.);
#4404=EDGE_CURVE('',#3382,#3381,#2407,.T.);
#4405=EDGE_CURVE('',#3383,#3382,#2408,.T.);
#4406=EDGE_CURVE('',#3384,#3383,#2409,.T.);
#4407=EDGE_CURVE('',#3385,#3384,#2410,.T.);
#4408=EDGE_CURVE('',#3386,#3385,#2411,.T.);
#4409=EDGE_CURVE('',#3387,#3386,#2412,.T.);
#4410=EDGE_CURVE('',#3388,#3387,#2413,.T.);
#4411=EDGE_CURVE('',#3389,#3388,#2414,.T.);
#4412=EDGE_CURVE('',#3390,#3389,#2415,.T.);
#4413=EDGE_CURVE('',#3391,#3390,#2416,.T.);
#4414=EDGE_CURVE('',#3392,#3391,#2417,.T.);
#4415=EDGE_CURVE('',#3393,#3392,#2418,.T.);
#4416=EDGE_CURVE('',#3394,#3393,#2419,.T.);
#4417=EDGE_CURVE('',#3395,#3394,#2420,.T.);
#4418=EDGE_CURVE('',#3396,#3395,#2421,.T.);
#4419=EDGE_CURVE('',#3397,#3396,#2422,.T.);
#4420=EDGE_CURVE('',#3398,#3397,#2423,.T.);
#4421=EDGE_CURVE('',#3399,#3398,#2424,.T.);
#4422=EDGE_CURVE('',#3400,#3399,#2425,.T.);
#4423=EDGE_CURVE('',#3401,#3400,#2426,.T.);
#4424=EDGE_CURVE('',#3402,#3401,#2427,.T.);
#4425=EDGE_CURVE('',#3403,#3402,#2428,.T.);
#4426=EDGE_CURVE('',#3404,#3403,#2429,.T.);
#4427=EDGE_CURVE('',#3405,#3404,#2430,.T.);
#4428=EDGE_CURVE('',#3406,#3405,#2431,.T.);
#4429=EDGE_CURVE('',#3407,#3406,#2432,.T.);
#4430=EDGE_CURVE('',#3408,#3407,#2433,.T.);
#4431=EDGE_CURVE('',#3409,#3408,#2434,.T.);
#4432=EDGE_CURVE('',#3410,#3409,#2435,.T.);
#4433=EDGE_CURVE('',#3411,#3410,#2436,.T.);
#4434=EDGE_CURVE('',#3412,#3411,#2437,.T.);
#4435=EDGE_CURVE('',#3413,#3412,#2438,.T.);
#4436=EDGE_CURVE('',#3414,#3413,#2439,.T.);
#4437=EDGE_CURVE('',#3415,#3414,#2440,.T.);
#4438=EDGE_CURVE('',#3416,#3415,#2441,.T.);
#4439=EDGE_CURVE('',#3417,#3416,#2442,.T.);
#4440=EDGE_CURVE('',#3418,#3417,#2443,.T.);
#4441=EDGE_CURVE('',#3419,#3418,#2444,.T.);
#4442=EDGE_CURVE('',#3420,#3419,#2445,.T.);
#4443=EDGE_CURVE('',#3421,#3420,#2446,.T.);
#4444=EDGE_CURVE('',#3422,#3421,#2447,.T.);
#4445=EDGE_CURVE('',#3423,#3422,#2448,.T.);
#4446=EDGE_CURVE('',#3424,#3423,#2449,.T.);
#4447=EDGE_CURVE('',#3425,#3424,#2450,.T.);
#4448=EDGE_CURVE('',#3426,#3425,#2451,.T.);
#4449=EDGE_CURVE('',#3427,#3426,#2452,.T.);
#4450=EDGE_CURVE('',#3428,#3427,#2453,.T.);
#4451=EDGE_CURVE('',#3429,#3428,#2454,.T.);
#4452=EDGE_CURVE('',#3430,#3429,#2455,.T.);
#4453=EDGE_CURVE('',#3431,#3430,#2456,.T.);
#4454=EDGE_CURVE('',#3432,#3431,#2457,.T.);
#4455=EDGE_CURVE('',#3433,#3432,#2458,.T.);
#4456=EDGE_CURVE('',#3434,#3433,#2459,.T.);
#4457=EDGE_CURVE('',#3284,#3434,#2460,.T.);
#4458=EDGE_CURVE('',#3435,#3283,#2461,.T.);
#4459=EDGE_CURVE('',#3436,#3435,#2462,.T.);
#4460=EDGE_CURVE('',#3280,#3436,#2463,.T.);
#4461=EDGE_CURVE('',#3437,#3279,#2464,.T.);
#4462=EDGE_CURVE('',#3438,#3437,#2465,.T.);
#4463=EDGE_CURVE('',#3439,#3438,#2466,.T.);
#4464=EDGE_CURVE('',#3440,#3439,#2467,.T.);
#4465=EDGE_CURVE('',#3441,#3440,#2468,.T.);
#4466=EDGE_CURVE('',#3442,#3441,#2469,.T.);
#4467=EDGE_CURVE('',#3443,#3442,#2470,.T.);
#4468=EDGE_CURVE('',#3444,#3443,#2471,.T.);
#4469=EDGE_CURVE('',#3445,#3444,#2472,.T.);
#4470=EDGE_CURVE('',#3446,#3445,#2473,.T.);
#4471=EDGE_CURVE('',#3447,#3446,#2474,.T.);
#4472=EDGE_CURVE('',#3448,#3447,#2475,.T.);
#4473=EDGE_CURVE('',#3449,#3448,#2476,.T.);
#4474=EDGE_CURVE('',#3450,#3449,#2477,.T.);
#4475=EDGE_CURVE('',#3451,#3450,#2478,.T.);
#4476=EDGE_CURVE('',#3452,#3451,#2479,.T.);
#4477=EDGE_CURVE('',#3453,#3452,#2480,.T.);
#4478=EDGE_CURVE('',#3454,#3453,#2481,.T.);
#4479=EDGE_CURVE('',#3455,#3454,#2482,.T.);
#4480=EDGE_CURVE('',#3456,#3455,#2483,.T.);
#4481=EDGE_CURVE('',#3457,#3456,#2484,.T.);
#4482=EDGE_CURVE('',#3458,#3457,#2485,.T.);
#4483=EDGE_CURVE('',#3459,#3458,#2486,.T.);
#4484=EDGE_CURVE('',#3460,#3459,#2487,.T.);
#4485=EDGE_CURVE('',#3461,#3460,#2488,.T.);
#4486=EDGE_CURVE('',#3462,#3461,#2489,.T.);
#4487=EDGE_CURVE('',#3463,#3462,#2490,.T.);
#4488=EDGE_CURVE('',#3464,#3463,#2491,.T.);
#4489=EDGE_CURVE('',#3465,#3464,#2492,.T.);
#4490=EDGE_CURVE('',#3466,#3465,#2493,.T.);
#4491=EDGE_CURVE('',#3296,#3466,#2494,.T.);
#4492=EDGE_CURVE('',#3296,#3467,#1295,.T.);
#4493=EDGE_CURVE('',#3468,#3466,#1296,.T.);
#4494=EDGE_CURVE('',#3467,#3468,#2495,.T.);
#4495=EDGE_CURVE('',#3469,#3298,#1297,.T.);
#4496=EDGE_CURVE('',#3470,#3469,#2496,.T.);
#4497=EDGE_CURVE('',#3299,#3470,#1298,.T.);
#4498=EDGE_CURVE('',#3463,#3471,#1299,.T.);
#4499=EDGE_CURVE('',#3472,#3462,#1300,.T.);
#4500=EDGE_CURVE('',#3471,#3472,#2497,.T.);
#4501=EDGE_CURVE('',#3459,#3473,#1301,.T.);
#4502=EDGE_CURVE('',#3474,#3458,#1302,.T.);
#4503=EDGE_CURVE('',#3473,#3474,#2498,.T.);
#4504=EDGE_CURVE('',#3451,#3475,#1303,.T.);
#4505=EDGE_CURVE('',#3476,#3450,#1304,.T.);
#4506=EDGE_CURVE('',#3475,#3476,#2499,.T.);
#4507=EDGE_CURVE('',#3477,#3454,#1305,.T.);
#4508=EDGE_CURVE('',#3478,#3477,#2500,.T.);
#4509=EDGE_CURVE('',#3455,#3478,#1306,.T.);
#4510=EDGE_CURVE('',#3439,#3479,#1307,.T.);
#4511=EDGE_CURVE('',#3480,#3438,#1308,.T.);
#4512=EDGE_CURVE('',#3479,#3480,#2501,.T.);
#4513=EDGE_CURVE('',#3481,#3442,#1309,.T.);
#4514=EDGE_CURVE('',#3482,#3481,#2502,.T.);
#4515=EDGE_CURVE('',#3443,#3482,#1310,.T.);
#4516=EDGE_CURVE('',#3447,#3483,#1311,.T.);
#4517=EDGE_CURVE('',#3484,#3446,#1312,.T.);
#4518=EDGE_CURVE('',#3483,#3484,#2503,.T.);
#4519=EDGE_CURVE('',#3485,#3436,#1313,.T.);
#4520=EDGE_CURVE('',#3281,#3485,#2504,.T.);
#4521=EDGE_CURVE('',#3486,#3434,#1314,.T.);
#4522=EDGE_CURVE('',#3285,#3486,#2505,.T.);
#4523=EDGE_CURVE('',#3335,#3487,#1315,.T.);
#4524=EDGE_CURVE('',#3488,#3334,#1316,.T.);
#4525=EDGE_CURVE('',#3487,#3488,#2506,.T.);
#4526=EDGE_CURVE('',#3489,#3338,#1317,.T.);
#4527=EDGE_CURVE('',#3490,#3489,#2507,.T.);
#4528=EDGE_CURVE('',#3339,#3490,#1318,.T.);
#4529=EDGE_CURVE('',#3331,#3491,#1319,.T.);
#4530=EDGE_CURVE('',#3491,#3290,#2508,.T.);
#4531=EDGE_CURVE('',#3329,#3492,#1320,.T.);
#4532=EDGE_CURVE('',#3492,#3294,#2509,.T.);
#4533=EDGE_CURVE('',#3319,#3493,#1321,.T.);
#4534=EDGE_CURVE('',#3494,#3318,#1322,.T.);
#4535=EDGE_CURVE('',#3493,#3494,#2510,.T.);
#4536=EDGE_CURVE('',#3495,#3322,#1323,.T.);
#4537=EDGE_CURVE('',#3496,#3495,#2511,.T.);
#4538=EDGE_CURVE('',#3323,#3496,#1324,.T.);
#4539=EDGE_CURVE('',#3327,#3497,#1325,.T.);
#4540=EDGE_CURVE('',#3498,#3326,#1326,.T.);
#4541=EDGE_CURVE('',#3497,#3498,#2512,.T.);
#4542=EDGE_CURVE('',#3311,#3499,#1327,.T.);
#4543=EDGE_CURVE('',#3500,#3310,#1328,.T.);
#4544=EDGE_CURVE('',#3499,#3500,#2513,.T.);
#4545=EDGE_CURVE('',#3501,#3314,#1329,.T.);
#4546=EDGE_CURVE('',#3502,#3501,#2514,.T.);
#4547=EDGE_CURVE('',#3315,#3502,#1330,.T.);
#4548=EDGE_CURVE('',#3307,#3503,#1331,.T.);
#4549=EDGE_CURVE('',#3504,#3306,#1332,.T.);
#4550=EDGE_CURVE('',#3503,#3504,#2515,.T.);
#4551=EDGE_CURVE('',#3303,#3505,#1333,.T.);
#4552=EDGE_CURVE('',#3506,#3302,#1334,.T.);
#4553=EDGE_CURVE('',#3505,#3506,#2516,.T.);
#4554=EDGE_CURVE('',#3379,#3507,#1335,.T.);
#4555=EDGE_CURVE('',#3508,#3378,#1336,.T.);
#4556=EDGE_CURVE('',#3507,#3508,#2517,.T.);
#4557=EDGE_CURVE('',#3509,#3382,#1337,.T.);
#4558=EDGE_CURVE('',#3510,#3509,#2518,.T.);
#4559=EDGE_CURVE('',#3383,#3510,#1338,.T.);
#4560=EDGE_CURVE('',#3375,#3511,#1339,.T.);
#4561=EDGE_CURVE('',#3512,#3374,#1340,.T.);
#4562=EDGE_CURVE('',#3511,#3512,#2519,.T.);
#4563=EDGE_CURVE('',#3371,#3513,#1341,.T.);
#4564=EDGE_CURVE('',#3514,#3370,#1342,.T.);
#4565=EDGE_CURVE('',#3513,#3514,#2520,.T.);
#4566=EDGE_CURVE('',#3359,#3515,#1343,.T.);
#4567=EDGE_CURVE('',#3516,#3358,#1344,.T.);
#4568=EDGE_CURVE('',#3515,#3516,#2521,.T.);
#4569=EDGE_CURVE('',#3517,#3362,#1345,.T.);
#4570=EDGE_CURVE('',#3518,#3517,#2522,.T.);
#4571=EDGE_CURVE('',#3363,#3518,#1346,.T.);
#4572=EDGE_CURVE('',#3367,#3519,#1347,.T.);
#4573=EDGE_CURVE('',#3520,#3366,#1348,.T.);
#4574=EDGE_CURVE('',#3519,#3520,#2523,.T.);
#4575=EDGE_CURVE('',#3351,#3521,#1349,.T.);
#4576=EDGE_CURVE('',#3522,#3350,#1350,.T.);
#4577=EDGE_CURVE('',#3521,#3522,#2524,.T.);
#4578=EDGE_CURVE('',#3523,#3354,#1351,.T.);
#4579=EDGE_CURVE('',#3524,#3523,#2525,.T.);
#4580=EDGE_CURVE('',#3355,#3524,#1352,.T.);
#4581=EDGE_CURVE('',#3347,#3525,#1353,.T.);
#4582=EDGE_CURVE('',#3526,#3346,#1354,.T.);
#4583=EDGE_CURVE('',#3525,#3526,#2526,.T.);
#4584=EDGE_CURVE('',#3343,#3527,#1355,.T.);
#4585=EDGE_CURVE('',#3528,#3342,#1356,.T.);
#4586=EDGE_CURVE('',#3527,#3528,#2527,.T.);
#4587=EDGE_CURVE('',#3423,#3529,#1357,.T.);
#4588=EDGE_CURVE('',#3530,#3422,#1358,.T.);
#4589=EDGE_CURVE('',#3529,#3530,#2528,.T.);
#4590=EDGE_CURVE('',#3531,#3426,#1359,.T.);
#4591=EDGE_CURVE('',#3532,#3531,#2529,.T.);
#4592=EDGE_CURVE('',#3427,#3532,#1360,.T.);
#4593=EDGE_CURVE('',#3419,#3533,#1361,.T.);
#4594=EDGE_CURVE('',#3534,#3418,#1362,.T.);
#4595=EDGE_CURVE('',#3533,#3534,#2530,.T.);
#4596=EDGE_CURVE('',#3415,#3535,#1363,.T.);
#4597=EDGE_CURVE('',#3536,#3414,#1364,.T.);
#4598=EDGE_CURVE('',#3535,#3536,#2531,.T.);
#4599=EDGE_CURVE('',#3403,#3537,#1365,.T.);
#4600=EDGE_CURVE('',#3538,#3402,#1366,.T.);
#4601=EDGE_CURVE('',#3537,#3538,#2532,.T.);
#4602=EDGE_CURVE('',#3539,#3406,#1367,.T.);
#4603=EDGE_CURVE('',#3540,#3539,#2533,.T.);
#4604=EDGE_CURVE('',#3407,#3540,#1368,.T.);
#4605=EDGE_CURVE('',#3411,#3541,#1369,.T.);
#4606=EDGE_CURVE('',#3542,#3410,#1370,.T.);
#4607=EDGE_CURVE('',#3541,#3542,#2534,.T.);
#4608=EDGE_CURVE('',#3395,#3543,#1371,.T.);
#4609=EDGE_CURVE('',#3544,#3394,#1372,.T.);
#4610=EDGE_CURVE('',#3543,#3544,#2535,.T.);
#4611=EDGE_CURVE('',#3545,#3398,#1373,.T.);
#4612=EDGE_CURVE('',#3546,#3545,#2536,.T.);
#4613=EDGE_CURVE('',#3399,#3546,#1374,.T.);
#4614=EDGE_CURVE('',#3391,#3547,#1375,.T.);
#4615=EDGE_CURVE('',#3548,#3390,#1376,.T.);
#4616=EDGE_CURVE('',#3547,#3548,#2537,.T.);
#4617=EDGE_CURVE('',#3387,#3549,#1377,.T.);
#4618=EDGE_CURVE('',#3550,#3386,#1378,.T.);
#4619=EDGE_CURVE('',#3549,#3550,#2538,.T.);
#4620=EDGE_CURVE('',#3551,#3467,#2539,.T.);
#4621=EDGE_CURVE('',#3552,#3468,#2540,.T.);
#4622=EDGE_CURVE('',#3552,#3553,#2541,.T.);
#4623=EDGE_CURVE('',#3553,#3471,#2542,.T.);
#4624=EDGE_CURVE('',#3554,#3472,#2543,.T.);
#4625=EDGE_CURVE('',#3554,#3555,#2544,.T.);
#4626=EDGE_CURVE('',#3555,#3473,#2545,.T.);
#4627=EDGE_CURVE('',#3556,#3474,#2546,.T.);
#4628=EDGE_CURVE('',#3556,#3557,#2547,.T.);
#4629=EDGE_CURVE('',#3557,#3478,#2548,.T.);
#4630=EDGE_CURVE('',#3558,#3477,#2549,.T.);
#4631=EDGE_CURVE('',#3558,#3559,#2550,.T.);
#4632=EDGE_CURVE('',#3559,#3475,#2551,.T.);
#4633=EDGE_CURVE('',#3560,#3476,#2552,.T.);
#4634=EDGE_CURVE('',#3560,#3561,#2553,.T.);
#4635=EDGE_CURVE('',#3561,#3483,#2554,.T.);
#4636=EDGE_CURVE('',#3562,#3484,#2555,.T.);
#4637=EDGE_CURVE('',#3562,#3563,#2556,.T.);
#4638=EDGE_CURVE('',#3563,#3482,#2557,.T.);
#4639=EDGE_CURVE('',#3564,#3481,#2558,.T.);
#4640=EDGE_CURVE('',#3564,#3565,#2559,.T.);
#4641=EDGE_CURVE('',#3565,#3479,#2560,.T.);
#4642=EDGE_CURVE('',#3566,#3480,#2561,.T.);
#4643=EDGE_CURVE('',#3566,#3282,#2562,.T.);
#4644=EDGE_CURVE('',#3567,#3485,#2563,.T.);
#4645=EDGE_CURVE('',#3567,#3286,#2564,.T.);
#4646=EDGE_CURVE('',#3568,#3486,#2565,.T.);
#4647=EDGE_CURVE('',#3568,#3569,#2566,.T.);
#4648=EDGE_CURVE('',#3569,#3570,#2567,.T.);
#4649=EDGE_CURVE('',#3570,#3571,#2568,.T.);
#4650=EDGE_CURVE('',#3572,#3571,#2569,.T.);
#4651=EDGE_CURVE('',#3572,#3573,#2570,.T.);
#4652=EDGE_CURVE('',#3573,#3532,#2571,.T.);
#4653=EDGE_CURVE('',#3574,#3531,#2572,.T.);
#4654=EDGE_CURVE('',#3574,#3575,#2573,.T.);
#4655=EDGE_CURVE('',#3575,#3529,#2574,.T.);
#4656=EDGE_CURVE('',#3576,#3530,#2575,.T.);
#4657=EDGE_CURVE('',#3576,#3577,#2576,.T.);
#4658=EDGE_CURVE('',#3577,#3533,#2577,.T.);
#4659=EDGE_CURVE('',#3578,#3534,#2578,.T.);
#4660=EDGE_CURVE('',#3578,#3579,#2579,.T.);
#4661=EDGE_CURVE('',#3579,#3535,#2580,.T.);
#4662=EDGE_CURVE('',#3580,#3536,#2581,.T.);
#4663=EDGE_CURVE('',#3580,#3581,#2582,.T.);
#4664=EDGE_CURVE('',#3581,#3541,#2583,.T.);
#4665=EDGE_CURVE('',#3582,#3542,#2584,.T.);
#4666=EDGE_CURVE('',#3582,#3583,#2585,.T.);
#4667=EDGE_CURVE('',#3583,#3540,#2586,.T.);
#4668=EDGE_CURVE('',#3584,#3539,#2587,.T.);
#4669=EDGE_CURVE('',#3584,#3585,#2588,.T.);
#4670=EDGE_CURVE('',#3585,#3537,#2589,.T.);
#4671=EDGE_CURVE('',#3586,#3538,#2590,.T.);
#4672=EDGE_CURVE('',#3586,#3587,#2591,.T.);
#4673=EDGE_CURVE('',#3587,#3546,#2592,.T.);
#4674=EDGE_CURVE('',#3588,#3545,#2593,.T.);
#4675=EDGE_CURVE('',#3588,#3589,#2594,.T.);
#4676=EDGE_CURVE('',#3589,#3543,#2595,.T.);
#4677=EDGE_CURVE('',#3590,#3544,#2596,.T.);
#4678=EDGE_CURVE('',#3590,#3591,#2597,.T.);
#4679=EDGE_CURVE('',#3591,#3547,#2598,.T.);
#4680=EDGE_CURVE('',#3592,#3548,#2599,.T.);
#4681=EDGE_CURVE('',#3592,#3593,#2600,.T.);
#4682=EDGE_CURVE('',#3593,#3549,#2601,.T.);
#4683=EDGE_CURVE('',#3594,#3550,#2602,.T.);
#4684=EDGE_CURVE('',#3594,#3595,#2603,.T.);
#4685=EDGE_CURVE('',#3595,#3510,#2604,.T.);
#4686=EDGE_CURVE('',#3596,#3509,#2605,.T.);
#4687=EDGE_CURVE('',#3596,#3597,#2606,.T.);
#4688=EDGE_CURVE('',#3597,#3507,#2607,.T.);
#4689=EDGE_CURVE('',#3598,#3508,#2608,.T.);
#4690=EDGE_CURVE('',#3598,#3599,#2609,.T.);
#4691=EDGE_CURVE('',#3599,#3511,#2610,.T.);
#4692=EDGE_CURVE('',#3600,#3512,#2611,.T.);
#4693=EDGE_CURVE('',#3600,#3601,#2612,.T.);
#4694=EDGE_CURVE('',#3601,#3513,#2613,.T.);
#4695=EDGE_CURVE('',#3602,#3514,#2614,.T.);
#4696=EDGE_CURVE('',#3602,#3603,#2615,.T.);
#4697=EDGE_CURVE('',#3603,#3519,#2616,.T.);
#4698=EDGE_CURVE('',#3604,#3520,#2617,.T.);
#4699=EDGE_CURVE('',#3604,#3605,#2618,.T.);
#4700=EDGE_CURVE('',#3605,#3518,#2619,.T.);
#4701=EDGE_CURVE('',#3606,#3517,#2620,.T.);
#4702=EDGE_CURVE('',#3606,#3607,#2621,.T.);
#4703=EDGE_CURVE('',#3607,#3515,#2622,.T.);
#4704=EDGE_CURVE('',#3608,#3516,#2623,.T.);
#4705=EDGE_CURVE('',#3608,#3609,#2624,.T.);
#4706=EDGE_CURVE('',#3609,#3524,#2625,.T.);
#4707=EDGE_CURVE('',#3610,#3523,#2626,.T.);
#4708=EDGE_CURVE('',#3610,#3611,#2627,.T.);
#4709=EDGE_CURVE('',#3611,#3521,#2628,.T.);
#4710=EDGE_CURVE('',#3612,#3522,#2629,.T.);
#4711=EDGE_CURVE('',#3612,#3613,#2630,.T.);
#4712=EDGE_CURVE('',#3613,#3525,#2631,.T.);
#4713=EDGE_CURVE('',#3614,#3526,#2632,.T.);
#4714=EDGE_CURVE('',#3614,#3615,#2633,.T.);
#4715=EDGE_CURVE('',#3615,#3527,#2634,.T.);
#4716=EDGE_CURVE('',#3616,#3528,#2635,.T.);
#4717=EDGE_CURVE('',#3616,#3617,#2636,.T.);
#4718=EDGE_CURVE('',#3617,#3490,#2637,.T.);
#4719=EDGE_CURVE('',#3618,#3489,#2638,.T.);
#4720=EDGE_CURVE('',#3618,#3619,#2639,.T.);
#4721=EDGE_CURVE('',#3619,#3487,#2640,.T.);
#4722=EDGE_CURVE('',#3620,#3488,#2641,.T.);
#4723=EDGE_CURVE('',#3620,#3621,#2642,.T.);
#4724=EDGE_CURVE('',#3621,#3491,#2643,.T.);
#4725=EDGE_CURVE('',#3289,#3622,#2644,.T.);
#4726=EDGE_CURVE('',#3622,#3492,#2645,.T.);
#4727=EDGE_CURVE('',#3293,#3623,#2646,.T.);
#4728=EDGE_CURVE('',#3623,#3497,#2647,.T.);
#4729=EDGE_CURVE('',#3624,#3498,#2648,.T.);
#4730=EDGE_CURVE('',#3624,#3625,#2649,.T.);
#4731=EDGE_CURVE('',#3625,#3496,#2650,.T.);
#4732=EDGE_CURVE('',#3626,#3495,#2651,.T.);
#4733=EDGE_CURVE('',#3626,#3627,#2652,.T.);
#4734=EDGE_CURVE('',#3627,#3493,#2653,.T.);
#4735=EDGE_CURVE('',#3628,#3494,#2654,.T.);
#4736=EDGE_CURVE('',#3628,#3629,#2655,.T.);
#4737=EDGE_CURVE('',#3629,#3502,#2656,.T.);
#4738=EDGE_CURVE('',#3630,#3501,#2657,.T.);
#4739=EDGE_CURVE('',#3630,#3631,#2658,.T.);
#4740=EDGE_CURVE('',#3631,#3499,#2659,.T.);
#4741=EDGE_CURVE('',#3632,#3500,#2660,.T.);
#4742=EDGE_CURVE('',#3632,#3633,#2661,.T.);
#4743=EDGE_CURVE('',#3633,#3503,#2662,.T.);
#4744=EDGE_CURVE('',#3634,#3504,#2663,.T.);
#4745=EDGE_CURVE('',#3634,#3635,#2664,.T.);
#4746=EDGE_CURVE('',#3635,#3505,#2665,.T.);
#4747=EDGE_CURVE('',#3636,#3506,#2666,.T.);
#4748=EDGE_CURVE('',#3636,#3637,#2667,.T.);
#4749=EDGE_CURVE('',#3637,#3470,#2668,.T.);
#4750=EDGE_CURVE('',#3638,#3469,#2669,.T.);
#4751=EDGE_CURVE('',#3638,#3551,#2670,.T.);
#4752=EDGE_CURVE('',#3431,#3570,#1379,.T.);
#4753=EDGE_CURVE('',#3571,#3430,#1380,.T.);
#4754=EDGE_CURVE('',#3428,#3573,#1381,.T.);
#4755=EDGE_CURVE('',#3429,#3572,#1382,.T.);
#4756=EDGE_CURVE('',#3432,#3569,#1383,.T.);
#4757=EDGE_CURVE('',#3433,#3568,#1384,.T.);
#4758=EDGE_CURVE('',#3384,#3595,#1385,.T.);
#4759=EDGE_CURVE('',#3385,#3594,#1386,.T.);
#4760=EDGE_CURVE('',#3388,#3593,#1387,.T.);
#4761=EDGE_CURVE('',#3389,#3592,#1388,.T.);
#4762=EDGE_CURVE('',#3392,#3591,#1389,.T.);
#4763=EDGE_CURVE('',#3393,#3590,#1390,.T.);
#4764=EDGE_CURVE('',#3400,#3587,#1391,.T.);
#4765=EDGE_CURVE('',#3401,#3586,#1392,.T.);
#4766=EDGE_CURVE('',#3396,#3589,#1393,.T.);
#4767=EDGE_CURVE('',#3397,#3588,#1394,.T.);
#4768=EDGE_CURVE('',#3408,#3583,#1395,.T.);
#4769=EDGE_CURVE('',#3409,#3582,#1396,.T.);
#4770=EDGE_CURVE('',#3412,#3581,#1397,.T.);
#4771=EDGE_CURVE('',#3413,#3580,#1398,.T.);
#4772=EDGE_CURVE('',#3404,#3585,#1399,.T.);
#4773=EDGE_CURVE('',#3405,#3584,#1400,.T.);
#4774=EDGE_CURVE('',#3416,#3579,#1401,.T.);
#4775=EDGE_CURVE('',#3417,#3578,#1402,.T.);
#4776=EDGE_CURVE('',#3420,#3577,#1403,.T.);
#4777=EDGE_CURVE('',#3421,#3576,#1404,.T.);
#4778=EDGE_CURVE('',#3424,#3575,#1405,.T.);
#4779=EDGE_CURVE('',#3425,#3574,#1406,.T.);
#4780=EDGE_CURVE('',#3340,#3617,#1407,.T.);
#4781=EDGE_CURVE('',#3341,#3616,#1408,.T.);
#4782=EDGE_CURVE('',#3344,#3615,#1409,.T.);
#4783=EDGE_CURVE('',#3345,#3614,#1410,.T.);
#4784=EDGE_CURVE('',#3348,#3613,#1411,.T.);
#4785=EDGE_CURVE('',#3349,#3612,#1412,.T.);
#4786=EDGE_CURVE('',#3356,#3609,#1413,.T.);
#4787=EDGE_CURVE('',#3357,#3608,#1414,.T.);
#4788=EDGE_CURVE('',#3352,#3611,#1415,.T.);
#4789=EDGE_CURVE('',#3353,#3610,#1416,.T.);
#4790=EDGE_CURVE('',#3364,#3605,#1417,.T.);
#4791=EDGE_CURVE('',#3365,#3604,#1418,.T.);
#4792=EDGE_CURVE('',#3368,#3603,#1419,.T.);
#4793=EDGE_CURVE('',#3369,#3602,#1420,.T.);
#4794=EDGE_CURVE('',#3360,#3607,#1421,.T.);
#4795=EDGE_CURVE('',#3361,#3606,#1422,.T.);
#4796=EDGE_CURVE('',#3372,#3601,#1423,.T.);
#4797=EDGE_CURVE('',#3373,#3600,#1424,.T.);
#4798=EDGE_CURVE('',#3376,#3599,#1425,.T.);
#4799=EDGE_CURVE('',#3377,#3598,#1426,.T.);
#4800=EDGE_CURVE('',#3380,#3597,#1427,.T.);
#4801=EDGE_CURVE('',#3381,#3596,#1428,.T.);
#4802=EDGE_CURVE('',#3300,#3637,#1429,.T.);
#4803=EDGE_CURVE('',#3301,#3636,#1430,.T.);
#4804=EDGE_CURVE('',#3304,#3635,#1431,.T.);
#4805=EDGE_CURVE('',#3305,#3634,#1432,.T.);
#4806=EDGE_CURVE('',#3308,#3633,#1433,.T.);
#4807=EDGE_CURVE('',#3309,#3632,#1434,.T.);
#4808=EDGE_CURVE('',#3316,#3629,#1435,.T.);
#4809=EDGE_CURVE('',#3317,#3628,#1436,.T.);
#4810=EDGE_CURVE('',#3312,#3631,#1437,.T.);
#4811=EDGE_CURVE('',#3313,#3630,#1438,.T.);
#4812=EDGE_CURVE('',#3324,#3625,#1439,.T.);
#4813=EDGE_CURVE('',#3325,#3624,#1440,.T.);
#4814=EDGE_CURVE('',#3328,#3623,#1441,.T.);
#4815=EDGE_CURVE('',#3320,#3627,#1442,.T.);
#4816=EDGE_CURVE('',#3321,#3626,#1443,.T.);
#4817=EDGE_CURVE('',#3330,#3622,#1444,.T.);
#4818=EDGE_CURVE('',#3332,#3621,#1445,.T.);
#4819=EDGE_CURVE('',#3333,#3620,#1446,.T.);
#4820=EDGE_CURVE('',#3336,#3619,#1447,.T.);
#4821=EDGE_CURVE('',#3337,#3618,#1448,.T.);
#4822=EDGE_CURVE('',#3435,#3567,#1449,.T.);
#4823=EDGE_CURVE('',#3437,#3566,#1450,.T.);
#4824=EDGE_CURVE('',#3444,#3563,#1451,.T.);
#4825=EDGE_CURVE('',#3445,#3562,#1452,.T.);
#4826=EDGE_CURVE('',#3448,#3561,#1453,.T.);
#4827=EDGE_CURVE('',#3449,#3560,#1454,.T.);
#4828=EDGE_CURVE('',#3440,#3565,#1455,.T.);
#4829=EDGE_CURVE('',#3441,#3564,#1456,.T.);
#4830=EDGE_CURVE('',#3456,#3557,#1457,.T.);
#4831=EDGE_CURVE('',#3457,#3556,#1458,.T.);
#4832=EDGE_CURVE('',#3452,#3559,#1459,.T.);
#4833=EDGE_CURVE('',#3453,#3558,#1460,.T.);
#4834=EDGE_CURVE('',#3460,#3555,#1461,.T.);
#4835=EDGE_CURVE('',#3461,#3554,#1462,.T.);
#4836=EDGE_CURVE('',#3464,#3553,#1463,.T.);
#4837=EDGE_CURVE('',#3465,#3552,#1464,.T.);
#4838=EDGE_CURVE('',#3295,#3551,#1465,.T.);
#4839=EDGE_CURVE('',#3297,#3638,#1466,.T.);
#4840=EDGE_CURVE('',#3639,#3639,#2671,.T.);
#4841=EDGE_CURVE('',#3639,#3640,#1467,.T.);
#4842=EDGE_CURVE('',#3640,#3640,#2672,.T.);
#4843=EDGE_CURVE('',#3641,#3642,#2673,.T.);
#4844=EDGE_CURVE('',#3642,#3643,#1468,.T.);
#4845=EDGE_CURVE('',#3644,#3643,#2674,.T.);
#4846=EDGE_CURVE('',#3641,#3644,#1469,.T.);
#4847=EDGE_CURVE('',#3645,#3646,#2675,.T.);
#4848=EDGE_CURVE('',#3646,#3647,#1470,.T.);
#4849=EDGE_CURVE('',#3648,#3647,#2676,.T.);
#4850=EDGE_CURVE('',#3645,#3648,#1471,.T.);
#4851=EDGE_CURVE('',#3649,#3650,#2677,.T.);
#4852=EDGE_CURVE('',#3650,#3651,#1472,.T.);
#4853=EDGE_CURVE('',#3651,#3652,#2678,.T.);
#4854=EDGE_CURVE('',#3652,#3649,#1473,.T.);
#4855=EDGE_CURVE('',#3653,#3654,#2679,.T.);
#4856=EDGE_CURVE('',#3654,#3655,#1474,.T.);
#4857=EDGE_CURVE('',#3655,#3656,#2680,.T.);
#4858=EDGE_CURVE('',#3656,#3653,#1475,.T.);
#4859=EDGE_CURVE('',#3657,#3658,#2681,.T.);
#4860=EDGE_CURVE('',#3658,#3659,#1476,.T.);
#4861=EDGE_CURVE('',#3660,#3659,#2682,.T.);
#4862=EDGE_CURVE('',#3657,#3660,#1477,.T.);
#4863=EDGE_CURVE('',#3642,#3661,#2683,.T.);
#4864=EDGE_CURVE('',#3662,#3641,#2684,.T.);
#4865=EDGE_CURVE('',#3663,#3662,#2685,.T.);
#4866=EDGE_CURVE('',#3664,#3663,#2686,.T.);
#4867=EDGE_CURVE('',#3665,#3664,#2687,.T.);
#4868=EDGE_CURVE('',#3666,#3665,#2688,.T.);
#4869=EDGE_CURVE('',#3667,#3666,#2689,.T.);
#4870=EDGE_CURVE('',#3668,#3667,#2690,.T.);
#4871=EDGE_CURVE('',#3654,#3668,#2691,.T.);
#4872=EDGE_CURVE('',#3669,#3653,#2692,.T.);
#4873=EDGE_CURVE('',#3670,#3669,#2693,.T.);
#4874=EDGE_CURVE('',#3650,#3670,#2694,.T.);
#4875=EDGE_CURVE('',#3671,#3649,#2695,.T.);
#4876=EDGE_CURVE('',#3672,#3671,#2696,.T.);
#4877=EDGE_CURVE('',#3673,#3672,#2697,.T.);
#4878=EDGE_CURVE('',#3674,#3673,#2698,.T.);
#4879=EDGE_CURVE('',#3675,#3674,#2699,.T.);
#4880=EDGE_CURVE('',#3676,#3675,#2700,.T.);
#4881=EDGE_CURVE('',#3677,#3676,#2701,.T.);
#4882=EDGE_CURVE('',#3678,#3677,#2702,.T.);
#4883=EDGE_CURVE('',#3679,#3678,#2703,.T.);
#4884=EDGE_CURVE('',#3680,#3679,#2704,.T.);
#4885=EDGE_CURVE('',#3681,#3680,#2705,.T.);
#4886=EDGE_CURVE('',#3682,#3681,#2706,.T.);
#4887=EDGE_CURVE('',#3683,#3682,#2707,.T.);
#4888=EDGE_CURVE('',#3684,#3683,#2708,.T.);
#4889=EDGE_CURVE('',#3685,#3684,#2709,.T.);
#4890=EDGE_CURVE('',#3686,#3685,#2710,.T.);
#4891=EDGE_CURVE('',#3687,#3686,#2711,.T.);
#4892=EDGE_CURVE('',#3688,#3687,#2712,.T.);
#4893=EDGE_CURVE('',#3689,#3688,#2713,.T.);
#4894=EDGE_CURVE('',#3690,#3689,#2714,.T.);
#4895=EDGE_CURVE('',#3691,#3690,#2715,.T.);
#4896=EDGE_CURVE('',#3692,#3691,#2716,.T.);
#4897=EDGE_CURVE('',#3693,#3692,#2717,.T.);
#4898=EDGE_CURVE('',#3694,#3693,#2718,.T.);
#4899=EDGE_CURVE('',#3695,#3694,#2719,.T.);
#4900=EDGE_CURVE('',#3696,#3695,#2720,.T.);
#4901=EDGE_CURVE('',#3697,#3696,#2721,.T.);
#4902=EDGE_CURVE('',#3698,#3697,#2722,.T.);
#4903=EDGE_CURVE('',#3699,#3698,#2723,.T.);
#4904=EDGE_CURVE('',#3700,#3699,#2724,.T.);
#4905=EDGE_CURVE('',#3701,#3700,#2725,.T.);
#4906=EDGE_CURVE('',#3702,#3701,#2726,.T.);
#4907=EDGE_CURVE('',#3703,#3702,#2727,.T.);
#4908=EDGE_CURVE('',#3704,#3703,#2728,.T.);
#4909=EDGE_CURVE('',#3705,#3704,#2729,.T.);
#4910=EDGE_CURVE('',#3706,#3705,#2730,.T.);
#4911=EDGE_CURVE('',#3658,#3706,#2731,.T.);
#4912=EDGE_CURVE('',#3707,#3657,#2732,.T.);
#4913=EDGE_CURVE('',#3708,#3707,#2733,.T.);
#4914=EDGE_CURVE('',#3646,#3708,#2734,.T.);
#4915=EDGE_CURVE('',#3709,#3645,#2735,.T.);
#4916=EDGE_CURVE('',#3710,#3709,#2736,.T.);
#4917=EDGE_CURVE('',#3711,#3710,#2737,.T.);
#4918=EDGE_CURVE('',#3712,#3711,#2738,.T.);
#4919=EDGE_CURVE('',#3713,#3712,#2739,.T.);
#4920=EDGE_CURVE('',#3714,#3713,#2740,.T.);
#4921=EDGE_CURVE('',#3661,#3714,#2741,.T.);
#4922=EDGE_CURVE('',#3661,#3715,#1478,.T.);
#4923=EDGE_CURVE('',#3716,#3714,#1479,.T.);
#4924=EDGE_CURVE('',#3715,#3716,#2742,.T.);
#4925=EDGE_CURVE('',#3717,#3662,#1480,.T.);
#4926=EDGE_CURVE('',#3718,#3717,#2743,.T.);
#4927=EDGE_CURVE('',#3663,#3718,#1481,.T.);
#4928=EDGE_CURVE('',#3711,#3719,#1482,.T.);
#4929=EDGE_CURVE('',#3720,#3710,#1483,.T.);
#4930=EDGE_CURVE('',#3719,#3720,#2744,.T.);
#4931=EDGE_CURVE('',#3721,#3708,#1484,.T.);
#4932=EDGE_CURVE('',#3647,#3721,#2745,.T.);
#4933=EDGE_CURVE('',#3671,#3722,#1485,.T.);
#4934=EDGE_CURVE('',#3722,#3652,#2746,.T.);
#4935=EDGE_CURVE('',#3723,#3674,#1486,.T.);
#4936=EDGE_CURVE('',#3724,#3723,#2747,.T.);
#4937=EDGE_CURVE('',#3675,#3724,#1487,.T.);
#4938=EDGE_CURVE('',#3669,#3725,#1488,.T.);
#4939=EDGE_CURVE('',#3725,#3656,#2748,.T.);
#4940=EDGE_CURVE('',#3726,#3666,#1489,.T.);
#4941=EDGE_CURVE('',#3727,#3726,#2749,.T.);
#4942=EDGE_CURVE('',#3667,#3727,#1490,.T.);
#4943=EDGE_CURVE('',#3679,#3728,#1491,.T.);
#4944=EDGE_CURVE('',#3729,#3678,#1492,.T.);
#4945=EDGE_CURVE('',#3728,#3729,#2750,.T.);
#4946=EDGE_CURVE('',#3730,#3682,#1493,.T.);
#4947=EDGE_CURVE('',#3731,#3730,#2751,.T.);
#4948=EDGE_CURVE('',#3683,#3731,#1494,.T.);
#4949=EDGE_CURVE('',#3732,#3686,#1495,.T.);
#4950=EDGE_CURVE('',#3733,#3732,#2752,.T.);
#4951=EDGE_CURVE('',#3687,#3733,#1496,.T.);
#4952=EDGE_CURVE('',#3695,#3734,#1497,.T.);
#4953=EDGE_CURVE('',#3735,#3694,#1498,.T.);
#4954=EDGE_CURVE('',#3734,#3735,#2753,.T.);
#4955=EDGE_CURVE('',#3736,#3698,#1499,.T.);
#4956=EDGE_CURVE('',#3737,#3736,#2754,.T.);
#4957=EDGE_CURVE('',#3699,#3737,#1500,.T.);
#4958=EDGE_CURVE('',#3738,#3702,#1501,.T.);
#4959=EDGE_CURVE('',#3739,#3738,#2755,.T.);
#4960=EDGE_CURVE('',#3703,#3739,#1502,.T.);
#4961=EDGE_CURVE('',#3691,#3740,#1503,.T.);
#4962=EDGE_CURVE('',#3741,#3690,#1504,.T.);
#4963=EDGE_CURVE('',#3740,#3741,#2756,.T.);
#4964=EDGE_CURVE('',#3643,#3715,#2757,.T.);
#4965=EDGE_CURVE('',#3742,#3716,#2758,.T.);
#4966=EDGE_CURVE('',#3742,#3743,#2759,.T.);
#4967=EDGE_CURVE('',#3743,#3719,#2760,.T.);
#4968=EDGE_CURVE('',#3744,#3720,#2761,.T.);
#4969=EDGE_CURVE('',#3744,#3648,#2762,.T.);
#4970=EDGE_CURVE('',#3745,#3721,#2763,.T.);
#4971=EDGE_CURVE('',#3745,#3660,#2764,.T.);
#4972=EDGE_CURVE('',#3659,#3746,#2765,.T.);
#4973=EDGE_CURVE('',#3747,#3746,#2766,.T.);
#4974=EDGE_CURVE('',#3747,#3748,#2767,.T.);
#4975=EDGE_CURVE('',#3748,#3739,#2768,.T.);
#4976=EDGE_CURVE('',#3749,#3738,#2769,.T.);
#4977=EDGE_CURVE('',#3749,#3750,#2770,.T.);
#4978=EDGE_CURVE('',#3750,#3737,#2771,.T.);
#4979=EDGE_CURVE('',#3751,#3736,#2772,.T.);
#4980=EDGE_CURVE('',#3751,#3752,#2773,.T.);
#4981=EDGE_CURVE('',#3752,#3734,#2774,.T.);
#4982=EDGE_CURVE('',#3753,#3735,#2775,.T.);
#4983=EDGE_CURVE('',#3753,#3754,#2776,.T.);
#4984=EDGE_CURVE('',#3754,#3740,#2777,.T.);
#4985=EDGE_CURVE('',#3755,#3741,#2778,.T.);
#4986=EDGE_CURVE('',#3755,#3756,#2779,.T.);
#4987=EDGE_CURVE('',#3756,#3733,#2780,.T.);
#4988=EDGE_CURVE('',#3757,#3732,#2781,.T.);
#4989=EDGE_CURVE('',#3757,#3758,#2782,.T.);
#4990=EDGE_CURVE('',#3758,#3731,#2783,.T.);
#4991=EDGE_CURVE('',#3759,#3730,#2784,.T.);
#4992=EDGE_CURVE('',#3759,#3760,#2785,.T.);
#4993=EDGE_CURVE('',#3760,#3728,#2786,.T.);
#4994=EDGE_CURVE('',#3761,#3729,#2787,.T.);
#4995=EDGE_CURVE('',#3761,#3762,#2788,.T.);
#4996=EDGE_CURVE('',#3762,#3724,#2789,.T.);
#4997=EDGE_CURVE('',#3763,#3723,#2790,.T.);
#4998=EDGE_CURVE('',#3763,#3764,#2791,.T.);
#4999=EDGE_CURVE('',#3764,#3722,#2792,.T.);
#5000=EDGE_CURVE('',#3651,#3765,#2793,.T.);
#5001=EDGE_CURVE('',#3765,#3725,#2794,.T.);
#5002=EDGE_CURVE('',#3655,#3766,#2795,.T.);
#5003=EDGE_CURVE('',#3766,#3727,#2796,.T.);
#5004=EDGE_CURVE('',#3767,#3726,#2797,.T.);
#5005=EDGE_CURVE('',#3767,#3768,#2798,.T.);
#5006=EDGE_CURVE('',#3768,#3718,#2799,.T.);
#5007=EDGE_CURVE('',#3644,#3717,#2800,.T.);
#5008=EDGE_CURVE('',#3746,#3706,#1505,.T.);
#5009=EDGE_CURVE('',#3704,#3748,#1506,.T.);
#5010=EDGE_CURVE('',#3705,#3747,#1507,.T.);
#5011=EDGE_CURVE('',#3707,#3745,#1508,.T.);
#5012=EDGE_CURVE('',#3688,#3756,#1509,.T.);
#5013=EDGE_CURVE('',#3689,#3755,#1510,.T.);
#5014=EDGE_CURVE('',#3692,#3754,#1511,.T.);
#5015=EDGE_CURVE('',#3693,#3753,#1512,.T.);
#5016=EDGE_CURVE('',#3700,#3750,#1513,.T.);
#5017=EDGE_CURVE('',#3701,#3749,#1514,.T.);
#5018=EDGE_CURVE('',#3696,#3752,#1515,.T.);
#5019=EDGE_CURVE('',#3697,#3751,#1516,.T.);
#5020=EDGE_CURVE('',#3676,#3762,#1517,.T.);
#5021=EDGE_CURVE('',#3677,#3761,#1518,.T.);
#5022=EDGE_CURVE('',#3684,#3758,#1519,.T.);
#5023=EDGE_CURVE('',#3685,#3757,#1520,.T.);
#5024=EDGE_CURVE('',#3680,#3760,#1521,.T.);
#5025=EDGE_CURVE('',#3681,#3759,#1522,.T.);
#5026=EDGE_CURVE('',#3668,#3766,#1523,.T.);
#5027=EDGE_CURVE('',#3664,#3768,#1524,.T.);
#5028=EDGE_CURVE('',#3665,#3767,#1525,.T.);
#5029=EDGE_CURVE('',#3670,#3765,#1526,.T.);
#5030=EDGE_CURVE('',#3672,#3764,#1527,.T.);
#5031=EDGE_CURVE('',#3673,#3763,#1528,.T.);
#5032=EDGE_CURVE('',#3709,#3744,#1529,.T.);
#5033=EDGE_CURVE('',#3712,#3743,#1530,.T.);
#5034=EDGE_CURVE('',#3713,#3742,#1531,.T.);
#5035=EDGE_CURVE('',#3769,#3769,#2801,.T.);
#5036=EDGE_CURVE('',#3769,#3770,#1532,.T.);
#5037=EDGE_CURVE('',#3770,#3770,#2802,.T.);
#5038=EDGE_CURVE('',#3771,#3772,#2803,.T.);
#5039=EDGE_CURVE('',#3772,#3771,#2804,.T.);
#5040=EDGE_CURVE('',#3772,#3773,#1533,.T.);
#5041=EDGE_CURVE('',#3773,#3773,#2805,.T.);
#5042=EDGE_CURVE('',#3771,#3769,#1534,.T.);
#5043=EDGE_CURVE('',#3774,#3775,#2806,.T.);
#5044=EDGE_CURVE('',#3775,#3776,#2807,.T.);
#5045=EDGE_CURVE('',#3776,#3777,#2808,.T.);
#5046=EDGE_CURVE('',#3777,#3776,#2809,.T.);
#5047=EDGE_CURVE('',#3775,#3774,#2810,.T.);
#5048=EDGE_CURVE('',#3778,#3778,#2811,.T.);
#5049=EDGE_CURVE('',#3778,#3779,#1535,.T.);
#5050=EDGE_CURVE('',#3779,#3779,#2812,.T.);
#5051=EDGE_CURVE('',#3780,#3781,#2813,.T.);
#5052=EDGE_CURVE('',#3781,#3780,#2814,.T.);
#5053=EDGE_CURVE('',#3781,#3782,#1536,.T.);
#5054=EDGE_CURVE('',#3782,#3782,#2815,.T.);
#5055=EDGE_CURVE('',#3783,#3784,#2816,.T.);
#5056=EDGE_CURVE('',#3784,#3783,#2817,.T.);
#5057=EDGE_CURVE('',#3784,#3785,#1537,.T.);
#5058=EDGE_CURVE('',#3785,#3785,#2818,.T.);
#5059=EDGE_CURVE('',#3786,#3786,#2819,.T.);
#5060=EDGE_CURVE('',#3786,#3787,#1538,.T.);
#5061=EDGE_CURVE('',#3787,#3787,#2820,.T.);
#5062=EDGE_CURVE('',#3788,#3788,#2821,.T.);
#5063=EDGE_CURVE('',#3788,#3789,#1539,.T.);
#5064=EDGE_CURVE('',#3789,#3789,#2822,.T.);
#5065=EDGE_CURVE('',#3790,#3790,#2823,.T.);
#5066=EDGE_CURVE('',#3790,#3791,#1540,.T.);
#5067=EDGE_CURVE('',#3791,#3791,#2824,.T.);
#5068=EDGE_CURVE('',#3792,#3792,#2825,.T.);
#5069=EDGE_CURVE('',#3792,#3790,#1541,.T.);
#5070=EDGE_CURVE('',#3780,#3778,#1542,.T.);
#5071=EDGE_CURVE('',#3777,#3786,#1543,.T.);
#5072=EDGE_CURVE('',#3783,#3774,#1544,.T.);
#5073=EDGE_CURVE('',#3793,#3794,#2826,.T.);
#5074=EDGE_CURVE('',#3794,#3793,#2827,.T.);
#5075=EDGE_CURVE('',#3794,#3795,#1545,.T.);
#5076=EDGE_CURVE('',#3795,#3795,#2828,.T.);
#5077=EDGE_CURVE('',#3796,#3796,#2829,.T.);
#5078=EDGE_CURVE('',#3796,#3797,#1546,.T.);
#5079=EDGE_CURVE('',#3797,#3797,#2830,.T.);
#5080=EDGE_CURVE('',#3793,#3798,#1547,.T.);
#5081=EDGE_CURVE('',#3798,#3798,#2831,.T.);
#5082=EDGE_CURVE('',#3799,#3799,#2832,.T.);
#5083=EDGE_CURVE('',#3799,#3800,#1548,.T.);
#5084=EDGE_CURVE('',#3800,#3800,#2833,.T.);
#5085=EDGE_CURVE('',#3801,#3802,#2834,.T.);
#5086=EDGE_CURVE('',#3802,#3803,#1549,.T.);
#5087=EDGE_CURVE('',#3804,#3803,#2835,.T.);
#5088=EDGE_CURVE('',#3801,#3804,#1550,.T.);
#5089=EDGE_CURVE('',#3805,#3806,#2836,.T.);
#5090=EDGE_CURVE('',#3806,#3807,#1551,.T.);
#5091=EDGE_CURVE('',#3808,#3807,#2837,.T.);
#5092=EDGE_CURVE('',#3805,#3808,#1552,.T.);
#5093=EDGE_CURVE('',#3809,#3810,#2838,.T.);
#5094=EDGE_CURVE('',#3810,#3811,#1553,.T.);
#5095=EDGE_CURVE('',#3811,#3812,#2839,.T.);
#5096=EDGE_CURVE('',#3812,#3809,#1554,.T.);
#5097=EDGE_CURVE('',#3813,#3814,#2840,.T.);
#5098=EDGE_CURVE('',#3815,#3813,#2841,.T.);
#5099=EDGE_CURVE('',#3816,#3815,#2842,.T.);
#5100=EDGE_CURVE('',#3817,#3816,#2843,.T.);
#5101=EDGE_CURVE('',#3818,#3817,#2844,.T.);
#5102=EDGE_CURVE('',#3819,#3818,#2845,.T.);
#5103=EDGE_CURVE('',#3820,#3819,#2846,.T.);
#5104=EDGE_CURVE('',#3821,#3820,#2847,.T.);
#5105=EDGE_CURVE('',#3822,#3821,#2848,.T.);
#5106=EDGE_CURVE('',#3823,#3822,#2849,.T.);
#5107=EDGE_CURVE('',#3824,#3823,#2850,.T.);
#5108=EDGE_CURVE('',#3825,#3824,#2851,.T.);
#5109=EDGE_CURVE('',#3826,#3825,#2852,.T.);
#5110=EDGE_CURVE('',#3827,#3826,#2853,.T.);
#5111=EDGE_CURVE('',#3828,#3827,#2854,.T.);
#5112=EDGE_CURVE('',#3829,#3828,#2855,.T.);
#5113=EDGE_CURVE('',#3830,#3829,#2856,.T.);
#5114=EDGE_CURVE('',#3831,#3830,#2857,.T.);
#5115=EDGE_CURVE('',#3832,#3831,#2858,.T.);
#5116=EDGE_CURVE('',#3833,#3832,#2859,.T.);
#5117=EDGE_CURVE('',#3834,#3833,#2860,.T.);
#5118=EDGE_CURVE('',#3835,#3834,#2861,.T.);
#5119=EDGE_CURVE('',#3836,#3835,#2862,.T.);
#5120=EDGE_CURVE('',#3837,#3836,#2863,.T.);
#5121=EDGE_CURVE('',#3838,#3837,#2864,.T.);
#5122=EDGE_CURVE('',#3839,#3838,#2865,.T.);
#5123=EDGE_CURVE('',#3840,#3839,#2866,.T.);
#5124=EDGE_CURVE('',#3841,#3840,#2867,.T.);
#5125=EDGE_CURVE('',#3842,#3841,#2868,.T.);
#5126=EDGE_CURVE('',#3843,#3842,#2869,.T.);
#5127=EDGE_CURVE('',#3844,#3843,#2870,.T.);
#5128=EDGE_CURVE('',#3845,#3844,#2871,.T.);
#5129=EDGE_CURVE('',#3846,#3845,#2872,.T.);
#5130=EDGE_CURVE('',#3810,#3846,#2873,.T.);
#5131=EDGE_CURVE('',#3847,#3809,#2874,.T.);
#5132=EDGE_CURVE('',#3848,#3847,#2875,.T.);
#5133=EDGE_CURVE('',#3849,#3848,#2876,.T.);
#5134=EDGE_CURVE('',#3850,#3849,#2877,.T.);
#5135=EDGE_CURVE('',#3851,#3850,#2878,.T.);
#5136=EDGE_CURVE('',#3852,#3851,#2879,.T.);
#5137=EDGE_CURVE('',#3853,#3852,#2880,.T.);
#5138=EDGE_CURVE('',#3854,#3853,#2881,.T.);
#5139=EDGE_CURVE('',#3855,#3854,#2882,.T.);
#5140=EDGE_CURVE('',#3856,#3855,#2883,.T.);
#5141=EDGE_CURVE('',#3857,#3856,#2884,.T.);
#5142=EDGE_CURVE('',#3858,#3857,#2885,.T.);
#5143=EDGE_CURVE('',#3859,#3858,#2886,.T.);
#5144=EDGE_CURVE('',#3860,#3859,#2887,.T.);
#5145=EDGE_CURVE('',#3861,#3860,#2888,.T.);
#5146=EDGE_CURVE('',#3862,#3861,#2889,.T.);
#5147=EDGE_CURVE('',#3863,#3862,#2890,.T.);
#5148=EDGE_CURVE('',#3864,#3863,#2891,.T.);
#5149=EDGE_CURVE('',#3865,#3864,#2892,.T.);
#5150=EDGE_CURVE('',#3866,#3865,#2893,.T.);
#5151=EDGE_CURVE('',#3867,#3866,#2894,.T.);
#5152=EDGE_CURVE('',#3868,#3867,#2895,.T.);
#5153=EDGE_CURVE('',#3869,#3868,#2896,.T.);
#5154=EDGE_CURVE('',#3870,#3869,#2897,.T.);
#5155=EDGE_CURVE('',#3871,#3870,#2898,.T.);
#5156=EDGE_CURVE('',#3872,#3871,#2899,.T.);
#5157=EDGE_CURVE('',#3873,#3872,#2900,.T.);
#5158=EDGE_CURVE('',#3874,#3873,#2901,.T.);
#5159=EDGE_CURVE('',#3875,#3874,#2902,.T.);
#5160=EDGE_CURVE('',#3876,#3875,#2903,.T.);
#5161=EDGE_CURVE('',#3877,#3876,#2904,.T.);
#5162=EDGE_CURVE('',#3878,#3877,#2905,.T.);
#5163=EDGE_CURVE('',#3879,#3878,#2906,.T.);
#5164=EDGE_CURVE('',#3880,#3879,#2907,.T.);
#5165=EDGE_CURVE('',#3881,#3880,#2908,.T.);
#5166=EDGE_CURVE('',#3882,#3881,#2909,.T.);
#5167=EDGE_CURVE('',#3883,#3882,#2910,.T.);
#5168=EDGE_CURVE('',#3884,#3883,#2911,.T.);
#5169=EDGE_CURVE('',#3885,#3884,#2912,.T.);
#5170=EDGE_CURVE('',#3886,#3885,#2913,.T.);
#5171=EDGE_CURVE('',#3887,#3886,#2914,.T.);
#5172=EDGE_CURVE('',#3888,#3887,#2915,.T.);
#5173=EDGE_CURVE('',#3889,#3888,#2916,.T.);
#5174=EDGE_CURVE('',#3890,#3889,#2917,.T.);
#5175=EDGE_CURVE('',#3891,#3890,#2918,.T.);
#5176=EDGE_CURVE('',#3892,#3891,#2919,.T.);
#5177=EDGE_CURVE('',#3893,#3892,#2920,.T.);
#5178=EDGE_CURVE('',#3894,#3893,#2921,.T.);
#5179=EDGE_CURVE('',#3895,#3894,#2922,.T.);
#5180=EDGE_CURVE('',#3896,#3895,#2923,.T.);
#5181=EDGE_CURVE('',#3897,#3896,#2924,.T.);
#5182=EDGE_CURVE('',#3898,#3897,#2925,.T.);
#5183=EDGE_CURVE('',#3899,#3898,#2926,.T.);
#5184=EDGE_CURVE('',#3900,#3899,#2927,.T.);
#5185=EDGE_CURVE('',#3901,#3900,#2928,.T.);
#5186=EDGE_CURVE('',#3902,#3901,#2929,.T.);
#5187=EDGE_CURVE('',#3903,#3902,#2930,.T.);
#5188=EDGE_CURVE('',#3904,#3903,#2931,.T.);
#5189=EDGE_CURVE('',#3905,#3904,#2932,.T.);
#5190=EDGE_CURVE('',#3906,#3905,#2933,.T.);
#5191=EDGE_CURVE('',#3907,#3906,#2934,.T.);
#5192=EDGE_CURVE('',#3908,#3907,#2935,.T.);
#5193=EDGE_CURVE('',#3909,#3908,#2936,.T.);
#5194=EDGE_CURVE('',#3910,#3909,#2937,.T.);
#5195=EDGE_CURVE('',#3911,#3910,#2938,.T.);
#5196=EDGE_CURVE('',#3912,#3911,#2939,.T.);
#5197=EDGE_CURVE('',#3913,#3912,#2940,.T.);
#5198=EDGE_CURVE('',#3914,#3913,#2941,.T.);
#5199=EDGE_CURVE('',#3915,#3914,#2942,.T.);
#5200=EDGE_CURVE('',#3916,#3915,#2943,.T.);
#5201=EDGE_CURVE('',#3917,#3916,#2944,.T.);
#5202=EDGE_CURVE('',#3918,#3917,#2945,.T.);
#5203=EDGE_CURVE('',#3919,#3918,#2946,.T.);
#5204=EDGE_CURVE('',#3920,#3919,#2947,.T.);
#5205=EDGE_CURVE('',#3921,#3920,#2948,.T.);
#5206=EDGE_CURVE('',#3922,#3921,#2949,.T.);
#5207=EDGE_CURVE('',#3923,#3922,#2950,.T.);
#5208=EDGE_CURVE('',#3924,#3923,#2951,.T.);
#5209=EDGE_CURVE('',#3925,#3924,#2952,.T.);
#5210=EDGE_CURVE('',#3926,#3925,#2953,.T.);
#5211=EDGE_CURVE('',#3927,#3926,#2954,.T.);
#5212=EDGE_CURVE('',#3928,#3927,#2955,.T.);
#5213=EDGE_CURVE('',#3929,#3928,#2956,.T.);
#5214=EDGE_CURVE('',#3930,#3929,#2957,.T.);
#5215=EDGE_CURVE('',#3931,#3930,#2958,.T.);
#5216=EDGE_CURVE('',#3932,#3931,#2959,.T.);
#5217=EDGE_CURVE('',#3933,#3932,#2960,.T.);
#5218=EDGE_CURVE('',#3934,#3933,#2961,.T.);
#5219=EDGE_CURVE('',#3935,#3934,#2962,.T.);
#5220=EDGE_CURVE('',#3936,#3935,#2963,.T.);
#5221=EDGE_CURVE('',#3937,#3936,#2964,.T.);
#5222=EDGE_CURVE('',#3938,#3937,#2965,.T.);
#5223=EDGE_CURVE('',#3939,#3938,#2966,.T.);
#5224=EDGE_CURVE('',#3940,#3939,#2967,.T.);
#5225=EDGE_CURVE('',#3941,#3940,#2968,.T.);
#5226=EDGE_CURVE('',#3942,#3941,#2969,.T.);
#5227=EDGE_CURVE('',#3802,#3942,#2970,.T.);
#5228=EDGE_CURVE('',#3943,#3801,#2971,.T.);
#5229=EDGE_CURVE('',#3944,#3943,#2972,.T.);
#5230=EDGE_CURVE('',#3806,#3944,#2973,.T.);
#5231=EDGE_CURVE('',#3945,#3805,#2974,.T.);
#5232=EDGE_CURVE('',#3946,#3945,#2975,.T.);
#5233=EDGE_CURVE('',#3947,#3946,#2976,.T.);
#5234=EDGE_CURVE('',#3948,#3947,#2977,.T.);
#5235=EDGE_CURVE('',#3949,#3948,#2978,.T.);
#5236=EDGE_CURVE('',#3950,#3949,#2979,.T.);
#5237=EDGE_CURVE('',#3951,#3950,#2980,.T.);
#5238=EDGE_CURVE('',#3952,#3951,#2981,.T.);
#5239=EDGE_CURVE('',#3953,#3952,#2982,.T.);
#5240=EDGE_CURVE('',#3954,#3953,#2983,.T.);
#5241=EDGE_CURVE('',#3955,#3954,#2984,.T.);
#5242=EDGE_CURVE('',#3956,#3955,#2985,.T.);
#5243=EDGE_CURVE('',#3957,#3956,#2986,.T.);
#5244=EDGE_CURVE('',#3958,#3957,#2987,.T.);
#5245=EDGE_CURVE('',#3959,#3958,#2988,.T.);
#5246=EDGE_CURVE('',#3960,#3959,#2989,.T.);
#5247=EDGE_CURVE('',#3961,#3960,#2990,.T.);
#5248=EDGE_CURVE('',#3962,#3961,#2991,.T.);
#5249=EDGE_CURVE('',#3963,#3962,#2992,.T.);
#5250=EDGE_CURVE('',#3964,#3963,#2993,.T.);
#5251=EDGE_CURVE('',#3965,#3964,#2994,.T.);
#5252=EDGE_CURVE('',#3966,#3965,#2995,.T.);
#5253=EDGE_CURVE('',#3967,#3966,#2996,.T.);
#5254=EDGE_CURVE('',#3968,#3967,#2997,.T.);
#5255=EDGE_CURVE('',#3969,#3968,#2998,.T.);
#5256=EDGE_CURVE('',#3970,#3969,#2999,.T.);
#5257=EDGE_CURVE('',#3814,#3970,#3000,.T.);
#5258=EDGE_CURVE('',#3814,#3971,#1555,.T.);
#5259=EDGE_CURVE('',#3972,#3970,#1556,.T.);
#5260=EDGE_CURVE('',#3971,#3972,#3001,.T.);
#5261=EDGE_CURVE('',#3973,#3816,#1557,.T.);
#5262=EDGE_CURVE('',#3974,#3973,#3002,.T.);
#5263=EDGE_CURVE('',#3817,#3974,#1558,.T.);
#5264=EDGE_CURVE('',#3967,#3975,#1559,.T.);
#5265=EDGE_CURVE('',#3976,#3966,#1560,.T.);
#5266=EDGE_CURVE('',#3975,#3976,#3003,.T.);
#5267=EDGE_CURVE('',#3963,#3977,#1561,.T.);
#5268=EDGE_CURVE('',#3978,#3962,#1562,.T.);
#5269=EDGE_CURVE('',#3977,#3978,#3004,.T.);
#5270=EDGE_CURVE('',#3955,#3979,#1563,.T.);
#5271=EDGE_CURVE('',#3980,#3954,#1564,.T.);
#5272=EDGE_CURVE('',#3979,#3980,#3005,.T.);
#5273=EDGE_CURVE('',#3981,#3958,#1565,.T.);
#5274=EDGE_CURVE('',#3982,#3981,#3006,.T.);
#5275=EDGE_CURVE('',#3959,#3982,#1566,.T.);
#5276=EDGE_CURVE('',#3983,#3942,#1567,.T.);
#5277=EDGE_CURVE('',#3803,#3983,#3007,.T.);
#5278=EDGE_CURVE('',#3984,#3944,#1568,.T.);
#5279=EDGE_CURVE('',#3807,#3984,#3008,.T.);
#5280=EDGE_CURVE('',#3985,#3946,#1569,.T.);
#5281=EDGE_CURVE('',#3986,#3985,#3009,.T.);
#5282=EDGE_CURVE('',#3947,#3986,#1570,.T.);
#5283=EDGE_CURVE('',#3951,#3987,#1571,.T.);
#5284=EDGE_CURVE('',#3988,#3950,#1572,.T.);
#5285=EDGE_CURVE('',#3987,#3988,#3010,.T.);
#5286=EDGE_CURVE('',#3851,#3989,#1573,.T.);
#5287=EDGE_CURVE('',#3990,#3850,#1574,.T.);
#5288=EDGE_CURVE('',#3989,#3990,#3011,.T.);
#5289=EDGE_CURVE('',#3991,#3854,#1575,.T.);
#5290=EDGE_CURVE('',#3992,#3991,#3012,.T.);
#5291=EDGE_CURVE('',#3855,#3992,#1576,.T.);
#5292=EDGE_CURVE('',#3847,#3993,#1577,.T.);
#5293=EDGE_CURVE('',#3993,#3812,#3013,.T.);
#5294=EDGE_CURVE('',#3845,#3994,#1578,.T.);
#5295=EDGE_CURVE('',#3995,#3844,#1579,.T.);
#5296=EDGE_CURVE('',#3994,#3995,#3014,.T.);
#5297=EDGE_CURVE('',#3837,#3996,#1580,.T.);
#5298=EDGE_CURVE('',#3997,#3836,#1581,.T.);
#5299=EDGE_CURVE('',#3996,#3997,#3015,.T.);
#5300=EDGE_CURVE('',#3998,#3840,#1582,.T.);
#5301=EDGE_CURVE('',#3999,#3998,#3016,.T.);
#5302=EDGE_CURVE('',#3841,#3999,#1583,.T.);
#5303=EDGE_CURVE('',#3829,#4000,#1584,.T.);
#5304=EDGE_CURVE('',#4001,#3828,#1585,.T.);
#5305=EDGE_CURVE('',#4000,#4001,#3017,.T.);
#5306=EDGE_CURVE('',#4002,#3832,#1586,.T.);
#5307=EDGE_CURVE('',#4003,#4002,#3018,.T.);
#5308=EDGE_CURVE('',#3833,#4003,#1587,.T.);
#5309=EDGE_CURVE('',#3825,#4004,#1588,.T.);
#5310=EDGE_CURVE('',#4005,#3824,#1589,.T.);
#5311=EDGE_CURVE('',#4004,#4005,#3019,.T.);
#5312=EDGE_CURVE('',#3821,#4006,#1590,.T.);
#5313=EDGE_CURVE('',#4007,#3820,#1591,.T.);
#5314=EDGE_CURVE('',#4006,#4007,#3020,.T.);
#5315=EDGE_CURVE('',#3891,#4008,#1592,.T.);
#5316=EDGE_CURVE('',#4009,#3890,#1593,.T.);
#5317=EDGE_CURVE('',#4008,#4009,#3021,.T.);
#5318=EDGE_CURVE('',#4010,#3894,#1594,.T.);
#5319=EDGE_CURVE('',#4011,#4010,#3022,.T.);
#5320=EDGE_CURVE('',#3895,#4011,#1595,.T.);
#5321=EDGE_CURVE('',#3887,#4012,#1596,.T.);
#5322=EDGE_CURVE('',#4013,#3886,#1597,.T.);
#5323=EDGE_CURVE('',#4012,#4013,#3023,.T.);
#5324=EDGE_CURVE('',#3883,#4014,#1598,.T.);
#5325=EDGE_CURVE('',#4015,#3882,#1599,.T.);
#5326=EDGE_CURVE('',#4014,#4015,#3024,.T.);
#5327=EDGE_CURVE('',#3875,#4016,#1600,.T.);
#5328=EDGE_CURVE('',#4017,#3874,#1601,.T.);
#5329=EDGE_CURVE('',#4016,#4017,#3025,.T.);
#5330=EDGE_CURVE('',#4018,#3878,#1602,.T.);
#5331=EDGE_CURVE('',#4019,#4018,#3026,.T.);
#5332=EDGE_CURVE('',#3879,#4019,#1603,.T.);
#5333=EDGE_CURVE('',#3867,#4020,#1604,.T.);
#5334=EDGE_CURVE('',#4021,#3866,#1605,.T.);
#5335=EDGE_CURVE('',#4020,#4021,#3027,.T.);
#5336=EDGE_CURVE('',#4022,#3870,#1606,.T.);
#5337=EDGE_CURVE('',#4023,#4022,#3028,.T.);
#5338=EDGE_CURVE('',#3871,#4023,#1607,.T.);
#5339=EDGE_CURVE('',#3863,#4024,#1608,.T.);
#5340=EDGE_CURVE('',#4025,#3862,#1609,.T.);
#5341=EDGE_CURVE('',#4024,#4025,#3029,.T.);
#5342=EDGE_CURVE('',#3859,#4026,#1610,.T.);
#5343=EDGE_CURVE('',#4027,#3858,#1611,.T.);
#5344=EDGE_CURVE('',#4026,#4027,#3030,.T.);
#5345=EDGE_CURVE('',#3919,#4028,#1612,.T.);
#5346=EDGE_CURVE('',#4029,#3918,#1613,.T.);
#5347=EDGE_CURVE('',#4028,#4029,#3031,.T.);
#5348=EDGE_CURVE('',#4030,#3922,#1614,.T.);
#5349=EDGE_CURVE('',#4031,#4030,#3032,.T.);
#5350=EDGE_CURVE('',#3923,#4031,#1615,.T.);
#5351=EDGE_CURVE('',#3915,#4032,#1616,.T.);
#5352=EDGE_CURVE('',#4033,#3914,#1617,.T.);
#5353=EDGE_CURVE('',#4032,#4033,#3033,.T.);
#5354=EDGE_CURVE('',#4034,#3926,#1618,.T.);
#5355=EDGE_CURVE('',#4035,#4034,#3034,.T.);
#5356=EDGE_CURVE('',#3927,#4035,#1619,.T.);
#5357=EDGE_CURVE('',#4036,#3930,#1620,.T.);
#5358=EDGE_CURVE('',#4037,#4036,#3035,.T.);
#5359=EDGE_CURVE('',#3931,#4037,#1621,.T.);
#5360=EDGE_CURVE('',#4038,#3934,#1622,.T.);
#5361=EDGE_CURVE('',#4039,#4038,#3036,.T.);
#5362=EDGE_CURVE('',#3935,#4039,#1623,.T.);
#5363=EDGE_CURVE('',#3907,#4040,#1624,.T.);
#5364=EDGE_CURVE('',#4041,#3906,#1625,.T.);
#5365=EDGE_CURVE('',#4040,#4041,#3037,.T.);
#5366=EDGE_CURVE('',#4042,#3910,#1626,.T.);
#5367=EDGE_CURVE('',#4043,#4042,#3038,.T.);
#5368=EDGE_CURVE('',#3911,#4043,#1627,.T.);
#5369=EDGE_CURVE('',#3903,#4044,#1628,.T.);
#5370=EDGE_CURVE('',#4045,#3902,#1629,.T.);
#5371=EDGE_CURVE('',#4044,#4045,#3039,.T.);
#5372=EDGE_CURVE('',#3899,#4046,#1630,.T.);
#5373=EDGE_CURVE('',#4047,#3898,#1631,.T.);
#5374=EDGE_CURVE('',#4046,#4047,#3040,.T.);
#5375=EDGE_CURVE('',#4048,#3971,#3041,.T.);
#5376=EDGE_CURVE('',#4049,#3972,#3042,.T.);
#5377=EDGE_CURVE('',#4049,#4050,#3043,.T.);
#5378=EDGE_CURVE('',#4050,#3975,#3044,.T.);
#5379=EDGE_CURVE('',#4051,#3976,#3045,.T.);
#5380=EDGE_CURVE('',#4051,#4052,#3046,.T.);
#5381=EDGE_CURVE('',#4052,#3977,#3047,.T.);
#5382=EDGE_CURVE('',#4053,#3978,#3048,.T.);
#5383=EDGE_CURVE('',#4053,#4054,#3049,.T.);
#5384=EDGE_CURVE('',#4054,#3982,#3050,.T.);
#5385=EDGE_CURVE('',#4055,#3981,#3051,.T.);
#5386=EDGE_CURVE('',#4055,#4056,#3052,.T.);
#5387=EDGE_CURVE('',#4056,#3979,#3053,.T.);
#5388=EDGE_CURVE('',#4057,#3980,#3054,.T.);
#5389=EDGE_CURVE('',#4057,#4058,#3055,.T.);
#5390=EDGE_CURVE('',#4058,#3987,#3056,.T.);
#5391=EDGE_CURVE('',#4059,#3988,#3057,.T.);
#5392=EDGE_CURVE('',#4059,#4060,#3058,.T.);
#5393=EDGE_CURVE('',#4060,#3986,#3059,.T.);
#5394=EDGE_CURVE('',#4061,#3985,#3060,.T.);
#5395=EDGE_CURVE('',#4061,#3808,#3061,.T.);
#5396=EDGE_CURVE('',#4062,#3984,#3062,.T.);
#5397=EDGE_CURVE('',#4062,#3804,#3063,.T.);
#5398=EDGE_CURVE('',#4063,#3983,#3064,.T.);
#5399=EDGE_CURVE('',#4063,#4064,#3065,.T.);
#5400=EDGE_CURVE('',#4064,#4065,#3066,.T.);
#5401=EDGE_CURVE('',#4065,#4066,#3067,.T.);
#5402=EDGE_CURVE('',#4067,#4066,#3068,.T.);
#5403=EDGE_CURVE('',#4067,#4068,#3069,.T.);
#5404=EDGE_CURVE('',#4068,#4039,#3070,.T.);
#5405=EDGE_CURVE('',#4069,#4038,#3071,.T.);
#5406=EDGE_CURVE('',#4069,#4070,#3072,.T.);
#5407=EDGE_CURVE('',#4070,#4037,#3073,.T.);
#5408=EDGE_CURVE('',#4071,#4036,#3074,.T.);
#5409=EDGE_CURVE('',#4071,#4072,#3075,.T.);
#5410=EDGE_CURVE('',#4072,#4035,#3076,.T.);
#5411=EDGE_CURVE('',#4073,#4034,#3077,.T.);
#5412=EDGE_CURVE('',#4073,#4074,#3078,.T.);
#5413=EDGE_CURVE('',#4074,#4031,#3079,.T.);
#5414=EDGE_CURVE('',#4075,#4030,#3080,.T.);
#5415=EDGE_CURVE('',#4075,#4076,#3081,.T.);
#5416=EDGE_CURVE('',#4076,#4028,#3082,.T.);
#5417=EDGE_CURVE('',#4077,#4029,#3083,.T.);
#5418=EDGE_CURVE('',#4077,#4078,#3084,.T.);
#5419=EDGE_CURVE('',#4078,#4032,#3085,.T.);
#5420=EDGE_CURVE('',#4079,#4033,#3086,.T.);
#5421=EDGE_CURVE('',#4079,#4080,#3087,.T.);
#5422=EDGE_CURVE('',#4080,#4043,#3088,.T.);
#5423=EDGE_CURVE('',#4081,#4042,#3089,.T.);
#5424=EDGE_CURVE('',#4081,#4082,#3090,.T.);
#5425=EDGE_CURVE('',#4082,#4040,#3091,.T.);
#5426=EDGE_CURVE('',#4083,#4041,#3092,.T.);
#5427=EDGE_CURVE('',#4083,#4084,#3093,.T.);
#5428=EDGE_CURVE('',#4084,#4044,#3094,.T.);
#5429=EDGE_CURVE('',#4085,#4045,#3095,.T.);
#5430=EDGE_CURVE('',#4085,#4086,#3096,.T.);
#5431=EDGE_CURVE('',#4086,#4046,#3097,.T.);
#5432=EDGE_CURVE('',#4087,#4047,#3098,.T.);
#5433=EDGE_CURVE('',#4087,#4088,#3099,.T.);
#5434=EDGE_CURVE('',#4088,#4011,#3100,.T.);
#5435=EDGE_CURVE('',#4089,#4010,#3101,.T.);
#5436=EDGE_CURVE('',#4089,#4090,#3102,.T.);
#5437=EDGE_CURVE('',#4090,#4008,#3103,.T.);
#5438=EDGE_CURVE('',#4091,#4009,#3104,.T.);
#5439=EDGE_CURVE('',#4091,#4092,#3105,.T.);
#5440=EDGE_CURVE('',#4092,#4012,#3106,.T.);
#5441=EDGE_CURVE('',#4093,#4013,#3107,.T.);
#5442=EDGE_CURVE('',#4093,#4094,#3108,.T.);
#5443=EDGE_CURVE('',#4094,#4014,#3109,.T.);
#5444=EDGE_CURVE('',#4095,#4015,#3110,.T.);
#5445=EDGE_CURVE('',#4095,#4096,#3111,.T.);
#5446=EDGE_CURVE('',#4096,#4019,#3112,.T.);
#5447=EDGE_CURVE('',#4097,#4018,#3113,.T.);
#5448=EDGE_CURVE('',#4097,#4098,#3114,.T.);
#5449=EDGE_CURVE('',#4098,#4016,#3115,.T.);
#5450=EDGE_CURVE('',#4099,#4017,#3116,.T.);
#5451=EDGE_CURVE('',#4099,#4100,#3117,.T.);
#5452=EDGE_CURVE('',#4100,#4023,#3118,.T.);
#5453=EDGE_CURVE('',#4101,#4022,#3119,.T.);
#5454=EDGE_CURVE('',#4101,#4102,#3120,.T.);
#5455=EDGE_CURVE('',#4102,#4020,#3121,.T.);
#5456=EDGE_CURVE('',#4103,#4021,#3122,.T.);
#5457=EDGE_CURVE('',#4103,#4104,#3123,.T.);
#5458=EDGE_CURVE('',#4104,#4024,#3124,.T.);
#5459=EDGE_CURVE('',#4105,#4025,#3125,.T.);
#5460=EDGE_CURVE('',#4105,#4106,#3126,.T.);
#5461=EDGE_CURVE('',#4106,#4026,#3127,.T.);
#5462=EDGE_CURVE('',#4107,#4027,#3128,.T.);
#5463=EDGE_CURVE('',#4107,#4108,#3129,.T.);
#5464=EDGE_CURVE('',#4108,#3992,#3130,.T.);
#5465=EDGE_CURVE('',#4109,#3991,#3131,.T.);
#5466=EDGE_CURVE('',#4109,#4110,#3132,.T.);
#5467=EDGE_CURVE('',#4110,#3989,#3133,.T.);
#5468=EDGE_CURVE('',#4111,#3990,#3134,.T.);
#5469=EDGE_CURVE('',#4111,#4112,#3135,.T.);
#5470=EDGE_CURVE('',#4112,#3993,#3136,.T.);
#5471=EDGE_CURVE('',#3811,#4113,#3137,.T.);
#5472=EDGE_CURVE('',#4113,#3994,#3138,.T.);
#5473=EDGE_CURVE('',#4114,#3995,#3139,.T.);
#5474=EDGE_CURVE('',#4114,#4115,#3140,.T.);
#5475=EDGE_CURVE('',#4115,#3999,#3141,.T.);
#5476=EDGE_CURVE('',#4116,#3998,#3142,.T.);
#5477=EDGE_CURVE('',#4116,#4117,#3143,.T.);
#5478=EDGE_CURVE('',#4117,#3996,#3144,.T.);
#5479=EDGE_CURVE('',#4118,#3997,#3145,.T.);
#5480=EDGE_CURVE('',#4118,#4119,#3146,.T.);
#5481=EDGE_CURVE('',#4119,#4003,#3147,.T.);
#5482=EDGE_CURVE('',#4120,#4002,#3148,.T.);
#5483=EDGE_CURVE('',#4120,#4121,#3149,.T.);
#5484=EDGE_CURVE('',#4121,#4000,#3150,.T.);
#5485=EDGE_CURVE('',#4122,#4001,#3151,.T.);
#5486=EDGE_CURVE('',#4122,#4123,#3152,.T.);
#5487=EDGE_CURVE('',#4123,#4004,#3153,.T.);
#5488=EDGE_CURVE('',#4124,#4005,#3154,.T.);
#5489=EDGE_CURVE('',#4124,#4125,#3155,.T.);
#5490=EDGE_CURVE('',#4125,#4006,#3156,.T.);
#5491=EDGE_CURVE('',#4126,#4007,#3157,.T.);
#5492=EDGE_CURVE('',#4126,#4127,#3158,.T.);
#5493=EDGE_CURVE('',#4127,#3974,#3159,.T.);
#5494=EDGE_CURVE('',#4128,#3973,#3160,.T.);
#5495=EDGE_CURVE('',#4128,#4048,#3161,.T.);
#5496=EDGE_CURVE('',#3939,#4065,#1632,.T.);
#5497=EDGE_CURVE('',#4066,#3938,#1633,.T.);
#5498=EDGE_CURVE('',#3936,#4068,#1634,.T.);
#5499=EDGE_CURVE('',#3937,#4067,#1635,.T.);
#5500=EDGE_CURVE('',#3940,#4064,#1636,.T.);
#5501=EDGE_CURVE('',#3941,#4063,#1637,.T.);
#5502=EDGE_CURVE('',#3896,#4088,#1638,.T.);
#5503=EDGE_CURVE('',#3897,#4087,#1639,.T.);
#5504=EDGE_CURVE('',#3900,#4086,#1640,.T.);
#5505=EDGE_CURVE('',#3901,#4085,#1641,.T.);
#5506=EDGE_CURVE('',#3904,#4084,#1642,.T.);
#5507=EDGE_CURVE('',#3905,#4083,#1643,.T.);
#5508=EDGE_CURVE('',#3912,#4080,#1644,.T.);
#5509=EDGE_CURVE('',#3913,#4079,#1645,.T.);
#5510=EDGE_CURVE('',#3908,#4082,#1646,.T.);
#5511=EDGE_CURVE('',#3909,#4081,#1647,.T.);
#5512=EDGE_CURVE('',#3932,#4070,#1648,.T.);
#5513=EDGE_CURVE('',#3933,#4069,#1649,.T.);
#5514=EDGE_CURVE('',#3928,#4072,#1650,.T.);
#5515=EDGE_CURVE('',#3929,#4071,#1651,.T.);
#5516=EDGE_CURVE('',#3924,#4074,#1652,.T.);
#5517=EDGE_CURVE('',#3925,#4073,#1653,.T.);
#5518=EDGE_CURVE('',#3916,#4078,#1654,.T.);
#5519=EDGE_CURVE('',#3917,#4077,#1655,.T.);
#5520=EDGE_CURVE('',#3920,#4076,#1656,.T.);
#5521=EDGE_CURVE('',#3921,#4075,#1657,.T.);
#5522=EDGE_CURVE('',#3856,#4108,#1658,.T.);
#5523=EDGE_CURVE('',#3857,#4107,#1659,.T.);
#5524=EDGE_CURVE('',#3860,#4106,#1660,.T.);
#5525=EDGE_CURVE('',#3861,#4105,#1661,.T.);
#5526=EDGE_CURVE('',#3864,#4104,#1662,.T.);
#5527=EDGE_CURVE('',#3865,#4103,#1663,.T.);
#5528=EDGE_CURVE('',#3872,#4100,#1664,.T.);
#5529=EDGE_CURVE('',#3873,#4099,#1665,.T.);
#5530=EDGE_CURVE('',#3868,#4102,#1666,.T.);
#5531=EDGE_CURVE('',#3869,#4101,#1667,.T.);
#5532=EDGE_CURVE('',#3880,#4096,#1668,.T.);
#5533=EDGE_CURVE('',#3881,#4095,#1669,.T.);
#5534=EDGE_CURVE('',#3876,#4098,#1670,.T.);
#5535=EDGE_CURVE('',#3877,#4097,#1671,.T.);
#5536=EDGE_CURVE('',#3884,#4094,#1672,.T.);
#5537=EDGE_CURVE('',#3885,#4093,#1673,.T.);
#5538=EDGE_CURVE('',#3888,#4092,#1674,.T.);
#5539=EDGE_CURVE('',#3889,#4091,#1675,.T.);
#5540=EDGE_CURVE('',#3892,#4090,#1676,.T.);
#5541=EDGE_CURVE('',#3893,#4089,#1677,.T.);
#5542=EDGE_CURVE('',#3818,#4127,#1678,.T.);
#5543=EDGE_CURVE('',#3819,#4126,#1679,.T.);
#5544=EDGE_CURVE('',#3822,#4125,#1680,.T.);
#5545=EDGE_CURVE('',#3823,#4124,#1681,.T.);
#5546=EDGE_CURVE('',#3826,#4123,#1682,.T.);
#5547=EDGE_CURVE('',#3827,#4122,#1683,.T.);
#5548=EDGE_CURVE('',#3834,#4119,#1684,.T.);
#5549=EDGE_CURVE('',#3835,#4118,#1685,.T.);
#5550=EDGE_CURVE('',#3830,#4121,#1686,.T.);
#5551=EDGE_CURVE('',#3831,#4120,#1687,.T.);
#5552=EDGE_CURVE('',#3842,#4115,#1688,.T.);
#5553=EDGE_CURVE('',#3843,#4114,#1689,.T.);
#5554=EDGE_CURVE('',#3838,#4117,#1690,.T.);
#5555=EDGE_CURVE('',#3839,#4116,#1691,.T.);
#5556=EDGE_CURVE('',#3846,#4113,#1692,.T.);
#5557=EDGE_CURVE('',#3848,#4112,#1693,.T.);
#5558=EDGE_CURVE('',#3849,#4111,#1694,.T.);
#5559=EDGE_CURVE('',#3852,#4110,#1695,.T.);
#5560=EDGE_CURVE('',#3853,#4109,#1696,.T.);
#5561=EDGE_CURVE('',#3948,#4060,#1697,.T.);
#5562=EDGE_CURVE('',#3949,#4059,#1698,.T.);
#5563=EDGE_CURVE('',#3952,#4058,#1699,.T.);
#5564=EDGE_CURVE('',#3953,#4057,#1700,.T.);
#5565=EDGE_CURVE('',#3945,#4061,#1701,.T.);
#5566=EDGE_CURVE('',#3943,#4062,#1702,.T.);
#5567=EDGE_CURVE('',#3960,#4054,#1703,.T.);
#5568=EDGE_CURVE('',#3961,#4053,#1704,.T.);
#5569=EDGE_CURVE('',#3956,#4056,#1705,.T.);
#5570=EDGE_CURVE('',#3957,#4055,#1706,.T.);
#5571=EDGE_CURVE('',#3964,#4052,#1707,.T.);
#5572=EDGE_CURVE('',#3965,#4051,#1708,.T.);
#5573=EDGE_CURVE('',#3968,#4050,#1709,.T.);
#5574=EDGE_CURVE('',#3969,#4049,#1710,.T.);
#5575=EDGE_CURVE('',#3813,#4048,#1711,.T.);
#5576=EDGE_CURVE('',#3815,#4128,#1712,.T.);
#5577=EDGE_CURVE('',#4129,#4130,#3162,.T.);
#5578=EDGE_CURVE('',#4130,#4129,#3163,.T.);
#5579=EDGE_CURVE('',#4130,#4131,#1713,.T.);
#5580=EDGE_CURVE('',#4131,#4131,#3164,.T.);
#5581=EDGE_CURVE('',#4132,#4133,#3165,.T.);
#5582=EDGE_CURVE('',#4133,#4132,#3166,.T.);
#5583=EDGE_CURVE('',#4133,#4134,#1714,.T.);
#5584=EDGE_CURVE('',#4134,#4134,#3167,.T.);
#5585=EDGE_CURVE('',#4135,#4135,#3168,.T.);
#5586=EDGE_CURVE('',#4135,#4136,#1715,.T.);
#5587=EDGE_CURVE('',#4136,#4136,#3169,.T.);
#5588=EDGE_CURVE('',#4137,#4138,#3170,.T.);
#5589=EDGE_CURVE('',#4138,#4137,#3171,.T.);
#5590=EDGE_CURVE('',#4138,#4139,#1716,.T.);
#5591=EDGE_CURVE('',#4139,#4139,#3172,.T.);
#5592=EDGE_CURVE('',#4129,#4140,#1717,.T.);
#5593=EDGE_CURVE('',#4140,#4140,#3173,.T.);
#5594=EDGE_CURVE('',#4137,#4141,#1718,.T.);
#5595=EDGE_CURVE('',#4141,#4141,#3174,.T.);
#5596=EDGE_CURVE('',#4132,#4135,#1719,.T.);
#5597=ORIENTED_EDGE('',*,*,#4142,.T.);
#5598=ORIENTED_EDGE('',*,*,#4143,.T.);
#5599=ORIENTED_EDGE('',*,*,#4144,.T.);
#5600=ORIENTED_EDGE('',*,*,#4143,.F.);
#5601=ORIENTED_EDGE('',*,*,#4145,.T.);
#5602=ORIENTED_EDGE('',*,*,#4146,.T.);
#5603=ORIENTED_EDGE('',*,*,#4147,.T.);
#5604=ORIENTED_EDGE('',*,*,#4148,.T.);
#5605=ORIENTED_EDGE('',*,*,#4149,.T.);
#5606=ORIENTED_EDGE('',*,*,#4150,.T.);
#5607=ORIENTED_EDGE('',*,*,#4151,.T.);
#5608=ORIENTED_EDGE('',*,*,#4152,.T.);
#5609=ORIENTED_EDGE('',*,*,#4153,.T.);
#5610=ORIENTED_EDGE('',*,*,#4154,.T.);
#5611=ORIENTED_EDGE('',*,*,#4155,.F.);
#5612=ORIENTED_EDGE('',*,*,#4156,.F.);
#5613=ORIENTED_EDGE('',*,*,#4157,.T.);
#5614=ORIENTED_EDGE('',*,*,#4158,.T.);
#5615=ORIENTED_EDGE('',*,*,#4159,.F.);
#5616=ORIENTED_EDGE('',*,*,#4160,.F.);
#5617=ORIENTED_EDGE('',*,*,#4161,.T.);
#5618=ORIENTED_EDGE('',*,*,#4162,.F.);
#5619=ORIENTED_EDGE('',*,*,#4163,.F.);
#5620=ORIENTED_EDGE('',*,*,#4164,.F.);
#5621=ORIENTED_EDGE('',*,*,#4165,.F.);
#5622=ORIENTED_EDGE('',*,*,#4166,.F.);
#5623=ORIENTED_EDGE('',*,*,#4167,.F.);
#5624=ORIENTED_EDGE('',*,*,#4168,.F.);
#5625=ORIENTED_EDGE('',*,*,#4169,.F.);
#5626=ORIENTED_EDGE('',*,*,#4170,.F.);
#5627=ORIENTED_EDGE('',*,*,#4171,.F.);
#5628=ORIENTED_EDGE('',*,*,#4172,.F.);
#5629=ORIENTED_EDGE('',*,*,#4157,.F.);
#5630=ORIENTED_EDGE('',*,*,#4173,.F.);
#5631=ORIENTED_EDGE('',*,*,#4174,.F.);
#5632=ORIENTED_EDGE('',*,*,#4175,.F.);
#5633=ORIENTED_EDGE('',*,*,#4153,.F.);
#5634=ORIENTED_EDGE('',*,*,#4176,.F.);
#5635=ORIENTED_EDGE('',*,*,#4177,.F.);
#5636=ORIENTED_EDGE('',*,*,#4178,.F.);
#5637=ORIENTED_EDGE('',*,*,#4179,.F.);
#5638=ORIENTED_EDGE('',*,*,#4180,.F.);
#5639=ORIENTED_EDGE('',*,*,#4181,.F.);
#5640=ORIENTED_EDGE('',*,*,#4161,.F.);
#5641=ORIENTED_EDGE('',*,*,#4182,.F.);
#5642=ORIENTED_EDGE('',*,*,#4183,.F.);
#5643=ORIENTED_EDGE('',*,*,#4184,.F.);
#5644=ORIENTED_EDGE('',*,*,#4185,.F.);
#5645=ORIENTED_EDGE('',*,*,#4186,.F.);
#5646=ORIENTED_EDGE('',*,*,#4187,.F.);
#5647=ORIENTED_EDGE('',*,*,#4149,.F.);
#5648=ORIENTED_EDGE('',*,*,#4188,.F.);
#5649=ORIENTED_EDGE('',*,*,#4189,.F.);
#5650=ORIENTED_EDGE('',*,*,#4190,.F.);
#5651=ORIENTED_EDGE('',*,*,#4145,.F.);
#5652=ORIENTED_EDGE('',*,*,#4191,.F.);
#5653=ORIENTED_EDGE('',*,*,#4192,.F.);
#5654=ORIENTED_EDGE('',*,*,#4193,.F.);
#5655=ORIENTED_EDGE('',*,*,#4194,.F.);
#5656=ORIENTED_EDGE('',*,*,#4195,.F.);
#5657=ORIENTED_EDGE('',*,*,#4196,.F.);
#5658=ORIENTED_EDGE('',*,*,#4197,.F.);
#5659=ORIENTED_EDGE('',*,*,#4198,.F.);
#5660=ORIENTED_EDGE('',*,*,#4199,.F.);
#5661=ORIENTED_EDGE('',*,*,#4142,.F.);
#5662=ORIENTED_EDGE('',*,*,#4200,.F.);
#5663=ORIENTED_EDGE('',*,*,#4199,.T.);
#5664=ORIENTED_EDGE('',*,*,#4201,.F.);
#5665=ORIENTED_EDGE('',*,*,#4202,.F.);
#5666=ORIENTED_EDGE('',*,*,#4203,.F.);
#5667=ORIENTED_EDGE('',*,*,#4204,.F.);
#5668=ORIENTED_EDGE('',*,*,#4205,.F.);
#5669=ORIENTED_EDGE('',*,*,#4168,.T.);
#5670=ORIENTED_EDGE('',*,*,#4206,.F.);
#5671=ORIENTED_EDGE('',*,*,#4207,.F.);
#5672=ORIENTED_EDGE('',*,*,#4158,.F.);
#5673=ORIENTED_EDGE('',*,*,#4172,.T.);
#5674=ORIENTED_EDGE('',*,*,#4208,.F.);
#5675=ORIENTED_EDGE('',*,*,#4191,.T.);
#5676=ORIENTED_EDGE('',*,*,#4148,.F.);
#5677=ORIENTED_EDGE('',*,*,#4209,.F.);
#5678=ORIENTED_EDGE('',*,*,#4210,.F.);
#5679=ORIENTED_EDGE('',*,*,#4211,.F.);
#5680=ORIENTED_EDGE('',*,*,#4212,.F.);
#5681=ORIENTED_EDGE('',*,*,#4195,.T.);
#5682=ORIENTED_EDGE('',*,*,#4213,.F.);
#5683=ORIENTED_EDGE('',*,*,#4178,.T.);
#5684=ORIENTED_EDGE('',*,*,#4214,.F.);
#5685=ORIENTED_EDGE('',*,*,#4215,.F.);
#5686=ORIENTED_EDGE('',*,*,#4216,.F.);
#5687=ORIENTED_EDGE('',*,*,#4217,.F.);
#5688=ORIENTED_EDGE('',*,*,#4218,.F.);
#5689=ORIENTED_EDGE('',*,*,#4185,.T.);
#5690=ORIENTED_EDGE('',*,*,#4219,.F.);
#5691=ORIENTED_EDGE('',*,*,#4188,.T.);
#5692=ORIENTED_EDGE('',*,*,#4152,.F.);
#5693=ORIENTED_EDGE('',*,*,#4220,.F.);
#5694=ORIENTED_EDGE('',*,*,#4221,.T.);
#5695=ORIENTED_EDGE('',*,*,#4202,.T.);
#5696=ORIENTED_EDGE('',*,*,#4222,.F.);
#5697=ORIENTED_EDGE('',*,*,#4223,.T.);
#5698=ORIENTED_EDGE('',*,*,#4224,.T.);
#5699=ORIENTED_EDGE('',*,*,#4211,.T.);
#5700=ORIENTED_EDGE('',*,*,#4225,.F.);
#5701=ORIENTED_EDGE('',*,*,#4226,.T.);
#5702=ORIENTED_EDGE('',*,*,#4227,.T.);
#5703=ORIENTED_EDGE('',*,*,#4209,.T.);
#5704=ORIENTED_EDGE('',*,*,#4147,.F.);
#5705=ORIENTED_EDGE('',*,*,#4228,.T.);
#5706=ORIENTED_EDGE('',*,*,#4229,.T.);
#5707=ORIENTED_EDGE('',*,*,#4220,.T.);
#5708=ORIENTED_EDGE('',*,*,#4151,.F.);
#5709=ORIENTED_EDGE('',*,*,#4230,.T.);
#5710=ORIENTED_EDGE('',*,*,#4231,.T.);
#5711=ORIENTED_EDGE('',*,*,#4217,.T.);
#5712=ORIENTED_EDGE('',*,*,#4232,.F.);
#5713=ORIENTED_EDGE('',*,*,#4233,.T.);
#5714=ORIENTED_EDGE('',*,*,#4234,.T.);
#5715=ORIENTED_EDGE('',*,*,#4163,.T.);
#5716=ORIENTED_EDGE('',*,*,#4235,.F.);
#5717=ORIENTED_EDGE('',*,*,#4236,.T.);
#5718=ORIENTED_EDGE('',*,*,#4237,.T.);
#5719=ORIENTED_EDGE('',*,*,#4215,.T.);
#5720=ORIENTED_EDGE('',*,*,#4238,.F.);
#5721=ORIENTED_EDGE('',*,*,#4239,.T.);
#5722=ORIENTED_EDGE('',*,*,#4155,.T.);
#5723=ORIENTED_EDGE('',*,*,#4240,.T.);
#5724=ORIENTED_EDGE('',*,*,#4241,.F.);
#5725=ORIENTED_EDGE('',*,*,#4242,.T.);
#5726=ORIENTED_EDGE('',*,*,#4159,.T.);
#5727=ORIENTED_EDGE('',*,*,#4207,.T.);
#5728=ORIENTED_EDGE('',*,*,#4243,.F.);
#5729=ORIENTED_EDGE('',*,*,#4244,.T.);
#5730=ORIENTED_EDGE('',*,*,#4245,.T.);
#5731=ORIENTED_EDGE('',*,*,#4204,.T.);
#5732=ORIENTED_EDGE('',*,*,#4246,.F.);
#5733=ORIENTED_EDGE('',*,*,#4247,.T.);
#5734=ORIENTED_EDGE('',*,*,#4144,.F.);
#5735=ORIENTED_EDGE('',*,*,#4154,.F.);
#5736=ORIENTED_EDGE('',*,*,#4175,.T.);
#5737=ORIENTED_EDGE('',*,*,#4248,.F.);
#5738=ORIENTED_EDGE('',*,*,#4240,.F.);
#5739=ORIENTED_EDGE('',*,*,#4248,.T.);
#5740=ORIENTED_EDGE('',*,*,#4174,.T.);
#5741=ORIENTED_EDGE('',*,*,#4249,.T.);
#5742=ORIENTED_EDGE('',*,*,#4241,.T.);
#5743=ORIENTED_EDGE('',*,*,#4242,.F.);
#5744=ORIENTED_EDGE('',*,*,#4249,.F.);
#5745=ORIENTED_EDGE('',*,*,#4173,.T.);
#5746=ORIENTED_EDGE('',*,*,#4160,.T.);
#5747=ORIENTED_EDGE('',*,*,#4214,.T.);
#5748=ORIENTED_EDGE('',*,*,#4177,.T.);
#5749=ORIENTED_EDGE('',*,*,#4250,.T.);
#5750=ORIENTED_EDGE('',*,*,#4238,.T.);
#5751=ORIENTED_EDGE('',*,*,#4239,.F.);
#5752=ORIENTED_EDGE('',*,*,#4250,.F.);
#5753=ORIENTED_EDGE('',*,*,#4176,.T.);
#5754=ORIENTED_EDGE('',*,*,#4156,.T.);
#5755=ORIENTED_EDGE('',*,*,#4218,.T.);
#5756=ORIENTED_EDGE('',*,*,#4231,.F.);
#5757=ORIENTED_EDGE('',*,*,#4251,.F.);
#5758=ORIENTED_EDGE('',*,*,#4186,.T.);
#5759=ORIENTED_EDGE('',*,*,#4230,.F.);
#5760=ORIENTED_EDGE('',*,*,#4150,.F.);
#5761=ORIENTED_EDGE('',*,*,#4187,.T.);
#5762=ORIENTED_EDGE('',*,*,#4251,.T.);
#5763=ORIENTED_EDGE('',*,*,#4219,.T.);
#5764=ORIENTED_EDGE('',*,*,#4229,.F.);
#5765=ORIENTED_EDGE('',*,*,#4252,.F.);
#5766=ORIENTED_EDGE('',*,*,#4189,.T.);
#5767=ORIENTED_EDGE('',*,*,#4228,.F.);
#5768=ORIENTED_EDGE('',*,*,#4146,.F.);
#5769=ORIENTED_EDGE('',*,*,#4190,.T.);
#5770=ORIENTED_EDGE('',*,*,#4252,.T.);
#5771=ORIENTED_EDGE('',*,*,#4164,.T.);
#5772=ORIENTED_EDGE('',*,*,#4234,.F.);
#5773=ORIENTED_EDGE('',*,*,#4253,.F.);
#5774=ORIENTED_EDGE('',*,*,#4182,.T.);
#5775=ORIENTED_EDGE('',*,*,#4216,.T.);
#5776=ORIENTED_EDGE('',*,*,#4184,.T.);
#5777=ORIENTED_EDGE('',*,*,#4254,.T.);
#5778=ORIENTED_EDGE('',*,*,#4232,.T.);
#5779=ORIENTED_EDGE('',*,*,#4233,.F.);
#5780=ORIENTED_EDGE('',*,*,#4254,.F.);
#5781=ORIENTED_EDGE('',*,*,#4183,.T.);
#5782=ORIENTED_EDGE('',*,*,#4253,.T.);
#5783=ORIENTED_EDGE('',*,*,#4213,.T.);
#5784=ORIENTED_EDGE('',*,*,#4237,.F.);
#5785=ORIENTED_EDGE('',*,*,#4255,.F.);
#5786=ORIENTED_EDGE('',*,*,#4179,.T.);
#5787=ORIENTED_EDGE('',*,*,#4162,.T.);
#5788=ORIENTED_EDGE('',*,*,#4181,.T.);
#5789=ORIENTED_EDGE('',*,*,#4256,.T.);
#5790=ORIENTED_EDGE('',*,*,#4235,.T.);
#5791=ORIENTED_EDGE('',*,*,#4236,.F.);
#5792=ORIENTED_EDGE('',*,*,#4256,.F.);
#5793=ORIENTED_EDGE('',*,*,#4180,.T.);
#5794=ORIENTED_EDGE('',*,*,#4255,.T.);
#5795=ORIENTED_EDGE('',*,*,#4212,.T.);
#5796=ORIENTED_EDGE('',*,*,#4224,.F.);
#5797=ORIENTED_EDGE('',*,*,#4257,.F.);
#5798=ORIENTED_EDGE('',*,*,#4196,.T.);
#5799=ORIENTED_EDGE('',*,*,#4201,.T.);
#5800=ORIENTED_EDGE('',*,*,#4198,.T.);
#5801=ORIENTED_EDGE('',*,*,#4258,.T.);
#5802=ORIENTED_EDGE('',*,*,#4222,.T.);
#5803=ORIENTED_EDGE('',*,*,#4223,.F.);
#5804=ORIENTED_EDGE('',*,*,#4258,.F.);
#5805=ORIENTED_EDGE('',*,*,#4197,.T.);
#5806=ORIENTED_EDGE('',*,*,#4257,.T.);
#5807=ORIENTED_EDGE('',*,*,#4208,.T.);
#5808=ORIENTED_EDGE('',*,*,#4227,.F.);
#5809=ORIENTED_EDGE('',*,*,#4259,.F.);
#5810=ORIENTED_EDGE('',*,*,#4192,.T.);
#5811=ORIENTED_EDGE('',*,*,#4210,.T.);
#5812=ORIENTED_EDGE('',*,*,#4194,.T.);
#5813=ORIENTED_EDGE('',*,*,#4260,.T.);
#5814=ORIENTED_EDGE('',*,*,#4225,.T.);
#5815=ORIENTED_EDGE('',*,*,#4226,.F.);
#5816=ORIENTED_EDGE('',*,*,#4260,.F.);
#5817=ORIENTED_EDGE('',*,*,#4193,.T.);
#5818=ORIENTED_EDGE('',*,*,#4259,.T.);
#5819=ORIENTED_EDGE('',*,*,#4205,.T.);
#5820=ORIENTED_EDGE('',*,*,#4245,.F.);
#5821=ORIENTED_EDGE('',*,*,#4261,.F.);
#5822=ORIENTED_EDGE('',*,*,#4169,.T.);
#5823=ORIENTED_EDGE('',*,*,#4206,.T.);
#5824=ORIENTED_EDGE('',*,*,#4171,.T.);
#5825=ORIENTED_EDGE('',*,*,#4262,.T.);
#5826=ORIENTED_EDGE('',*,*,#4243,.T.);
#5827=ORIENTED_EDGE('',*,*,#4244,.F.);
#5828=ORIENTED_EDGE('',*,*,#4262,.F.);
#5829=ORIENTED_EDGE('',*,*,#4170,.T.);
#5830=ORIENTED_EDGE('',*,*,#4261,.T.);
#5831=ORIENTED_EDGE('',*,*,#4200,.T.);
#5832=ORIENTED_EDGE('',*,*,#4221,.F.);
#5833=ORIENTED_EDGE('',*,*,#4263,.F.);
#5834=ORIENTED_EDGE('',*,*,#4165,.T.);
#5835=ORIENTED_EDGE('',*,*,#4203,.T.);
#5836=ORIENTED_EDGE('',*,*,#4167,.T.);
#5837=ORIENTED_EDGE('',*,*,#4264,.T.);
#5838=ORIENTED_EDGE('',*,*,#4246,.T.);
#5839=ORIENTED_EDGE('',*,*,#4247,.F.);
#5840=ORIENTED_EDGE('',*,*,#4264,.F.);
#5841=ORIENTED_EDGE('',*,*,#4166,.T.);
#5842=ORIENTED_EDGE('',*,*,#4263,.T.);
#5843=ORIENTED_EDGE('',*,*,#4265,.F.);
#5844=ORIENTED_EDGE('',*,*,#4266,.T.);
#5845=ORIENTED_EDGE('',*,*,#4267,.T.);
#5846=ORIENTED_EDGE('',*,*,#4266,.F.);
#5847=ORIENTED_EDGE('',*,*,#4267,.F.);
#5848=ORIENTED_EDGE('',*,*,#4268,.T.);
#5849=ORIENTED_EDGE('',*,*,#4269,.T.);
#5850=ORIENTED_EDGE('',*,*,#4268,.F.);
#5851=ORIENTED_EDGE('',*,*,#4269,.F.);
#5852=ORIENTED_EDGE('',*,*,#4270,.T.);
#5853=ORIENTED_EDGE('',*,*,#4271,.T.);
#5854=ORIENTED_EDGE('',*,*,#4270,.F.);
#5855=ORIENTED_EDGE('',*,*,#4272,.F.);
#5856=ORIENTED_EDGE('',*,*,#4273,.T.);
#5857=ORIENTED_EDGE('',*,*,#4274,.F.);
#5858=ORIENTED_EDGE('',*,*,#4275,.F.);
#5859=ORIENTED_EDGE('',*,*,#4273,.F.);
#5860=ORIENTED_EDGE('',*,*,#4276,.F.);
#5861=ORIENTED_EDGE('',*,*,#4277,.F.);
#5862=ORIENTED_EDGE('',*,*,#4278,.T.);
#5863=ORIENTED_EDGE('',*,*,#4279,.T.);
#5864=ORIENTED_EDGE('',*,*,#4278,.F.);
#5865=ORIENTED_EDGE('',*,*,#4280,.T.);
#5866=ORIENTED_EDGE('',*,*,#4281,.T.);
#5867=ORIENTED_EDGE('',*,*,#4274,.T.);
#5868=ORIENTED_EDGE('',*,*,#4275,.T.);
#5869=ORIENTED_EDGE('',*,*,#4281,.F.);
#5870=ORIENTED_EDGE('',*,*,#4282,.T.);
#5871=ORIENTED_EDGE('',*,*,#4283,.F.);
#5872=ORIENTED_EDGE('',*,*,#4284,.T.);
#5873=ORIENTED_EDGE('',*,*,#4285,.T.);
#5874=ORIENTED_EDGE('',*,*,#4284,.F.);
#5875=ORIENTED_EDGE('',*,*,#4285,.F.);
#5876=ORIENTED_EDGE('',*,*,#4286,.T.);
#5877=ORIENTED_EDGE('',*,*,#4287,.T.);
#5878=ORIENTED_EDGE('',*,*,#4286,.F.);
#5879=ORIENTED_EDGE('',*,*,#4287,.F.);
#5880=ORIENTED_EDGE('',*,*,#4288,.T.);
#5881=ORIENTED_EDGE('',*,*,#4289,.T.);
#5882=ORIENTED_EDGE('',*,*,#4288,.F.);
#5883=ORIENTED_EDGE('',*,*,#4280,.F.);
#5884=ORIENTED_EDGE('',*,*,#4290,.T.);
#5885=ORIENTED_EDGE('',*,*,#4291,.T.);
#5886=ORIENTED_EDGE('',*,*,#4290,.F.);
#5887=ORIENTED_EDGE('',*,*,#4282,.F.);
#5888=ORIENTED_EDGE('',*,*,#4292,.F.);
#5889=ORIENTED_EDGE('',*,*,#4293,.T.);
#5890=ORIENTED_EDGE('',*,*,#4294,.F.);
#5891=ORIENTED_EDGE('',*,*,#4295,.F.);
#5892=ORIENTED_EDGE('',*,*,#4293,.F.);
#5893=ORIENTED_EDGE('',*,*,#4276,.T.);
#5894=ORIENTED_EDGE('',*,*,#4277,.T.);
#5895=ORIENTED_EDGE('',*,*,#4296,.T.);
#5896=ORIENTED_EDGE('',*,*,#4294,.T.);
#5897=ORIENTED_EDGE('',*,*,#4295,.T.);
#5898=ORIENTED_EDGE('',*,*,#4296,.F.);
#5899=ORIENTED_EDGE('',*,*,#4292,.T.);
#5900=ORIENTED_EDGE('',*,*,#4289,.F.);
#5901=ORIENTED_EDGE('',*,*,#4291,.F.);
#5902=ORIENTED_EDGE('',*,*,#4283,.T.);
#5903=ORIENTED_EDGE('',*,*,#4265,.T.);
#5904=ORIENTED_EDGE('',*,*,#4279,.F.);
#5905=ORIENTED_EDGE('',*,*,#4271,.F.);
#5906=ORIENTED_EDGE('',*,*,#4272,.T.);
#5907=ORIENTED_EDGE('',*,*,#4297,.T.);
#5908=ORIENTED_EDGE('',*,*,#4298,.T.);
#5909=ORIENTED_EDGE('',*,*,#4299,.T.);
#5910=ORIENTED_EDGE('',*,*,#4298,.F.);
#5911=ORIENTED_EDGE('',*,*,#4300,.T.);
#5912=ORIENTED_EDGE('',*,*,#4301,.T.);
#5913=ORIENTED_EDGE('',*,*,#4302,.F.);
#5914=ORIENTED_EDGE('',*,*,#4303,.F.);
#5915=ORIENTED_EDGE('',*,*,#4304,.T.);
#5916=ORIENTED_EDGE('',*,*,#4305,.T.);
#5917=ORIENTED_EDGE('',*,*,#4306,.F.);
#5918=ORIENTED_EDGE('',*,*,#4307,.F.);
#5919=ORIENTED_EDGE('',*,*,#4308,.T.);
#5920=ORIENTED_EDGE('',*,*,#4309,.T.);
#5921=ORIENTED_EDGE('',*,*,#4310,.T.);
#5922=ORIENTED_EDGE('',*,*,#4311,.T.);
#5923=ORIENTED_EDGE('',*,*,#4312,.T.);
#5924=ORIENTED_EDGE('',*,*,#4313,.T.);
#5925=ORIENTED_EDGE('',*,*,#4314,.T.);
#5926=ORIENTED_EDGE('',*,*,#4315,.T.);
#5927=ORIENTED_EDGE('',*,*,#4316,.F.);
#5928=ORIENTED_EDGE('',*,*,#4317,.F.);
#5929=ORIENTED_EDGE('',*,*,#4318,.F.);
#5930=ORIENTED_EDGE('',*,*,#4319,.F.);
#5931=ORIENTED_EDGE('',*,*,#4320,.F.);
#5932=ORIENTED_EDGE('',*,*,#4321,.F.);
#5933=ORIENTED_EDGE('',*,*,#4322,.F.);
#5934=ORIENTED_EDGE('',*,*,#4323,.F.);
#5935=ORIENTED_EDGE('',*,*,#4324,.F.);
#5936=ORIENTED_EDGE('',*,*,#4325,.F.);
#5937=ORIENTED_EDGE('',*,*,#4326,.F.);
#5938=ORIENTED_EDGE('',*,*,#4327,.F.);
#5939=ORIENTED_EDGE('',*,*,#4328,.F.);
#5940=ORIENTED_EDGE('',*,*,#4329,.F.);
#5941=ORIENTED_EDGE('',*,*,#4330,.F.);
#5942=ORIENTED_EDGE('',*,*,#4331,.F.);
#5943=ORIENTED_EDGE('',*,*,#4332,.F.);
#5944=ORIENTED_EDGE('',*,*,#4333,.F.);
#5945=ORIENTED_EDGE('',*,*,#4334,.F.);
#5946=ORIENTED_EDGE('',*,*,#4335,.F.);
#5947=ORIENTED_EDGE('',*,*,#4336,.F.);
#5948=ORIENTED_EDGE('',*,*,#4337,.F.);
#5949=ORIENTED_EDGE('',*,*,#4338,.F.);
#5950=ORIENTED_EDGE('',*,*,#4339,.F.);
#5951=ORIENTED_EDGE('',*,*,#4340,.F.);
#5952=ORIENTED_EDGE('',*,*,#4341,.F.);
#5953=ORIENTED_EDGE('',*,*,#4342,.F.);
#5954=ORIENTED_EDGE('',*,*,#4343,.F.);
#5955=ORIENTED_EDGE('',*,*,#4344,.F.);
#5956=ORIENTED_EDGE('',*,*,#4345,.F.);
#5957=ORIENTED_EDGE('',*,*,#4346,.F.);
#5958=ORIENTED_EDGE('',*,*,#4347,.F.);
#5959=ORIENTED_EDGE('',*,*,#4348,.F.);
#5960=ORIENTED_EDGE('',*,*,#4349,.F.);
#5961=ORIENTED_EDGE('',*,*,#4312,.F.);
#5962=ORIENTED_EDGE('',*,*,#4350,.F.);
#5963=ORIENTED_EDGE('',*,*,#4351,.F.);
#5964=ORIENTED_EDGE('',*,*,#4352,.F.);
#5965=ORIENTED_EDGE('',*,*,#4308,.F.);
#5966=ORIENTED_EDGE('',*,*,#4353,.F.);
#5967=ORIENTED_EDGE('',*,*,#4354,.F.);
#5968=ORIENTED_EDGE('',*,*,#4355,.F.);
#5969=ORIENTED_EDGE('',*,*,#4356,.F.);
#5970=ORIENTED_EDGE('',*,*,#4357,.F.);
#5971=ORIENTED_EDGE('',*,*,#4358,.F.);
#5972=ORIENTED_EDGE('',*,*,#4359,.F.);
#5973=ORIENTED_EDGE('',*,*,#4360,.F.);
#5974=ORIENTED_EDGE('',*,*,#4361,.F.);
#5975=ORIENTED_EDGE('',*,*,#4362,.F.);
#5976=ORIENTED_EDGE('',*,*,#4363,.F.);
#5977=ORIENTED_EDGE('',*,*,#4364,.F.);
#5978=ORIENTED_EDGE('',*,*,#4365,.F.);
#5979=ORIENTED_EDGE('',*,*,#4366,.F.);
#5980=ORIENTED_EDGE('',*,*,#4367,.F.);
#5981=ORIENTED_EDGE('',*,*,#4368,.F.);
#5982=ORIENTED_EDGE('',*,*,#4369,.F.);
#5983=ORIENTED_EDGE('',*,*,#4370,.F.);
#5984=ORIENTED_EDGE('',*,*,#4371,.F.);
#5985=ORIENTED_EDGE('',*,*,#4372,.F.);
#5986=ORIENTED_EDGE('',*,*,#4373,.F.);
#5987=ORIENTED_EDGE('',*,*,#4374,.F.);
#5988=ORIENTED_EDGE('',*,*,#4375,.F.);
#5989=ORIENTED_EDGE('',*,*,#4376,.F.);
#5990=ORIENTED_EDGE('',*,*,#4377,.F.);
#5991=ORIENTED_EDGE('',*,*,#4378,.F.);
#5992=ORIENTED_EDGE('',*,*,#4379,.F.);
#5993=ORIENTED_EDGE('',*,*,#4380,.F.);
#5994=ORIENTED_EDGE('',*,*,#4381,.F.);
#5995=ORIENTED_EDGE('',*,*,#4382,.F.);
#5996=ORIENTED_EDGE('',*,*,#4383,.F.);
#5997=ORIENTED_EDGE('',*,*,#4384,.F.);
#5998=ORIENTED_EDGE('',*,*,#4385,.F.);
#5999=ORIENTED_EDGE('',*,*,#4386,.F.);
#6000=ORIENTED_EDGE('',*,*,#4387,.F.);
#6001=ORIENTED_EDGE('',*,*,#4388,.F.);
#6002=ORIENTED_EDGE('',*,*,#4389,.F.);
#6003=ORIENTED_EDGE('',*,*,#4390,.F.);
#6004=ORIENTED_EDGE('',*,*,#4391,.F.);
#6005=ORIENTED_EDGE('',*,*,#4392,.F.);
#6006=ORIENTED_EDGE('',*,*,#4393,.F.);
#6007=ORIENTED_EDGE('',*,*,#4394,.F.);
#6008=ORIENTED_EDGE('',*,*,#4395,.F.);
#6009=ORIENTED_EDGE('',*,*,#4396,.F.);
#6010=ORIENTED_EDGE('',*,*,#4397,.F.);
#6011=ORIENTED_EDGE('',*,*,#4398,.F.);
#6012=ORIENTED_EDGE('',*,*,#4399,.F.);
#6013=ORIENTED_EDGE('',*,*,#4400,.F.);
#6014=ORIENTED_EDGE('',*,*,#4401,.F.);
#6015=ORIENTED_EDGE('',*,*,#4402,.F.);
#6016=ORIENTED_EDGE('',*,*,#4403,.F.);
#6017=ORIENTED_EDGE('',*,*,#4404,.F.);
#6018=ORIENTED_EDGE('',*,*,#4405,.F.);
#6019=ORIENTED_EDGE('',*,*,#4406,.F.);
#6020=ORIENTED_EDGE('',*,*,#4407,.F.);
#6021=ORIENTED_EDGE('',*,*,#4408,.F.);
#6022=ORIENTED_EDGE('',*,*,#4409,.F.);
#6023=ORIENTED_EDGE('',*,*,#4410,.F.);
#6024=ORIENTED_EDGE('',*,*,#4411,.F.);
#6025=ORIENTED_EDGE('',*,*,#4412,.F.);
#6026=ORIENTED_EDGE('',*,*,#4413,.F.);
#6027=ORIENTED_EDGE('',*,*,#4414,.F.);
#6028=ORIENTED_EDGE('',*,*,#4415,.F.);
#6029=ORIENTED_EDGE('',*,*,#4416,.F.);
#6030=ORIENTED_EDGE('',*,*,#4417,.F.);
#6031=ORIENTED_EDGE('',*,*,#4418,.F.);
#6032=ORIENTED_EDGE('',*,*,#4419,.F.);
#6033=ORIENTED_EDGE('',*,*,#4420,.F.);
#6034=ORIENTED_EDGE('',*,*,#4421,.F.);
#6035=ORIENTED_EDGE('',*,*,#4422,.F.);
#6036=ORIENTED_EDGE('',*,*,#4423,.F.);
#6037=ORIENTED_EDGE('',*,*,#4424,.F.);
#6038=ORIENTED_EDGE('',*,*,#4425,.F.);
#6039=ORIENTED_EDGE('',*,*,#4426,.F.);
#6040=ORIENTED_EDGE('',*,*,#4427,.F.);
#6041=ORIENTED_EDGE('',*,*,#4428,.F.);
#6042=ORIENTED_EDGE('',*,*,#4429,.F.);
#6043=ORIENTED_EDGE('',*,*,#4430,.F.);
#6044=ORIENTED_EDGE('',*,*,#4431,.F.);
#6045=ORIENTED_EDGE('',*,*,#4432,.F.);
#6046=ORIENTED_EDGE('',*,*,#4433,.F.);
#6047=ORIENTED_EDGE('',*,*,#4434,.F.);
#6048=ORIENTED_EDGE('',*,*,#4435,.F.);
#6049=ORIENTED_EDGE('',*,*,#4436,.F.);
#6050=ORIENTED_EDGE('',*,*,#4437,.F.);
#6051=ORIENTED_EDGE('',*,*,#4438,.F.);
#6052=ORIENTED_EDGE('',*,*,#4439,.F.);
#6053=ORIENTED_EDGE('',*,*,#4440,.F.);
#6054=ORIENTED_EDGE('',*,*,#4441,.F.);
#6055=ORIENTED_EDGE('',*,*,#4442,.F.);
#6056=ORIENTED_EDGE('',*,*,#4443,.F.);
#6057=ORIENTED_EDGE('',*,*,#4444,.F.);
#6058=ORIENTED_EDGE('',*,*,#4445,.F.);
#6059=ORIENTED_EDGE('',*,*,#4446,.F.);
#6060=ORIENTED_EDGE('',*,*,#4447,.F.);
#6061=ORIENTED_EDGE('',*,*,#4448,.F.);
#6062=ORIENTED_EDGE('',*,*,#4449,.F.);
#6063=ORIENTED_EDGE('',*,*,#4450,.F.);
#6064=ORIENTED_EDGE('',*,*,#4451,.F.);
#6065=ORIENTED_EDGE('',*,*,#4452,.F.);
#6066=ORIENTED_EDGE('',*,*,#4453,.F.);
#6067=ORIENTED_EDGE('',*,*,#4454,.F.);
#6068=ORIENTED_EDGE('',*,*,#4455,.F.);
#6069=ORIENTED_EDGE('',*,*,#4456,.F.);
#6070=ORIENTED_EDGE('',*,*,#4457,.F.);
#6071=ORIENTED_EDGE('',*,*,#4304,.F.);
#6072=ORIENTED_EDGE('',*,*,#4458,.F.);
#6073=ORIENTED_EDGE('',*,*,#4459,.F.);
#6074=ORIENTED_EDGE('',*,*,#4460,.F.);
#6075=ORIENTED_EDGE('',*,*,#4300,.F.);
#6076=ORIENTED_EDGE('',*,*,#4461,.F.);
#6077=ORIENTED_EDGE('',*,*,#4462,.F.);
#6078=ORIENTED_EDGE('',*,*,#4463,.F.);
#6079=ORIENTED_EDGE('',*,*,#4464,.F.);
#6080=ORIENTED_EDGE('',*,*,#4465,.F.);
#6081=ORIENTED_EDGE('',*,*,#4466,.F.);
#6082=ORIENTED_EDGE('',*,*,#4467,.F.);
#6083=ORIENTED_EDGE('',*,*,#4468,.F.);
#6084=ORIENTED_EDGE('',*,*,#4469,.F.);
#6085=ORIENTED_EDGE('',*,*,#4470,.F.);
#6086=ORIENTED_EDGE('',*,*,#4471,.F.);
#6087=ORIENTED_EDGE('',*,*,#4472,.F.);
#6088=ORIENTED_EDGE('',*,*,#4473,.F.);
#6089=ORIENTED_EDGE('',*,*,#4474,.F.);
#6090=ORIENTED_EDGE('',*,*,#4475,.F.);
#6091=ORIENTED_EDGE('',*,*,#4476,.F.);
#6092=ORIENTED_EDGE('',*,*,#4477,.F.);
#6093=ORIENTED_EDGE('',*,*,#4478,.F.);
#6094=ORIENTED_EDGE('',*,*,#4479,.F.);
#6095=ORIENTED_EDGE('',*,*,#4480,.F.);
#6096=ORIENTED_EDGE('',*,*,#4481,.F.);
#6097=ORIENTED_EDGE('',*,*,#4482,.F.);
#6098=ORIENTED_EDGE('',*,*,#4483,.F.);
#6099=ORIENTED_EDGE('',*,*,#4484,.F.);
#6100=ORIENTED_EDGE('',*,*,#4485,.F.);
#6101=ORIENTED_EDGE('',*,*,#4486,.F.);
#6102=ORIENTED_EDGE('',*,*,#4487,.F.);
#6103=ORIENTED_EDGE('',*,*,#4488,.F.);
#6104=ORIENTED_EDGE('',*,*,#4489,.F.);
#6105=ORIENTED_EDGE('',*,*,#4490,.F.);
#6106=ORIENTED_EDGE('',*,*,#4491,.F.);
#6107=ORIENTED_EDGE('',*,*,#4297,.F.);
#6108=ORIENTED_EDGE('',*,*,#4492,.F.);
#6109=ORIENTED_EDGE('',*,*,#4491,.T.);
#6110=ORIENTED_EDGE('',*,*,#4493,.F.);
#6111=ORIENTED_EDGE('',*,*,#4494,.F.);
#6112=ORIENTED_EDGE('',*,*,#4495,.F.);
#6113=ORIENTED_EDGE('',*,*,#4496,.F.);
#6114=ORIENTED_EDGE('',*,*,#4497,.F.);
#6115=ORIENTED_EDGE('',*,*,#4319,.T.);
#6116=ORIENTED_EDGE('',*,*,#4498,.F.);
#6117=ORIENTED_EDGE('',*,*,#4487,.T.);
#6118=ORIENTED_EDGE('',*,*,#4499,.F.);
#6119=ORIENTED_EDGE('',*,*,#4500,.F.);
#6120=ORIENTED_EDGE('',*,*,#4501,.F.);
#6121=ORIENTED_EDGE('',*,*,#4483,.T.);
#6122=ORIENTED_EDGE('',*,*,#4502,.F.);
#6123=ORIENTED_EDGE('',*,*,#4503,.F.);
#6124=ORIENTED_EDGE('',*,*,#4504,.F.);
#6125=ORIENTED_EDGE('',*,*,#4475,.T.);
#6126=ORIENTED_EDGE('',*,*,#4505,.F.);
#6127=ORIENTED_EDGE('',*,*,#4506,.F.);
#6128=ORIENTED_EDGE('',*,*,#4507,.F.);
#6129=ORIENTED_EDGE('',*,*,#4508,.F.);
#6130=ORIENTED_EDGE('',*,*,#4509,.F.);
#6131=ORIENTED_EDGE('',*,*,#4479,.T.);
#6132=ORIENTED_EDGE('',*,*,#4510,.F.);
#6133=ORIENTED_EDGE('',*,*,#4463,.T.);
#6134=ORIENTED_EDGE('',*,*,#4511,.F.);
#6135=ORIENTED_EDGE('',*,*,#4512,.F.);
#6136=ORIENTED_EDGE('',*,*,#4513,.F.);
#6137=ORIENTED_EDGE('',*,*,#4514,.F.);
#6138=ORIENTED_EDGE('',*,*,#4515,.F.);
#6139=ORIENTED_EDGE('',*,*,#4467,.T.);
#6140=ORIENTED_EDGE('',*,*,#4516,.F.);
#6141=ORIENTED_EDGE('',*,*,#4471,.T.);
#6142=ORIENTED_EDGE('',*,*,#4517,.F.);
#6143=ORIENTED_EDGE('',*,*,#4518,.F.);
#6144=ORIENTED_EDGE('',*,*,#4301,.F.);
#6145=ORIENTED_EDGE('',*,*,#4460,.T.);
#6146=ORIENTED_EDGE('',*,*,#4519,.F.);
#6147=ORIENTED_EDGE('',*,*,#4520,.F.);
#6148=ORIENTED_EDGE('',*,*,#4305,.F.);
#6149=ORIENTED_EDGE('',*,*,#4457,.T.);
#6150=ORIENTED_EDGE('',*,*,#4521,.F.);
#6151=ORIENTED_EDGE('',*,*,#4522,.F.);
#6152=ORIENTED_EDGE('',*,*,#4523,.F.);
#6153=ORIENTED_EDGE('',*,*,#4357,.T.);
#6154=ORIENTED_EDGE('',*,*,#4524,.F.);
#6155=ORIENTED_EDGE('',*,*,#4525,.F.);
#6156=ORIENTED_EDGE('',*,*,#4526,.F.);
#6157=ORIENTED_EDGE('',*,*,#4527,.F.);
#6158=ORIENTED_EDGE('',*,*,#4528,.F.);
#6159=ORIENTED_EDGE('',*,*,#4361,.T.);
#6160=ORIENTED_EDGE('',*,*,#4529,.F.);
#6161=ORIENTED_EDGE('',*,*,#4353,.T.);
#6162=ORIENTED_EDGE('',*,*,#4311,.F.);
#6163=ORIENTED_EDGE('',*,*,#4530,.F.);
#6164=ORIENTED_EDGE('',*,*,#4531,.F.);
#6165=ORIENTED_EDGE('',*,*,#4350,.T.);
#6166=ORIENTED_EDGE('',*,*,#4315,.F.);
#6167=ORIENTED_EDGE('',*,*,#4532,.F.);
#6168=ORIENTED_EDGE('',*,*,#4533,.F.);
#6169=ORIENTED_EDGE('',*,*,#4339,.T.);
#6170=ORIENTED_EDGE('',*,*,#4534,.F.);
#6171=ORIENTED_EDGE('',*,*,#4535,.F.);
#6172=ORIENTED_EDGE('',*,*,#4536,.F.);
#6173=ORIENTED_EDGE('',*,*,#4537,.F.);
#6174=ORIENTED_EDGE('',*,*,#4538,.F.);
#6175=ORIENTED_EDGE('',*,*,#4343,.T.);
#6176=ORIENTED_EDGE('',*,*,#4539,.F.);
#6177=ORIENTED_EDGE('',*,*,#4347,.T.);
#6178=ORIENTED_EDGE('',*,*,#4540,.F.);
#6179=ORIENTED_EDGE('',*,*,#4541,.F.);
#6180=ORIENTED_EDGE('',*,*,#4542,.F.);
#6181=ORIENTED_EDGE('',*,*,#4331,.T.);
#6182=ORIENTED_EDGE('',*,*,#4543,.F.);
#6183=ORIENTED_EDGE('',*,*,#4544,.F.);
#6184=ORIENTED_EDGE('',*,*,#4545,.F.);
#6185=ORIENTED_EDGE('',*,*,#4546,.F.);
#6186=ORIENTED_EDGE('',*,*,#4547,.F.);
#6187=ORIENTED_EDGE('',*,*,#4335,.T.);
#6188=ORIENTED_EDGE('',*,*,#4548,.F.);
#6189=ORIENTED_EDGE('',*,*,#4327,.T.);
#6190=ORIENTED_EDGE('',*,*,#4549,.F.);
#6191=ORIENTED_EDGE('',*,*,#4550,.F.);
#6192=ORIENTED_EDGE('',*,*,#4551,.F.);
#6193=ORIENTED_EDGE('',*,*,#4323,.T.);
#6194=ORIENTED_EDGE('',*,*,#4552,.F.);
#6195=ORIENTED_EDGE('',*,*,#4553,.F.);
#6196=ORIENTED_EDGE('',*,*,#4554,.F.);
#6197=ORIENTED_EDGE('',*,*,#4401,.T.);
#6198=ORIENTED_EDGE('',*,*,#4555,.F.);
#6199=ORIENTED_EDGE('',*,*,#4556,.F.);
#6200=ORIENTED_EDGE('',*,*,#4557,.F.);
#6201=ORIENTED_EDGE('',*,*,#4558,.F.);
#6202=ORIENTED_EDGE('',*,*,#4559,.F.);
#6203=ORIENTED_EDGE('',*,*,#4405,.T.);
#6204=ORIENTED_EDGE('',*,*,#4560,.F.);
#6205=ORIENTED_EDGE('',*,*,#4397,.T.);
#6206=ORIENTED_EDGE('',*,*,#4561,.F.);
#6207=ORIENTED_EDGE('',*,*,#4562,.F.);
#6208=ORIENTED_EDGE('',*,*,#4563,.F.);
#6209=ORIENTED_EDGE('',*,*,#4393,.T.);
#6210=ORIENTED_EDGE('',*,*,#4564,.F.);
#6211=ORIENTED_EDGE('',*,*,#4565,.F.);
#6212=ORIENTED_EDGE('',*,*,#4566,.F.);
#6213=ORIENTED_EDGE('',*,*,#4381,.T.);
#6214=ORIENTED_EDGE('',*,*,#4567,.F.);
#6215=ORIENTED_EDGE('',*,*,#4568,.F.);
#6216=ORIENTED_EDGE('',*,*,#4569,.F.);
#6217=ORIENTED_EDGE('',*,*,#4570,.F.);
#6218=ORIENTED_EDGE('',*,*,#4571,.F.);
#6219=ORIENTED_EDGE('',*,*,#4385,.T.);
#6220=ORIENTED_EDGE('',*,*,#4572,.F.);
#6221=ORIENTED_EDGE('',*,*,#4389,.T.);
#6222=ORIENTED_EDGE('',*,*,#4573,.F.);
#6223=ORIENTED_EDGE('',*,*,#4574,.F.);
#6224=ORIENTED_EDGE('',*,*,#4575,.F.);
#6225=ORIENTED_EDGE('',*,*,#4373,.T.);
#6226=ORIENTED_EDGE('',*,*,#4576,.F.);
#6227=ORIENTED_EDGE('',*,*,#4577,.F.);
#6228=ORIENTED_EDGE('',*,*,#4578,.F.);
#6229=ORIENTED_EDGE('',*,*,#4579,.F.);
#6230=ORIENTED_EDGE('',*,*,#4580,.F.);
#6231=ORIENTED_EDGE('',*,*,#4377,.T.);
#6232=ORIENTED_EDGE('',*,*,#4581,.F.);
#6233=ORIENTED_EDGE('',*,*,#4369,.T.);
#6234=ORIENTED_EDGE('',*,*,#4582,.F.);
#6235=ORIENTED_EDGE('',*,*,#4583,.F.);
#6236=ORIENTED_EDGE('',*,*,#4584,.F.);
#6237=ORIENTED_EDGE('',*,*,#4365,.T.);
#6238=ORIENTED_EDGE('',*,*,#4585,.F.);
#6239=ORIENTED_EDGE('',*,*,#4586,.F.);
#6240=ORIENTED_EDGE('',*,*,#4587,.F.);
#6241=ORIENTED_EDGE('',*,*,#4445,.T.);
#6242=ORIENTED_EDGE('',*,*,#4588,.F.);
#6243=ORIENTED_EDGE('',*,*,#4589,.F.);
#6244=ORIENTED_EDGE('',*,*,#4590,.F.);
#6245=ORIENTED_EDGE('',*,*,#4591,.F.);
#6246=ORIENTED_EDGE('',*,*,#4592,.F.);
#6247=ORIENTED_EDGE('',*,*,#4449,.T.);
#6248=ORIENTED_EDGE('',*,*,#4593,.F.);
#6249=ORIENTED_EDGE('',*,*,#4441,.T.);
#6250=ORIENTED_EDGE('',*,*,#4594,.F.);
#6251=ORIENTED_EDGE('',*,*,#4595,.F.);
#6252=ORIENTED_EDGE('',*,*,#4596,.F.);
#6253=ORIENTED_EDGE('',*,*,#4437,.T.);
#6254=ORIENTED_EDGE('',*,*,#4597,.F.);
#6255=ORIENTED_EDGE('',*,*,#4598,.F.);
#6256=ORIENTED_EDGE('',*,*,#4599,.F.);
#6257=ORIENTED_EDGE('',*,*,#4425,.T.);
#6258=ORIENTED_EDGE('',*,*,#4600,.F.);
#6259=ORIENTED_EDGE('',*,*,#4601,.F.);
#6260=ORIENTED_EDGE('',*,*,#4602,.F.);
#6261=ORIENTED_EDGE('',*,*,#4603,.F.);
#6262=ORIENTED_EDGE('',*,*,#4604,.F.);
#6263=ORIENTED_EDGE('',*,*,#4429,.T.);
#6264=ORIENTED_EDGE('',*,*,#4605,.F.);
#6265=ORIENTED_EDGE('',*,*,#4433,.T.);
#6266=ORIENTED_EDGE('',*,*,#4606,.F.);
#6267=ORIENTED_EDGE('',*,*,#4607,.F.);
#6268=ORIENTED_EDGE('',*,*,#4608,.F.);
#6269=ORIENTED_EDGE('',*,*,#4417,.T.);
#6270=ORIENTED_EDGE('',*,*,#4609,.F.);
#6271=ORIENTED_EDGE('',*,*,#4610,.F.);
#6272=ORIENTED_EDGE('',*,*,#4611,.F.);
#6273=ORIENTED_EDGE('',*,*,#4612,.F.);
#6274=ORIENTED_EDGE('',*,*,#4613,.F.);
#6275=ORIENTED_EDGE('',*,*,#4421,.T.);
#6276=ORIENTED_EDGE('',*,*,#4614,.F.);
#6277=ORIENTED_EDGE('',*,*,#4413,.T.);
#6278=ORIENTED_EDGE('',*,*,#4615,.F.);
#6279=ORIENTED_EDGE('',*,*,#4616,.F.);
#6280=ORIENTED_EDGE('',*,*,#4617,.F.);
#6281=ORIENTED_EDGE('',*,*,#4409,.T.);
#6282=ORIENTED_EDGE('',*,*,#4618,.F.);
#6283=ORIENTED_EDGE('',*,*,#4619,.F.);
#6284=ORIENTED_EDGE('',*,*,#4620,.T.);
#6285=ORIENTED_EDGE('',*,*,#4494,.T.);
#6286=ORIENTED_EDGE('',*,*,#4621,.F.);
#6287=ORIENTED_EDGE('',*,*,#4622,.T.);
#6288=ORIENTED_EDGE('',*,*,#4623,.T.);
#6289=ORIENTED_EDGE('',*,*,#4500,.T.);
#6290=ORIENTED_EDGE('',*,*,#4624,.F.);
#6291=ORIENTED_EDGE('',*,*,#4625,.T.);
#6292=ORIENTED_EDGE('',*,*,#4626,.T.);
#6293=ORIENTED_EDGE('',*,*,#4503,.T.);
#6294=ORIENTED_EDGE('',*,*,#4627,.F.);
#6295=ORIENTED_EDGE('',*,*,#4628,.T.);
#6296=ORIENTED_EDGE('',*,*,#4629,.T.);
#6297=ORIENTED_EDGE('',*,*,#4508,.T.);
#6298=ORIENTED_EDGE('',*,*,#4630,.F.);
#6299=ORIENTED_EDGE('',*,*,#4631,.T.);
#6300=ORIENTED_EDGE('',*,*,#4632,.T.);
#6301=ORIENTED_EDGE('',*,*,#4506,.T.);
#6302=ORIENTED_EDGE('',*,*,#4633,.F.);
#6303=ORIENTED_EDGE('',*,*,#4634,.T.);
#6304=ORIENTED_EDGE('',*,*,#4635,.T.);
#6305=ORIENTED_EDGE('',*,*,#4518,.T.);
#6306=ORIENTED_EDGE('',*,*,#4636,.F.);
#6307=ORIENTED_EDGE('',*,*,#4637,.T.);
#6308=ORIENTED_EDGE('',*,*,#4638,.T.);
#6309=ORIENTED_EDGE('',*,*,#4514,.T.);
#6310=ORIENTED_EDGE('',*,*,#4639,.F.);
#6311=ORIENTED_EDGE('',*,*,#4640,.T.);
#6312=ORIENTED_EDGE('',*,*,#4641,.T.);
#6313=ORIENTED_EDGE('',*,*,#4512,.T.);
#6314=ORIENTED_EDGE('',*,*,#4642,.F.);
#6315=ORIENTED_EDGE('',*,*,#4643,.T.);
#6316=ORIENTED_EDGE('',*,*,#4302,.T.);
#6317=ORIENTED_EDGE('',*,*,#4520,.T.);
#6318=ORIENTED_EDGE('',*,*,#4644,.F.);
#6319=ORIENTED_EDGE('',*,*,#4645,.T.);
#6320=ORIENTED_EDGE('',*,*,#4306,.T.);
#6321=ORIENTED_EDGE('',*,*,#4522,.T.);
#6322=ORIENTED_EDGE('',*,*,#4646,.F.);
#6323=ORIENTED_EDGE('',*,*,#4647,.T.);
#6324=ORIENTED_EDGE('',*,*,#4648,.T.);
#6325=ORIENTED_EDGE('',*,*,#4649,.T.);
#6326=ORIENTED_EDGE('',*,*,#4650,.F.);
#6327=ORIENTED_EDGE('',*,*,#4651,.T.);
#6328=ORIENTED_EDGE('',*,*,#4652,.T.);
#6329=ORIENTED_EDGE('',*,*,#4591,.T.);
#6330=ORIENTED_EDGE('',*,*,#4653,.F.);
#6331=ORIENTED_EDGE('',*,*,#4654,.T.);
#6332=ORIENTED_EDGE('',*,*,#4655,.T.);
#6333=ORIENTED_EDGE('',*,*,#4589,.T.);
#6334=ORIENTED_EDGE('',*,*,#4656,.F.);
#6335=ORIENTED_EDGE('',*,*,#4657,.T.);
#6336=ORIENTED_EDGE('',*,*,#4658,.T.);
#6337=ORIENTED_EDGE('',*,*,#4595,.T.);
#6338=ORIENTED_EDGE('',*,*,#4659,.F.);
#6339=ORIENTED_EDGE('',*,*,#4660,.T.);
#6340=ORIENTED_EDGE('',*,*,#4661,.T.);
#6341=ORIENTED_EDGE('',*,*,#4598,.T.);
#6342=ORIENTED_EDGE('',*,*,#4662,.F.);
#6343=ORIENTED_EDGE('',*,*,#4663,.T.);
#6344=ORIENTED_EDGE('',*,*,#4664,.T.);
#6345=ORIENTED_EDGE('',*,*,#4607,.T.);
#6346=ORIENTED_EDGE('',*,*,#4665,.F.);
#6347=ORIENTED_EDGE('',*,*,#4666,.T.);
#6348=ORIENTED_EDGE('',*,*,#4667,.T.);
#6349=ORIENTED_EDGE('',*,*,#4603,.T.);
#6350=ORIENTED_EDGE('',*,*,#4668,.F.);
#6351=ORIENTED_EDGE('',*,*,#4669,.T.);
#6352=ORIENTED_EDGE('',*,*,#4670,.T.);
#6353=ORIENTED_EDGE('',*,*,#4601,.T.);
#6354=ORIENTED_EDGE('',*,*,#4671,.F.);
#6355=ORIENTED_EDGE('',*,*,#4672,.T.);
#6356=ORIENTED_EDGE('',*,*,#4673,.T.);
#6357=ORIENTED_EDGE('',*,*,#4612,.T.);
#6358=ORIENTED_EDGE('',*,*,#4674,.F.);
#6359=ORIENTED_EDGE('',*,*,#4675,.T.);
#6360=ORIENTED_EDGE('',*,*,#4676,.T.);
#6361=ORIENTED_EDGE('',*,*,#4610,.T.);
#6362=ORIENTED_EDGE('',*,*,#4677,.F.);
#6363=ORIENTED_EDGE('',*,*,#4678,.T.);
#6364=ORIENTED_EDGE('',*,*,#4679,.T.);
#6365=ORIENTED_EDGE('',*,*,#4616,.T.);
#6366=ORIENTED_EDGE('',*,*,#4680,.F.);
#6367=ORIENTED_EDGE('',*,*,#4681,.T.);
#6368=ORIENTED_EDGE('',*,*,#4682,.T.);
#6369=ORIENTED_EDGE('',*,*,#4619,.T.);
#6370=ORIENTED_EDGE('',*,*,#4683,.F.);
#6371=ORIENTED_EDGE('',*,*,#4684,.T.);
#6372=ORIENTED_EDGE('',*,*,#4685,.T.);
#6373=ORIENTED_EDGE('',*,*,#4558,.T.);
#6374=ORIENTED_EDGE('',*,*,#4686,.F.);
#6375=ORIENTED_EDGE('',*,*,#4687,.T.);
#6376=ORIENTED_EDGE('',*,*,#4688,.T.);
#6377=ORIENTED_EDGE('',*,*,#4556,.T.);
#6378=ORIENTED_EDGE('',*,*,#4689,.F.);
#6379=ORIENTED_EDGE('',*,*,#4690,.T.);
#6380=ORIENTED_EDGE('',*,*,#4691,.T.);
#6381=ORIENTED_EDGE('',*,*,#4562,.T.);
#6382=ORIENTED_EDGE('',*,*,#4692,.F.);
#6383=ORIENTED_EDGE('',*,*,#4693,.T.);
#6384=ORIENTED_EDGE('',*,*,#4694,.T.);
#6385=ORIENTED_EDGE('',*,*,#4565,.T.);
#6386=ORIENTED_EDGE('',*,*,#4695,.F.);
#6387=ORIENTED_EDGE('',*,*,#4696,.T.);
#6388=ORIENTED_EDGE('',*,*,#4697,.T.);
#6389=ORIENTED_EDGE('',*,*,#4574,.T.);
#6390=ORIENTED_EDGE('',*,*,#4698,.F.);
#6391=ORIENTED_EDGE('',*,*,#4699,.T.);
#6392=ORIENTED_EDGE('',*,*,#4700,.T.);
#6393=ORIENTED_EDGE('',*,*,#4570,.T.);
#6394=ORIENTED_EDGE('',*,*,#4701,.F.);
#6395=ORIENTED_EDGE('',*,*,#4702,.T.);
#6396=ORIENTED_EDGE('',*,*,#4703,.T.);
#6397=ORIENTED_EDGE('',*,*,#4568,.T.);
#6398=ORIENTED_EDGE('',*,*,#4704,.F.);
#6399=ORIENTED_EDGE('',*,*,#4705,.T.);
#6400=ORIENTED_EDGE('',*,*,#4706,.T.);
#6401=ORIENTED_EDGE('',*,*,#4579,.T.);
#6402=ORIENTED_EDGE('',*,*,#4707,.F.);
#6403=ORIENTED_EDGE('',*,*,#4708,.T.);
#6404=ORIENTED_EDGE('',*,*,#4709,.T.);
#6405=ORIENTED_EDGE('',*,*,#4577,.T.);
#6406=ORIENTED_EDGE('',*,*,#4710,.F.);
#6407=ORIENTED_EDGE('',*,*,#4711,.T.);
#6408=ORIENTED_EDGE('',*,*,#4712,.T.);
#6409=ORIENTED_EDGE('',*,*,#4583,.T.);
#6410=ORIENTED_EDGE('',*,*,#4713,.F.);
#6411=ORIENTED_EDGE('',*,*,#4714,.T.);
#6412=ORIENTED_EDGE('',*,*,#4715,.T.);
#6413=ORIENTED_EDGE('',*,*,#4586,.T.);
#6414=ORIENTED_EDGE('',*,*,#4716,.F.);
#6415=ORIENTED_EDGE('',*,*,#4717,.T.);
#6416=ORIENTED_EDGE('',*,*,#4718,.T.);
#6417=ORIENTED_EDGE('',*,*,#4527,.T.);
#6418=ORIENTED_EDGE('',*,*,#4719,.F.);
#6419=ORIENTED_EDGE('',*,*,#4720,.T.);
#6420=ORIENTED_EDGE('',*,*,#4721,.T.);
#6421=ORIENTED_EDGE('',*,*,#4525,.T.);
#6422=ORIENTED_EDGE('',*,*,#4722,.F.);
#6423=ORIENTED_EDGE('',*,*,#4723,.T.);
#6424=ORIENTED_EDGE('',*,*,#4724,.T.);
#6425=ORIENTED_EDGE('',*,*,#4530,.T.);
#6426=ORIENTED_EDGE('',*,*,#4310,.F.);
#6427=ORIENTED_EDGE('',*,*,#4725,.T.);
#6428=ORIENTED_EDGE('',*,*,#4726,.T.);
#6429=ORIENTED_EDGE('',*,*,#4532,.T.);
#6430=ORIENTED_EDGE('',*,*,#4314,.F.);
#6431=ORIENTED_EDGE('',*,*,#4727,.T.);
#6432=ORIENTED_EDGE('',*,*,#4728,.T.);
#6433=ORIENTED_EDGE('',*,*,#4541,.T.);
#6434=ORIENTED_EDGE('',*,*,#4729,.F.);
#6435=ORIENTED_EDGE('',*,*,#4730,.T.);
#6436=ORIENTED_EDGE('',*,*,#4731,.T.);
#6437=ORIENTED_EDGE('',*,*,#4537,.T.);
#6438=ORIENTED_EDGE('',*,*,#4732,.F.);
#6439=ORIENTED_EDGE('',*,*,#4733,.T.);
#6440=ORIENTED_EDGE('',*,*,#4734,.T.);
#6441=ORIENTED_EDGE('',*,*,#4535,.T.);
#6442=ORIENTED_EDGE('',*,*,#4735,.F.);
#6443=ORIENTED_EDGE('',*,*,#4736,.T.);
#6444=ORIENTED_EDGE('',*,*,#4737,.T.);
#6445=ORIENTED_EDGE('',*,*,#4546,.T.);
#6446=ORIENTED_EDGE('',*,*,#4738,.F.);
#6447=ORIENTED_EDGE('',*,*,#4739,.T.);
#6448=ORIENTED_EDGE('',*,*,#4740,.T.);
#6449=ORIENTED_EDGE('',*,*,#4544,.T.);
#6450=ORIENTED_EDGE('',*,*,#4741,.F.);
#6451=ORIENTED_EDGE('',*,*,#4742,.T.);
#6452=ORIENTED_EDGE('',*,*,#4743,.T.);
#6453=ORIENTED_EDGE('',*,*,#4550,.T.);
#6454=ORIENTED_EDGE('',*,*,#4744,.F.);
#6455=ORIENTED_EDGE('',*,*,#4745,.T.);
#6456=ORIENTED_EDGE('',*,*,#4746,.T.);
#6457=ORIENTED_EDGE('',*,*,#4553,.T.);
#6458=ORIENTED_EDGE('',*,*,#4747,.F.);
#6459=ORIENTED_EDGE('',*,*,#4748,.T.);
#6460=ORIENTED_EDGE('',*,*,#4749,.T.);
#6461=ORIENTED_EDGE('',*,*,#4496,.T.);
#6462=ORIENTED_EDGE('',*,*,#4750,.F.);
#6463=ORIENTED_EDGE('',*,*,#4751,.T.);
#6464=ORIENTED_EDGE('',*,*,#4299,.F.);
#6465=ORIENTED_EDGE('',*,*,#4752,.F.);
#6466=ORIENTED_EDGE('',*,*,#4453,.T.);
#6467=ORIENTED_EDGE('',*,*,#4753,.F.);
#6468=ORIENTED_EDGE('',*,*,#4649,.F.);
#6469=ORIENTED_EDGE('',*,*,#4592,.T.);
#6470=ORIENTED_EDGE('',*,*,#4652,.F.);
#6471=ORIENTED_EDGE('',*,*,#4754,.F.);
#6472=ORIENTED_EDGE('',*,*,#4450,.T.);
#6473=ORIENTED_EDGE('',*,*,#4753,.T.);
#6474=ORIENTED_EDGE('',*,*,#4452,.T.);
#6475=ORIENTED_EDGE('',*,*,#4755,.T.);
#6476=ORIENTED_EDGE('',*,*,#4650,.T.);
#6477=ORIENTED_EDGE('',*,*,#4651,.F.);
#6478=ORIENTED_EDGE('',*,*,#4755,.F.);
#6479=ORIENTED_EDGE('',*,*,#4451,.T.);
#6480=ORIENTED_EDGE('',*,*,#4754,.T.);
#6481=ORIENTED_EDGE('',*,*,#4752,.T.);
#6482=ORIENTED_EDGE('',*,*,#4648,.F.);
#6483=ORIENTED_EDGE('',*,*,#4756,.F.);
#6484=ORIENTED_EDGE('',*,*,#4454,.T.);
#6485=ORIENTED_EDGE('',*,*,#4521,.T.);
#6486=ORIENTED_EDGE('',*,*,#4456,.T.);
#6487=ORIENTED_EDGE('',*,*,#4757,.T.);
#6488=ORIENTED_EDGE('',*,*,#4646,.T.);
#6489=ORIENTED_EDGE('',*,*,#4647,.F.);
#6490=ORIENTED_EDGE('',*,*,#4757,.F.);
#6491=ORIENTED_EDGE('',*,*,#4455,.T.);
#6492=ORIENTED_EDGE('',*,*,#4756,.T.);
#6493=ORIENTED_EDGE('',*,*,#4559,.T.);
#6494=ORIENTED_EDGE('',*,*,#4685,.F.);
#6495=ORIENTED_EDGE('',*,*,#4758,.F.);
#6496=ORIENTED_EDGE('',*,*,#4406,.T.);
#6497=ORIENTED_EDGE('',*,*,#4618,.T.);
#6498=ORIENTED_EDGE('',*,*,#4408,.T.);
#6499=ORIENTED_EDGE('',*,*,#4759,.T.);
#6500=ORIENTED_EDGE('',*,*,#4683,.T.);
#6501=ORIENTED_EDGE('',*,*,#4684,.F.);
#6502=ORIENTED_EDGE('',*,*,#4759,.F.);
#6503=ORIENTED_EDGE('',*,*,#4407,.T.);
#6504=ORIENTED_EDGE('',*,*,#4758,.T.);
#6505=ORIENTED_EDGE('',*,*,#4617,.T.);
#6506=ORIENTED_EDGE('',*,*,#4682,.F.);
#6507=ORIENTED_EDGE('',*,*,#4760,.F.);
#6508=ORIENTED_EDGE('',*,*,#4410,.T.);
#6509=ORIENTED_EDGE('',*,*,#4615,.T.);
#6510=ORIENTED_EDGE('',*,*,#4412,.T.);
#6511=ORIENTED_EDGE('',*,*,#4761,.T.);
#6512=ORIENTED_EDGE('',*,*,#4680,.T.);
#6513=ORIENTED_EDGE('',*,*,#4681,.F.);
#6514=ORIENTED_EDGE('',*,*,#4761,.F.);
#6515=ORIENTED_EDGE('',*,*,#4411,.T.);
#6516=ORIENTED_EDGE('',*,*,#4760,.T.);
#6517=ORIENTED_EDGE('',*,*,#4614,.T.);
#6518=ORIENTED_EDGE('',*,*,#4679,.F.);
#6519=ORIENTED_EDGE('',*,*,#4762,.F.);
#6520=ORIENTED_EDGE('',*,*,#4414,.T.);
#6521=ORIENTED_EDGE('',*,*,#4609,.T.);
#6522=ORIENTED_EDGE('',*,*,#4416,.T.);
#6523=ORIENTED_EDGE('',*,*,#4763,.T.);
#6524=ORIENTED_EDGE('',*,*,#4677,.T.);
#6525=ORIENTED_EDGE('',*,*,#4678,.F.);
#6526=ORIENTED_EDGE('',*,*,#4763,.F.);
#6527=ORIENTED_EDGE('',*,*,#4415,.T.);
#6528=ORIENTED_EDGE('',*,*,#4762,.T.);
#6529=ORIENTED_EDGE('',*,*,#4613,.T.);
#6530=ORIENTED_EDGE('',*,*,#4673,.F.);
#6531=ORIENTED_EDGE('',*,*,#4764,.F.);
#6532=ORIENTED_EDGE('',*,*,#4422,.T.);
#6533=ORIENTED_EDGE('',*,*,#4600,.T.);
#6534=ORIENTED_EDGE('',*,*,#4424,.T.);
#6535=ORIENTED_EDGE('',*,*,#4765,.T.);
#6536=ORIENTED_EDGE('',*,*,#4671,.T.);
#6537=ORIENTED_EDGE('',*,*,#4672,.F.);
#6538=ORIENTED_EDGE('',*,*,#4765,.F.);
#6539=ORIENTED_EDGE('',*,*,#4423,.T.);
#6540=ORIENTED_EDGE('',*,*,#4764,.T.);
#6541=ORIENTED_EDGE('',*,*,#4608,.T.);
#6542=ORIENTED_EDGE('',*,*,#4676,.F.);
#6543=ORIENTED_EDGE('',*,*,#4766,.F.);
#6544=ORIENTED_EDGE('',*,*,#4418,.T.);
#6545=ORIENTED_EDGE('',*,*,#4611,.T.);
#6546=ORIENTED_EDGE('',*,*,#4420,.T.);
#6547=ORIENTED_EDGE('',*,*,#4767,.T.);
#6548=ORIENTED_EDGE('',*,*,#4674,.T.);
#6549=ORIENTED_EDGE('',*,*,#4675,.F.);
#6550=ORIENTED_EDGE('',*,*,#4767,.F.);
#6551=ORIENTED_EDGE('',*,*,#4419,.T.);
#6552=ORIENTED_EDGE('',*,*,#4766,.T.);
#6553=ORIENTED_EDGE('',*,*,#4604,.T.);
#6554=ORIENTED_EDGE('',*,*,#4667,.F.);
#6555=ORIENTED_EDGE('',*,*,#4768,.F.);
#6556=ORIENTED_EDGE('',*,*,#4430,.T.);
#6557=ORIENTED_EDGE('',*,*,#4606,.T.);
#6558=ORIENTED_EDGE('',*,*,#4432,.T.);
#6559=ORIENTED_EDGE('',*,*,#4769,.T.);
#6560=ORIENTED_EDGE('',*,*,#4665,.T.);
#6561=ORIENTED_EDGE('',*,*,#4666,.F.);
#6562=ORIENTED_EDGE('',*,*,#4769,.F.);
#6563=ORIENTED_EDGE('',*,*,#4431,.T.);
#6564=ORIENTED_EDGE('',*,*,#4768,.T.);
#6565=ORIENTED_EDGE('',*,*,#4605,.T.);
#6566=ORIENTED_EDGE('',*,*,#4664,.F.);
#6567=ORIENTED_EDGE('',*,*,#4770,.F.);
#6568=ORIENTED_EDGE('',*,*,#4434,.T.);
#6569=ORIENTED_EDGE('',*,*,#4597,.T.);
#6570=ORIENTED_EDGE('',*,*,#4436,.T.);
#6571=ORIENTED_EDGE('',*,*,#4771,.T.);
#6572=ORIENTED_EDGE('',*,*,#4662,.T.);
#6573=ORIENTED_EDGE('',*,*,#4663,.F.);
#6574=ORIENTED_EDGE('',*,*,#4771,.F.);
#6575=ORIENTED_EDGE('',*,*,#4435,.T.);
#6576=ORIENTED_EDGE('',*,*,#4770,.T.);
#6577=ORIENTED_EDGE('',*,*,#4599,.T.);
#6578=ORIENTED_EDGE('',*,*,#4670,.F.);
#6579=ORIENTED_EDGE('',*,*,#4772,.F.);
#6580=ORIENTED_EDGE('',*,*,#4426,.T.);
#6581=ORIENTED_EDGE('',*,*,#4602,.T.);
#6582=ORIENTED_EDGE('',*,*,#4428,.T.);
#6583=ORIENTED_EDGE('',*,*,#4773,.T.);
#6584=ORIENTED_EDGE('',*,*,#4668,.T.);
#6585=ORIENTED_EDGE('',*,*,#4669,.F.);
#6586=ORIENTED_EDGE('',*,*,#4773,.F.);
#6587=ORIENTED_EDGE('',*,*,#4427,.T.);
#6588=ORIENTED_EDGE('',*,*,#4772,.T.);
#6589=ORIENTED_EDGE('',*,*,#4596,.T.);
#6590=ORIENTED_EDGE('',*,*,#4661,.F.);
#6591=ORIENTED_EDGE('',*,*,#4774,.F.);
#6592=ORIENTED_EDGE('',*,*,#4438,.T.);
#6593=ORIENTED_EDGE('',*,*,#4594,.T.);
#6594=ORIENTED_EDGE('',*,*,#4440,.T.);
#6595=ORIENTED_EDGE('',*,*,#4775,.T.);
#6596=ORIENTED_EDGE('',*,*,#4659,.T.);
#6597=ORIENTED_EDGE('',*,*,#4660,.F.);
#6598=ORIENTED_EDGE('',*,*,#4775,.F.);
#6599=ORIENTED_EDGE('',*,*,#4439,.T.);
#6600=ORIENTED_EDGE('',*,*,#4774,.T.);
#6601=ORIENTED_EDGE('',*,*,#4593,.T.);
#6602=ORIENTED_EDGE('',*,*,#4658,.F.);
#6603=ORIENTED_EDGE('',*,*,#4776,.F.);
#6604=ORIENTED_EDGE('',*,*,#4442,.T.);
#6605=ORIENTED_EDGE('',*,*,#4588,.T.);
#6606=ORIENTED_EDGE('',*,*,#4444,.T.);
#6607=ORIENTED_EDGE('',*,*,#4777,.T.);
#6608=ORIENTED_EDGE('',*,*,#4656,.T.);
#6609=ORIENTED_EDGE('',*,*,#4657,.F.);
#6610=ORIENTED_EDGE('',*,*,#4777,.F.);
#6611=ORIENTED_EDGE('',*,*,#4443,.T.);
#6612=ORIENTED_EDGE('',*,*,#4776,.T.);
#6613=ORIENTED_EDGE('',*,*,#4587,.T.);
#6614=ORIENTED_EDGE('',*,*,#4655,.F.);
#6615=ORIENTED_EDGE('',*,*,#4778,.F.);
#6616=ORIENTED_EDGE('',*,*,#4446,.T.);
#6617=ORIENTED_EDGE('',*,*,#4590,.T.);
#6618=ORIENTED_EDGE('',*,*,#4448,.T.);
#6619=ORIENTED_EDGE('',*,*,#4779,.T.);
#6620=ORIENTED_EDGE('',*,*,#4653,.T.);
#6621=ORIENTED_EDGE('',*,*,#4654,.F.);
#6622=ORIENTED_EDGE('',*,*,#4779,.F.);
#6623=ORIENTED_EDGE('',*,*,#4447,.T.);
#6624=ORIENTED_EDGE('',*,*,#4778,.T.);
#6625=ORIENTED_EDGE('',*,*,#4528,.T.);
#6626=ORIENTED_EDGE('',*,*,#4718,.F.);
#6627=ORIENTED_EDGE('',*,*,#4780,.F.);
#6628=ORIENTED_EDGE('',*,*,#4362,.T.);
#6629=ORIENTED_EDGE('',*,*,#4585,.T.);
#6630=ORIENTED_EDGE('',*,*,#4364,.T.);
#6631=ORIENTED_EDGE('',*,*,#4781,.T.);
#6632=ORIENTED_EDGE('',*,*,#4716,.T.);
#6633=ORIENTED_EDGE('',*,*,#4717,.F.);
#6634=ORIENTED_EDGE('',*,*,#4781,.F.);
#6635=ORIENTED_EDGE('',*,*,#4363,.T.);
#6636=ORIENTED_EDGE('',*,*,#4780,.T.);
#6637=ORIENTED_EDGE('',*,*,#4584,.T.);
#6638=ORIENTED_EDGE('',*,*,#4715,.F.);
#6639=ORIENTED_EDGE('',*,*,#4782,.F.);
#6640=ORIENTED_EDGE('',*,*,#4366,.T.);
#6641=ORIENTED_EDGE('',*,*,#4582,.T.);
#6642=ORIENTED_EDGE('',*,*,#4368,.T.);
#6643=ORIENTED_EDGE('',*,*,#4783,.T.);
#6644=ORIENTED_EDGE('',*,*,#4713,.T.);
#6645=ORIENTED_EDGE('',*,*,#4714,.F.);
#6646=ORIENTED_EDGE('',*,*,#4783,.F.);
#6647=ORIENTED_EDGE('',*,*,#4367,.T.);
#6648=ORIENTED_EDGE('',*,*,#4782,.T.);
#6649=ORIENTED_EDGE('',*,*,#4581,.T.);
#6650=ORIENTED_EDGE('',*,*,#4712,.F.);
#6651=ORIENTED_EDGE('',*,*,#4784,.F.);
#6652=ORIENTED_EDGE('',*,*,#4370,.T.);
#6653=ORIENTED_EDGE('',*,*,#4576,.T.);
#6654=ORIENTED_EDGE('',*,*,#4372,.T.);
#6655=ORIENTED_EDGE('',*,*,#4785,.T.);
#6656=ORIENTED_EDGE('',*,*,#4710,.T.);
#6657=ORIENTED_EDGE('',*,*,#4711,.F.);
#6658=ORIENTED_EDGE('',*,*,#4785,.F.);
#6659=ORIENTED_EDGE('',*,*,#4371,.T.);
#6660=ORIENTED_EDGE('',*,*,#4784,.T.);
#6661=ORIENTED_EDGE('',*,*,#4580,.T.);
#6662=ORIENTED_EDGE('',*,*,#4706,.F.);
#6663=ORIENTED_EDGE('',*,*,#4786,.F.);
#6664=ORIENTED_EDGE('',*,*,#4378,.T.);
#6665=ORIENTED_EDGE('',*,*,#4567,.T.);
#6666=ORIENTED_EDGE('',*,*,#4380,.T.);
#6667=ORIENTED_EDGE('',*,*,#4787,.T.);
#6668=ORIENTED_EDGE('',*,*,#4704,.T.);
#6669=ORIENTED_EDGE('',*,*,#4705,.F.);
#6670=ORIENTED_EDGE('',*,*,#4787,.F.);
#6671=ORIENTED_EDGE('',*,*,#4379,.T.);
#6672=ORIENTED_EDGE('',*,*,#4786,.T.);
#6673=ORIENTED_EDGE('',*,*,#4575,.T.);
#6674=ORIENTED_EDGE('',*,*,#4709,.F.);
#6675=ORIENTED_EDGE('',*,*,#4788,.F.);
#6676=ORIENTED_EDGE('',*,*,#4374,.T.);
#6677=ORIENTED_EDGE('',*,*,#4578,.T.);
#6678=ORIENTED_EDGE('',*,*,#4376,.T.);
#6679=ORIENTED_EDGE('',*,*,#4789,.T.);
#6680=ORIENTED_EDGE('',*,*,#4707,.T.);
#6681=ORIENTED_EDGE('',*,*,#4708,.F.);
#6682=ORIENTED_EDGE('',*,*,#4789,.F.);
#6683=ORIENTED_EDGE('',*,*,#4375,.T.);
#6684=ORIENTED_EDGE('',*,*,#4788,.T.);
#6685=ORIENTED_EDGE('',*,*,#4571,.T.);
#6686=ORIENTED_EDGE('',*,*,#4700,.F.);
#6687=ORIENTED_EDGE('',*,*,#4790,.F.);
#6688=ORIENTED_EDGE('',*,*,#4386,.T.);
#6689=ORIENTED_EDGE('',*,*,#4573,.T.);
#6690=ORIENTED_EDGE('',*,*,#4388,.T.);
#6691=ORIENTED_EDGE('',*,*,#4791,.T.);
#6692=ORIENTED_EDGE('',*,*,#4698,.T.);
#6693=ORIENTED_EDGE('',*,*,#4699,.F.);
#6694=ORIENTED_EDGE('',*,*,#4791,.F.);
#6695=ORIENTED_EDGE('',*,*,#4387,.T.);
#6696=ORIENTED_EDGE('',*,*,#4790,.T.);
#6697=ORIENTED_EDGE('',*,*,#4572,.T.);
#6698=ORIENTED_EDGE('',*,*,#4697,.F.);
#6699=ORIENTED_EDGE('',*,*,#4792,.F.);
#6700=ORIENTED_EDGE('',*,*,#4390,.T.);
#6701=ORIENTED_EDGE('',*,*,#4564,.T.);
#6702=ORIENTED_EDGE('',*,*,#4392,.T.);
#6703=ORIENTED_EDGE('',*,*,#4793,.T.);
#6704=ORIENTED_EDGE('',*,*,#4695,.T.);
#6705=ORIENTED_EDGE('',*,*,#4696,.F.);
#6706=ORIENTED_EDGE('',*,*,#4793,.F.);
#6707=ORIENTED_EDGE('',*,*,#4391,.T.);
#6708=ORIENTED_EDGE('',*,*,#4792,.T.);
#6709=ORIENTED_EDGE('',*,*,#4566,.T.);
#6710=ORIENTED_EDGE('',*,*,#4703,.F.);
#6711=ORIENTED_EDGE('',*,*,#4794,.F.);
#6712=ORIENTED_EDGE('',*,*,#4382,.T.);
#6713=ORIENTED_EDGE('',*,*,#4569,.T.);
#6714=ORIENTED_EDGE('',*,*,#4384,.T.);
#6715=ORIENTED_EDGE('',*,*,#4795,.T.);
#6716=ORIENTED_EDGE('',*,*,#4701,.T.);
#6717=ORIENTED_EDGE('',*,*,#4702,.F.);
#6718=ORIENTED_EDGE('',*,*,#4795,.F.);
#6719=ORIENTED_EDGE('',*,*,#4383,.T.);
#6720=ORIENTED_EDGE('',*,*,#4794,.T.);
#6721=ORIENTED_EDGE('',*,*,#4563,.T.);
#6722=ORIENTED_EDGE('',*,*,#4694,.F.);
#6723=ORIENTED_EDGE('',*,*,#4796,.F.);
#6724=ORIENTED_EDGE('',*,*,#4394,.T.);
#6725=ORIENTED_EDGE('',*,*,#4561,.T.);
#6726=ORIENTED_EDGE('',*,*,#4396,.T.);
#6727=ORIENTED_EDGE('',*,*,#4797,.T.);
#6728=ORIENTED_EDGE('',*,*,#4692,.T.);
#6729=ORIENTED_EDGE('',*,*,#4693,.F.);
#6730=ORIENTED_EDGE('',*,*,#4797,.F.);
#6731=ORIENTED_EDGE('',*,*,#4395,.T.);
#6732=ORIENTED_EDGE('',*,*,#4796,.T.);
#6733=ORIENTED_EDGE('',*,*,#4560,.T.);
#6734=ORIENTED_EDGE('',*,*,#4691,.F.);
#6735=ORIENTED_EDGE('',*,*,#4798,.F.);
#6736=ORIENTED_EDGE('',*,*,#4398,.T.);
#6737=ORIENTED_EDGE('',*,*,#4555,.T.);
#6738=ORIENTED_EDGE('',*,*,#4400,.T.);
#6739=ORIENTED_EDGE('',*,*,#4799,.T.);
#6740=ORIENTED_EDGE('',*,*,#4689,.T.);
#6741=ORIENTED_EDGE('',*,*,#4690,.F.);
#6742=ORIENTED_EDGE('',*,*,#4799,.F.);
#6743=ORIENTED_EDGE('',*,*,#4399,.T.);
#6744=ORIENTED_EDGE('',*,*,#4798,.T.);
#6745=ORIENTED_EDGE('',*,*,#4554,.T.);
#6746=ORIENTED_EDGE('',*,*,#4688,.F.);
#6747=ORIENTED_EDGE('',*,*,#4800,.F.);
#6748=ORIENTED_EDGE('',*,*,#4402,.T.);
#6749=ORIENTED_EDGE('',*,*,#4557,.T.);
#6750=ORIENTED_EDGE('',*,*,#4404,.T.);
#6751=ORIENTED_EDGE('',*,*,#4801,.T.);
#6752=ORIENTED_EDGE('',*,*,#4686,.T.);
#6753=ORIENTED_EDGE('',*,*,#4687,.F.);
#6754=ORIENTED_EDGE('',*,*,#4801,.F.);
#6755=ORIENTED_EDGE('',*,*,#4403,.T.);
#6756=ORIENTED_EDGE('',*,*,#4800,.T.);
#6757=ORIENTED_EDGE('',*,*,#4497,.T.);
#6758=ORIENTED_EDGE('',*,*,#4749,.F.);
#6759=ORIENTED_EDGE('',*,*,#4802,.F.);
#6760=ORIENTED_EDGE('',*,*,#4320,.T.);
#6761=ORIENTED_EDGE('',*,*,#4552,.T.);
#6762=ORIENTED_EDGE('',*,*,#4322,.T.);
#6763=ORIENTED_EDGE('',*,*,#4803,.T.);
#6764=ORIENTED_EDGE('',*,*,#4747,.T.);
#6765=ORIENTED_EDGE('',*,*,#4748,.F.);
#6766=ORIENTED_EDGE('',*,*,#4803,.F.);
#6767=ORIENTED_EDGE('',*,*,#4321,.T.);
#6768=ORIENTED_EDGE('',*,*,#4802,.T.);
#6769=ORIENTED_EDGE('',*,*,#4551,.T.);
#6770=ORIENTED_EDGE('',*,*,#4746,.F.);
#6771=ORIENTED_EDGE('',*,*,#4804,.F.);
#6772=ORIENTED_EDGE('',*,*,#4324,.T.);
#6773=ORIENTED_EDGE('',*,*,#4549,.T.);
#6774=ORIENTED_EDGE('',*,*,#4326,.T.);
#6775=ORIENTED_EDGE('',*,*,#4805,.T.);
#6776=ORIENTED_EDGE('',*,*,#4744,.T.);
#6777=ORIENTED_EDGE('',*,*,#4745,.F.);
#6778=ORIENTED_EDGE('',*,*,#4805,.F.);
#6779=ORIENTED_EDGE('',*,*,#4325,.T.);
#6780=ORIENTED_EDGE('',*,*,#4804,.T.);
#6781=ORIENTED_EDGE('',*,*,#4548,.T.);
#6782=ORIENTED_EDGE('',*,*,#4743,.F.);
#6783=ORIENTED_EDGE('',*,*,#4806,.F.);
#6784=ORIENTED_EDGE('',*,*,#4328,.T.);
#6785=ORIENTED_EDGE('',*,*,#4543,.T.);
#6786=ORIENTED_EDGE('',*,*,#4330,.T.);
#6787=ORIENTED_EDGE('',*,*,#4807,.T.);
#6788=ORIENTED_EDGE('',*,*,#4741,.T.);
#6789=ORIENTED_EDGE('',*,*,#4742,.F.);
#6790=ORIENTED_EDGE('',*,*,#4807,.F.);
#6791=ORIENTED_EDGE('',*,*,#4329,.T.);
#6792=ORIENTED_EDGE('',*,*,#4806,.T.);
#6793=ORIENTED_EDGE('',*,*,#4547,.T.);
#6794=ORIENTED_EDGE('',*,*,#4737,.F.);
#6795=ORIENTED_EDGE('',*,*,#4808,.F.);
#6796=ORIENTED_EDGE('',*,*,#4336,.T.);
#6797=ORIENTED_EDGE('',*,*,#4534,.T.);
#6798=ORIENTED_EDGE('',*,*,#4338,.T.);
#6799=ORIENTED_EDGE('',*,*,#4809,.T.);
#6800=ORIENTED_EDGE('',*,*,#4735,.T.);
#6801=ORIENTED_EDGE('',*,*,#4736,.F.);
#6802=ORIENTED_EDGE('',*,*,#4809,.F.);
#6803=ORIENTED_EDGE('',*,*,#4337,.T.);
#6804=ORIENTED_EDGE('',*,*,#4808,.T.);
#6805=ORIENTED_EDGE('',*,*,#4542,.T.);
#6806=ORIENTED_EDGE('',*,*,#4740,.F.);
#6807=ORIENTED_EDGE('',*,*,#4810,.F.);
#6808=ORIENTED_EDGE('',*,*,#4332,.T.);
#6809=ORIENTED_EDGE('',*,*,#4545,.T.);
#6810=ORIENTED_EDGE('',*,*,#4334,.T.);
#6811=ORIENTED_EDGE('',*,*,#4811,.T.);
#6812=ORIENTED_EDGE('',*,*,#4738,.T.);
#6813=ORIENTED_EDGE('',*,*,#4739,.F.);
#6814=ORIENTED_EDGE('',*,*,#4811,.F.);
#6815=ORIENTED_EDGE('',*,*,#4333,.T.);
#6816=ORIENTED_EDGE('',*,*,#4810,.T.);
#6817=ORIENTED_EDGE('',*,*,#4538,.T.);
#6818=ORIENTED_EDGE('',*,*,#4731,.F.);
#6819=ORIENTED_EDGE('',*,*,#4812,.F.);
#6820=ORIENTED_EDGE('',*,*,#4344,.T.);
#6821=ORIENTED_EDGE('',*,*,#4540,.T.);
#6822=ORIENTED_EDGE('',*,*,#4346,.T.);
#6823=ORIENTED_EDGE('',*,*,#4813,.T.);
#6824=ORIENTED_EDGE('',*,*,#4729,.T.);
#6825=ORIENTED_EDGE('',*,*,#4730,.F.);
#6826=ORIENTED_EDGE('',*,*,#4813,.F.);
#6827=ORIENTED_EDGE('',*,*,#4345,.T.);
#6828=ORIENTED_EDGE('',*,*,#4812,.T.);
#6829=ORIENTED_EDGE('',*,*,#4539,.T.);
#6830=ORIENTED_EDGE('',*,*,#4728,.F.);
#6831=ORIENTED_EDGE('',*,*,#4814,.F.);
#6832=ORIENTED_EDGE('',*,*,#4348,.T.);
#6833=ORIENTED_EDGE('',*,*,#4727,.F.);
#6834=ORIENTED_EDGE('',*,*,#4313,.F.);
#6835=ORIENTED_EDGE('',*,*,#4349,.T.);
#6836=ORIENTED_EDGE('',*,*,#4814,.T.);
#6837=ORIENTED_EDGE('',*,*,#4533,.T.);
#6838=ORIENTED_EDGE('',*,*,#4734,.F.);
#6839=ORIENTED_EDGE('',*,*,#4815,.F.);
#6840=ORIENTED_EDGE('',*,*,#4340,.T.);
#6841=ORIENTED_EDGE('',*,*,#4536,.T.);
#6842=ORIENTED_EDGE('',*,*,#4342,.T.);
#6843=ORIENTED_EDGE('',*,*,#4816,.T.);
#6844=ORIENTED_EDGE('',*,*,#4732,.T.);
#6845=ORIENTED_EDGE('',*,*,#4733,.F.);
#6846=ORIENTED_EDGE('',*,*,#4816,.F.);
#6847=ORIENTED_EDGE('',*,*,#4341,.T.);
#6848=ORIENTED_EDGE('',*,*,#4815,.T.);
#6849=ORIENTED_EDGE('',*,*,#4531,.T.);
#6850=ORIENTED_EDGE('',*,*,#4726,.F.);
#6851=ORIENTED_EDGE('',*,*,#4817,.F.);
#6852=ORIENTED_EDGE('',*,*,#4351,.T.);
#6853=ORIENTED_EDGE('',*,*,#4725,.F.);
#6854=ORIENTED_EDGE('',*,*,#4309,.F.);
#6855=ORIENTED_EDGE('',*,*,#4352,.T.);
#6856=ORIENTED_EDGE('',*,*,#4817,.T.);
#6857=ORIENTED_EDGE('',*,*,#4529,.T.);
#6858=ORIENTED_EDGE('',*,*,#4724,.F.);
#6859=ORIENTED_EDGE('',*,*,#4818,.F.);
#6860=ORIENTED_EDGE('',*,*,#4354,.T.);
#6861=ORIENTED_EDGE('',*,*,#4524,.T.);
#6862=ORIENTED_EDGE('',*,*,#4356,.T.);
#6863=ORIENTED_EDGE('',*,*,#4819,.T.);
#6864=ORIENTED_EDGE('',*,*,#4722,.T.);
#6865=ORIENTED_EDGE('',*,*,#4723,.F.);
#6866=ORIENTED_EDGE('',*,*,#4819,.F.);
#6867=ORIENTED_EDGE('',*,*,#4355,.T.);
#6868=ORIENTED_EDGE('',*,*,#4818,.T.);
#6869=ORIENTED_EDGE('',*,*,#4523,.T.);
#6870=ORIENTED_EDGE('',*,*,#4721,.F.);
#6871=ORIENTED_EDGE('',*,*,#4820,.F.);
#6872=ORIENTED_EDGE('',*,*,#4358,.T.);
#6873=ORIENTED_EDGE('',*,*,#4526,.T.);
#6874=ORIENTED_EDGE('',*,*,#4360,.T.);
#6875=ORIENTED_EDGE('',*,*,#4821,.T.);
#6876=ORIENTED_EDGE('',*,*,#4719,.T.);
#6877=ORIENTED_EDGE('',*,*,#4720,.F.);
#6878=ORIENTED_EDGE('',*,*,#4821,.F.);
#6879=ORIENTED_EDGE('',*,*,#4359,.T.);
#6880=ORIENTED_EDGE('',*,*,#4820,.T.);
#6881=ORIENTED_EDGE('',*,*,#4519,.T.);
#6882=ORIENTED_EDGE('',*,*,#4459,.T.);
#6883=ORIENTED_EDGE('',*,*,#4822,.T.);
#6884=ORIENTED_EDGE('',*,*,#4644,.T.);
#6885=ORIENTED_EDGE('',*,*,#4645,.F.);
#6886=ORIENTED_EDGE('',*,*,#4822,.F.);
#6887=ORIENTED_EDGE('',*,*,#4458,.T.);
#6888=ORIENTED_EDGE('',*,*,#4307,.T.);
#6889=ORIENTED_EDGE('',*,*,#4511,.T.);
#6890=ORIENTED_EDGE('',*,*,#4462,.T.);
#6891=ORIENTED_EDGE('',*,*,#4823,.T.);
#6892=ORIENTED_EDGE('',*,*,#4642,.T.);
#6893=ORIENTED_EDGE('',*,*,#4643,.F.);
#6894=ORIENTED_EDGE('',*,*,#4823,.F.);
#6895=ORIENTED_EDGE('',*,*,#4461,.T.);
#6896=ORIENTED_EDGE('',*,*,#4303,.T.);
#6897=ORIENTED_EDGE('',*,*,#4515,.T.);
#6898=ORIENTED_EDGE('',*,*,#4638,.F.);
#6899=ORIENTED_EDGE('',*,*,#4824,.F.);
#6900=ORIENTED_EDGE('',*,*,#4468,.T.);
#6901=ORIENTED_EDGE('',*,*,#4517,.T.);
#6902=ORIENTED_EDGE('',*,*,#4470,.T.);
#6903=ORIENTED_EDGE('',*,*,#4825,.T.);
#6904=ORIENTED_EDGE('',*,*,#4636,.T.);
#6905=ORIENTED_EDGE('',*,*,#4637,.F.);
#6906=ORIENTED_EDGE('',*,*,#4825,.F.);
#6907=ORIENTED_EDGE('',*,*,#4469,.T.);
#6908=ORIENTED_EDGE('',*,*,#4824,.T.);
#6909=ORIENTED_EDGE('',*,*,#4516,.T.);
#6910=ORIENTED_EDGE('',*,*,#4635,.F.);
#6911=ORIENTED_EDGE('',*,*,#4826,.F.);
#6912=ORIENTED_EDGE('',*,*,#4472,.T.);
#6913=ORIENTED_EDGE('',*,*,#4505,.T.);
#6914=ORIENTED_EDGE('',*,*,#4474,.T.);
#6915=ORIENTED_EDGE('',*,*,#4827,.T.);
#6916=ORIENTED_EDGE('',*,*,#4633,.T.);
#6917=ORIENTED_EDGE('',*,*,#4634,.F.);
#6918=ORIENTED_EDGE('',*,*,#4827,.F.);
#6919=ORIENTED_EDGE('',*,*,#4473,.T.);
#6920=ORIENTED_EDGE('',*,*,#4826,.T.);
#6921=ORIENTED_EDGE('',*,*,#4510,.T.);
#6922=ORIENTED_EDGE('',*,*,#4641,.F.);
#6923=ORIENTED_EDGE('',*,*,#4828,.F.);
#6924=ORIENTED_EDGE('',*,*,#4464,.T.);
#6925=ORIENTED_EDGE('',*,*,#4513,.T.);
#6926=ORIENTED_EDGE('',*,*,#4466,.T.);
#6927=ORIENTED_EDGE('',*,*,#4829,.T.);
#6928=ORIENTED_EDGE('',*,*,#4639,.T.);
#6929=ORIENTED_EDGE('',*,*,#4640,.F.);
#6930=ORIENTED_EDGE('',*,*,#4829,.F.);
#6931=ORIENTED_EDGE('',*,*,#4465,.T.);
#6932=ORIENTED_EDGE('',*,*,#4828,.T.);
#6933=ORIENTED_EDGE('',*,*,#4509,.T.);
#6934=ORIENTED_EDGE('',*,*,#4629,.F.);
#6935=ORIENTED_EDGE('',*,*,#4830,.F.);
#6936=ORIENTED_EDGE('',*,*,#4480,.T.);
#6937=ORIENTED_EDGE('',*,*,#4502,.T.);
#6938=ORIENTED_EDGE('',*,*,#4482,.T.);
#6939=ORIENTED_EDGE('',*,*,#4831,.T.);
#6940=ORIENTED_EDGE('',*,*,#4627,.T.);
#6941=ORIENTED_EDGE('',*,*,#4628,.F.);
#6942=ORIENTED_EDGE('',*,*,#4831,.F.);
#6943=ORIENTED_EDGE('',*,*,#4481,.T.);
#6944=ORIENTED_EDGE('',*,*,#4830,.T.);
#6945=ORIENTED_EDGE('',*,*,#4504,.T.);
#6946=ORIENTED_EDGE('',*,*,#4632,.F.);
#6947=ORIENTED_EDGE('',*,*,#4832,.F.);
#6948=ORIENTED_EDGE('',*,*,#4476,.T.);
#6949=ORIENTED_EDGE('',*,*,#4507,.T.);
#6950=ORIENTED_EDGE('',*,*,#4478,.T.);
#6951=ORIENTED_EDGE('',*,*,#4833,.T.);
#6952=ORIENTED_EDGE('',*,*,#4630,.T.);
#6953=ORIENTED_EDGE('',*,*,#4631,.F.);
#6954=ORIENTED_EDGE('',*,*,#4833,.F.);
#6955=ORIENTED_EDGE('',*,*,#4477,.T.);
#6956=ORIENTED_EDGE('',*,*,#4832,.T.);
#6957=ORIENTED_EDGE('',*,*,#4501,.T.);
#6958=ORIENTED_EDGE('',*,*,#4626,.F.);
#6959=ORIENTED_EDGE('',*,*,#4834,.F.);
#6960=ORIENTED_EDGE('',*,*,#4484,.T.);
#6961=ORIENTED_EDGE('',*,*,#4499,.T.);
#6962=ORIENTED_EDGE('',*,*,#4486,.T.);
#6963=ORIENTED_EDGE('',*,*,#4835,.T.);
#6964=ORIENTED_EDGE('',*,*,#4624,.T.);
#6965=ORIENTED_EDGE('',*,*,#4625,.F.);
#6966=ORIENTED_EDGE('',*,*,#4835,.F.);
#6967=ORIENTED_EDGE('',*,*,#4485,.T.);
#6968=ORIENTED_EDGE('',*,*,#4834,.T.);
#6969=ORIENTED_EDGE('',*,*,#4498,.T.);
#6970=ORIENTED_EDGE('',*,*,#4623,.F.);
#6971=ORIENTED_EDGE('',*,*,#4836,.F.);
#6972=ORIENTED_EDGE('',*,*,#4488,.T.);
#6973=ORIENTED_EDGE('',*,*,#4493,.T.);
#6974=ORIENTED_EDGE('',*,*,#4490,.T.);
#6975=ORIENTED_EDGE('',*,*,#4837,.T.);
#6976=ORIENTED_EDGE('',*,*,#4621,.T.);
#6977=ORIENTED_EDGE('',*,*,#4622,.F.);
#6978=ORIENTED_EDGE('',*,*,#4837,.F.);
#6979=ORIENTED_EDGE('',*,*,#4489,.T.);
#6980=ORIENTED_EDGE('',*,*,#4836,.T.);
#6981=ORIENTED_EDGE('',*,*,#4492,.T.);
#6982=ORIENTED_EDGE('',*,*,#4620,.F.);
#6983=ORIENTED_EDGE('',*,*,#4838,.F.);
#6984=ORIENTED_EDGE('',*,*,#4316,.T.);
#6985=ORIENTED_EDGE('',*,*,#4495,.T.);
#6986=ORIENTED_EDGE('',*,*,#4318,.T.);
#6987=ORIENTED_EDGE('',*,*,#4839,.T.);
#6988=ORIENTED_EDGE('',*,*,#4750,.T.);
#6989=ORIENTED_EDGE('',*,*,#4751,.F.);
#6990=ORIENTED_EDGE('',*,*,#4839,.F.);
#6991=ORIENTED_EDGE('',*,*,#4317,.T.);
#6992=ORIENTED_EDGE('',*,*,#4838,.T.);
#6993=ORIENTED_EDGE('',*,*,#4840,.T.);
#6994=ORIENTED_EDGE('',*,*,#4841,.T.);
#6995=ORIENTED_EDGE('',*,*,#4842,.T.);
#6996=ORIENTED_EDGE('',*,*,#4841,.F.);
#6997=ORIENTED_EDGE('',*,*,#4843,.T.);
#6998=ORIENTED_EDGE('',*,*,#4844,.T.);
#6999=ORIENTED_EDGE('',*,*,#4845,.F.);
#7000=ORIENTED_EDGE('',*,*,#4846,.F.);
#7001=ORIENTED_EDGE('',*,*,#4847,.T.);
#7002=ORIENTED_EDGE('',*,*,#4848,.T.);
#7003=ORIENTED_EDGE('',*,*,#4849,.F.);
#7004=ORIENTED_EDGE('',*,*,#4850,.F.);
#7005=ORIENTED_EDGE('',*,*,#4851,.T.);
#7006=ORIENTED_EDGE('',*,*,#4852,.T.);
#7007=ORIENTED_EDGE('',*,*,#4853,.T.);
#7008=ORIENTED_EDGE('',*,*,#4854,.T.);
#7009=ORIENTED_EDGE('',*,*,#4855,.T.);
#7010=ORIENTED_EDGE('',*,*,#4856,.T.);
#7011=ORIENTED_EDGE('',*,*,#4857,.T.);
#7012=ORIENTED_EDGE('',*,*,#4858,.T.);
#7013=ORIENTED_EDGE('',*,*,#4859,.T.);
#7014=ORIENTED_EDGE('',*,*,#4860,.T.);
#7015=ORIENTED_EDGE('',*,*,#4861,.F.);
#7016=ORIENTED_EDGE('',*,*,#4862,.F.);
#7017=ORIENTED_EDGE('',*,*,#4863,.F.);
#7018=ORIENTED_EDGE('',*,*,#4843,.F.);
#7019=ORIENTED_EDGE('',*,*,#4864,.F.);
#7020=ORIENTED_EDGE('',*,*,#4865,.F.);
#7021=ORIENTED_EDGE('',*,*,#4866,.F.);
#7022=ORIENTED_EDGE('',*,*,#4867,.F.);
#7023=ORIENTED_EDGE('',*,*,#4868,.F.);
#7024=ORIENTED_EDGE('',*,*,#4869,.F.);
#7025=ORIENTED_EDGE('',*,*,#4870,.F.);
#7026=ORIENTED_EDGE('',*,*,#4871,.F.);
#7027=ORIENTED_EDGE('',*,*,#4855,.F.);
#7028=ORIENTED_EDGE('',*,*,#4872,.F.);
#7029=ORIENTED_EDGE('',*,*,#4873,.F.);
#7030=ORIENTED_EDGE('',*,*,#4874,.F.);
#7031=ORIENTED_EDGE('',*,*,#4851,.F.);
#7032=ORIENTED_EDGE('',*,*,#4875,.F.);
#7033=ORIENTED_EDGE('',*,*,#4876,.F.);
#7034=ORIENTED_EDGE('',*,*,#4877,.F.);
#7035=ORIENTED_EDGE('',*,*,#4878,.F.);
#7036=ORIENTED_EDGE('',*,*,#4879,.F.);
#7037=ORIENTED_EDGE('',*,*,#4880,.F.);
#7038=ORIENTED_EDGE('',*,*,#4881,.F.);
#7039=ORIENTED_EDGE('',*,*,#4882,.F.);
#7040=ORIENTED_EDGE('',*,*,#4883,.F.);
#7041=ORIENTED_EDGE('',*,*,#4884,.F.);
#7042=ORIENTED_EDGE('',*,*,#4885,.F.);
#7043=ORIENTED_EDGE('',*,*,#4886,.F.);
#7044=ORIENTED_EDGE('',*,*,#4887,.F.);
#7045=ORIENTED_EDGE('',*,*,#4888,.F.);
#7046=ORIENTED_EDGE('',*,*,#4889,.F.);
#7047=ORIENTED_EDGE('',*,*,#4890,.F.);
#7048=ORIENTED_EDGE('',*,*,#4891,.F.);
#7049=ORIENTED_EDGE('',*,*,#4892,.F.);
#7050=ORIENTED_EDGE('',*,*,#4893,.F.);
#7051=ORIENTED_EDGE('',*,*,#4894,.F.);
#7052=ORIENTED_EDGE('',*,*,#4895,.F.);
#7053=ORIENTED_EDGE('',*,*,#4896,.F.);
#7054=ORIENTED_EDGE('',*,*,#4897,.F.);
#7055=ORIENTED_EDGE('',*,*,#4898,.F.);
#7056=ORIENTED_EDGE('',*,*,#4899,.F.);
#7057=ORIENTED_EDGE('',*,*,#4900,.F.);
#7058=ORIENTED_EDGE('',*,*,#4901,.F.);
#7059=ORIENTED_EDGE('',*,*,#4902,.F.);
#7060=ORIENTED_EDGE('',*,*,#4903,.F.);
#7061=ORIENTED_EDGE('',*,*,#4904,.F.);
#7062=ORIENTED_EDGE('',*,*,#4905,.F.);
#7063=ORIENTED_EDGE('',*,*,#4906,.F.);
#7064=ORIENTED_EDGE('',*,*,#4907,.F.);
#7065=ORIENTED_EDGE('',*,*,#4908,.F.);
#7066=ORIENTED_EDGE('',*,*,#4909,.F.);
#7067=ORIENTED_EDGE('',*,*,#4910,.F.);
#7068=ORIENTED_EDGE('',*,*,#4911,.F.);
#7069=ORIENTED_EDGE('',*,*,#4859,.F.);
#7070=ORIENTED_EDGE('',*,*,#4912,.F.);
#7071=ORIENTED_EDGE('',*,*,#4913,.F.);
#7072=ORIENTED_EDGE('',*,*,#4914,.F.);
#7073=ORIENTED_EDGE('',*,*,#4847,.F.);
#7074=ORIENTED_EDGE('',*,*,#4915,.F.);
#7075=ORIENTED_EDGE('',*,*,#4916,.F.);
#7076=ORIENTED_EDGE('',*,*,#4917,.F.);
#7077=ORIENTED_EDGE('',*,*,#4918,.F.);
#7078=ORIENTED_EDGE('',*,*,#4919,.F.);
#7079=ORIENTED_EDGE('',*,*,#4920,.F.);
#7080=ORIENTED_EDGE('',*,*,#4921,.F.);
#7081=ORIENTED_EDGE('',*,*,#4840,.F.);
#7082=ORIENTED_EDGE('',*,*,#4922,.F.);
#7083=ORIENTED_EDGE('',*,*,#4921,.T.);
#7084=ORIENTED_EDGE('',*,*,#4923,.F.);
#7085=ORIENTED_EDGE('',*,*,#4924,.F.);
#7086=ORIENTED_EDGE('',*,*,#4925,.F.);
#7087=ORIENTED_EDGE('',*,*,#4926,.F.);
#7088=ORIENTED_EDGE('',*,*,#4927,.F.);
#7089=ORIENTED_EDGE('',*,*,#4865,.T.);
#7090=ORIENTED_EDGE('',*,*,#4928,.F.);
#7091=ORIENTED_EDGE('',*,*,#4917,.T.);
#7092=ORIENTED_EDGE('',*,*,#4929,.F.);
#7093=ORIENTED_EDGE('',*,*,#4930,.F.);
#7094=ORIENTED_EDGE('',*,*,#4848,.F.);
#7095=ORIENTED_EDGE('',*,*,#4914,.T.);
#7096=ORIENTED_EDGE('',*,*,#4931,.F.);
#7097=ORIENTED_EDGE('',*,*,#4932,.F.);
#7098=ORIENTED_EDGE('',*,*,#4933,.F.);
#7099=ORIENTED_EDGE('',*,*,#4875,.T.);
#7100=ORIENTED_EDGE('',*,*,#4854,.F.);
#7101=ORIENTED_EDGE('',*,*,#4934,.F.);
#7102=ORIENTED_EDGE('',*,*,#4935,.F.);
#7103=ORIENTED_EDGE('',*,*,#4936,.F.);
#7104=ORIENTED_EDGE('',*,*,#4937,.F.);
#7105=ORIENTED_EDGE('',*,*,#4879,.T.);
#7106=ORIENTED_EDGE('',*,*,#4938,.F.);
#7107=ORIENTED_EDGE('',*,*,#4872,.T.);
#7108=ORIENTED_EDGE('',*,*,#4858,.F.);
#7109=ORIENTED_EDGE('',*,*,#4939,.F.);
#7110=ORIENTED_EDGE('',*,*,#4940,.F.);
#7111=ORIENTED_EDGE('',*,*,#4941,.F.);
#7112=ORIENTED_EDGE('',*,*,#4942,.F.);
#7113=ORIENTED_EDGE('',*,*,#4869,.T.);
#7114=ORIENTED_EDGE('',*,*,#4943,.F.);
#7115=ORIENTED_EDGE('',*,*,#4883,.T.);
#7116=ORIENTED_EDGE('',*,*,#4944,.F.);
#7117=ORIENTED_EDGE('',*,*,#4945,.F.);
#7118=ORIENTED_EDGE('',*,*,#4946,.F.);
#7119=ORIENTED_EDGE('',*,*,#4947,.F.);
#7120=ORIENTED_EDGE('',*,*,#4948,.F.);
#7121=ORIENTED_EDGE('',*,*,#4887,.T.);
#7122=ORIENTED_EDGE('',*,*,#4949,.F.);
#7123=ORIENTED_EDGE('',*,*,#4950,.F.);
#7124=ORIENTED_EDGE('',*,*,#4951,.F.);
#7125=ORIENTED_EDGE('',*,*,#4891,.T.);
#7126=ORIENTED_EDGE('',*,*,#4952,.F.);
#7127=ORIENTED_EDGE('',*,*,#4899,.T.);
#7128=ORIENTED_EDGE('',*,*,#4953,.F.);
#7129=ORIENTED_EDGE('',*,*,#4954,.F.);
#7130=ORIENTED_EDGE('',*,*,#4955,.F.);
#7131=ORIENTED_EDGE('',*,*,#4956,.F.);
#7132=ORIENTED_EDGE('',*,*,#4957,.F.);
#7133=ORIENTED_EDGE('',*,*,#4903,.T.);
#7134=ORIENTED_EDGE('',*,*,#4958,.F.);
#7135=ORIENTED_EDGE('',*,*,#4959,.F.);
#7136=ORIENTED_EDGE('',*,*,#4960,.F.);
#7137=ORIENTED_EDGE('',*,*,#4907,.T.);
#7138=ORIENTED_EDGE('',*,*,#4961,.F.);
#7139=ORIENTED_EDGE('',*,*,#4895,.T.);
#7140=ORIENTED_EDGE('',*,*,#4962,.F.);
#7141=ORIENTED_EDGE('',*,*,#4963,.F.);
#7142=ORIENTED_EDGE('',*,*,#4964,.T.);
#7143=ORIENTED_EDGE('',*,*,#4924,.T.);
#7144=ORIENTED_EDGE('',*,*,#4965,.F.);
#7145=ORIENTED_EDGE('',*,*,#4966,.T.);
#7146=ORIENTED_EDGE('',*,*,#4967,.T.);
#7147=ORIENTED_EDGE('',*,*,#4930,.T.);
#7148=ORIENTED_EDGE('',*,*,#4968,.F.);
#7149=ORIENTED_EDGE('',*,*,#4969,.T.);
#7150=ORIENTED_EDGE('',*,*,#4849,.T.);
#7151=ORIENTED_EDGE('',*,*,#4932,.T.);
#7152=ORIENTED_EDGE('',*,*,#4970,.F.);
#7153=ORIENTED_EDGE('',*,*,#4971,.T.);
#7154=ORIENTED_EDGE('',*,*,#4861,.T.);
#7155=ORIENTED_EDGE('',*,*,#4972,.T.);
#7156=ORIENTED_EDGE('',*,*,#4973,.F.);
#7157=ORIENTED_EDGE('',*,*,#4974,.T.);
#7158=ORIENTED_EDGE('',*,*,#4975,.T.);
#7159=ORIENTED_EDGE('',*,*,#4959,.T.);
#7160=ORIENTED_EDGE('',*,*,#4976,.F.);
#7161=ORIENTED_EDGE('',*,*,#4977,.T.);
#7162=ORIENTED_EDGE('',*,*,#4978,.T.);
#7163=ORIENTED_EDGE('',*,*,#4956,.T.);
#7164=ORIENTED_EDGE('',*,*,#4979,.F.);
#7165=ORIENTED_EDGE('',*,*,#4980,.T.);
#7166=ORIENTED_EDGE('',*,*,#4981,.T.);
#7167=ORIENTED_EDGE('',*,*,#4954,.T.);
#7168=ORIENTED_EDGE('',*,*,#4982,.F.);
#7169=ORIENTED_EDGE('',*,*,#4983,.T.);
#7170=ORIENTED_EDGE('',*,*,#4984,.T.);
#7171=ORIENTED_EDGE('',*,*,#4963,.T.);
#7172=ORIENTED_EDGE('',*,*,#4985,.F.);
#7173=ORIENTED_EDGE('',*,*,#4986,.T.);
#7174=ORIENTED_EDGE('',*,*,#4987,.T.);
#7175=ORIENTED_EDGE('',*,*,#4950,.T.);
#7176=ORIENTED_EDGE('',*,*,#4988,.F.);
#7177=ORIENTED_EDGE('',*,*,#4989,.T.);
#7178=ORIENTED_EDGE('',*,*,#4990,.T.);
#7179=ORIENTED_EDGE('',*,*,#4947,.T.);
#7180=ORIENTED_EDGE('',*,*,#4991,.F.);
#7181=ORIENTED_EDGE('',*,*,#4992,.T.);
#7182=ORIENTED_EDGE('',*,*,#4993,.T.);
#7183=ORIENTED_EDGE('',*,*,#4945,.T.);
#7184=ORIENTED_EDGE('',*,*,#4994,.F.);
#7185=ORIENTED_EDGE('',*,*,#4995,.T.);
#7186=ORIENTED_EDGE('',*,*,#4996,.T.);
#7187=ORIENTED_EDGE('',*,*,#4936,.T.);
#7188=ORIENTED_EDGE('',*,*,#4997,.F.);
#7189=ORIENTED_EDGE('',*,*,#4998,.T.);
#7190=ORIENTED_EDGE('',*,*,#4999,.T.);
#7191=ORIENTED_EDGE('',*,*,#4934,.T.);
#7192=ORIENTED_EDGE('',*,*,#4853,.F.);
#7193=ORIENTED_EDGE('',*,*,#5000,.T.);
#7194=ORIENTED_EDGE('',*,*,#5001,.T.);
#7195=ORIENTED_EDGE('',*,*,#4939,.T.);
#7196=ORIENTED_EDGE('',*,*,#4857,.F.);
#7197=ORIENTED_EDGE('',*,*,#5002,.T.);
#7198=ORIENTED_EDGE('',*,*,#5003,.T.);
#7199=ORIENTED_EDGE('',*,*,#4941,.T.);
#7200=ORIENTED_EDGE('',*,*,#5004,.F.);
#7201=ORIENTED_EDGE('',*,*,#5005,.T.);
#7202=ORIENTED_EDGE('',*,*,#5006,.T.);
#7203=ORIENTED_EDGE('',*,*,#4926,.T.);
#7204=ORIENTED_EDGE('',*,*,#5007,.F.);
#7205=ORIENTED_EDGE('',*,*,#4845,.T.);
#7206=ORIENTED_EDGE('',*,*,#4842,.F.);
#7207=ORIENTED_EDGE('',*,*,#4860,.F.);
#7208=ORIENTED_EDGE('',*,*,#4911,.T.);
#7209=ORIENTED_EDGE('',*,*,#5008,.F.);
#7210=ORIENTED_EDGE('',*,*,#4972,.F.);
#7211=ORIENTED_EDGE('',*,*,#4960,.T.);
#7212=ORIENTED_EDGE('',*,*,#4975,.F.);
#7213=ORIENTED_EDGE('',*,*,#5009,.F.);
#7214=ORIENTED_EDGE('',*,*,#4908,.T.);
#7215=ORIENTED_EDGE('',*,*,#5008,.T.);
#7216=ORIENTED_EDGE('',*,*,#4910,.T.);
#7217=ORIENTED_EDGE('',*,*,#5010,.T.);
#7218=ORIENTED_EDGE('',*,*,#4973,.T.);
#7219=ORIENTED_EDGE('',*,*,#4974,.F.);
#7220=ORIENTED_EDGE('',*,*,#5010,.F.);
#7221=ORIENTED_EDGE('',*,*,#4909,.T.);
#7222=ORIENTED_EDGE('',*,*,#5009,.T.);
#7223=ORIENTED_EDGE('',*,*,#4931,.T.);
#7224=ORIENTED_EDGE('',*,*,#4913,.T.);
#7225=ORIENTED_EDGE('',*,*,#5011,.T.);
#7226=ORIENTED_EDGE('',*,*,#4970,.T.);
#7227=ORIENTED_EDGE('',*,*,#4971,.F.);
#7228=ORIENTED_EDGE('',*,*,#5011,.F.);
#7229=ORIENTED_EDGE('',*,*,#4912,.T.);
#7230=ORIENTED_EDGE('',*,*,#4862,.T.);
#7231=ORIENTED_EDGE('',*,*,#4951,.T.);
#7232=ORIENTED_EDGE('',*,*,#4987,.F.);
#7233=ORIENTED_EDGE('',*,*,#5012,.F.);
#7234=ORIENTED_EDGE('',*,*,#4892,.T.);
#7235=ORIENTED_EDGE('',*,*,#4962,.T.);
#7236=ORIENTED_EDGE('',*,*,#4894,.T.);
#7237=ORIENTED_EDGE('',*,*,#5013,.T.);
#7238=ORIENTED_EDGE('',*,*,#4985,.T.);
#7239=ORIENTED_EDGE('',*,*,#4986,.F.);
#7240=ORIENTED_EDGE('',*,*,#5013,.F.);
#7241=ORIENTED_EDGE('',*,*,#4893,.T.);
#7242=ORIENTED_EDGE('',*,*,#5012,.T.);
#7243=ORIENTED_EDGE('',*,*,#4961,.T.);
#7244=ORIENTED_EDGE('',*,*,#4984,.F.);
#7245=ORIENTED_EDGE('',*,*,#5014,.F.);
#7246=ORIENTED_EDGE('',*,*,#4896,.T.);
#7247=ORIENTED_EDGE('',*,*,#4953,.T.);
#7248=ORIENTED_EDGE('',*,*,#4898,.T.);
#7249=ORIENTED_EDGE('',*,*,#5015,.T.);
#7250=ORIENTED_EDGE('',*,*,#4982,.T.);
#7251=ORIENTED_EDGE('',*,*,#4983,.F.);
#7252=ORIENTED_EDGE('',*,*,#5015,.F.);
#7253=ORIENTED_EDGE('',*,*,#4897,.T.);
#7254=ORIENTED_EDGE('',*,*,#5014,.T.);
#7255=ORIENTED_EDGE('',*,*,#4957,.T.);
#7256=ORIENTED_EDGE('',*,*,#4978,.F.);
#7257=ORIENTED_EDGE('',*,*,#5016,.F.);
#7258=ORIENTED_EDGE('',*,*,#4904,.T.);
#7259=ORIENTED_EDGE('',*,*,#4958,.T.);
#7260=ORIENTED_EDGE('',*,*,#4906,.T.);
#7261=ORIENTED_EDGE('',*,*,#5017,.T.);
#7262=ORIENTED_EDGE('',*,*,#4976,.T.);
#7263=ORIENTED_EDGE('',*,*,#4977,.F.);
#7264=ORIENTED_EDGE('',*,*,#5017,.F.);
#7265=ORIENTED_EDGE('',*,*,#4905,.T.);
#7266=ORIENTED_EDGE('',*,*,#5016,.T.);
#7267=ORIENTED_EDGE('',*,*,#4952,.T.);
#7268=ORIENTED_EDGE('',*,*,#4981,.F.);
#7269=ORIENTED_EDGE('',*,*,#5018,.F.);
#7270=ORIENTED_EDGE('',*,*,#4900,.T.);
#7271=ORIENTED_EDGE('',*,*,#4955,.T.);
#7272=ORIENTED_EDGE('',*,*,#4902,.T.);
#7273=ORIENTED_EDGE('',*,*,#5019,.T.);
#7274=ORIENTED_EDGE('',*,*,#4979,.T.);
#7275=ORIENTED_EDGE('',*,*,#4980,.F.);
#7276=ORIENTED_EDGE('',*,*,#5019,.F.);
#7277=ORIENTED_EDGE('',*,*,#4901,.T.);
#7278=ORIENTED_EDGE('',*,*,#5018,.T.);
#7279=ORIENTED_EDGE('',*,*,#4937,.T.);
#7280=ORIENTED_EDGE('',*,*,#4996,.F.);
#7281=ORIENTED_EDGE('',*,*,#5020,.F.);
#7282=ORIENTED_EDGE('',*,*,#4880,.T.);
#7283=ORIENTED_EDGE('',*,*,#4944,.T.);
#7284=ORIENTED_EDGE('',*,*,#4882,.T.);
#7285=ORIENTED_EDGE('',*,*,#5021,.T.);
#7286=ORIENTED_EDGE('',*,*,#4994,.T.);
#7287=ORIENTED_EDGE('',*,*,#4995,.F.);
#7288=ORIENTED_EDGE('',*,*,#5021,.F.);
#7289=ORIENTED_EDGE('',*,*,#4881,.T.);
#7290=ORIENTED_EDGE('',*,*,#5020,.T.);
#7291=ORIENTED_EDGE('',*,*,#4948,.T.);
#7292=ORIENTED_EDGE('',*,*,#4990,.F.);
#7293=ORIENTED_EDGE('',*,*,#5022,.F.);
#7294=ORIENTED_EDGE('',*,*,#4888,.T.);
#7295=ORIENTED_EDGE('',*,*,#4949,.T.);
#7296=ORIENTED_EDGE('',*,*,#4890,.T.);
#7297=ORIENTED_EDGE('',*,*,#5023,.T.);
#7298=ORIENTED_EDGE('',*,*,#4988,.T.);
#7299=ORIENTED_EDGE('',*,*,#4989,.F.);
#7300=ORIENTED_EDGE('',*,*,#5023,.F.);
#7301=ORIENTED_EDGE('',*,*,#4889,.T.);
#7302=ORIENTED_EDGE('',*,*,#5022,.T.);
#7303=ORIENTED_EDGE('',*,*,#4943,.T.);
#7304=ORIENTED_EDGE('',*,*,#4993,.F.);
#7305=ORIENTED_EDGE('',*,*,#5024,.F.);
#7306=ORIENTED_EDGE('',*,*,#4884,.T.);
#7307=ORIENTED_EDGE('',*,*,#4946,.T.);
#7308=ORIENTED_EDGE('',*,*,#4886,.T.);
#7309=ORIENTED_EDGE('',*,*,#5025,.T.);
#7310=ORIENTED_EDGE('',*,*,#4991,.T.);
#7311=ORIENTED_EDGE('',*,*,#4992,.F.);
#7312=ORIENTED_EDGE('',*,*,#5025,.F.);
#7313=ORIENTED_EDGE('',*,*,#4885,.T.);
#7314=ORIENTED_EDGE('',*,*,#5024,.T.);
#7315=ORIENTED_EDGE('',*,*,#4942,.T.);
#7316=ORIENTED_EDGE('',*,*,#5003,.F.);
#7317=ORIENTED_EDGE('',*,*,#5026,.F.);
#7318=ORIENTED_EDGE('',*,*,#4870,.T.);
#7319=ORIENTED_EDGE('',*,*,#5002,.F.);
#7320=ORIENTED_EDGE('',*,*,#4856,.F.);
#7321=ORIENTED_EDGE('',*,*,#4871,.T.);
#7322=ORIENTED_EDGE('',*,*,#5026,.T.);
#7323=ORIENTED_EDGE('',*,*,#4927,.T.);
#7324=ORIENTED_EDGE('',*,*,#5006,.F.);
#7325=ORIENTED_EDGE('',*,*,#5027,.F.);
#7326=ORIENTED_EDGE('',*,*,#4866,.T.);
#7327=ORIENTED_EDGE('',*,*,#4940,.T.);
#7328=ORIENTED_EDGE('',*,*,#4868,.T.);
#7329=ORIENTED_EDGE('',*,*,#5028,.T.);
#7330=ORIENTED_EDGE('',*,*,#5004,.T.);
#7331=ORIENTED_EDGE('',*,*,#5005,.F.);
#7332=ORIENTED_EDGE('',*,*,#5028,.F.);
#7333=ORIENTED_EDGE('',*,*,#4867,.T.);
#7334=ORIENTED_EDGE('',*,*,#5027,.T.);
#7335=ORIENTED_EDGE('',*,*,#4938,.T.);
#7336=ORIENTED_EDGE('',*,*,#5001,.F.);
#7337=ORIENTED_EDGE('',*,*,#5029,.F.);
#7338=ORIENTED_EDGE('',*,*,#4873,.T.);
#7339=ORIENTED_EDGE('',*,*,#5000,.F.);
#7340=ORIENTED_EDGE('',*,*,#4852,.F.);
#7341=ORIENTED_EDGE('',*,*,#4874,.T.);
#7342=ORIENTED_EDGE('',*,*,#5029,.T.);
#7343=ORIENTED_EDGE('',*,*,#4933,.T.);
#7344=ORIENTED_EDGE('',*,*,#4999,.F.);
#7345=ORIENTED_EDGE('',*,*,#5030,.F.);
#7346=ORIENTED_EDGE('',*,*,#4876,.T.);
#7347=ORIENTED_EDGE('',*,*,#4935,.T.);
#7348=ORIENTED_EDGE('',*,*,#4878,.T.);
#7349=ORIENTED_EDGE('',*,*,#5031,.T.);
#7350=ORIENTED_EDGE('',*,*,#4997,.T.);
#7351=ORIENTED_EDGE('',*,*,#4998,.F.);
#7352=ORIENTED_EDGE('',*,*,#5031,.F.);
#7353=ORIENTED_EDGE('',*,*,#4877,.T.);
#7354=ORIENTED_EDGE('',*,*,#5030,.T.);
#7355=ORIENTED_EDGE('',*,*,#4929,.T.);
#7356=ORIENTED_EDGE('',*,*,#4916,.T.);
#7357=ORIENTED_EDGE('',*,*,#5032,.T.);
#7358=ORIENTED_EDGE('',*,*,#4968,.T.);
#7359=ORIENTED_EDGE('',*,*,#4969,.F.);
#7360=ORIENTED_EDGE('',*,*,#5032,.F.);
#7361=ORIENTED_EDGE('',*,*,#4915,.T.);
#7362=ORIENTED_EDGE('',*,*,#4850,.T.);
#7363=ORIENTED_EDGE('',*,*,#4928,.T.);
#7364=ORIENTED_EDGE('',*,*,#4967,.F.);
#7365=ORIENTED_EDGE('',*,*,#5033,.F.);
#7366=ORIENTED_EDGE('',*,*,#4918,.T.);
#7367=ORIENTED_EDGE('',*,*,#4923,.T.);
#7368=ORIENTED_EDGE('',*,*,#4920,.T.);
#7369=ORIENTED_EDGE('',*,*,#5034,.T.);
#7370=ORIENTED_EDGE('',*,*,#4965,.T.);
#7371=ORIENTED_EDGE('',*,*,#4966,.F.);
#7372=ORIENTED_EDGE('',*,*,#5034,.F.);
#7373=ORIENTED_EDGE('',*,*,#4919,.T.);
#7374=ORIENTED_EDGE('',*,*,#5033,.T.);
#7375=ORIENTED_EDGE('',*,*,#4922,.T.);
#7376=ORIENTED_EDGE('',*,*,#4964,.F.);
#7377=ORIENTED_EDGE('',*,*,#4844,.F.);
#7378=ORIENTED_EDGE('',*,*,#4863,.T.);
#7379=ORIENTED_EDGE('',*,*,#4925,.T.);
#7380=ORIENTED_EDGE('',*,*,#4864,.T.);
#7381=ORIENTED_EDGE('',*,*,#4846,.T.);
#7382=ORIENTED_EDGE('',*,*,#5007,.T.);
#7383=ORIENTED_EDGE('',*,*,#5035,.F.);
#7384=ORIENTED_EDGE('',*,*,#5036,.T.);
#7385=ORIENTED_EDGE('',*,*,#5037,.F.);
#7386=ORIENTED_EDGE('',*,*,#5036,.F.);
#7387=ORIENTED_EDGE('',*,*,#5038,.F.);
#7388=ORIENTED_EDGE('',*,*,#5039,.F.);
#7389=ORIENTED_EDGE('',*,*,#5040,.T.);
#7390=ORIENTED_EDGE('',*,*,#5041,.F.);
#7391=ORIENTED_EDGE('',*,*,#5040,.F.);
#7392=ORIENTED_EDGE('',*,*,#5038,.T.);
#7393=ORIENTED_EDGE('',*,*,#5039,.T.);
#7394=ORIENTED_EDGE('',*,*,#5042,.T.);
#7395=ORIENTED_EDGE('',*,*,#5035,.T.);
#7396=ORIENTED_EDGE('',*,*,#5042,.F.);
#7397=ORIENTED_EDGE('',*,*,#5037,.T.);
#7398=ORIENTED_EDGE('',*,*,#5041,.T.);
#7399=ORIENTED_EDGE('',*,*,#5043,.T.);
#7400=ORIENTED_EDGE('',*,*,#5044,.T.);
#7401=ORIENTED_EDGE('',*,*,#5045,.T.);
#7402=ORIENTED_EDGE('',*,*,#5046,.T.);
#7403=ORIENTED_EDGE('',*,*,#5044,.F.);
#7404=ORIENTED_EDGE('',*,*,#5047,.T.);
#7405=ORIENTED_EDGE('',*,*,#5048,.F.);
#7406=ORIENTED_EDGE('',*,*,#5049,.T.);
#7407=ORIENTED_EDGE('',*,*,#5050,.F.);
#7408=ORIENTED_EDGE('',*,*,#5049,.F.);
#7409=ORIENTED_EDGE('',*,*,#5051,.F.);
#7410=ORIENTED_EDGE('',*,*,#5052,.F.);
#7411=ORIENTED_EDGE('',*,*,#5053,.T.);
#7412=ORIENTED_EDGE('',*,*,#5054,.F.);
#7413=ORIENTED_EDGE('',*,*,#5053,.F.);
#7414=ORIENTED_EDGE('',*,*,#5055,.F.);
#7415=ORIENTED_EDGE('',*,*,#5056,.F.);
#7416=ORIENTED_EDGE('',*,*,#5057,.T.);
#7417=ORIENTED_EDGE('',*,*,#5058,.F.);
#7418=ORIENTED_EDGE('',*,*,#5057,.F.);
#7419=ORIENTED_EDGE('',*,*,#5059,.F.);
#7420=ORIENTED_EDGE('',*,*,#5060,.T.);
#7421=ORIENTED_EDGE('',*,*,#5061,.F.);
#7422=ORIENTED_EDGE('',*,*,#5060,.F.);
#7423=ORIENTED_EDGE('',*,*,#5062,.T.);
#7424=ORIENTED_EDGE('',*,*,#5063,.T.);
#7425=ORIENTED_EDGE('',*,*,#5064,.F.);
#7426=ORIENTED_EDGE('',*,*,#5063,.F.);
#7427=ORIENTED_EDGE('',*,*,#5065,.F.);
#7428=ORIENTED_EDGE('',*,*,#5066,.T.);
#7429=ORIENTED_EDGE('',*,*,#5067,.F.);
#7430=ORIENTED_EDGE('',*,*,#5066,.F.);
#7431=ORIENTED_EDGE('',*,*,#5068,.T.);
#7432=ORIENTED_EDGE('',*,*,#5069,.T.);
#7433=ORIENTED_EDGE('',*,*,#5065,.T.);
#7434=ORIENTED_EDGE('',*,*,#5069,.F.);
#7435=ORIENTED_EDGE('',*,*,#5051,.T.);
#7436=ORIENTED_EDGE('',*,*,#5052,.T.);
#7437=ORIENTED_EDGE('',*,*,#5070,.T.);
#7438=ORIENTED_EDGE('',*,*,#5048,.T.);
#7439=ORIENTED_EDGE('',*,*,#5070,.F.);
#7440=ORIENTED_EDGE('',*,*,#5046,.F.);
#7441=ORIENTED_EDGE('',*,*,#5071,.T.);
#7442=ORIENTED_EDGE('',*,*,#5059,.T.);
#7443=ORIENTED_EDGE('',*,*,#5071,.F.);
#7444=ORIENTED_EDGE('',*,*,#5045,.F.);
#7445=ORIENTED_EDGE('',*,*,#5055,.T.);
#7446=ORIENTED_EDGE('',*,*,#5056,.T.);
#7447=ORIENTED_EDGE('',*,*,#5072,.T.);
#7448=ORIENTED_EDGE('',*,*,#5047,.F.);
#7449=ORIENTED_EDGE('',*,*,#5043,.F.);
#7450=ORIENTED_EDGE('',*,*,#5072,.F.);
#7451=ORIENTED_EDGE('',*,*,#5061,.T.);
#7452=ORIENTED_EDGE('',*,*,#5062,.F.);
#7453=ORIENTED_EDGE('',*,*,#5058,.T.);
#7454=ORIENTED_EDGE('',*,*,#5050,.T.);
#7455=ORIENTED_EDGE('',*,*,#5067,.T.);
#7456=ORIENTED_EDGE('',*,*,#5054,.T.);
#7457=ORIENTED_EDGE('',*,*,#5068,.F.);
#7458=ORIENTED_EDGE('',*,*,#5064,.T.);
#7459=ORIENTED_EDGE('',*,*,#5073,.F.);
#7460=ORIENTED_EDGE('',*,*,#5074,.F.);
#7461=ORIENTED_EDGE('',*,*,#5075,.T.);
#7462=ORIENTED_EDGE('',*,*,#5076,.F.);
#7463=ORIENTED_EDGE('',*,*,#5075,.F.);
#7464=ORIENTED_EDGE('',*,*,#5077,.T.);
#7465=ORIENTED_EDGE('',*,*,#5078,.T.);
#7466=ORIENTED_EDGE('',*,*,#5079,.F.);
#7467=ORIENTED_EDGE('',*,*,#5078,.F.);
#7468=ORIENTED_EDGE('',*,*,#5073,.T.);
#7469=ORIENTED_EDGE('',*,*,#5074,.T.);
#7470=ORIENTED_EDGE('',*,*,#5080,.T.);
#7471=ORIENTED_EDGE('',*,*,#5081,.F.);
#7472=ORIENTED_EDGE('',*,*,#5080,.F.);
#7473=ORIENTED_EDGE('',*,*,#5081,.T.);
#7474=ORIENTED_EDGE('',*,*,#5077,.F.);
#7475=ORIENTED_EDGE('',*,*,#5076,.T.);
#7476=ORIENTED_EDGE('',*,*,#5079,.T.);
#7477=ORIENTED_EDGE('',*,*,#5082,.T.);
#7478=ORIENTED_EDGE('',*,*,#5083,.T.);
#7479=ORIENTED_EDGE('',*,*,#5084,.T.);
#7480=ORIENTED_EDGE('',*,*,#5083,.F.);
#7481=ORIENTED_EDGE('',*,*,#5085,.T.);
#7482=ORIENTED_EDGE('',*,*,#5086,.T.);
#7483=ORIENTED_EDGE('',*,*,#5087,.F.);
#7484=ORIENTED_EDGE('',*,*,#5088,.F.);
#7485=ORIENTED_EDGE('',*,*,#5089,.T.);
#7486=ORIENTED_EDGE('',*,*,#5090,.T.);
#7487=ORIENTED_EDGE('',*,*,#5091,.F.);
#7488=ORIENTED_EDGE('',*,*,#5092,.F.);
#7489=ORIENTED_EDGE('',*,*,#5093,.T.);
#7490=ORIENTED_EDGE('',*,*,#5094,.T.);
#7491=ORIENTED_EDGE('',*,*,#5095,.T.);
#7492=ORIENTED_EDGE('',*,*,#5096,.T.);
#7493=ORIENTED_EDGE('',*,*,#5097,.F.);
#7494=ORIENTED_EDGE('',*,*,#5098,.F.);
#7495=ORIENTED_EDGE('',*,*,#5099,.F.);
#7496=ORIENTED_EDGE('',*,*,#5100,.F.);
#7497=ORIENTED_EDGE('',*,*,#5101,.F.);
#7498=ORIENTED_EDGE('',*,*,#5102,.F.);
#7499=ORIENTED_EDGE('',*,*,#5103,.F.);
#7500=ORIENTED_EDGE('',*,*,#5104,.F.);
#7501=ORIENTED_EDGE('',*,*,#5105,.F.);
#7502=ORIENTED_EDGE('',*,*,#5106,.F.);
#7503=ORIENTED_EDGE('',*,*,#5107,.F.);
#7504=ORIENTED_EDGE('',*,*,#5108,.F.);
#7505=ORIENTED_EDGE('',*,*,#5109,.F.);
#7506=ORIENTED_EDGE('',*,*,#5110,.F.);
#7507=ORIENTED_EDGE('',*,*,#5111,.F.);
#7508=ORIENTED_EDGE('',*,*,#5112,.F.);
#7509=ORIENTED_EDGE('',*,*,#5113,.F.);
#7510=ORIENTED_EDGE('',*,*,#5114,.F.);
#7511=ORIENTED_EDGE('',*,*,#5115,.F.);
#7512=ORIENTED_EDGE('',*,*,#5116,.F.);
#7513=ORIENTED_EDGE('',*,*,#5117,.F.);
#7514=ORIENTED_EDGE('',*,*,#5118,.F.);
#7515=ORIENTED_EDGE('',*,*,#5119,.F.);
#7516=ORIENTED_EDGE('',*,*,#5120,.F.);
#7517=ORIENTED_EDGE('',*,*,#5121,.F.);
#7518=ORIENTED_EDGE('',*,*,#5122,.F.);
#7519=ORIENTED_EDGE('',*,*,#5123,.F.);
#7520=ORIENTED_EDGE('',*,*,#5124,.F.);
#7521=ORIENTED_EDGE('',*,*,#5125,.F.);
#7522=ORIENTED_EDGE('',*,*,#5126,.F.);
#7523=ORIENTED_EDGE('',*,*,#5127,.F.);
#7524=ORIENTED_EDGE('',*,*,#5128,.F.);
#7525=ORIENTED_EDGE('',*,*,#5129,.F.);
#7526=ORIENTED_EDGE('',*,*,#5130,.F.);
#7527=ORIENTED_EDGE('',*,*,#5093,.F.);
#7528=ORIENTED_EDGE('',*,*,#5131,.F.);
#7529=ORIENTED_EDGE('',*,*,#5132,.F.);
#7530=ORIENTED_EDGE('',*,*,#5133,.F.);
#7531=ORIENTED_EDGE('',*,*,#5134,.F.);
#7532=ORIENTED_EDGE('',*,*,#5135,.F.);
#7533=ORIENTED_EDGE('',*,*,#5136,.F.);
#7534=ORIENTED_EDGE('',*,*,#5137,.F.);
#7535=ORIENTED_EDGE('',*,*,#5138,.F.);
#7536=ORIENTED_EDGE('',*,*,#5139,.F.);
#7537=ORIENTED_EDGE('',*,*,#5140,.F.);
#7538=ORIENTED_EDGE('',*,*,#5141,.F.);
#7539=ORIENTED_EDGE('',*,*,#5142,.F.);
#7540=ORIENTED_EDGE('',*,*,#5143,.F.);
#7541=ORIENTED_EDGE('',*,*,#5144,.F.);
#7542=ORIENTED_EDGE('',*,*,#5145,.F.);
#7543=ORIENTED_EDGE('',*,*,#5146,.F.);
#7544=ORIENTED_EDGE('',*,*,#5147,.F.);
#7545=ORIENTED_EDGE('',*,*,#5148,.F.);
#7546=ORIENTED_EDGE('',*,*,#5149,.F.);
#7547=ORIENTED_EDGE('',*,*,#5150,.F.);
#7548=ORIENTED_EDGE('',*,*,#5151,.F.);
#7549=ORIENTED_EDGE('',*,*,#5152,.F.);
#7550=ORIENTED_EDGE('',*,*,#5153,.F.);
#7551=ORIENTED_EDGE('',*,*,#5154,.F.);
#7552=ORIENTED_EDGE('',*,*,#5155,.F.);
#7553=ORIENTED_EDGE('',*,*,#5156,.F.);
#7554=ORIENTED_EDGE('',*,*,#5157,.F.);
#7555=ORIENTED_EDGE('',*,*,#5158,.F.);
#7556=ORIENTED_EDGE('',*,*,#5159,.F.);
#7557=ORIENTED_EDGE('',*,*,#5160,.F.);
#7558=ORIENTED_EDGE('',*,*,#5161,.F.);
#7559=ORIENTED_EDGE('',*,*,#5162,.F.);
#7560=ORIENTED_EDGE('',*,*,#5163,.F.);
#7561=ORIENTED_EDGE('',*,*,#5164,.F.);
#7562=ORIENTED_EDGE('',*,*,#5165,.F.);
#7563=ORIENTED_EDGE('',*,*,#5166,.F.);
#7564=ORIENTED_EDGE('',*,*,#5167,.F.);
#7565=ORIENTED_EDGE('',*,*,#5168,.F.);
#7566=ORIENTED_EDGE('',*,*,#5169,.F.);
#7567=ORIENTED_EDGE('',*,*,#5170,.F.);
#7568=ORIENTED_EDGE('',*,*,#5171,.F.);
#7569=ORIENTED_EDGE('',*,*,#5172,.F.);
#7570=ORIENTED_EDGE('',*,*,#5173,.F.);
#7571=ORIENTED_EDGE('',*,*,#5174,.F.);
#7572=ORIENTED_EDGE('',*,*,#5175,.F.);
#7573=ORIENTED_EDGE('',*,*,#5176,.F.);
#7574=ORIENTED_EDGE('',*,*,#5177,.F.);
#7575=ORIENTED_EDGE('',*,*,#5178,.F.);
#7576=ORIENTED_EDGE('',*,*,#5179,.F.);
#7577=ORIENTED_EDGE('',*,*,#5180,.F.);
#7578=ORIENTED_EDGE('',*,*,#5181,.F.);
#7579=ORIENTED_EDGE('',*,*,#5182,.F.);
#7580=ORIENTED_EDGE('',*,*,#5183,.F.);
#7581=ORIENTED_EDGE('',*,*,#5184,.F.);
#7582=ORIENTED_EDGE('',*,*,#5185,.F.);
#7583=ORIENTED_EDGE('',*,*,#5186,.F.);
#7584=ORIENTED_EDGE('',*,*,#5187,.F.);
#7585=ORIENTED_EDGE('',*,*,#5188,.F.);
#7586=ORIENTED_EDGE('',*,*,#5189,.F.);
#7587=ORIENTED_EDGE('',*,*,#5190,.F.);
#7588=ORIENTED_EDGE('',*,*,#5191,.F.);
#7589=ORIENTED_EDGE('',*,*,#5192,.F.);
#7590=ORIENTED_EDGE('',*,*,#5193,.F.);
#7591=ORIENTED_EDGE('',*,*,#5194,.F.);
#7592=ORIENTED_EDGE('',*,*,#5195,.F.);
#7593=ORIENTED_EDGE('',*,*,#5196,.F.);
#7594=ORIENTED_EDGE('',*,*,#5197,.F.);
#7595=ORIENTED_EDGE('',*,*,#5198,.F.);
#7596=ORIENTED_EDGE('',*,*,#5199,.F.);
#7597=ORIENTED_EDGE('',*,*,#5200,.F.);
#7598=ORIENTED_EDGE('',*,*,#5201,.F.);
#7599=ORIENTED_EDGE('',*,*,#5202,.F.);
#7600=ORIENTED_EDGE('',*,*,#5203,.F.);
#7601=ORIENTED_EDGE('',*,*,#5204,.F.);
#7602=ORIENTED_EDGE('',*,*,#5205,.F.);
#7603=ORIENTED_EDGE('',*,*,#5206,.F.);
#7604=ORIENTED_EDGE('',*,*,#5207,.F.);
#7605=ORIENTED_EDGE('',*,*,#5208,.F.);
#7606=ORIENTED_EDGE('',*,*,#5209,.F.);
#7607=ORIENTED_EDGE('',*,*,#5210,.F.);
#7608=ORIENTED_EDGE('',*,*,#5211,.F.);
#7609=ORIENTED_EDGE('',*,*,#5212,.F.);
#7610=ORIENTED_EDGE('',*,*,#5213,.F.);
#7611=ORIENTED_EDGE('',*,*,#5214,.F.);
#7612=ORIENTED_EDGE('',*,*,#5215,.F.);
#7613=ORIENTED_EDGE('',*,*,#5216,.F.);
#7614=ORIENTED_EDGE('',*,*,#5217,.F.);
#7615=ORIENTED_EDGE('',*,*,#5218,.F.);
#7616=ORIENTED_EDGE('',*,*,#5219,.F.);
#7617=ORIENTED_EDGE('',*,*,#5220,.F.);
#7618=ORIENTED_EDGE('',*,*,#5221,.F.);
#7619=ORIENTED_EDGE('',*,*,#5222,.F.);
#7620=ORIENTED_EDGE('',*,*,#5223,.F.);
#7621=ORIENTED_EDGE('',*,*,#5224,.F.);
#7622=ORIENTED_EDGE('',*,*,#5225,.F.);
#7623=ORIENTED_EDGE('',*,*,#5226,.F.);
#7624=ORIENTED_EDGE('',*,*,#5227,.F.);
#7625=ORIENTED_EDGE('',*,*,#5085,.F.);
#7626=ORIENTED_EDGE('',*,*,#5228,.F.);
#7627=ORIENTED_EDGE('',*,*,#5229,.F.);
#7628=ORIENTED_EDGE('',*,*,#5230,.F.);
#7629=ORIENTED_EDGE('',*,*,#5089,.F.);
#7630=ORIENTED_EDGE('',*,*,#5231,.F.);
#7631=ORIENTED_EDGE('',*,*,#5232,.F.);
#7632=ORIENTED_EDGE('',*,*,#5233,.F.);
#7633=ORIENTED_EDGE('',*,*,#5234,.F.);
#7634=ORIENTED_EDGE('',*,*,#5235,.F.);
#7635=ORIENTED_EDGE('',*,*,#5236,.F.);
#7636=ORIENTED_EDGE('',*,*,#5237,.F.);
#7637=ORIENTED_EDGE('',*,*,#5238,.F.);
#7638=ORIENTED_EDGE('',*,*,#5239,.F.);
#7639=ORIENTED_EDGE('',*,*,#5240,.F.);
#7640=ORIENTED_EDGE('',*,*,#5241,.F.);
#7641=ORIENTED_EDGE('',*,*,#5242,.F.);
#7642=ORIENTED_EDGE('',*,*,#5243,.F.);
#7643=ORIENTED_EDGE('',*,*,#5244,.F.);
#7644=ORIENTED_EDGE('',*,*,#5245,.F.);
#7645=ORIENTED_EDGE('',*,*,#5246,.F.);
#7646=ORIENTED_EDGE('',*,*,#5247,.F.);
#7647=ORIENTED_EDGE('',*,*,#5248,.F.);
#7648=ORIENTED_EDGE('',*,*,#5249,.F.);
#7649=ORIENTED_EDGE('',*,*,#5250,.F.);
#7650=ORIENTED_EDGE('',*,*,#5251,.F.);
#7651=ORIENTED_EDGE('',*,*,#5252,.F.);
#7652=ORIENTED_EDGE('',*,*,#5253,.F.);
#7653=ORIENTED_EDGE('',*,*,#5254,.F.);
#7654=ORIENTED_EDGE('',*,*,#5255,.F.);
#7655=ORIENTED_EDGE('',*,*,#5256,.F.);
#7656=ORIENTED_EDGE('',*,*,#5257,.F.);
#7657=ORIENTED_EDGE('',*,*,#5082,.F.);
#7658=ORIENTED_EDGE('',*,*,#5258,.F.);
#7659=ORIENTED_EDGE('',*,*,#5257,.T.);
#7660=ORIENTED_EDGE('',*,*,#5259,.F.);
#7661=ORIENTED_EDGE('',*,*,#5260,.F.);
#7662=ORIENTED_EDGE('',*,*,#5261,.F.);
#7663=ORIENTED_EDGE('',*,*,#5262,.F.);
#7664=ORIENTED_EDGE('',*,*,#5263,.F.);
#7665=ORIENTED_EDGE('',*,*,#5100,.T.);
#7666=ORIENTED_EDGE('',*,*,#5264,.F.);
#7667=ORIENTED_EDGE('',*,*,#5253,.T.);
#7668=ORIENTED_EDGE('',*,*,#5265,.F.);
#7669=ORIENTED_EDGE('',*,*,#5266,.F.);
#7670=ORIENTED_EDGE('',*,*,#5267,.F.);
#7671=ORIENTED_EDGE('',*,*,#5249,.T.);
#7672=ORIENTED_EDGE('',*,*,#5268,.F.);
#7673=ORIENTED_EDGE('',*,*,#5269,.F.);
#7674=ORIENTED_EDGE('',*,*,#5270,.F.);
#7675=ORIENTED_EDGE('',*,*,#5241,.T.);
#7676=ORIENTED_EDGE('',*,*,#5271,.F.);
#7677=ORIENTED_EDGE('',*,*,#5272,.F.);
#7678=ORIENTED_EDGE('',*,*,#5273,.F.);
#7679=ORIENTED_EDGE('',*,*,#5274,.F.);
#7680=ORIENTED_EDGE('',*,*,#5275,.F.);
#7681=ORIENTED_EDGE('',*,*,#5245,.T.);
#7682=ORIENTED_EDGE('',*,*,#5086,.F.);
#7683=ORIENTED_EDGE('',*,*,#5227,.T.);
#7684=ORIENTED_EDGE('',*,*,#5276,.F.);
#7685=ORIENTED_EDGE('',*,*,#5277,.F.);
#7686=ORIENTED_EDGE('',*,*,#5278,.F.);
#7687=ORIENTED_EDGE('',*,*,#5279,.F.);
#7688=ORIENTED_EDGE('',*,*,#5090,.F.);
#7689=ORIENTED_EDGE('',*,*,#5230,.T.);
#7690=ORIENTED_EDGE('',*,*,#5280,.F.);
#7691=ORIENTED_EDGE('',*,*,#5281,.F.);
#7692=ORIENTED_EDGE('',*,*,#5282,.F.);
#7693=ORIENTED_EDGE('',*,*,#5233,.T.);
#7694=ORIENTED_EDGE('',*,*,#5283,.F.);
#7695=ORIENTED_EDGE('',*,*,#5237,.T.);
#7696=ORIENTED_EDGE('',*,*,#5284,.F.);
#7697=ORIENTED_EDGE('',*,*,#5285,.F.);
#7698=ORIENTED_EDGE('',*,*,#5286,.F.);
#7699=ORIENTED_EDGE('',*,*,#5135,.T.);
#7700=ORIENTED_EDGE('',*,*,#5287,.F.);
#7701=ORIENTED_EDGE('',*,*,#5288,.F.);
#7702=ORIENTED_EDGE('',*,*,#5289,.F.);
#7703=ORIENTED_EDGE('',*,*,#5290,.F.);
#7704=ORIENTED_EDGE('',*,*,#5291,.F.);
#7705=ORIENTED_EDGE('',*,*,#5139,.T.);
#7706=ORIENTED_EDGE('',*,*,#5292,.F.);
#7707=ORIENTED_EDGE('',*,*,#5131,.T.);
#7708=ORIENTED_EDGE('',*,*,#5096,.F.);
#7709=ORIENTED_EDGE('',*,*,#5293,.F.);
#7710=ORIENTED_EDGE('',*,*,#5294,.F.);
#7711=ORIENTED_EDGE('',*,*,#5128,.T.);
#7712=ORIENTED_EDGE('',*,*,#5295,.F.);
#7713=ORIENTED_EDGE('',*,*,#5296,.F.);
#7714=ORIENTED_EDGE('',*,*,#5297,.F.);
#7715=ORIENTED_EDGE('',*,*,#5120,.T.);
#7716=ORIENTED_EDGE('',*,*,#5298,.F.);
#7717=ORIENTED_EDGE('',*,*,#5299,.F.);
#7718=ORIENTED_EDGE('',*,*,#5300,.F.);
#7719=ORIENTED_EDGE('',*,*,#5301,.F.);
#7720=ORIENTED_EDGE('',*,*,#5302,.F.);
#7721=ORIENTED_EDGE('',*,*,#5124,.T.);
#7722=ORIENTED_EDGE('',*,*,#5303,.F.);
#7723=ORIENTED_EDGE('',*,*,#5112,.T.);
#7724=ORIENTED_EDGE('',*,*,#5304,.F.);
#7725=ORIENTED_EDGE('',*,*,#5305,.F.);
#7726=ORIENTED_EDGE('',*,*,#5306,.F.);
#7727=ORIENTED_EDGE('',*,*,#5307,.F.);
#7728=ORIENTED_EDGE('',*,*,#5308,.F.);
#7729=ORIENTED_EDGE('',*,*,#5116,.T.);
#7730=ORIENTED_EDGE('',*,*,#5309,.F.);
#7731=ORIENTED_EDGE('',*,*,#5108,.T.);
#7732=ORIENTED_EDGE('',*,*,#5310,.F.);
#7733=ORIENTED_EDGE('',*,*,#5311,.F.);
#7734=ORIENTED_EDGE('',*,*,#5312,.F.);
#7735=ORIENTED_EDGE('',*,*,#5104,.T.);
#7736=ORIENTED_EDGE('',*,*,#5313,.F.);
#7737=ORIENTED_EDGE('',*,*,#5314,.F.);
#7738=ORIENTED_EDGE('',*,*,#5315,.F.);
#7739=ORIENTED_EDGE('',*,*,#5175,.T.);
#7740=ORIENTED_EDGE('',*,*,#5316,.F.);
#7741=ORIENTED_EDGE('',*,*,#5317,.F.);
#7742=ORIENTED_EDGE('',*,*,#5318,.F.);
#7743=ORIENTED_EDGE('',*,*,#5319,.F.);
#7744=ORIENTED_EDGE('',*,*,#5320,.F.);
#7745=ORIENTED_EDGE('',*,*,#5179,.T.);
#7746=ORIENTED_EDGE('',*,*,#5321,.F.);
#7747=ORIENTED_EDGE('',*,*,#5171,.T.);
#7748=ORIENTED_EDGE('',*,*,#5322,.F.);
#7749=ORIENTED_EDGE('',*,*,#5323,.F.);
#7750=ORIENTED_EDGE('',*,*,#5324,.F.);
#7751=ORIENTED_EDGE('',*,*,#5167,.T.);
#7752=ORIENTED_EDGE('',*,*,#5325,.F.);
#7753=ORIENTED_EDGE('',*,*,#5326,.F.);
#7754=ORIENTED_EDGE('',*,*,#5327,.F.);
#7755=ORIENTED_EDGE('',*,*,#5159,.T.);
#7756=ORIENTED_EDGE('',*,*,#5328,.F.);
#7757=ORIENTED_EDGE('',*,*,#5329,.F.);
#7758=ORIENTED_EDGE('',*,*,#5330,.F.);
#7759=ORIENTED_EDGE('',*,*,#5331,.F.);
#7760=ORIENTED_EDGE('',*,*,#5332,.F.);
#7761=ORIENTED_EDGE('',*,*,#5163,.T.);
#7762=ORIENTED_EDGE('',*,*,#5333,.F.);
#7763=ORIENTED_EDGE('',*,*,#5151,.T.);
#7764=ORIENTED_EDGE('',*,*,#5334,.F.);
#7765=ORIENTED_EDGE('',*,*,#5335,.F.);
#7766=ORIENTED_EDGE('',*,*,#5336,.F.);
#7767=ORIENTED_EDGE('',*,*,#5337,.F.);
#7768=ORIENTED_EDGE('',*,*,#5338,.F.);
#7769=ORIENTED_EDGE('',*,*,#5155,.T.);
#7770=ORIENTED_EDGE('',*,*,#5339,.F.);
#7771=ORIENTED_EDGE('',*,*,#5147,.T.);
#7772=ORIENTED_EDGE('',*,*,#5340,.F.);
#7773=ORIENTED_EDGE('',*,*,#5341,.F.);
#7774=ORIENTED_EDGE('',*,*,#5342,.F.);
#7775=ORIENTED_EDGE('',*,*,#5143,.T.);
#7776=ORIENTED_EDGE('',*,*,#5343,.F.);
#7777=ORIENTED_EDGE('',*,*,#5344,.F.);
#7778=ORIENTED_EDGE('',*,*,#5345,.F.);
#7779=ORIENTED_EDGE('',*,*,#5203,.T.);
#7780=ORIENTED_EDGE('',*,*,#5346,.F.);
#7781=ORIENTED_EDGE('',*,*,#5347,.F.);
#7782=ORIENTED_EDGE('',*,*,#5348,.F.);
#7783=ORIENTED_EDGE('',*,*,#5349,.F.);
#7784=ORIENTED_EDGE('',*,*,#5350,.F.);
#7785=ORIENTED_EDGE('',*,*,#5207,.T.);
#7786=ORIENTED_EDGE('',*,*,#5351,.F.);
#7787=ORIENTED_EDGE('',*,*,#5199,.T.);
#7788=ORIENTED_EDGE('',*,*,#5352,.F.);
#7789=ORIENTED_EDGE('',*,*,#5353,.F.);
#7790=ORIENTED_EDGE('',*,*,#5354,.F.);
#7791=ORIENTED_EDGE('',*,*,#5355,.F.);
#7792=ORIENTED_EDGE('',*,*,#5356,.F.);
#7793=ORIENTED_EDGE('',*,*,#5211,.T.);
#7794=ORIENTED_EDGE('',*,*,#5357,.F.);
#7795=ORIENTED_EDGE('',*,*,#5358,.F.);
#7796=ORIENTED_EDGE('',*,*,#5359,.F.);
#7797=ORIENTED_EDGE('',*,*,#5215,.T.);
#7798=ORIENTED_EDGE('',*,*,#5360,.F.);
#7799=ORIENTED_EDGE('',*,*,#5361,.F.);
#7800=ORIENTED_EDGE('',*,*,#5362,.F.);
#7801=ORIENTED_EDGE('',*,*,#5219,.T.);
#7802=ORIENTED_EDGE('',*,*,#5363,.F.);
#7803=ORIENTED_EDGE('',*,*,#5191,.T.);
#7804=ORIENTED_EDGE('',*,*,#5364,.F.);
#7805=ORIENTED_EDGE('',*,*,#5365,.F.);
#7806=ORIENTED_EDGE('',*,*,#5366,.F.);
#7807=ORIENTED_EDGE('',*,*,#5367,.F.);
#7808=ORIENTED_EDGE('',*,*,#5368,.F.);
#7809=ORIENTED_EDGE('',*,*,#5195,.T.);
#7810=ORIENTED_EDGE('',*,*,#5369,.F.);
#7811=ORIENTED_EDGE('',*,*,#5187,.T.);
#7812=ORIENTED_EDGE('',*,*,#5370,.F.);
#7813=ORIENTED_EDGE('',*,*,#5371,.F.);
#7814=ORIENTED_EDGE('',*,*,#5372,.F.);
#7815=ORIENTED_EDGE('',*,*,#5183,.T.);
#7816=ORIENTED_EDGE('',*,*,#5373,.F.);
#7817=ORIENTED_EDGE('',*,*,#5374,.F.);
#7818=ORIENTED_EDGE('',*,*,#5375,.T.);
#7819=ORIENTED_EDGE('',*,*,#5260,.T.);
#7820=ORIENTED_EDGE('',*,*,#5376,.F.);
#7821=ORIENTED_EDGE('',*,*,#5377,.T.);
#7822=ORIENTED_EDGE('',*,*,#5378,.T.);
#7823=ORIENTED_EDGE('',*,*,#5266,.T.);
#7824=ORIENTED_EDGE('',*,*,#5379,.F.);
#7825=ORIENTED_EDGE('',*,*,#5380,.T.);
#7826=ORIENTED_EDGE('',*,*,#5381,.T.);
#7827=ORIENTED_EDGE('',*,*,#5269,.T.);
#7828=ORIENTED_EDGE('',*,*,#5382,.F.);
#7829=ORIENTED_EDGE('',*,*,#5383,.T.);
#7830=ORIENTED_EDGE('',*,*,#5384,.T.);
#7831=ORIENTED_EDGE('',*,*,#5274,.T.);
#7832=ORIENTED_EDGE('',*,*,#5385,.F.);
#7833=ORIENTED_EDGE('',*,*,#5386,.T.);
#7834=ORIENTED_EDGE('',*,*,#5387,.T.);
#7835=ORIENTED_EDGE('',*,*,#5272,.T.);
#7836=ORIENTED_EDGE('',*,*,#5388,.F.);
#7837=ORIENTED_EDGE('',*,*,#5389,.T.);
#7838=ORIENTED_EDGE('',*,*,#5390,.T.);
#7839=ORIENTED_EDGE('',*,*,#5285,.T.);
#7840=ORIENTED_EDGE('',*,*,#5391,.F.);
#7841=ORIENTED_EDGE('',*,*,#5392,.T.);
#7842=ORIENTED_EDGE('',*,*,#5393,.T.);
#7843=ORIENTED_EDGE('',*,*,#5281,.T.);
#7844=ORIENTED_EDGE('',*,*,#5394,.F.);
#7845=ORIENTED_EDGE('',*,*,#5395,.T.);
#7846=ORIENTED_EDGE('',*,*,#5091,.T.);
#7847=ORIENTED_EDGE('',*,*,#5279,.T.);
#7848=ORIENTED_EDGE('',*,*,#5396,.F.);
#7849=ORIENTED_EDGE('',*,*,#5397,.T.);
#7850=ORIENTED_EDGE('',*,*,#5087,.T.);
#7851=ORIENTED_EDGE('',*,*,#5277,.T.);
#7852=ORIENTED_EDGE('',*,*,#5398,.F.);
#7853=ORIENTED_EDGE('',*,*,#5399,.T.);
#7854=ORIENTED_EDGE('',*,*,#5400,.T.);
#7855=ORIENTED_EDGE('',*,*,#5401,.T.);
#7856=ORIENTED_EDGE('',*,*,#5402,.F.);
#7857=ORIENTED_EDGE('',*,*,#5403,.T.);
#7858=ORIENTED_EDGE('',*,*,#5404,.T.);
#7859=ORIENTED_EDGE('',*,*,#5361,.T.);
#7860=ORIENTED_EDGE('',*,*,#5405,.F.);
#7861=ORIENTED_EDGE('',*,*,#5406,.T.);
#7862=ORIENTED_EDGE('',*,*,#5407,.T.);
#7863=ORIENTED_EDGE('',*,*,#5358,.T.);
#7864=ORIENTED_EDGE('',*,*,#5408,.F.);
#7865=ORIENTED_EDGE('',*,*,#5409,.T.);
#7866=ORIENTED_EDGE('',*,*,#5410,.T.);
#7867=ORIENTED_EDGE('',*,*,#5355,.T.);
#7868=ORIENTED_EDGE('',*,*,#5411,.F.);
#7869=ORIENTED_EDGE('',*,*,#5412,.T.);
#7870=ORIENTED_EDGE('',*,*,#5413,.T.);
#7871=ORIENTED_EDGE('',*,*,#5349,.T.);
#7872=ORIENTED_EDGE('',*,*,#5414,.F.);
#7873=ORIENTED_EDGE('',*,*,#5415,.T.);
#7874=ORIENTED_EDGE('',*,*,#5416,.T.);
#7875=ORIENTED_EDGE('',*,*,#5347,.T.);
#7876=ORIENTED_EDGE('',*,*,#5417,.F.);
#7877=ORIENTED_EDGE('',*,*,#5418,.T.);
#7878=ORIENTED_EDGE('',*,*,#5419,.T.);
#7879=ORIENTED_EDGE('',*,*,#5353,.T.);
#7880=ORIENTED_EDGE('',*,*,#5420,.F.);
#7881=ORIENTED_EDGE('',*,*,#5421,.T.);
#7882=ORIENTED_EDGE('',*,*,#5422,.T.);
#7883=ORIENTED_EDGE('',*,*,#5367,.T.);
#7884=ORIENTED_EDGE('',*,*,#5423,.F.);
#7885=ORIENTED_EDGE('',*,*,#5424,.T.);
#7886=ORIENTED_EDGE('',*,*,#5425,.T.);
#7887=ORIENTED_EDGE('',*,*,#5365,.T.);
#7888=ORIENTED_EDGE('',*,*,#5426,.F.);
#7889=ORIENTED_EDGE('',*,*,#5427,.T.);
#7890=ORIENTED_EDGE('',*,*,#5428,.T.);
#7891=ORIENTED_EDGE('',*,*,#5371,.T.);
#7892=ORIENTED_EDGE('',*,*,#5429,.F.);
#7893=ORIENTED_EDGE('',*,*,#5430,.T.);
#7894=ORIENTED_EDGE('',*,*,#5431,.T.);
#7895=ORIENTED_EDGE('',*,*,#5374,.T.);
#7896=ORIENTED_EDGE('',*,*,#5432,.F.);
#7897=ORIENTED_EDGE('',*,*,#5433,.T.);
#7898=ORIENTED_EDGE('',*,*,#5434,.T.);
#7899=ORIENTED_EDGE('',*,*,#5319,.T.);
#7900=ORIENTED_EDGE('',*,*,#5435,.F.);
#7901=ORIENTED_EDGE('',*,*,#5436,.T.);
#7902=ORIENTED_EDGE('',*,*,#5437,.T.);
#7903=ORIENTED_EDGE('',*,*,#5317,.T.);
#7904=ORIENTED_EDGE('',*,*,#5438,.F.);
#7905=ORIENTED_EDGE('',*,*,#5439,.T.);
#7906=ORIENTED_EDGE('',*,*,#5440,.T.);
#7907=ORIENTED_EDGE('',*,*,#5323,.T.);
#7908=ORIENTED_EDGE('',*,*,#5441,.F.);
#7909=ORIENTED_EDGE('',*,*,#5442,.T.);
#7910=ORIENTED_EDGE('',*,*,#5443,.T.);
#7911=ORIENTED_EDGE('',*,*,#5326,.T.);
#7912=ORIENTED_EDGE('',*,*,#5444,.F.);
#7913=ORIENTED_EDGE('',*,*,#5445,.T.);
#7914=ORIENTED_EDGE('',*,*,#5446,.T.);
#7915=ORIENTED_EDGE('',*,*,#5331,.T.);
#7916=ORIENTED_EDGE('',*,*,#5447,.F.);
#7917=ORIENTED_EDGE('',*,*,#5448,.T.);
#7918=ORIENTED_EDGE('',*,*,#5449,.T.);
#7919=ORIENTED_EDGE('',*,*,#5329,.T.);
#7920=ORIENTED_EDGE('',*,*,#5450,.F.);
#7921=ORIENTED_EDGE('',*,*,#5451,.T.);
#7922=ORIENTED_EDGE('',*,*,#5452,.T.);
#7923=ORIENTED_EDGE('',*,*,#5337,.T.);
#7924=ORIENTED_EDGE('',*,*,#5453,.F.);
#7925=ORIENTED_EDGE('',*,*,#5454,.T.);
#7926=ORIENTED_EDGE('',*,*,#5455,.T.);
#7927=ORIENTED_EDGE('',*,*,#5335,.T.);
#7928=ORIENTED_EDGE('',*,*,#5456,.F.);
#7929=ORIENTED_EDGE('',*,*,#5457,.T.);
#7930=ORIENTED_EDGE('',*,*,#5458,.T.);
#7931=ORIENTED_EDGE('',*,*,#5341,.T.);
#7932=ORIENTED_EDGE('',*,*,#5459,.F.);
#7933=ORIENTED_EDGE('',*,*,#5460,.T.);
#7934=ORIENTED_EDGE('',*,*,#5461,.T.);
#7935=ORIENTED_EDGE('',*,*,#5344,.T.);
#7936=ORIENTED_EDGE('',*,*,#5462,.F.);
#7937=ORIENTED_EDGE('',*,*,#5463,.T.);
#7938=ORIENTED_EDGE('',*,*,#5464,.T.);
#7939=ORIENTED_EDGE('',*,*,#5290,.T.);
#7940=ORIENTED_EDGE('',*,*,#5465,.F.);
#7941=ORIENTED_EDGE('',*,*,#5466,.T.);
#7942=ORIENTED_EDGE('',*,*,#5467,.T.);
#7943=ORIENTED_EDGE('',*,*,#5288,.T.);
#7944=ORIENTED_EDGE('',*,*,#5468,.F.);
#7945=ORIENTED_EDGE('',*,*,#5469,.T.);
#7946=ORIENTED_EDGE('',*,*,#5470,.T.);
#7947=ORIENTED_EDGE('',*,*,#5293,.T.);
#7948=ORIENTED_EDGE('',*,*,#5095,.F.);
#7949=ORIENTED_EDGE('',*,*,#5471,.T.);
#7950=ORIENTED_EDGE('',*,*,#5472,.T.);
#7951=ORIENTED_EDGE('',*,*,#5296,.T.);
#7952=ORIENTED_EDGE('',*,*,#5473,.F.);
#7953=ORIENTED_EDGE('',*,*,#5474,.T.);
#7954=ORIENTED_EDGE('',*,*,#5475,.T.);
#7955=ORIENTED_EDGE('',*,*,#5301,.T.);
#7956=ORIENTED_EDGE('',*,*,#5476,.F.);
#7957=ORIENTED_EDGE('',*,*,#5477,.T.);
#7958=ORIENTED_EDGE('',*,*,#5478,.T.);
#7959=ORIENTED_EDGE('',*,*,#5299,.T.);
#7960=ORIENTED_EDGE('',*,*,#5479,.F.);
#7961=ORIENTED_EDGE('',*,*,#5480,.T.);
#7962=ORIENTED_EDGE('',*,*,#5481,.T.);
#7963=ORIENTED_EDGE('',*,*,#5307,.T.);
#7964=ORIENTED_EDGE('',*,*,#5482,.F.);
#7965=ORIENTED_EDGE('',*,*,#5483,.T.);
#7966=ORIENTED_EDGE('',*,*,#5484,.T.);
#7967=ORIENTED_EDGE('',*,*,#5305,.T.);
#7968=ORIENTED_EDGE('',*,*,#5485,.F.);
#7969=ORIENTED_EDGE('',*,*,#5486,.T.);
#7970=ORIENTED_EDGE('',*,*,#5487,.T.);
#7971=ORIENTED_EDGE('',*,*,#5311,.T.);
#7972=ORIENTED_EDGE('',*,*,#5488,.F.);
#7973=ORIENTED_EDGE('',*,*,#5489,.T.);
#7974=ORIENTED_EDGE('',*,*,#5490,.T.);
#7975=ORIENTED_EDGE('',*,*,#5314,.T.);
#7976=ORIENTED_EDGE('',*,*,#5491,.F.);
#7977=ORIENTED_EDGE('',*,*,#5492,.T.);
#7978=ORIENTED_EDGE('',*,*,#5493,.T.);
#7979=ORIENTED_EDGE('',*,*,#5262,.T.);
#7980=ORIENTED_EDGE('',*,*,#5494,.F.);
#7981=ORIENTED_EDGE('',*,*,#5495,.T.);
#7982=ORIENTED_EDGE('',*,*,#5084,.F.);
#7983=ORIENTED_EDGE('',*,*,#5496,.F.);
#7984=ORIENTED_EDGE('',*,*,#5223,.T.);
#7985=ORIENTED_EDGE('',*,*,#5497,.F.);
#7986=ORIENTED_EDGE('',*,*,#5401,.F.);
#7987=ORIENTED_EDGE('',*,*,#5362,.T.);
#7988=ORIENTED_EDGE('',*,*,#5404,.F.);
#7989=ORIENTED_EDGE('',*,*,#5498,.F.);
#7990=ORIENTED_EDGE('',*,*,#5220,.T.);
#7991=ORIENTED_EDGE('',*,*,#5497,.T.);
#7992=ORIENTED_EDGE('',*,*,#5222,.T.);
#7993=ORIENTED_EDGE('',*,*,#5499,.T.);
#7994=ORIENTED_EDGE('',*,*,#5402,.T.);
#7995=ORIENTED_EDGE('',*,*,#5403,.F.);
#7996=ORIENTED_EDGE('',*,*,#5499,.F.);
#7997=ORIENTED_EDGE('',*,*,#5221,.T.);
#7998=ORIENTED_EDGE('',*,*,#5498,.T.);
#7999=ORIENTED_EDGE('',*,*,#5496,.T.);
#8000=ORIENTED_EDGE('',*,*,#5400,.F.);
#8001=ORIENTED_EDGE('',*,*,#5500,.F.);
#8002=ORIENTED_EDGE('',*,*,#5224,.T.);
#8003=ORIENTED_EDGE('',*,*,#5276,.T.);
#8004=ORIENTED_EDGE('',*,*,#5226,.T.);
#8005=ORIENTED_EDGE('',*,*,#5501,.T.);
#8006=ORIENTED_EDGE('',*,*,#5398,.T.);
#8007=ORIENTED_EDGE('',*,*,#5399,.F.);
#8008=ORIENTED_EDGE('',*,*,#5501,.F.);
#8009=ORIENTED_EDGE('',*,*,#5225,.T.);
#8010=ORIENTED_EDGE('',*,*,#5500,.T.);
#8011=ORIENTED_EDGE('',*,*,#5320,.T.);
#8012=ORIENTED_EDGE('',*,*,#5434,.F.);
#8013=ORIENTED_EDGE('',*,*,#5502,.F.);
#8014=ORIENTED_EDGE('',*,*,#5180,.T.);
#8015=ORIENTED_EDGE('',*,*,#5373,.T.);
#8016=ORIENTED_EDGE('',*,*,#5182,.T.);
#8017=ORIENTED_EDGE('',*,*,#5503,.T.);
#8018=ORIENTED_EDGE('',*,*,#5432,.T.);
#8019=ORIENTED_EDGE('',*,*,#5433,.F.);
#8020=ORIENTED_EDGE('',*,*,#5503,.F.);
#8021=ORIENTED_EDGE('',*,*,#5181,.T.);
#8022=ORIENTED_EDGE('',*,*,#5502,.T.);
#8023=ORIENTED_EDGE('',*,*,#5372,.T.);
#8024=ORIENTED_EDGE('',*,*,#5431,.F.);
#8025=ORIENTED_EDGE('',*,*,#5504,.F.);
#8026=ORIENTED_EDGE('',*,*,#5184,.T.);
#8027=ORIENTED_EDGE('',*,*,#5370,.T.);
#8028=ORIENTED_EDGE('',*,*,#5186,.T.);
#8029=ORIENTED_EDGE('',*,*,#5505,.T.);
#8030=ORIENTED_EDGE('',*,*,#5429,.T.);
#8031=ORIENTED_EDGE('',*,*,#5430,.F.);
#8032=ORIENTED_EDGE('',*,*,#5505,.F.);
#8033=ORIENTED_EDGE('',*,*,#5185,.T.);
#8034=ORIENTED_EDGE('',*,*,#5504,.T.);
#8035=ORIENTED_EDGE('',*,*,#5369,.T.);
#8036=ORIENTED_EDGE('',*,*,#5428,.F.);
#8037=ORIENTED_EDGE('',*,*,#5506,.F.);
#8038=ORIENTED_EDGE('',*,*,#5188,.T.);
#8039=ORIENTED_EDGE('',*,*,#5364,.T.);
#8040=ORIENTED_EDGE('',*,*,#5190,.T.);
#8041=ORIENTED_EDGE('',*,*,#5507,.T.);
#8042=ORIENTED_EDGE('',*,*,#5426,.T.);
#8043=ORIENTED_EDGE('',*,*,#5427,.F.);
#8044=ORIENTED_EDGE('',*,*,#5507,.F.);
#8045=ORIENTED_EDGE('',*,*,#5189,.T.);
#8046=ORIENTED_EDGE('',*,*,#5506,.T.);
#8047=ORIENTED_EDGE('',*,*,#5368,.T.);
#8048=ORIENTED_EDGE('',*,*,#5422,.F.);
#8049=ORIENTED_EDGE('',*,*,#5508,.F.);
#8050=ORIENTED_EDGE('',*,*,#5196,.T.);
#8051=ORIENTED_EDGE('',*,*,#5352,.T.);
#8052=ORIENTED_EDGE('',*,*,#5198,.T.);
#8053=ORIENTED_EDGE('',*,*,#5509,.T.);
#8054=ORIENTED_EDGE('',*,*,#5420,.T.);
#8055=ORIENTED_EDGE('',*,*,#5421,.F.);
#8056=ORIENTED_EDGE('',*,*,#5509,.F.);
#8057=ORIENTED_EDGE('',*,*,#5197,.T.);
#8058=ORIENTED_EDGE('',*,*,#5508,.T.);
#8059=ORIENTED_EDGE('',*,*,#5363,.T.);
#8060=ORIENTED_EDGE('',*,*,#5425,.F.);
#8061=ORIENTED_EDGE('',*,*,#5510,.F.);
#8062=ORIENTED_EDGE('',*,*,#5192,.T.);
#8063=ORIENTED_EDGE('',*,*,#5366,.T.);
#8064=ORIENTED_EDGE('',*,*,#5194,.T.);
#8065=ORIENTED_EDGE('',*,*,#5511,.T.);
#8066=ORIENTED_EDGE('',*,*,#5423,.T.);
#8067=ORIENTED_EDGE('',*,*,#5424,.F.);
#8068=ORIENTED_EDGE('',*,*,#5511,.F.);
#8069=ORIENTED_EDGE('',*,*,#5193,.T.);
#8070=ORIENTED_EDGE('',*,*,#5510,.T.);
#8071=ORIENTED_EDGE('',*,*,#5359,.T.);
#8072=ORIENTED_EDGE('',*,*,#5407,.F.);
#8073=ORIENTED_EDGE('',*,*,#5512,.F.);
#8074=ORIENTED_EDGE('',*,*,#5216,.T.);
#8075=ORIENTED_EDGE('',*,*,#5360,.T.);
#8076=ORIENTED_EDGE('',*,*,#5218,.T.);
#8077=ORIENTED_EDGE('',*,*,#5513,.T.);
#8078=ORIENTED_EDGE('',*,*,#5405,.T.);
#8079=ORIENTED_EDGE('',*,*,#5406,.F.);
#8080=ORIENTED_EDGE('',*,*,#5513,.F.);
#8081=ORIENTED_EDGE('',*,*,#5217,.T.);
#8082=ORIENTED_EDGE('',*,*,#5512,.T.);
#8083=ORIENTED_EDGE('',*,*,#5356,.T.);
#8084=ORIENTED_EDGE('',*,*,#5410,.F.);
#8085=ORIENTED_EDGE('',*,*,#5514,.F.);
#8086=ORIENTED_EDGE('',*,*,#5212,.T.);
#8087=ORIENTED_EDGE('',*,*,#5357,.T.);
#8088=ORIENTED_EDGE('',*,*,#5214,.T.);
#8089=ORIENTED_EDGE('',*,*,#5515,.T.);
#8090=ORIENTED_EDGE('',*,*,#5408,.T.);
#8091=ORIENTED_EDGE('',*,*,#5409,.F.);
#8092=ORIENTED_EDGE('',*,*,#5515,.F.);
#8093=ORIENTED_EDGE('',*,*,#5213,.T.);
#8094=ORIENTED_EDGE('',*,*,#5514,.T.);
#8095=ORIENTED_EDGE('',*,*,#5350,.T.);
#8096=ORIENTED_EDGE('',*,*,#5413,.F.);
#8097=ORIENTED_EDGE('',*,*,#5516,.F.);
#8098=ORIENTED_EDGE('',*,*,#5208,.T.);
#8099=ORIENTED_EDGE('',*,*,#5354,.T.);
#8100=ORIENTED_EDGE('',*,*,#5210,.T.);
#8101=ORIENTED_EDGE('',*,*,#5517,.T.);
#8102=ORIENTED_EDGE('',*,*,#5411,.T.);
#8103=ORIENTED_EDGE('',*,*,#5412,.F.);
#8104=ORIENTED_EDGE('',*,*,#5517,.F.);
#8105=ORIENTED_EDGE('',*,*,#5209,.T.);
#8106=ORIENTED_EDGE('',*,*,#5516,.T.);
#8107=ORIENTED_EDGE('',*,*,#5351,.T.);
#8108=ORIENTED_EDGE('',*,*,#5419,.F.);
#8109=ORIENTED_EDGE('',*,*,#5518,.F.);
#8110=ORIENTED_EDGE('',*,*,#5200,.T.);
#8111=ORIENTED_EDGE('',*,*,#5346,.T.);
#8112=ORIENTED_EDGE('',*,*,#5202,.T.);
#8113=ORIENTED_EDGE('',*,*,#5519,.T.);
#8114=ORIENTED_EDGE('',*,*,#5417,.T.);
#8115=ORIENTED_EDGE('',*,*,#5418,.F.);
#8116=ORIENTED_EDGE('',*,*,#5519,.F.);
#8117=ORIENTED_EDGE('',*,*,#5201,.T.);
#8118=ORIENTED_EDGE('',*,*,#5518,.T.);
#8119=ORIENTED_EDGE('',*,*,#5345,.T.);
#8120=ORIENTED_EDGE('',*,*,#5416,.F.);
#8121=ORIENTED_EDGE('',*,*,#5520,.F.);
#8122=ORIENTED_EDGE('',*,*,#5204,.T.);
#8123=ORIENTED_EDGE('',*,*,#5348,.T.);
#8124=ORIENTED_EDGE('',*,*,#5206,.T.);
#8125=ORIENTED_EDGE('',*,*,#5521,.T.);
#8126=ORIENTED_EDGE('',*,*,#5414,.T.);
#8127=ORIENTED_EDGE('',*,*,#5415,.F.);
#8128=ORIENTED_EDGE('',*,*,#5521,.F.);
#8129=ORIENTED_EDGE('',*,*,#5205,.T.);
#8130=ORIENTED_EDGE('',*,*,#5520,.T.);
#8131=ORIENTED_EDGE('',*,*,#5291,.T.);
#8132=ORIENTED_EDGE('',*,*,#5464,.F.);
#8133=ORIENTED_EDGE('',*,*,#5522,.F.);
#8134=ORIENTED_EDGE('',*,*,#5140,.T.);
#8135=ORIENTED_EDGE('',*,*,#5343,.T.);
#8136=ORIENTED_EDGE('',*,*,#5142,.T.);
#8137=ORIENTED_EDGE('',*,*,#5523,.T.);
#8138=ORIENTED_EDGE('',*,*,#5462,.T.);
#8139=ORIENTED_EDGE('',*,*,#5463,.F.);
#8140=ORIENTED_EDGE('',*,*,#5523,.F.);
#8141=ORIENTED_EDGE('',*,*,#5141,.T.);
#8142=ORIENTED_EDGE('',*,*,#5522,.T.);
#8143=ORIENTED_EDGE('',*,*,#5342,.T.);
#8144=ORIENTED_EDGE('',*,*,#5461,.F.);
#8145=ORIENTED_EDGE('',*,*,#5524,.F.);
#8146=ORIENTED_EDGE('',*,*,#5144,.T.);
#8147=ORIENTED_EDGE('',*,*,#5340,.T.);
#8148=ORIENTED_EDGE('',*,*,#5146,.T.);
#8149=ORIENTED_EDGE('',*,*,#5525,.T.);
#8150=ORIENTED_EDGE('',*,*,#5459,.T.);
#8151=ORIENTED_EDGE('',*,*,#5460,.F.);
#8152=ORIENTED_EDGE('',*,*,#5525,.F.);
#8153=ORIENTED_EDGE('',*,*,#5145,.T.);
#8154=ORIENTED_EDGE('',*,*,#5524,.T.);
#8155=ORIENTED_EDGE('',*,*,#5339,.T.);
#8156=ORIENTED_EDGE('',*,*,#5458,.F.);
#8157=ORIENTED_EDGE('',*,*,#5526,.F.);
#8158=ORIENTED_EDGE('',*,*,#5148,.T.);
#8159=ORIENTED_EDGE('',*,*,#5334,.T.);
#8160=ORIENTED_EDGE('',*,*,#5150,.T.);
#8161=ORIENTED_EDGE('',*,*,#5527,.T.);
#8162=ORIENTED_EDGE('',*,*,#5456,.T.);
#8163=ORIENTED_EDGE('',*,*,#5457,.F.);
#8164=ORIENTED_EDGE('',*,*,#5527,.F.);
#8165=ORIENTED_EDGE('',*,*,#5149,.T.);
#8166=ORIENTED_EDGE('',*,*,#5526,.T.);
#8167=ORIENTED_EDGE('',*,*,#5338,.T.);
#8168=ORIENTED_EDGE('',*,*,#5452,.F.);
#8169=ORIENTED_EDGE('',*,*,#5528,.F.);
#8170=ORIENTED_EDGE('',*,*,#5156,.T.);
#8171=ORIENTED_EDGE('',*,*,#5328,.T.);
#8172=ORIENTED_EDGE('',*,*,#5158,.T.);
#8173=ORIENTED_EDGE('',*,*,#5529,.T.);
#8174=ORIENTED_EDGE('',*,*,#5450,.T.);
#8175=ORIENTED_EDGE('',*,*,#5451,.F.);
#8176=ORIENTED_EDGE('',*,*,#5529,.F.);
#8177=ORIENTED_EDGE('',*,*,#5157,.T.);
#8178=ORIENTED_EDGE('',*,*,#5528,.T.);
#8179=ORIENTED_EDGE('',*,*,#5333,.T.);
#8180=ORIENTED_EDGE('',*,*,#5455,.F.);
#8181=ORIENTED_EDGE('',*,*,#5530,.F.);
#8182=ORIENTED_EDGE('',*,*,#5152,.T.);
#8183=ORIENTED_EDGE('',*,*,#5336,.T.);
#8184=ORIENTED_EDGE('',*,*,#5154,.T.);
#8185=ORIENTED_EDGE('',*,*,#5531,.T.);
#8186=ORIENTED_EDGE('',*,*,#5453,.T.);
#8187=ORIENTED_EDGE('',*,*,#5454,.F.);
#8188=ORIENTED_EDGE('',*,*,#5531,.F.);
#8189=ORIENTED_EDGE('',*,*,#5153,.T.);
#8190=ORIENTED_EDGE('',*,*,#5530,.T.);
#8191=ORIENTED_EDGE('',*,*,#5332,.T.);
#8192=ORIENTED_EDGE('',*,*,#5446,.F.);
#8193=ORIENTED_EDGE('',*,*,#5532,.F.);
#8194=ORIENTED_EDGE('',*,*,#5164,.T.);
#8195=ORIENTED_EDGE('',*,*,#5325,.T.);
#8196=ORIENTED_EDGE('',*,*,#5166,.T.);
#8197=ORIENTED_EDGE('',*,*,#5533,.T.);
#8198=ORIENTED_EDGE('',*,*,#5444,.T.);
#8199=ORIENTED_EDGE('',*,*,#5445,.F.);
#8200=ORIENTED_EDGE('',*,*,#5533,.F.);
#8201=ORIENTED_EDGE('',*,*,#5165,.T.);
#8202=ORIENTED_EDGE('',*,*,#5532,.T.);
#8203=ORIENTED_EDGE('',*,*,#5327,.T.);
#8204=ORIENTED_EDGE('',*,*,#5449,.F.);
#8205=ORIENTED_EDGE('',*,*,#5534,.F.);
#8206=ORIENTED_EDGE('',*,*,#5160,.T.);
#8207=ORIENTED_EDGE('',*,*,#5330,.T.);
#8208=ORIENTED_EDGE('',*,*,#5162,.T.);
#8209=ORIENTED_EDGE('',*,*,#5535,.T.);
#8210=ORIENTED_EDGE('',*,*,#5447,.T.);
#8211=ORIENTED_EDGE('',*,*,#5448,.F.);
#8212=ORIENTED_EDGE('',*,*,#5535,.F.);
#8213=ORIENTED_EDGE('',*,*,#5161,.T.);
#8214=ORIENTED_EDGE('',*,*,#5534,.T.);
#8215=ORIENTED_EDGE('',*,*,#5324,.T.);
#8216=ORIENTED_EDGE('',*,*,#5443,.F.);
#8217=ORIENTED_EDGE('',*,*,#5536,.F.);
#8218=ORIENTED_EDGE('',*,*,#5168,.T.);
#8219=ORIENTED_EDGE('',*,*,#5322,.T.);
#8220=ORIENTED_EDGE('',*,*,#5170,.T.);
#8221=ORIENTED_EDGE('',*,*,#5537,.T.);
#8222=ORIENTED_EDGE('',*,*,#5441,.T.);
#8223=ORIENTED_EDGE('',*,*,#5442,.F.);
#8224=ORIENTED_EDGE('',*,*,#5537,.F.);
#8225=ORIENTED_EDGE('',*,*,#5169,.T.);
#8226=ORIENTED_EDGE('',*,*,#5536,.T.);
#8227=ORIENTED_EDGE('',*,*,#5321,.T.);
#8228=ORIENTED_EDGE('',*,*,#5440,.F.);
#8229=ORIENTED_EDGE('',*,*,#5538,.F.);
#8230=ORIENTED_EDGE('',*,*,#5172,.T.);
#8231=ORIENTED_EDGE('',*,*,#5316,.T.);
#8232=ORIENTED_EDGE('',*,*,#5174,.T.);
#8233=ORIENTED_EDGE('',*,*,#5539,.T.);
#8234=ORIENTED_EDGE('',*,*,#5438,.T.);
#8235=ORIENTED_EDGE('',*,*,#5439,.F.);
#8236=ORIENTED_EDGE('',*,*,#5539,.F.);
#8237=ORIENTED_EDGE('',*,*,#5173,.T.);
#8238=ORIENTED_EDGE('',*,*,#5538,.T.);
#8239=ORIENTED_EDGE('',*,*,#5315,.T.);
#8240=ORIENTED_EDGE('',*,*,#5437,.F.);
#8241=ORIENTED_EDGE('',*,*,#5540,.F.);
#8242=ORIENTED_EDGE('',*,*,#5176,.T.);
#8243=ORIENTED_EDGE('',*,*,#5318,.T.);
#8244=ORIENTED_EDGE('',*,*,#5178,.T.);
#8245=ORIENTED_EDGE('',*,*,#5541,.T.);
#8246=ORIENTED_EDGE('',*,*,#5435,.T.);
#8247=ORIENTED_EDGE('',*,*,#5436,.F.);
#8248=ORIENTED_EDGE('',*,*,#5541,.F.);
#8249=ORIENTED_EDGE('',*,*,#5177,.T.);
#8250=ORIENTED_EDGE('',*,*,#5540,.T.);
#8251=ORIENTED_EDGE('',*,*,#5263,.T.);
#8252=ORIENTED_EDGE('',*,*,#5493,.F.);
#8253=ORIENTED_EDGE('',*,*,#5542,.F.);
#8254=ORIENTED_EDGE('',*,*,#5101,.T.);
#8255=ORIENTED_EDGE('',*,*,#5313,.T.);
#8256=ORIENTED_EDGE('',*,*,#5103,.T.);
#8257=ORIENTED_EDGE('',*,*,#5543,.T.);
#8258=ORIENTED_EDGE('',*,*,#5491,.T.);
#8259=ORIENTED_EDGE('',*,*,#5492,.F.);
#8260=ORIENTED_EDGE('',*,*,#5543,.F.);
#8261=ORIENTED_EDGE('',*,*,#5102,.T.);
#8262=ORIENTED_EDGE('',*,*,#5542,.T.);
#8263=ORIENTED_EDGE('',*,*,#5312,.T.);
#8264=ORIENTED_EDGE('',*,*,#5490,.F.);
#8265=ORIENTED_EDGE('',*,*,#5544,.F.);
#8266=ORIENTED_EDGE('',*,*,#5105,.T.);
#8267=ORIENTED_EDGE('',*,*,#5310,.T.);
#8268=ORIENTED_EDGE('',*,*,#5107,.T.);
#8269=ORIENTED_EDGE('',*,*,#5545,.T.);
#8270=ORIENTED_EDGE('',*,*,#5488,.T.);
#8271=ORIENTED_EDGE('',*,*,#5489,.F.);
#8272=ORIENTED_EDGE('',*,*,#5545,.F.);
#8273=ORIENTED_EDGE('',*,*,#5106,.T.);
#8274=ORIENTED_EDGE('',*,*,#5544,.T.);
#8275=ORIENTED_EDGE('',*,*,#5309,.T.);
#8276=ORIENTED_EDGE('',*,*,#5487,.F.);
#8277=ORIENTED_EDGE('',*,*,#5546,.F.);
#8278=ORIENTED_EDGE('',*,*,#5109,.T.);
#8279=ORIENTED_EDGE('',*,*,#5304,.T.);
#8280=ORIENTED_EDGE('',*,*,#5111,.T.);
#8281=ORIENTED_EDGE('',*,*,#5547,.T.);
#8282=ORIENTED_EDGE('',*,*,#5485,.T.);
#8283=ORIENTED_EDGE('',*,*,#5486,.F.);
#8284=ORIENTED_EDGE('',*,*,#5547,.F.);
#8285=ORIENTED_EDGE('',*,*,#5110,.T.);
#8286=ORIENTED_EDGE('',*,*,#5546,.T.);
#8287=ORIENTED_EDGE('',*,*,#5308,.T.);
#8288=ORIENTED_EDGE('',*,*,#5481,.F.);
#8289=ORIENTED_EDGE('',*,*,#5548,.F.);
#8290=ORIENTED_EDGE('',*,*,#5117,.T.);
#8291=ORIENTED_EDGE('',*,*,#5298,.T.);
#8292=ORIENTED_EDGE('',*,*,#5119,.T.);
#8293=ORIENTED_EDGE('',*,*,#5549,.T.);
#8294=ORIENTED_EDGE('',*,*,#5479,.T.);
#8295=ORIENTED_EDGE('',*,*,#5480,.F.);
#8296=ORIENTED_EDGE('',*,*,#5549,.F.);
#8297=ORIENTED_EDGE('',*,*,#5118,.T.);
#8298=ORIENTED_EDGE('',*,*,#5548,.T.);
#8299=ORIENTED_EDGE('',*,*,#5303,.T.);
#8300=ORIENTED_EDGE('',*,*,#5484,.F.);
#8301=ORIENTED_EDGE('',*,*,#5550,.F.);
#8302=ORIENTED_EDGE('',*,*,#5113,.T.);
#8303=ORIENTED_EDGE('',*,*,#5306,.T.);
#8304=ORIENTED_EDGE('',*,*,#5115,.T.);
#8305=ORIENTED_EDGE('',*,*,#5551,.T.);
#8306=ORIENTED_EDGE('',*,*,#5482,.T.);
#8307=ORIENTED_EDGE('',*,*,#5483,.F.);
#8308=ORIENTED_EDGE('',*,*,#5551,.F.);
#8309=ORIENTED_EDGE('',*,*,#5114,.T.);
#8310=ORIENTED_EDGE('',*,*,#5550,.T.);
#8311=ORIENTED_EDGE('',*,*,#5302,.T.);
#8312=ORIENTED_EDGE('',*,*,#5475,.F.);
#8313=ORIENTED_EDGE('',*,*,#5552,.F.);
#8314=ORIENTED_EDGE('',*,*,#5125,.T.);
#8315=ORIENTED_EDGE('',*,*,#5295,.T.);
#8316=ORIENTED_EDGE('',*,*,#5127,.T.);
#8317=ORIENTED_EDGE('',*,*,#5553,.T.);
#8318=ORIENTED_EDGE('',*,*,#5473,.T.);
#8319=ORIENTED_EDGE('',*,*,#5474,.F.);
#8320=ORIENTED_EDGE('',*,*,#5553,.F.);
#8321=ORIENTED_EDGE('',*,*,#5126,.T.);
#8322=ORIENTED_EDGE('',*,*,#5552,.T.);
#8323=ORIENTED_EDGE('',*,*,#5297,.T.);
#8324=ORIENTED_EDGE('',*,*,#5478,.F.);
#8325=ORIENTED_EDGE('',*,*,#5554,.F.);
#8326=ORIENTED_EDGE('',*,*,#5121,.T.);
#8327=ORIENTED_EDGE('',*,*,#5300,.T.);
#8328=ORIENTED_EDGE('',*,*,#5123,.T.);
#8329=ORIENTED_EDGE('',*,*,#5555,.T.);
#8330=ORIENTED_EDGE('',*,*,#5476,.T.);
#8331=ORIENTED_EDGE('',*,*,#5477,.F.);
#8332=ORIENTED_EDGE('',*,*,#5555,.F.);
#8333=ORIENTED_EDGE('',*,*,#5122,.T.);
#8334=ORIENTED_EDGE('',*,*,#5554,.T.);
#8335=ORIENTED_EDGE('',*,*,#5294,.T.);
#8336=ORIENTED_EDGE('',*,*,#5472,.F.);
#8337=ORIENTED_EDGE('',*,*,#5556,.F.);
#8338=ORIENTED_EDGE('',*,*,#5129,.T.);
#8339=ORIENTED_EDGE('',*,*,#5471,.F.);
#8340=ORIENTED_EDGE('',*,*,#5094,.F.);
#8341=ORIENTED_EDGE('',*,*,#5130,.T.);
#8342=ORIENTED_EDGE('',*,*,#5556,.T.);
#8343=ORIENTED_EDGE('',*,*,#5292,.T.);
#8344=ORIENTED_EDGE('',*,*,#5470,.F.);
#8345=ORIENTED_EDGE('',*,*,#5557,.F.);
#8346=ORIENTED_EDGE('',*,*,#5132,.T.);
#8347=ORIENTED_EDGE('',*,*,#5287,.T.);
#8348=ORIENTED_EDGE('',*,*,#5134,.T.);
#8349=ORIENTED_EDGE('',*,*,#5558,.T.);
#8350=ORIENTED_EDGE('',*,*,#5468,.T.);
#8351=ORIENTED_EDGE('',*,*,#5469,.F.);
#8352=ORIENTED_EDGE('',*,*,#5558,.F.);
#8353=ORIENTED_EDGE('',*,*,#5133,.T.);
#8354=ORIENTED_EDGE('',*,*,#5557,.T.);
#8355=ORIENTED_EDGE('',*,*,#5286,.T.);
#8356=ORIENTED_EDGE('',*,*,#5467,.F.);
#8357=ORIENTED_EDGE('',*,*,#5559,.F.);
#8358=ORIENTED_EDGE('',*,*,#5136,.T.);
#8359=ORIENTED_EDGE('',*,*,#5289,.T.);
#8360=ORIENTED_EDGE('',*,*,#5138,.T.);
#8361=ORIENTED_EDGE('',*,*,#5560,.T.);
#8362=ORIENTED_EDGE('',*,*,#5465,.T.);
#8363=ORIENTED_EDGE('',*,*,#5466,.F.);
#8364=ORIENTED_EDGE('',*,*,#5560,.F.);
#8365=ORIENTED_EDGE('',*,*,#5137,.T.);
#8366=ORIENTED_EDGE('',*,*,#5559,.T.);
#8367=ORIENTED_EDGE('',*,*,#5282,.T.);
#8368=ORIENTED_EDGE('',*,*,#5393,.F.);
#8369=ORIENTED_EDGE('',*,*,#5561,.F.);
#8370=ORIENTED_EDGE('',*,*,#5234,.T.);
#8371=ORIENTED_EDGE('',*,*,#5284,.T.);
#8372=ORIENTED_EDGE('',*,*,#5236,.T.);
#8373=ORIENTED_EDGE('',*,*,#5562,.T.);
#8374=ORIENTED_EDGE('',*,*,#5391,.T.);
#8375=ORIENTED_EDGE('',*,*,#5392,.F.);
#8376=ORIENTED_EDGE('',*,*,#5562,.F.);
#8377=ORIENTED_EDGE('',*,*,#5235,.T.);
#8378=ORIENTED_EDGE('',*,*,#5561,.T.);
#8379=ORIENTED_EDGE('',*,*,#5283,.T.);
#8380=ORIENTED_EDGE('',*,*,#5390,.F.);
#8381=ORIENTED_EDGE('',*,*,#5563,.F.);
#8382=ORIENTED_EDGE('',*,*,#5238,.T.);
#8383=ORIENTED_EDGE('',*,*,#5271,.T.);
#8384=ORIENTED_EDGE('',*,*,#5240,.T.);
#8385=ORIENTED_EDGE('',*,*,#5564,.T.);
#8386=ORIENTED_EDGE('',*,*,#5388,.T.);
#8387=ORIENTED_EDGE('',*,*,#5389,.F.);
#8388=ORIENTED_EDGE('',*,*,#5564,.F.);
#8389=ORIENTED_EDGE('',*,*,#5239,.T.);
#8390=ORIENTED_EDGE('',*,*,#5563,.T.);
#8391=ORIENTED_EDGE('',*,*,#5280,.T.);
#8392=ORIENTED_EDGE('',*,*,#5232,.T.);
#8393=ORIENTED_EDGE('',*,*,#5565,.T.);
#8394=ORIENTED_EDGE('',*,*,#5394,.T.);
#8395=ORIENTED_EDGE('',*,*,#5395,.F.);
#8396=ORIENTED_EDGE('',*,*,#5565,.F.);
#8397=ORIENTED_EDGE('',*,*,#5231,.T.);
#8398=ORIENTED_EDGE('',*,*,#5092,.T.);
#8399=ORIENTED_EDGE('',*,*,#5278,.T.);
#8400=ORIENTED_EDGE('',*,*,#5229,.T.);
#8401=ORIENTED_EDGE('',*,*,#5566,.T.);
#8402=ORIENTED_EDGE('',*,*,#5396,.T.);
#8403=ORIENTED_EDGE('',*,*,#5397,.F.);
#8404=ORIENTED_EDGE('',*,*,#5566,.F.);
#8405=ORIENTED_EDGE('',*,*,#5228,.T.);
#8406=ORIENTED_EDGE('',*,*,#5088,.T.);
#8407=ORIENTED_EDGE('',*,*,#5275,.T.);
#8408=ORIENTED_EDGE('',*,*,#5384,.F.);
#8409=ORIENTED_EDGE('',*,*,#5567,.F.);
#8410=ORIENTED_EDGE('',*,*,#5246,.T.);
#8411=ORIENTED_EDGE('',*,*,#5268,.T.);
#8412=ORIENTED_EDGE('',*,*,#5248,.T.);
#8413=ORIENTED_EDGE('',*,*,#5568,.T.);
#8414=ORIENTED_EDGE('',*,*,#5382,.T.);
#8415=ORIENTED_EDGE('',*,*,#5383,.F.);
#8416=ORIENTED_EDGE('',*,*,#5568,.F.);
#8417=ORIENTED_EDGE('',*,*,#5247,.T.);
#8418=ORIENTED_EDGE('',*,*,#5567,.T.);
#8419=ORIENTED_EDGE('',*,*,#5270,.T.);
#8420=ORIENTED_EDGE('',*,*,#5387,.F.);
#8421=ORIENTED_EDGE('',*,*,#5569,.F.);
#8422=ORIENTED_EDGE('',*,*,#5242,.T.);
#8423=ORIENTED_EDGE('',*,*,#5273,.T.);
#8424=ORIENTED_EDGE('',*,*,#5244,.T.);
#8425=ORIENTED_EDGE('',*,*,#5570,.T.);
#8426=ORIENTED_EDGE('',*,*,#5385,.T.);
#8427=ORIENTED_EDGE('',*,*,#5386,.F.);
#8428=ORIENTED_EDGE('',*,*,#5570,.F.);
#8429=ORIENTED_EDGE('',*,*,#5243,.T.);
#8430=ORIENTED_EDGE('',*,*,#5569,.T.);
#8431=ORIENTED_EDGE('',*,*,#5267,.T.);
#8432=ORIENTED_EDGE('',*,*,#5381,.F.);
#8433=ORIENTED_EDGE('',*,*,#5571,.F.);
#8434=ORIENTED_EDGE('',*,*,#5250,.T.);
#8435=ORIENTED_EDGE('',*,*,#5265,.T.);
#8436=ORIENTED_EDGE('',*,*,#5252,.T.);
#8437=ORIENTED_EDGE('',*,*,#5572,.T.);
#8438=ORIENTED_EDGE('',*,*,#5379,.T.);
#8439=ORIENTED_EDGE('',*,*,#5380,.F.);
#8440=ORIENTED_EDGE('',*,*,#5572,.F.);
#8441=ORIENTED_EDGE('',*,*,#5251,.T.);
#8442=ORIENTED_EDGE('',*,*,#5571,.T.);
#8443=ORIENTED_EDGE('',*,*,#5264,.T.);
#8444=ORIENTED_EDGE('',*,*,#5378,.F.);
#8445=ORIENTED_EDGE('',*,*,#5573,.F.);
#8446=ORIENTED_EDGE('',*,*,#5254,.T.);
#8447=ORIENTED_EDGE('',*,*,#5259,.T.);
#8448=ORIENTED_EDGE('',*,*,#5256,.T.);
#8449=ORIENTED_EDGE('',*,*,#5574,.T.);
#8450=ORIENTED_EDGE('',*,*,#5376,.T.);
#8451=ORIENTED_EDGE('',*,*,#5377,.F.);
#8452=ORIENTED_EDGE('',*,*,#5574,.F.);
#8453=ORIENTED_EDGE('',*,*,#5255,.T.);
#8454=ORIENTED_EDGE('',*,*,#5573,.T.);
#8455=ORIENTED_EDGE('',*,*,#5258,.T.);
#8456=ORIENTED_EDGE('',*,*,#5375,.F.);
#8457=ORIENTED_EDGE('',*,*,#5575,.F.);
#8458=ORIENTED_EDGE('',*,*,#5097,.T.);
#8459=ORIENTED_EDGE('',*,*,#5261,.T.);
#8460=ORIENTED_EDGE('',*,*,#5099,.T.);
#8461=ORIENTED_EDGE('',*,*,#5576,.T.);
#8462=ORIENTED_EDGE('',*,*,#5494,.T.);
#8463=ORIENTED_EDGE('',*,*,#5495,.F.);
#8464=ORIENTED_EDGE('',*,*,#5576,.F.);
#8465=ORIENTED_EDGE('',*,*,#5098,.T.);
#8466=ORIENTED_EDGE('',*,*,#5575,.T.);
#8467=ORIENTED_EDGE('',*,*,#5577,.F.);
#8468=ORIENTED_EDGE('',*,*,#5578,.F.);
#8469=ORIENTED_EDGE('',*,*,#5579,.T.);
#8470=ORIENTED_EDGE('',*,*,#5580,.F.);
#8471=ORIENTED_EDGE('',*,*,#5579,.F.);
#8472=ORIENTED_EDGE('',*,*,#5581,.F.);
#8473=ORIENTED_EDGE('',*,*,#5582,.F.);
#8474=ORIENTED_EDGE('',*,*,#5583,.T.);
#8475=ORIENTED_EDGE('',*,*,#5584,.F.);
#8476=ORIENTED_EDGE('',*,*,#5583,.F.);
#8477=ORIENTED_EDGE('',*,*,#5585,.F.);
#8478=ORIENTED_EDGE('',*,*,#5586,.T.);
#8479=ORIENTED_EDGE('',*,*,#5587,.F.);
#8480=ORIENTED_EDGE('',*,*,#5586,.F.);
#8481=ORIENTED_EDGE('',*,*,#5588,.F.);
#8482=ORIENTED_EDGE('',*,*,#5589,.F.);
#8483=ORIENTED_EDGE('',*,*,#5590,.T.);
#8484=ORIENTED_EDGE('',*,*,#5591,.F.);
#8485=ORIENTED_EDGE('',*,*,#5590,.F.);
#8486=ORIENTED_EDGE('',*,*,#5577,.T.);
#8487=ORIENTED_EDGE('',*,*,#5578,.T.);
#8488=ORIENTED_EDGE('',*,*,#5592,.T.);
#8489=ORIENTED_EDGE('',*,*,#5593,.T.);
#8490=ORIENTED_EDGE('',*,*,#5592,.F.);
#8491=ORIENTED_EDGE('',*,*,#5588,.T.);
#8492=ORIENTED_EDGE('',*,*,#5589,.T.);
#8493=ORIENTED_EDGE('',*,*,#5594,.T.);
#8494=ORIENTED_EDGE('',*,*,#5595,.T.);
#8495=ORIENTED_EDGE('',*,*,#5594,.F.);
#8496=ORIENTED_EDGE('',*,*,#5581,.T.);
#8497=ORIENTED_EDGE('',*,*,#5582,.T.);
#8498=ORIENTED_EDGE('',*,*,#5596,.T.);
#8499=ORIENTED_EDGE('',*,*,#5585,.T.);
#8500=ORIENTED_EDGE('',*,*,#5596,.F.);
#8501=ORIENTED_EDGE('',*,*,#5587,.T.);
#8502=ORIENTED_EDGE('',*,*,#5595,.F.);
#8503=ORIENTED_EDGE('',*,*,#5591,.T.);
#8504=ORIENTED_EDGE('',*,*,#5584,.T.);
#8505=ORIENTED_EDGE('',*,*,#5593,.F.);
#8506=ORIENTED_EDGE('',*,*,#5580,.T.);
#8507=CYLINDRICAL_SURFACE('',#9599,1.);
#8508=CYLINDRICAL_SURFACE('',#9602,1.);
#8509=CYLINDRICAL_SURFACE('',#9605,1.);
#8510=CYLINDRICAL_SURFACE('',#9608,1.);
#8511=CYLINDRICAL_SURFACE('',#9611,1.);
#8512=CYLINDRICAL_SURFACE('',#9614,3.);
#8513=CYLINDRICAL_SURFACE('',#9653,3.);
#8514=CYLINDRICAL_SURFACE('',#9655,3.);
#8515=CYLINDRICAL_SURFACE('',#9657,3.);
#8516=CYLINDRICAL_SURFACE('',#9659,3.);
#8517=CYLINDRICAL_SURFACE('',#9661,3.);
#8518=CYLINDRICAL_SURFACE('',#9663,3.);
#8519=CYLINDRICAL_SURFACE('',#9665,3.);
#8520=CYLINDRICAL_SURFACE('',#9667,3.);
#8521=CYLINDRICAL_SURFACE('',#9697,3.);
#8522=CYLINDRICAL_SURFACE('',#9698,1.);
#8523=CYLINDRICAL_SURFACE('',#9699,1.874);
#8524=CYLINDRICAL_SURFACE('',#9700,1.);
#8525=CYLINDRICAL_SURFACE('',#9701,1.874);
#8526=CYLINDRICAL_SURFACE('',#9702,1.);
#8527=CYLINDRICAL_SURFACE('',#9703,1.874);
#8528=CYLINDRICAL_SURFACE('',#9704,1.);
#8529=CYLINDRICAL_SURFACE('',#9705,1.874);
#8530=CYLINDRICAL_SURFACE('',#9706,1.);
#8531=CYLINDRICAL_SURFACE('',#9707,0.999999999999999);
#8532=CYLINDRICAL_SURFACE('',#9708,1.874);
#8533=CYLINDRICAL_SURFACE('',#9709,1.);
#8534=CYLINDRICAL_SURFACE('',#9710,1.);
#8535=CYLINDRICAL_SURFACE('',#9711,1.874);
#8536=CYLINDRICAL_SURFACE('',#9712,1.);
#8537=CYLINDRICAL_SURFACE('',#9713,1.);
#8538=CYLINDRICAL_SURFACE('',#9714,1.874);
#8539=CYLINDRICAL_SURFACE('',#9715,0.999999999999999);
#8540=CYLINDRICAL_SURFACE('',#9716,1.);
#8541=CYLINDRICAL_SURFACE('',#9717,1.874);
#8542=CYLINDRICAL_SURFACE('',#9718,1.);
#8543=CYLINDRICAL_SURFACE('',#9719,1.);
#8544=CYLINDRICAL_SURFACE('',#9720,1.874);
#8545=CYLINDRICAL_SURFACE('',#9721,1.);
#8546=CYLINDRICAL_SURFACE('',#9722,1.);
#8547=CYLINDRICAL_SURFACE('',#9723,1.874);
#8548=CYLINDRICAL_SURFACE('',#9729,3.);
#8549=CYLINDRICAL_SURFACE('',#9734,2.675);
#8550=CYLINDRICAL_SURFACE('',#9738,2.55);
#8551=CYLINDRICAL_SURFACE('',#9750,1.5);
#8552=CYLINDRICAL_SURFACE('',#9755,1.95);
#8553=CYLINDRICAL_SURFACE('',#9757,1.825);
#8554=CYLINDRICAL_SURFACE('',#9769,1.5);
#8555=CYLINDRICAL_SURFACE('',#9772,4.5);
#8556=CYLINDRICAL_SURFACE('',#9775,4.5);
#8557=CYLINDRICAL_SURFACE('',#9778,4.5);
#8558=CYLINDRICAL_SURFACE('',#9781,4.5);
#8559=CYLINDRICAL_SURFACE('',#9961,11.75);
#8560=CYLINDRICAL_SURFACE('',#9963,11.75);
#8561=CYLINDRICAL_SURFACE('',#9965,11.75);
#8562=CYLINDRICAL_SURFACE('',#9967,11.75);
#8563=CYLINDRICAL_SURFACE('',#9969,11.75);
#8564=CYLINDRICAL_SURFACE('',#9971,11.75);
#8565=CYLINDRICAL_SURFACE('',#9973,11.75);
#8566=CYLINDRICAL_SURFACE('',#9975,11.75);
#8567=CYLINDRICAL_SURFACE('',#9977,11.75);
#8568=CYLINDRICAL_SURFACE('',#9979,11.75);
#8569=CYLINDRICAL_SURFACE('',#9981,11.75);
#8570=CYLINDRICAL_SURFACE('',#9983,11.75);
#8571=CYLINDRICAL_SURFACE('',#9985,11.75);
#8572=CYLINDRICAL_SURFACE('',#9987,11.75);
#8573=CYLINDRICAL_SURFACE('',#9989,11.75);
#8574=CYLINDRICAL_SURFACE('',#9991,11.75);
#8575=CYLINDRICAL_SURFACE('',#9993,11.75);
#8576=CYLINDRICAL_SURFACE('',#9995,11.75);
#8577=CYLINDRICAL_SURFACE('',#9997,11.75);
#8578=CYLINDRICAL_SURFACE('',#9999,11.75);
#8579=CYLINDRICAL_SURFACE('',#10001,11.75);
#8580=CYLINDRICAL_SURFACE('',#10003,11.75);
#8581=CYLINDRICAL_SURFACE('',#10005,11.75);
#8582=CYLINDRICAL_SURFACE('',#10007,11.75);
#8583=CYLINDRICAL_SURFACE('',#10009,11.75);
#8584=CYLINDRICAL_SURFACE('',#10011,11.75);
#8585=CYLINDRICAL_SURFACE('',#10013,11.75);
#8586=CYLINDRICAL_SURFACE('',#10015,11.75);
#8587=CYLINDRICAL_SURFACE('',#10017,11.75);
#8588=CYLINDRICAL_SURFACE('',#10019,11.75);
#8589=CYLINDRICAL_SURFACE('',#10021,11.75);
#8590=CYLINDRICAL_SURFACE('',#10023,11.75);
#8591=CYLINDRICAL_SURFACE('',#10025,11.75);
#8592=CYLINDRICAL_SURFACE('',#10027,11.75);
#8593=CYLINDRICAL_SURFACE('',#10029,11.75);
#8594=CYLINDRICAL_SURFACE('',#10031,11.75);
#8595=CYLINDRICAL_SURFACE('',#10033,11.75);
#8596=CYLINDRICAL_SURFACE('',#10035,11.75);
#8597=CYLINDRICAL_SURFACE('',#10037,11.75);
#8598=CYLINDRICAL_SURFACE('',#10039,11.75);
#8599=CYLINDRICAL_SURFACE('',#10041,11.75);
#8600=CYLINDRICAL_SURFACE('',#10043,11.75);
#8601=CYLINDRICAL_SURFACE('',#10045,11.75);
#8602=CYLINDRICAL_SURFACE('',#10047,11.75);
#8603=CYLINDRICAL_SURFACE('',#10182,11.75);
#8604=CYLINDRICAL_SURFACE('',#10183,4.5);
#8605=CYLINDRICAL_SURFACE('',#10184,4.5);
#8606=CYLINDRICAL_SURFACE('',#10185,10.624);
#8607=CYLINDRICAL_SURFACE('',#10186,4.5);
#8608=CYLINDRICAL_SURFACE('',#10187,4.5);
#8609=CYLINDRICAL_SURFACE('',#10188,10.624);
#8610=CYLINDRICAL_SURFACE('',#10189,4.5);
#8611=CYLINDRICAL_SURFACE('',#10190,4.5);
#8612=CYLINDRICAL_SURFACE('',#10191,10.624);
#8613=CYLINDRICAL_SURFACE('',#10192,4.5);
#8614=CYLINDRICAL_SURFACE('',#10193,4.5);
#8615=CYLINDRICAL_SURFACE('',#10194,10.624);
#8616=CYLINDRICAL_SURFACE('',#10195,4.5);
#8617=CYLINDRICAL_SURFACE('',#10196,4.5);
#8618=CYLINDRICAL_SURFACE('',#10197,10.624);
#8619=CYLINDRICAL_SURFACE('',#10198,4.5);
#8620=CYLINDRICAL_SURFACE('',#10199,4.5);
#8621=CYLINDRICAL_SURFACE('',#10200,10.624);
#8622=CYLINDRICAL_SURFACE('',#10201,4.5);
#8623=CYLINDRICAL_SURFACE('',#10202,4.5);
#8624=CYLINDRICAL_SURFACE('',#10203,10.624);
#8625=CYLINDRICAL_SURFACE('',#10204,4.5);
#8626=CYLINDRICAL_SURFACE('',#10205,4.5);
#8627=CYLINDRICAL_SURFACE('',#10206,10.624);
#8628=CYLINDRICAL_SURFACE('',#10207,4.5);
#8629=CYLINDRICAL_SURFACE('',#10208,4.5);
#8630=CYLINDRICAL_SURFACE('',#10209,10.624);
#8631=CYLINDRICAL_SURFACE('',#10210,4.5);
#8632=CYLINDRICAL_SURFACE('',#10211,4.5);
#8633=CYLINDRICAL_SURFACE('',#10212,10.624);
#8634=CYLINDRICAL_SURFACE('',#10213,4.5);
#8635=CYLINDRICAL_SURFACE('',#10214,4.5);
#8636=CYLINDRICAL_SURFACE('',#10215,10.624);
#8637=CYLINDRICAL_SURFACE('',#10216,4.5);
#8638=CYLINDRICAL_SURFACE('',#10217,4.5);
#8639=CYLINDRICAL_SURFACE('',#10218,10.624);
#8640=CYLINDRICAL_SURFACE('',#10219,4.5);
#8641=CYLINDRICAL_SURFACE('',#10220,4.5);
#8642=CYLINDRICAL_SURFACE('',#10221,10.624);
#8643=CYLINDRICAL_SURFACE('',#10222,4.5);
#8644=CYLINDRICAL_SURFACE('',#10223,4.5);
#8645=CYLINDRICAL_SURFACE('',#10224,10.624);
#8646=CYLINDRICAL_SURFACE('',#10225,4.5);
#8647=CYLINDRICAL_SURFACE('',#10226,4.5);
#8648=CYLINDRICAL_SURFACE('',#10227,10.624);
#8649=CYLINDRICAL_SURFACE('',#10228,4.5);
#8650=CYLINDRICAL_SURFACE('',#10229,4.5);
#8651=CYLINDRICAL_SURFACE('',#10230,10.624);
#8652=CYLINDRICAL_SURFACE('',#10231,4.5);
#8653=CYLINDRICAL_SURFACE('',#10232,4.5);
#8654=CYLINDRICAL_SURFACE('',#10233,10.624);
#8655=CYLINDRICAL_SURFACE('',#10234,4.5);
#8656=CYLINDRICAL_SURFACE('',#10235,4.5);
#8657=CYLINDRICAL_SURFACE('',#10236,10.624);
#8658=CYLINDRICAL_SURFACE('',#10237,4.5);
#8659=CYLINDRICAL_SURFACE('',#10238,4.5);
#8660=CYLINDRICAL_SURFACE('',#10239,10.624);
#8661=CYLINDRICAL_SURFACE('',#10240,4.5);
#8662=CYLINDRICAL_SURFACE('',#10241,4.5);
#8663=CYLINDRICAL_SURFACE('',#10242,10.624);
#8664=CYLINDRICAL_SURFACE('',#10243,4.5);
#8665=CYLINDRICAL_SURFACE('',#10244,4.5);
#8666=CYLINDRICAL_SURFACE('',#10245,10.624);
#8667=CYLINDRICAL_SURFACE('',#10246,4.5);
#8668=CYLINDRICAL_SURFACE('',#10247,4.5);
#8669=CYLINDRICAL_SURFACE('',#10248,10.624);
#8670=CYLINDRICAL_SURFACE('',#10249,4.5);
#8671=CYLINDRICAL_SURFACE('',#10250,4.5);
#8672=CYLINDRICAL_SURFACE('',#10251,10.624);
#8673=CYLINDRICAL_SURFACE('',#10252,4.5);
#8674=CYLINDRICAL_SURFACE('',#10253,4.5);
#8675=CYLINDRICAL_SURFACE('',#10254,10.624);
#8676=CYLINDRICAL_SURFACE('',#10255,4.5);
#8677=CYLINDRICAL_SURFACE('',#10256,4.5);
#8678=CYLINDRICAL_SURFACE('',#10257,10.624);
#8679=CYLINDRICAL_SURFACE('',#10258,4.5);
#8680=CYLINDRICAL_SURFACE('',#10259,4.5);
#8681=CYLINDRICAL_SURFACE('',#10260,10.624);
#8682=CYLINDRICAL_SURFACE('',#10261,4.5);
#8683=CYLINDRICAL_SURFACE('',#10262,4.5);
#8684=CYLINDRICAL_SURFACE('',#10263,10.624);
#8685=CYLINDRICAL_SURFACE('',#10264,4.5);
#8686=CYLINDRICAL_SURFACE('',#10265,4.5);
#8687=CYLINDRICAL_SURFACE('',#10266,10.624);
#8688=CYLINDRICAL_SURFACE('',#10267,4.5);
#8689=CYLINDRICAL_SURFACE('',#10268,4.5);
#8690=CYLINDRICAL_SURFACE('',#10269,10.624);
#8691=CYLINDRICAL_SURFACE('',#10270,4.5);
#8692=CYLINDRICAL_SURFACE('',#10271,4.5);
#8693=CYLINDRICAL_SURFACE('',#10272,10.624);
#8694=CYLINDRICAL_SURFACE('',#10273,4.5);
#8695=CYLINDRICAL_SURFACE('',#10274,10.624);
#8696=CYLINDRICAL_SURFACE('',#10275,4.5);
#8697=CYLINDRICAL_SURFACE('',#10276,4.5);
#8698=CYLINDRICAL_SURFACE('',#10277,10.624);
#8699=CYLINDRICAL_SURFACE('',#10278,4.5);
#8700=CYLINDRICAL_SURFACE('',#10279,10.624);
#8701=CYLINDRICAL_SURFACE('',#10280,4.5);
#8702=CYLINDRICAL_SURFACE('',#10281,4.5);
#8703=CYLINDRICAL_SURFACE('',#10282,10.624);
#8704=CYLINDRICAL_SURFACE('',#10283,4.5);
#8705=CYLINDRICAL_SURFACE('',#10284,4.5);
#8706=CYLINDRICAL_SURFACE('',#10285,10.624);
#8707=CYLINDRICAL_SURFACE('',#10286,4.5);
#8708=CYLINDRICAL_SURFACE('',#10287,10.624);
#8709=CYLINDRICAL_SURFACE('',#10288,4.5);
#8710=CYLINDRICAL_SURFACE('',#10289,10.624);
#8711=CYLINDRICAL_SURFACE('',#10290,4.5);
#8712=CYLINDRICAL_SURFACE('',#10291,4.5);
#8713=CYLINDRICAL_SURFACE('',#10292,10.624);
#8714=CYLINDRICAL_SURFACE('',#10293,4.5);
#8715=CYLINDRICAL_SURFACE('',#10294,4.5);
#8716=CYLINDRICAL_SURFACE('',#10295,10.624);
#8717=CYLINDRICAL_SURFACE('',#10296,4.5);
#8718=CYLINDRICAL_SURFACE('',#10297,4.5);
#8719=CYLINDRICAL_SURFACE('',#10298,10.624);
#8720=CYLINDRICAL_SURFACE('',#10299,4.5);
#8721=CYLINDRICAL_SURFACE('',#10300,4.5);
#8722=CYLINDRICAL_SURFACE('',#10301,10.624);
#8723=CYLINDRICAL_SURFACE('',#10302,4.5);
#8724=CYLINDRICAL_SURFACE('',#10303,4.5);
#8725=CYLINDRICAL_SURFACE('',#10304,10.624);
#8726=CYLINDRICAL_SURFACE('',#10305,4.5);
#8727=CYLINDRICAL_SURFACE('',#10306,4.5);
#8728=CYLINDRICAL_SURFACE('',#10307,10.624);
#8729=CYLINDRICAL_SURFACE('',#10308,4.5);
#8730=CYLINDRICAL_SURFACE('',#10309,4.5);
#8731=CYLINDRICAL_SURFACE('',#10310,10.624);
#8732=CYLINDRICAL_SURFACE('',#10311,4.5);
#8733=CYLINDRICAL_SURFACE('',#10312,4.5);
#8734=CYLINDRICAL_SURFACE('',#10313,10.624);
#8735=CYLINDRICAL_SURFACE('',#10315,1.5);
#8736=CYLINDRICAL_SURFACE('',#10318,3.374);
#8737=CYLINDRICAL_SURFACE('',#10321,1.6);
#8738=CYLINDRICAL_SURFACE('',#10324,1.6);
#8739=CYLINDRICAL_SURFACE('',#10327,1.6);
#8740=CYLINDRICAL_SURFACE('',#10330,1.6);
#8741=CYLINDRICAL_SURFACE('',#10393,4.5);
#8742=CYLINDRICAL_SURFACE('',#10395,4.5);
#8743=CYLINDRICAL_SURFACE('',#10397,4.5);
#8744=CYLINDRICAL_SURFACE('',#10399,4.5);
#8745=CYLINDRICAL_SURFACE('',#10401,4.5);
#8746=CYLINDRICAL_SURFACE('',#10403,4.5);
#8747=CYLINDRICAL_SURFACE('',#10405,4.5);
#8748=CYLINDRICAL_SURFACE('',#10407,4.5);
#8749=CYLINDRICAL_SURFACE('',#10409,4.5);
#8750=CYLINDRICAL_SURFACE('',#10411,4.5);
#8751=CYLINDRICAL_SURFACE('',#10413,4.5);
#8752=CYLINDRICAL_SURFACE('',#10415,4.5);
#8753=CYLINDRICAL_SURFACE('',#10417,4.5);
#8754=CYLINDRICAL_SURFACE('',#10419,4.5);
#8755=CYLINDRICAL_SURFACE('',#10421,4.5);
#8756=CYLINDRICAL_SURFACE('',#10468,4.5);
#8757=CYLINDRICAL_SURFACE('',#10469,1.6);
#8758=CYLINDRICAL_SURFACE('',#10470,1.6);
#8759=CYLINDRICAL_SURFACE('',#10471,3.374);
#8760=CYLINDRICAL_SURFACE('',#10472,1.6);
#8761=CYLINDRICAL_SURFACE('',#10473,3.374);
#8762=CYLINDRICAL_SURFACE('',#10474,1.6);
#8763=CYLINDRICAL_SURFACE('',#10475,1.6);
#8764=CYLINDRICAL_SURFACE('',#10476,3.374);
#8765=CYLINDRICAL_SURFACE('',#10477,1.6);
#8766=CYLINDRICAL_SURFACE('',#10478,1.6);
#8767=CYLINDRICAL_SURFACE('',#10479,3.374);
#8768=CYLINDRICAL_SURFACE('',#10480,1.6);
#8769=CYLINDRICAL_SURFACE('',#10481,1.6);
#8770=CYLINDRICAL_SURFACE('',#10482,3.374);
#8771=CYLINDRICAL_SURFACE('',#10483,1.6);
#8772=CYLINDRICAL_SURFACE('',#10484,1.6);
#8773=CYLINDRICAL_SURFACE('',#10485,3.374);
#8774=CYLINDRICAL_SURFACE('',#10486,1.6);
#8775=CYLINDRICAL_SURFACE('',#10487,1.6);
#8776=CYLINDRICAL_SURFACE('',#10488,3.374);
#8777=CYLINDRICAL_SURFACE('',#10489,1.6);
#8778=CYLINDRICAL_SURFACE('',#10490,1.6);
#8779=CYLINDRICAL_SURFACE('',#10491,3.374);
#8780=CYLINDRICAL_SURFACE('',#10492,1.6);
#8781=CYLINDRICAL_SURFACE('',#10493,1.6);
#8782=CYLINDRICAL_SURFACE('',#10494,3.374);
#8783=CYLINDRICAL_SURFACE('',#10495,1.6);
#8784=CYLINDRICAL_SURFACE('',#10496,3.374);
#8785=CYLINDRICAL_SURFACE('',#10497,1.6);
#8786=CYLINDRICAL_SURFACE('',#10498,1.6);
#8787=CYLINDRICAL_SURFACE('',#10499,3.374);
#8788=CYLINDRICAL_SURFACE('',#10500,1.6);
#8789=CYLINDRICAL_SURFACE('',#10501,3.374);
#8790=CYLINDRICAL_SURFACE('',#10502,1.6);
#8791=CYLINDRICAL_SURFACE('',#10503,1.6);
#8792=CYLINDRICAL_SURFACE('',#10504,3.374);
#8793=CYLINDRICAL_SURFACE('',#10505,1.6);
#8794=CYLINDRICAL_SURFACE('',#10506,3.374);
#8795=CYLINDRICAL_SURFACE('',#10507,1.6);
#8796=CYLINDRICAL_SURFACE('',#10508,1.6);
#8797=CYLINDRICAL_SURFACE('',#10509,3.374);
#8798=CYLINDRICAL_SURFACE('',#10510,1.6);
#8799=CYLINDRICAL_SURFACE('',#10511,1.6);
#8800=CYLINDRICAL_SURFACE('',#10520,1.5);
#8801=CYLINDRICAL_SURFACE('',#10551,6.7);
#8802=CYLINDRICAL_SURFACE('',#10557,7.);
#8803=CYLINDRICAL_SURFACE('',#10559,5.);
#8804=CYLINDRICAL_SURFACE('',#10560,10.);
#8805=CYLINDRICAL_SURFACE('',#10561,10.);
#8806=CYLINDRICAL_SURFACE('',#10571,4.075);
#8807=CYLINDRICAL_SURFACE('',#10574,5.075);
#8808=CYLINDRICAL_SURFACE('',#10579,7.);
#8809=CYLINDRICAL_SURFACE('',#10582,4.1);
#8810=CYLINDRICAL_SURFACE('',#10585,4.1);
#8811=CYLINDRICAL_SURFACE('',#10588,4.1);
#8812=CYLINDRICAL_SURFACE('',#10753,10.75);
#8813=CYLINDRICAL_SURFACE('',#10755,10.75);
#8814=CYLINDRICAL_SURFACE('',#10757,10.75);
#8815=CYLINDRICAL_SURFACE('',#10759,10.75);
#8816=CYLINDRICAL_SURFACE('',#10761,10.75);
#8817=CYLINDRICAL_SURFACE('',#10763,10.75);
#8818=CYLINDRICAL_SURFACE('',#10765,10.75);
#8819=CYLINDRICAL_SURFACE('',#10767,10.75);
#8820=CYLINDRICAL_SURFACE('',#10769,10.75);
#8821=CYLINDRICAL_SURFACE('',#10771,10.75);
#8822=CYLINDRICAL_SURFACE('',#10773,10.75);
#8823=CYLINDRICAL_SURFACE('',#10775,10.75);
#8824=CYLINDRICAL_SURFACE('',#10777,10.75);
#8825=CYLINDRICAL_SURFACE('',#10779,10.75);
#8826=CYLINDRICAL_SURFACE('',#10781,10.75);
#8827=CYLINDRICAL_SURFACE('',#10783,10.75);
#8828=CYLINDRICAL_SURFACE('',#10785,10.75);
#8829=CYLINDRICAL_SURFACE('',#10787,10.75);
#8830=CYLINDRICAL_SURFACE('',#10789,10.75);
#8831=CYLINDRICAL_SURFACE('',#10791,10.75);
#8832=CYLINDRICAL_SURFACE('',#10793,10.75);
#8833=CYLINDRICAL_SURFACE('',#10795,10.75);
#8834=CYLINDRICAL_SURFACE('',#10797,10.75);
#8835=CYLINDRICAL_SURFACE('',#10799,10.75);
#8836=CYLINDRICAL_SURFACE('',#10801,10.75);
#8837=CYLINDRICAL_SURFACE('',#10803,10.75);
#8838=CYLINDRICAL_SURFACE('',#10805,10.75);
#8839=CYLINDRICAL_SURFACE('',#10807,10.75);
#8840=CYLINDRICAL_SURFACE('',#10809,10.75);
#8841=CYLINDRICAL_SURFACE('',#10811,10.75);
#8842=CYLINDRICAL_SURFACE('',#10813,10.75);
#8843=CYLINDRICAL_SURFACE('',#10815,10.75);
#8844=CYLINDRICAL_SURFACE('',#10817,10.75);
#8845=CYLINDRICAL_SURFACE('',#10819,10.75);
#8846=CYLINDRICAL_SURFACE('',#10821,10.75);
#8847=CYLINDRICAL_SURFACE('',#10823,10.75);
#8848=CYLINDRICAL_SURFACE('',#10825,10.75);
#8849=CYLINDRICAL_SURFACE('',#10827,10.75);
#8850=CYLINDRICAL_SURFACE('',#10829,10.75);
#8851=CYLINDRICAL_SURFACE('',#10831,10.75);
#8852=CYLINDRICAL_SURFACE('',#10955,10.75);
#8853=CYLINDRICAL_SURFACE('',#10956,4.1);
#8854=CYLINDRICAL_SURFACE('',#10957,4.1);
#8855=CYLINDRICAL_SURFACE('',#10958,9.624);
#8856=CYLINDRICAL_SURFACE('',#10959,4.1);
#8857=CYLINDRICAL_SURFACE('',#10960,4.1);
#8858=CYLINDRICAL_SURFACE('',#10961,9.624);
#8859=CYLINDRICAL_SURFACE('',#10962,4.1);
#8860=CYLINDRICAL_SURFACE('',#10963,4.1);
#8861=CYLINDRICAL_SURFACE('',#10964,9.624);
#8862=CYLINDRICAL_SURFACE('',#10965,4.1);
#8863=CYLINDRICAL_SURFACE('',#10966,4.1);
#8864=CYLINDRICAL_SURFACE('',#10967,9.624);
#8865=CYLINDRICAL_SURFACE('',#10968,4.1);
#8866=CYLINDRICAL_SURFACE('',#10969,4.1);
#8867=CYLINDRICAL_SURFACE('',#10970,9.624);
#8868=CYLINDRICAL_SURFACE('',#10971,4.1);
#8869=CYLINDRICAL_SURFACE('',#10972,4.1);
#8870=CYLINDRICAL_SURFACE('',#10973,9.624);
#8871=CYLINDRICAL_SURFACE('',#10974,4.1);
#8872=CYLINDRICAL_SURFACE('',#10975,4.1);
#8873=CYLINDRICAL_SURFACE('',#10976,9.624);
#8874=CYLINDRICAL_SURFACE('',#10977,4.1);
#8875=CYLINDRICAL_SURFACE('',#10978,4.1);
#8876=CYLINDRICAL_SURFACE('',#10979,9.624);
#8877=CYLINDRICAL_SURFACE('',#10980,4.1);
#8878=CYLINDRICAL_SURFACE('',#10981,4.1);
#8879=CYLINDRICAL_SURFACE('',#10982,9.624);
#8880=CYLINDRICAL_SURFACE('',#10983,4.1);
#8881=CYLINDRICAL_SURFACE('',#10984,4.1);
#8882=CYLINDRICAL_SURFACE('',#10985,9.624);
#8883=CYLINDRICAL_SURFACE('',#10986,4.1);
#8884=CYLINDRICAL_SURFACE('',#10987,4.1);
#8885=CYLINDRICAL_SURFACE('',#10988,9.624);
#8886=CYLINDRICAL_SURFACE('',#10989,4.1);
#8887=CYLINDRICAL_SURFACE('',#10990,4.1);
#8888=CYLINDRICAL_SURFACE('',#10991,9.624);
#8889=CYLINDRICAL_SURFACE('',#10992,4.1);
#8890=CYLINDRICAL_SURFACE('',#10993,4.1);
#8891=CYLINDRICAL_SURFACE('',#10994,9.624);
#8892=CYLINDRICAL_SURFACE('',#10995,4.1);
#8893=CYLINDRICAL_SURFACE('',#10996,4.1);
#8894=CYLINDRICAL_SURFACE('',#10997,9.624);
#8895=CYLINDRICAL_SURFACE('',#10998,4.1);
#8896=CYLINDRICAL_SURFACE('',#10999,4.1);
#8897=CYLINDRICAL_SURFACE('',#11000,9.624);
#8898=CYLINDRICAL_SURFACE('',#11001,4.1);
#8899=CYLINDRICAL_SURFACE('',#11002,4.1);
#8900=CYLINDRICAL_SURFACE('',#11003,9.624);
#8901=CYLINDRICAL_SURFACE('',#11004,4.1);
#8902=CYLINDRICAL_SURFACE('',#11005,4.1);
#8903=CYLINDRICAL_SURFACE('',#11006,9.624);
#8904=CYLINDRICAL_SURFACE('',#11007,4.1);
#8905=CYLINDRICAL_SURFACE('',#11008,4.1);
#8906=CYLINDRICAL_SURFACE('',#11009,9.624);
#8907=CYLINDRICAL_SURFACE('',#11010,4.1);
#8908=CYLINDRICAL_SURFACE('',#11011,4.1);
#8909=CYLINDRICAL_SURFACE('',#11012,9.624);
#8910=CYLINDRICAL_SURFACE('',#11013,4.1);
#8911=CYLINDRICAL_SURFACE('',#11014,4.1);
#8912=CYLINDRICAL_SURFACE('',#11015,9.624);
#8913=CYLINDRICAL_SURFACE('',#11016,4.1);
#8914=CYLINDRICAL_SURFACE('',#11017,4.1);
#8915=CYLINDRICAL_SURFACE('',#11018,9.624);
#8916=CYLINDRICAL_SURFACE('',#11019,4.1);
#8917=CYLINDRICAL_SURFACE('',#11020,4.1);
#8918=CYLINDRICAL_SURFACE('',#11021,9.624);
#8919=CYLINDRICAL_SURFACE('',#11022,4.1);
#8920=CYLINDRICAL_SURFACE('',#11023,4.1);
#8921=CYLINDRICAL_SURFACE('',#11024,9.624);
#8922=CYLINDRICAL_SURFACE('',#11025,4.1);
#8923=CYLINDRICAL_SURFACE('',#11026,4.1);
#8924=CYLINDRICAL_SURFACE('',#11027,9.624);
#8925=CYLINDRICAL_SURFACE('',#11028,4.1);
#8926=CYLINDRICAL_SURFACE('',#11029,4.1);
#8927=CYLINDRICAL_SURFACE('',#11030,9.624);
#8928=CYLINDRICAL_SURFACE('',#11031,4.1);
#8929=CYLINDRICAL_SURFACE('',#11032,4.1);
#8930=CYLINDRICAL_SURFACE('',#11033,9.624);
#8931=CYLINDRICAL_SURFACE('',#11034,4.1);
#8932=CYLINDRICAL_SURFACE('',#11035,4.1);
#8933=CYLINDRICAL_SURFACE('',#11036,9.624);
#8934=CYLINDRICAL_SURFACE('',#11037,4.1);
#8935=CYLINDRICAL_SURFACE('',#11038,4.1);
#8936=CYLINDRICAL_SURFACE('',#11039,9.624);
#8937=CYLINDRICAL_SURFACE('',#11040,4.1);
#8938=CYLINDRICAL_SURFACE('',#11041,4.1);
#8939=CYLINDRICAL_SURFACE('',#11042,9.624);
#8940=CYLINDRICAL_SURFACE('',#11043,4.1);
#8941=CYLINDRICAL_SURFACE('',#11044,9.624);
#8942=CYLINDRICAL_SURFACE('',#11045,4.1);
#8943=CYLINDRICAL_SURFACE('',#11046,4.1);
#8944=CYLINDRICAL_SURFACE('',#11047,9.624);
#8945=CYLINDRICAL_SURFACE('',#11048,4.1);
#8946=CYLINDRICAL_SURFACE('',#11049,4.1);
#8947=CYLINDRICAL_SURFACE('',#11050,9.624);
#8948=CYLINDRICAL_SURFACE('',#11051,4.1);
#8949=CYLINDRICAL_SURFACE('',#11052,4.1);
#8950=CYLINDRICAL_SURFACE('',#11053,9.624);
#8951=CYLINDRICAL_SURFACE('',#11054,4.1);
#8952=CYLINDRICAL_SURFACE('',#11055,4.1);
#8953=CYLINDRICAL_SURFACE('',#11056,9.624);
#8954=CYLINDRICAL_SURFACE('',#11057,4.1);
#8955=CYLINDRICAL_SURFACE('',#11058,9.624);
#8956=CYLINDRICAL_SURFACE('',#11059,4.1);
#8957=CYLINDRICAL_SURFACE('',#11060,9.624);
#8958=CYLINDRICAL_SURFACE('',#11061,4.1);
#8959=CYLINDRICAL_SURFACE('',#11062,4.1);
#8960=CYLINDRICAL_SURFACE('',#11063,9.624);
#8961=CYLINDRICAL_SURFACE('',#11064,4.1);
#8962=CYLINDRICAL_SURFACE('',#11065,4.1);
#8963=CYLINDRICAL_SURFACE('',#11066,9.624);
#8964=CYLINDRICAL_SURFACE('',#11067,4.1);
#8965=CYLINDRICAL_SURFACE('',#11068,4.1);
#8966=CYLINDRICAL_SURFACE('',#11069,9.624);
#8967=CYLINDRICAL_SURFACE('',#11070,4.1);
#8968=CYLINDRICAL_SURFACE('',#11071,4.1);
#8969=CYLINDRICAL_SURFACE('',#11072,9.624);
#8970=CYLINDRICAL_SURFACE('',#11073,4.1);
#8971=CYLINDRICAL_SURFACE('',#11074,4.1);
#8972=CYLINDRICAL_SURFACE('',#11075,9.624);
#8973=CYLINDRICAL_SURFACE('',#11098,2.5);
#8974=CYLINDRICAL_SURFACE('',#11100,2.5);
#8975=CYLINDRICAL_SURFACE('',#11102,4.);
#8976=ADVANCED_FACE('',(#195),#8507,.F.);
#8977=ADVANCED_FACE('',(#196),#8508,.T.);
#8978=ADVANCED_FACE('',(#197),#8509,.T.);
#8979=ADVANCED_FACE('',(#198),#8510,.T.);
#8980=ADVANCED_FACE('',(#199),#8511,.T.);
#8981=ADVANCED_FACE('',(#200),#8512,.T.);
#8982=ADVANCED_FACE('',(#201,#151),#171,.F.);
#8983=ADVANCED_FACE('',(#202),#8513,.T.);
#8984=ADVANCED_FACE('',(#203),#8514,.T.);
#8985=ADVANCED_FACE('',(#204),#8515,.T.);
#8986=ADVANCED_FACE('',(#205),#8516,.T.);
#8987=ADVANCED_FACE('',(#206),#8517,.T.);
#8988=ADVANCED_FACE('',(#207),#8518,.T.);
#8989=ADVANCED_FACE('',(#208),#8519,.T.);
#8990=ADVANCED_FACE('',(#209),#8520,.T.);
#8991=ADVANCED_FACE('',(#210,#152),#172,.F.);
#8992=ADVANCED_FACE('',(#211),#8521,.T.);
#8993=ADVANCED_FACE('',(#212),#8522,.T.);
#8994=ADVANCED_FACE('',(#213),#8523,.T.);
#8995=ADVANCED_FACE('',(#214),#8524,.T.);
#8996=ADVANCED_FACE('',(#215),#8525,.T.);
#8997=ADVANCED_FACE('',(#216),#8526,.T.);
#8998=ADVANCED_FACE('',(#217),#8527,.T.);
#8999=ADVANCED_FACE('',(#218),#8528,.T.);
#9000=ADVANCED_FACE('',(#219),#8529,.T.);
#9001=ADVANCED_FACE('',(#220),#8530,.T.);
#9002=ADVANCED_FACE('',(#221),#8531,.T.);
#9003=ADVANCED_FACE('',(#222),#8532,.T.);
#9004=ADVANCED_FACE('',(#223),#8533,.T.);
#9005=ADVANCED_FACE('',(#224),#8534,.T.);
#9006=ADVANCED_FACE('',(#225),#8535,.T.);
#9007=ADVANCED_FACE('',(#226),#8536,.T.);
#9008=ADVANCED_FACE('',(#227),#8537,.T.);
#9009=ADVANCED_FACE('',(#228),#8538,.T.);
#9010=ADVANCED_FACE('',(#229),#8539,.T.);
#9011=ADVANCED_FACE('',(#230),#8540,.T.);
#9012=ADVANCED_FACE('',(#231),#8541,.T.);
#9013=ADVANCED_FACE('',(#232),#8542,.T.);
#9014=ADVANCED_FACE('',(#233),#8543,.T.);
#9015=ADVANCED_FACE('',(#234),#8544,.T.);
#9016=ADVANCED_FACE('',(#235),#8545,.T.);
#9017=ADVANCED_FACE('',(#236),#8546,.T.);
#9018=ADVANCED_FACE('',(#237),#8547,.T.);
#9019=ADVANCED_FACE('',(#238),#107,.T.);
#9020=ADVANCED_FACE('',(#239),#8548,.T.);
#9021=ADVANCED_FACE('',(#240),#108,.T.);
#9022=ADVANCED_FACE('',(#241),#8549,.F.);
#9023=ADVANCED_FACE('',(#242),#8550,.F.);
#9024=ADVANCED_FACE('',(#243),#109,.T.);
#9025=ADVANCED_FACE('',(#244),#110,.T.);
#9026=ADVANCED_FACE('',(#245),#8551,.F.);
#9027=ADVANCED_FACE('',(#246),#111,.T.);
#9028=ADVANCED_FACE('',(#247),#8552,.T.);
#9029=ADVANCED_FACE('',(#248),#8553,.T.);
#9030=ADVANCED_FACE('',(#249),#112,.T.);
#9031=ADVANCED_FACE('',(#250,#153),#173,.T.);
#9032=ADVANCED_FACE('',(#251,#154),#174,.T.);
#9033=ADVANCED_FACE('',(#252,#155),#175,.T.);
#9034=ADVANCED_FACE('',(#253,#156),#176,.T.);
#9035=ADVANCED_FACE('',(#254),#8554,.F.);
#9036=ADVANCED_FACE('',(#255),#8555,.T.);
#9037=ADVANCED_FACE('',(#256),#8556,.T.);
#9038=ADVANCED_FACE('',(#257),#8557,.T.);
#9039=ADVANCED_FACE('',(#258),#8558,.T.);
#9040=ADVANCED_FACE('',(#259,#157),#177,.F.);
#9041=ADVANCED_FACE('',(#260),#8559,.T.);
#9042=ADVANCED_FACE('',(#261),#8560,.T.);
#9043=ADVANCED_FACE('',(#262),#8561,.T.);
#9044=ADVANCED_FACE('',(#263),#8562,.T.);
#9045=ADVANCED_FACE('',(#264),#8563,.T.);
#9046=ADVANCED_FACE('',(#265),#8564,.T.);
#9047=ADVANCED_FACE('',(#266),#8565,.T.);
#9048=ADVANCED_FACE('',(#267),#8566,.T.);
#9049=ADVANCED_FACE('',(#268),#8567,.T.);
#9050=ADVANCED_FACE('',(#269),#8568,.T.);
#9051=ADVANCED_FACE('',(#270),#8569,.T.);
#9052=ADVANCED_FACE('',(#271),#8570,.T.);
#9053=ADVANCED_FACE('',(#272),#8571,.T.);
#9054=ADVANCED_FACE('',(#273),#8572,.T.);
#9055=ADVANCED_FACE('',(#274),#8573,.T.);
#9056=ADVANCED_FACE('',(#275),#8574,.T.);
#9057=ADVANCED_FACE('',(#276),#8575,.T.);
#9058=ADVANCED_FACE('',(#277),#8576,.T.);
#9059=ADVANCED_FACE('',(#278),#8577,.T.);
#9060=ADVANCED_FACE('',(#279),#8578,.T.);
#9061=ADVANCED_FACE('',(#280),#8579,.T.);
#9062=ADVANCED_FACE('',(#281),#8580,.T.);
#9063=ADVANCED_FACE('',(#282),#8581,.T.);
#9064=ADVANCED_FACE('',(#283),#8582,.T.);
#9065=ADVANCED_FACE('',(#284),#8583,.T.);
#9066=ADVANCED_FACE('',(#285),#8584,.T.);
#9067=ADVANCED_FACE('',(#286),#8585,.T.);
#9068=ADVANCED_FACE('',(#287),#8586,.T.);
#9069=ADVANCED_FACE('',(#288),#8587,.T.);
#9070=ADVANCED_FACE('',(#289),#8588,.T.);
#9071=ADVANCED_FACE('',(#290),#8589,.T.);
#9072=ADVANCED_FACE('',(#291),#8590,.T.);
#9073=ADVANCED_FACE('',(#292),#8591,.T.);
#9074=ADVANCED_FACE('',(#293),#8592,.T.);
#9075=ADVANCED_FACE('',(#294),#8593,.T.);
#9076=ADVANCED_FACE('',(#295),#8594,.T.);
#9077=ADVANCED_FACE('',(#296),#8595,.T.);
#9078=ADVANCED_FACE('',(#297),#8596,.T.);
#9079=ADVANCED_FACE('',(#298),#8597,.T.);
#9080=ADVANCED_FACE('',(#299),#8598,.T.);
#9081=ADVANCED_FACE('',(#300),#8599,.T.);
#9082=ADVANCED_FACE('',(#301),#8600,.T.);
#9083=ADVANCED_FACE('',(#302),#8601,.T.);
#9084=ADVANCED_FACE('',(#303),#8602,.T.);
#9085=ADVANCED_FACE('',(#304,#158),#178,.F.);
#9086=ADVANCED_FACE('',(#305),#8603,.T.);
#9087=ADVANCED_FACE('',(#306),#8604,.T.);
#9088=ADVANCED_FACE('',(#307),#8605,.T.);
#9089=ADVANCED_FACE('',(#308),#8606,.T.);
#9090=ADVANCED_FACE('',(#309),#8607,.T.);
#9091=ADVANCED_FACE('',(#310),#8608,.T.);
#9092=ADVANCED_FACE('',(#311),#8609,.T.);
#9093=ADVANCED_FACE('',(#312),#8610,.T.);
#9094=ADVANCED_FACE('',(#313),#8611,.T.);
#9095=ADVANCED_FACE('',(#314),#8612,.T.);
#9096=ADVANCED_FACE('',(#315),#8613,.T.);
#9097=ADVANCED_FACE('',(#316),#8614,.T.);
#9098=ADVANCED_FACE('',(#317),#8615,.T.);
#9099=ADVANCED_FACE('',(#318),#8616,.T.);
#9100=ADVANCED_FACE('',(#319),#8617,.T.);
#9101=ADVANCED_FACE('',(#320),#8618,.T.);
#9102=ADVANCED_FACE('',(#321),#8619,.T.);
#9103=ADVANCED_FACE('',(#322),#8620,.T.);
#9104=ADVANCED_FACE('',(#323),#8621,.T.);
#9105=ADVANCED_FACE('',(#324),#8622,.T.);
#9106=ADVANCED_FACE('',(#325),#8623,.T.);
#9107=ADVANCED_FACE('',(#326),#8624,.T.);
#9108=ADVANCED_FACE('',(#327),#8625,.T.);
#9109=ADVANCED_FACE('',(#328),#8626,.T.);
#9110=ADVANCED_FACE('',(#329),#8627,.T.);
#9111=ADVANCED_FACE('',(#330),#8628,.T.);
#9112=ADVANCED_FACE('',(#331),#8629,.T.);
#9113=ADVANCED_FACE('',(#332),#8630,.T.);
#9114=ADVANCED_FACE('',(#333),#8631,.T.);
#9115=ADVANCED_FACE('',(#334),#8632,.T.);
#9116=ADVANCED_FACE('',(#335),#8633,.T.);
#9117=ADVANCED_FACE('',(#336),#8634,.T.);
#9118=ADVANCED_FACE('',(#337),#8635,.T.);
#9119=ADVANCED_FACE('',(#338),#8636,.T.);
#9120=ADVANCED_FACE('',(#339),#8637,.T.);
#9121=ADVANCED_FACE('',(#340),#8638,.T.);
#9122=ADVANCED_FACE('',(#341),#8639,.T.);
#9123=ADVANCED_FACE('',(#342),#8640,.T.);
#9124=ADVANCED_FACE('',(#343),#8641,.T.);
#9125=ADVANCED_FACE('',(#344),#8642,.T.);
#9126=ADVANCED_FACE('',(#345),#8643,.T.);
#9127=ADVANCED_FACE('',(#346),#8644,.T.);
#9128=ADVANCED_FACE('',(#347),#8645,.T.);
#9129=ADVANCED_FACE('',(#348),#8646,.T.);
#9130=ADVANCED_FACE('',(#349),#8647,.T.);
#9131=ADVANCED_FACE('',(#350),#8648,.T.);
#9132=ADVANCED_FACE('',(#351),#8649,.T.);
#9133=ADVANCED_FACE('',(#352),#8650,.T.);
#9134=ADVANCED_FACE('',(#353),#8651,.T.);
#9135=ADVANCED_FACE('',(#354),#8652,.T.);
#9136=ADVANCED_FACE('',(#355),#8653,.T.);
#9137=ADVANCED_FACE('',(#356),#8654,.T.);
#9138=ADVANCED_FACE('',(#357),#8655,.T.);
#9139=ADVANCED_FACE('',(#358),#8656,.T.);
#9140=ADVANCED_FACE('',(#359),#8657,.T.);
#9141=ADVANCED_FACE('',(#360),#8658,.T.);
#9142=ADVANCED_FACE('',(#361),#8659,.T.);
#9143=ADVANCED_FACE('',(#362),#8660,.T.);
#9144=ADVANCED_FACE('',(#363),#8661,.T.);
#9145=ADVANCED_FACE('',(#364),#8662,.T.);
#9146=ADVANCED_FACE('',(#365),#8663,.T.);
#9147=ADVANCED_FACE('',(#366),#8664,.T.);
#9148=ADVANCED_FACE('',(#367),#8665,.T.);
#9149=ADVANCED_FACE('',(#368),#8666,.T.);
#9150=ADVANCED_FACE('',(#369),#8667,.T.);
#9151=ADVANCED_FACE('',(#370),#8668,.T.);
#9152=ADVANCED_FACE('',(#371),#8669,.T.);
#9153=ADVANCED_FACE('',(#372),#8670,.T.);
#9154=ADVANCED_FACE('',(#373),#8671,.T.);
#9155=ADVANCED_FACE('',(#374),#8672,.T.);
#9156=ADVANCED_FACE('',(#375),#8673,.T.);
#9157=ADVANCED_FACE('',(#376),#8674,.T.);
#9158=ADVANCED_FACE('',(#377),#8675,.T.);
#9159=ADVANCED_FACE('',(#378),#8676,.T.);
#9160=ADVANCED_FACE('',(#379),#8677,.T.);
#9161=ADVANCED_FACE('',(#380),#8678,.T.);
#9162=ADVANCED_FACE('',(#381),#8679,.T.);
#9163=ADVANCED_FACE('',(#382),#8680,.T.);
#9164=ADVANCED_FACE('',(#383),#8681,.T.);
#9165=ADVANCED_FACE('',(#384),#8682,.T.);
#9166=ADVANCED_FACE('',(#385),#8683,.T.);
#9167=ADVANCED_FACE('',(#386),#8684,.T.);
#9168=ADVANCED_FACE('',(#387),#8685,.T.);
#9169=ADVANCED_FACE('',(#388),#8686,.T.);
#9170=ADVANCED_FACE('',(#389),#8687,.T.);
#9171=ADVANCED_FACE('',(#390),#8688,.T.);
#9172=ADVANCED_FACE('',(#391),#8689,.T.);
#9173=ADVANCED_FACE('',(#392),#8690,.T.);
#9174=ADVANCED_FACE('',(#393),#8691,.T.);
#9175=ADVANCED_FACE('',(#394),#8692,.T.);
#9176=ADVANCED_FACE('',(#395),#8693,.T.);
#9177=ADVANCED_FACE('',(#396),#8694,.T.);
#9178=ADVANCED_FACE('',(#397),#8695,.T.);
#9179=ADVANCED_FACE('',(#398),#8696,.T.);
#9180=ADVANCED_FACE('',(#399),#8697,.T.);
#9181=ADVANCED_FACE('',(#400),#8698,.T.);
#9182=ADVANCED_FACE('',(#401),#8699,.T.);
#9183=ADVANCED_FACE('',(#402),#8700,.T.);
#9184=ADVANCED_FACE('',(#403),#8701,.T.);
#9185=ADVANCED_FACE('',(#404),#8702,.T.);
#9186=ADVANCED_FACE('',(#405),#8703,.T.);
#9187=ADVANCED_FACE('',(#406),#8704,.T.);
#9188=ADVANCED_FACE('',(#407),#8705,.T.);
#9189=ADVANCED_FACE('',(#408),#8706,.T.);
#9190=ADVANCED_FACE('',(#409),#8707,.T.);
#9191=ADVANCED_FACE('',(#410),#8708,.T.);
#9192=ADVANCED_FACE('',(#411),#8709,.T.);
#9193=ADVANCED_FACE('',(#412),#8710,.T.);
#9194=ADVANCED_FACE('',(#413),#8711,.T.);
#9195=ADVANCED_FACE('',(#414),#8712,.T.);
#9196=ADVANCED_FACE('',(#415),#8713,.T.);
#9197=ADVANCED_FACE('',(#416),#8714,.T.);
#9198=ADVANCED_FACE('',(#417),#8715,.T.);
#9199=ADVANCED_FACE('',(#418),#8716,.T.);
#9200=ADVANCED_FACE('',(#419),#8717,.T.);
#9201=ADVANCED_FACE('',(#420),#8718,.T.);
#9202=ADVANCED_FACE('',(#421),#8719,.T.);
#9203=ADVANCED_FACE('',(#422),#8720,.T.);
#9204=ADVANCED_FACE('',(#423),#8721,.T.);
#9205=ADVANCED_FACE('',(#424),#8722,.T.);
#9206=ADVANCED_FACE('',(#425),#8723,.T.);
#9207=ADVANCED_FACE('',(#426),#8724,.T.);
#9208=ADVANCED_FACE('',(#427),#8725,.T.);
#9209=ADVANCED_FACE('',(#428),#8726,.T.);
#9210=ADVANCED_FACE('',(#429),#8727,.T.);
#9211=ADVANCED_FACE('',(#430),#8728,.T.);
#9212=ADVANCED_FACE('',(#431),#8729,.T.);
#9213=ADVANCED_FACE('',(#432),#8730,.T.);
#9214=ADVANCED_FACE('',(#433),#8731,.T.);
#9215=ADVANCED_FACE('',(#434),#8732,.T.);
#9216=ADVANCED_FACE('',(#435),#8733,.T.);
#9217=ADVANCED_FACE('',(#436),#8734,.T.);
#9218=ADVANCED_FACE('',(#437),#8735,.F.);
#9219=ADVANCED_FACE('',(#438),#8736,.T.);
#9220=ADVANCED_FACE('',(#439),#8737,.T.);
#9221=ADVANCED_FACE('',(#440),#8738,.T.);
#9222=ADVANCED_FACE('',(#441),#8739,.T.);
#9223=ADVANCED_FACE('',(#442),#8740,.T.);
#9224=ADVANCED_FACE('',(#443,#159),#179,.F.);
#9225=ADVANCED_FACE('',(#444),#8741,.T.);
#9226=ADVANCED_FACE('',(#445),#8742,.T.);
#9227=ADVANCED_FACE('',(#446),#8743,.T.);
#9228=ADVANCED_FACE('',(#447),#8744,.T.);
#9229=ADVANCED_FACE('',(#448),#8745,.T.);
#9230=ADVANCED_FACE('',(#449),#8746,.T.);
#9231=ADVANCED_FACE('',(#450),#8747,.T.);
#9232=ADVANCED_FACE('',(#451),#8748,.T.);
#9233=ADVANCED_FACE('',(#452),#8749,.T.);
#9234=ADVANCED_FACE('',(#453),#8750,.T.);
#9235=ADVANCED_FACE('',(#454),#8751,.T.);
#9236=ADVANCED_FACE('',(#455),#8752,.T.);
#9237=ADVANCED_FACE('',(#456),#8753,.T.);
#9238=ADVANCED_FACE('',(#457),#8754,.T.);
#9239=ADVANCED_FACE('',(#458),#8755,.T.);
#9240=ADVANCED_FACE('',(#459,#160),#180,.F.);
#9241=ADVANCED_FACE('',(#460),#8756,.T.);
#9242=ADVANCED_FACE('',(#461),#8757,.T.);
#9243=ADVANCED_FACE('',(#462),#8758,.T.);
#9244=ADVANCED_FACE('',(#463),#8759,.T.);
#9245=ADVANCED_FACE('',(#464),#8760,.T.);
#9246=ADVANCED_FACE('',(#465),#8761,.T.);
#9247=ADVANCED_FACE('',(#466),#8762,.T.);
#9248=ADVANCED_FACE('',(#467),#8763,.T.);
#9249=ADVANCED_FACE('',(#468),#8764,.T.);
#9250=ADVANCED_FACE('',(#469),#8765,.T.);
#9251=ADVANCED_FACE('',(#470),#8766,.T.);
#9252=ADVANCED_FACE('',(#471),#8767,.T.);
#9253=ADVANCED_FACE('',(#472),#8768,.T.);
#9254=ADVANCED_FACE('',(#473),#8769,.T.);
#9255=ADVANCED_FACE('',(#474),#8770,.T.);
#9256=ADVANCED_FACE('',(#475),#8771,.T.);
#9257=ADVANCED_FACE('',(#476),#8772,.T.);
#9258=ADVANCED_FACE('',(#477),#8773,.T.);
#9259=ADVANCED_FACE('',(#478),#8774,.T.);
#9260=ADVANCED_FACE('',(#479),#8775,.T.);
#9261=ADVANCED_FACE('',(#480),#8776,.T.);
#9262=ADVANCED_FACE('',(#481),#8777,.T.);
#9263=ADVANCED_FACE('',(#482),#8778,.T.);
#9264=ADVANCED_FACE('',(#483),#8779,.T.);
#9265=ADVANCED_FACE('',(#484),#8780,.T.);
#9266=ADVANCED_FACE('',(#485),#8781,.T.);
#9267=ADVANCED_FACE('',(#486),#8782,.T.);
#9268=ADVANCED_FACE('',(#487),#8783,.T.);
#9269=ADVANCED_FACE('',(#488),#8784,.T.);
#9270=ADVANCED_FACE('',(#489),#8785,.T.);
#9271=ADVANCED_FACE('',(#490),#8786,.T.);
#9272=ADVANCED_FACE('',(#491),#8787,.T.);
#9273=ADVANCED_FACE('',(#492),#8788,.T.);
#9274=ADVANCED_FACE('',(#493),#8789,.T.);
#9275=ADVANCED_FACE('',(#494),#8790,.T.);
#9276=ADVANCED_FACE('',(#495),#8791,.T.);
#9277=ADVANCED_FACE('',(#496),#8792,.T.);
#9278=ADVANCED_FACE('',(#497),#8793,.T.);
#9279=ADVANCED_FACE('',(#498),#8794,.T.);
#9280=ADVANCED_FACE('',(#499),#8795,.T.);
#9281=ADVANCED_FACE('',(#500),#8796,.T.);
#9282=ADVANCED_FACE('',(#501),#8797,.T.);
#9283=ADVANCED_FACE('',(#502),#8798,.T.);
#9284=ADVANCED_FACE('',(#503),#8799,.T.);
#9285=ADVANCED_FACE('',(#504),#95,.T.);
#9286=ADVANCED_FACE('',(#505),#96,.T.);
#9287=ADVANCED_FACE('',(#506),#8800,.T.);
#9288=ADVANCED_FACE('',(#507),#181,.F.);
#9289=ADVANCED_FACE('',(#508),#182,.T.);
#9290=ADVANCED_FACE('',(#509),#113,.F.);
#9291=ADVANCED_FACE('',(#510),#97,.F.);
#9292=ADVANCED_FACE('',(#511),#98,.F.);
#9293=ADVANCED_FACE('',(#512),#99,.T.);
#9294=ADVANCED_FACE('',(#513),#100,.T.);
#9295=ADVANCED_FACE('',(#514),#8801,.T.);
#9296=ADVANCED_FACE('',(#515),#101,.T.);
#9297=ADVANCED_FACE('',(#516),#8802,.T.);
#9298=ADVANCED_FACE('',(#517),#8803,.F.);
#9299=ADVANCED_FACE('',(#518),#8804,.T.);
#9300=ADVANCED_FACE('',(#519),#8805,.T.);
#9301=ADVANCED_FACE('',(#520,#161),#183,.T.);
#9302=ADVANCED_FACE('',(#521,#162),#184,.F.);
#9303=ADVANCED_FACE('',(#522,#163),#185,.T.);
#9304=ADVANCED_FACE('',(#523,#164),#186,.F.);
#9305=ADVANCED_FACE('',(#524),#102,.T.);
#9306=ADVANCED_FACE('',(#525),#8806,.F.);
#9307=ADVANCED_FACE('',(#526),#8807,.T.);
#9308=ADVANCED_FACE('',(#527,#165),#187,.T.);
#9309=ADVANCED_FACE('',(#528,#166),#188,.F.);
#9310=ADVANCED_FACE('',(#529),#8808,.F.);
#9311=ADVANCED_FACE('',(#530),#8809,.T.);
#9312=ADVANCED_FACE('',(#531),#8810,.T.);
#9313=ADVANCED_FACE('',(#532),#8811,.T.);
#9314=ADVANCED_FACE('',(#533,#167),#189,.F.);
#9315=ADVANCED_FACE('',(#534),#8812,.T.);
#9316=ADVANCED_FACE('',(#535),#8813,.T.);
#9317=ADVANCED_FACE('',(#536),#8814,.T.);
#9318=ADVANCED_FACE('',(#537),#8815,.T.);
#9319=ADVANCED_FACE('',(#538),#8816,.T.);
#9320=ADVANCED_FACE('',(#539),#8817,.T.);
#9321=ADVANCED_FACE('',(#540),#8818,.T.);
#9322=ADVANCED_FACE('',(#541),#8819,.T.);
#9323=ADVANCED_FACE('',(#542),#8820,.T.);
#9324=ADVANCED_FACE('',(#543),#8821,.T.);
#9325=ADVANCED_FACE('',(#544),#8822,.T.);
#9326=ADVANCED_FACE('',(#545),#8823,.T.);
#9327=ADVANCED_FACE('',(#546),#8824,.T.);
#9328=ADVANCED_FACE('',(#547),#8825,.T.);
#9329=ADVANCED_FACE('',(#548),#8826,.T.);
#9330=ADVANCED_FACE('',(#549),#8827,.T.);
#9331=ADVANCED_FACE('',(#550),#8828,.T.);
#9332=ADVANCED_FACE('',(#551),#8829,.T.);
#9333=ADVANCED_FACE('',(#552),#8830,.T.);
#9334=ADVANCED_FACE('',(#553),#8831,.T.);
#9335=ADVANCED_FACE('',(#554),#8832,.T.);
#9336=ADVANCED_FACE('',(#555),#8833,.T.);
#9337=ADVANCED_FACE('',(#556),#8834,.T.);
#9338=ADVANCED_FACE('',(#557),#8835,.T.);
#9339=ADVANCED_FACE('',(#558),#8836,.T.);
#9340=ADVANCED_FACE('',(#559),#8837,.T.);
#9341=ADVANCED_FACE('',(#560),#8838,.T.);
#9342=ADVANCED_FACE('',(#561),#8839,.T.);
#9343=ADVANCED_FACE('',(#562),#8840,.T.);
#9344=ADVANCED_FACE('',(#563),#8841,.T.);
#9345=ADVANCED_FACE('',(#564),#8842,.T.);
#9346=ADVANCED_FACE('',(#565),#8843,.T.);
#9347=ADVANCED_FACE('',(#566),#8844,.T.);
#9348=ADVANCED_FACE('',(#567),#8845,.T.);
#9349=ADVANCED_FACE('',(#568),#8846,.T.);
#9350=ADVANCED_FACE('',(#569),#8847,.T.);
#9351=ADVANCED_FACE('',(#570),#8848,.T.);
#9352=ADVANCED_FACE('',(#571),#8849,.T.);
#9353=ADVANCED_FACE('',(#572),#8850,.T.);
#9354=ADVANCED_FACE('',(#573),#8851,.T.);
#9355=ADVANCED_FACE('',(#574,#168),#190,.F.);
#9356=ADVANCED_FACE('',(#575),#8852,.T.);
#9357=ADVANCED_FACE('',(#576),#8853,.T.);
#9358=ADVANCED_FACE('',(#577),#8854,.T.);
#9359=ADVANCED_FACE('',(#578),#8855,.T.);
#9360=ADVANCED_FACE('',(#579),#8856,.T.);
#9361=ADVANCED_FACE('',(#580),#8857,.T.);
#9362=ADVANCED_FACE('',(#581),#8858,.T.);
#9363=ADVANCED_FACE('',(#582),#8859,.T.);
#9364=ADVANCED_FACE('',(#583),#8860,.T.);
#9365=ADVANCED_FACE('',(#584),#8861,.T.);
#9366=ADVANCED_FACE('',(#585),#8862,.T.);
#9367=ADVANCED_FACE('',(#586),#8863,.T.);
#9368=ADVANCED_FACE('',(#587),#8864,.T.);
#9369=ADVANCED_FACE('',(#588),#8865,.T.);
#9370=ADVANCED_FACE('',(#589),#8866,.T.);
#9371=ADVANCED_FACE('',(#590),#8867,.T.);
#9372=ADVANCED_FACE('',(#591),#8868,.T.);
#9373=ADVANCED_FACE('',(#592),#8869,.T.);
#9374=ADVANCED_FACE('',(#593),#8870,.T.);
#9375=ADVANCED_FACE('',(#594),#8871,.T.);
#9376=ADVANCED_FACE('',(#595),#8872,.T.);
#9377=ADVANCED_FACE('',(#596),#8873,.T.);
#9378=ADVANCED_FACE('',(#597),#8874,.T.);
#9379=ADVANCED_FACE('',(#598),#8875,.T.);
#9380=ADVANCED_FACE('',(#599),#8876,.T.);
#9381=ADVANCED_FACE('',(#600),#8877,.T.);
#9382=ADVANCED_FACE('',(#601),#8878,.T.);
#9383=ADVANCED_FACE('',(#602),#8879,.T.);
#9384=ADVANCED_FACE('',(#603),#8880,.T.);
#9385=ADVANCED_FACE('',(#604),#8881,.T.);
#9386=ADVANCED_FACE('',(#605),#8882,.T.);
#9387=ADVANCED_FACE('',(#606),#8883,.T.);
#9388=ADVANCED_FACE('',(#607),#8884,.T.);
#9389=ADVANCED_FACE('',(#608),#8885,.T.);
#9390=ADVANCED_FACE('',(#609),#8886,.T.);
#9391=ADVANCED_FACE('',(#610),#8887,.T.);
#9392=ADVANCED_FACE('',(#611),#8888,.T.);
#9393=ADVANCED_FACE('',(#612),#8889,.T.);
#9394=ADVANCED_FACE('',(#613),#8890,.T.);
#9395=ADVANCED_FACE('',(#614),#8891,.T.);
#9396=ADVANCED_FACE('',(#615),#8892,.T.);
#9397=ADVANCED_FACE('',(#616),#8893,.T.);
#9398=ADVANCED_FACE('',(#617),#8894,.T.);
#9399=ADVANCED_FACE('',(#618),#8895,.T.);
#9400=ADVANCED_FACE('',(#619),#8896,.T.);
#9401=ADVANCED_FACE('',(#620),#8897,.T.);
#9402=ADVANCED_FACE('',(#621),#8898,.T.);
#9403=ADVANCED_FACE('',(#622),#8899,.T.);
#9404=ADVANCED_FACE('',(#623),#8900,.T.);
#9405=ADVANCED_FACE('',(#624),#8901,.T.);
#9406=ADVANCED_FACE('',(#625),#8902,.T.);
#9407=ADVANCED_FACE('',(#626),#8903,.T.);
#9408=ADVANCED_FACE('',(#627),#8904,.T.);
#9409=ADVANCED_FACE('',(#628),#8905,.T.);
#9410=ADVANCED_FACE('',(#629),#8906,.T.);
#9411=ADVANCED_FACE('',(#630),#8907,.T.);
#9412=ADVANCED_FACE('',(#631),#8908,.T.);
#9413=ADVANCED_FACE('',(#632),#8909,.T.);
#9414=ADVANCED_FACE('',(#633),#8910,.T.);
#9415=ADVANCED_FACE('',(#634),#8911,.T.);
#9416=ADVANCED_FACE('',(#635),#8912,.T.);
#9417=ADVANCED_FACE('',(#636),#8913,.T.);
#9418=ADVANCED_FACE('',(#637),#8914,.T.);
#9419=ADVANCED_FACE('',(#638),#8915,.T.);
#9420=ADVANCED_FACE('',(#639),#8916,.T.);
#9421=ADVANCED_FACE('',(#640),#8917,.T.);
#9422=ADVANCED_FACE('',(#641),#8918,.T.);
#9423=ADVANCED_FACE('',(#642),#8919,.T.);
#9424=ADVANCED_FACE('',(#643),#8920,.T.);
#9425=ADVANCED_FACE('',(#644),#8921,.T.);
#9426=ADVANCED_FACE('',(#645),#8922,.T.);
#9427=ADVANCED_FACE('',(#646),#8923,.T.);
#9428=ADVANCED_FACE('',(#647),#8924,.T.);
#9429=ADVANCED_FACE('',(#648),#8925,.T.);
#9430=ADVANCED_FACE('',(#649),#8926,.T.);
#9431=ADVANCED_FACE('',(#650),#8927,.T.);
#9432=ADVANCED_FACE('',(#651),#8928,.T.);
#9433=ADVANCED_FACE('',(#652),#8929,.T.);
#9434=ADVANCED_FACE('',(#653),#8930,.T.);
#9435=ADVANCED_FACE('',(#654),#8931,.T.);
#9436=ADVANCED_FACE('',(#655),#8932,.T.);
#9437=ADVANCED_FACE('',(#656),#8933,.T.);
#9438=ADVANCED_FACE('',(#657),#8934,.T.);
#9439=ADVANCED_FACE('',(#658),#8935,.T.);
#9440=ADVANCED_FACE('',(#659),#8936,.T.);
#9441=ADVANCED_FACE('',(#660),#8937,.T.);
#9442=ADVANCED_FACE('',(#661),#8938,.T.);
#9443=ADVANCED_FACE('',(#662),#8939,.T.);
#9444=ADVANCED_FACE('',(#663),#8940,.T.);
#9445=ADVANCED_FACE('',(#664),#8941,.T.);
#9446=ADVANCED_FACE('',(#665),#8942,.T.);
#9447=ADVANCED_FACE('',(#666),#8943,.T.);
#9448=ADVANCED_FACE('',(#667),#8944,.T.);
#9449=ADVANCED_FACE('',(#668),#8945,.T.);
#9450=ADVANCED_FACE('',(#669),#8946,.T.);
#9451=ADVANCED_FACE('',(#670),#8947,.T.);
#9452=ADVANCED_FACE('',(#671),#8948,.T.);
#9453=ADVANCED_FACE('',(#672),#8949,.T.);
#9454=ADVANCED_FACE('',(#673),#8950,.T.);
#9455=ADVANCED_FACE('',(#674),#8951,.T.);
#9456=ADVANCED_FACE('',(#675),#8952,.T.);
#9457=ADVANCED_FACE('',(#676),#8953,.T.);
#9458=ADVANCED_FACE('',(#677),#8954,.T.);
#9459=ADVANCED_FACE('',(#678),#8955,.T.);
#9460=ADVANCED_FACE('',(#679),#8956,.T.);
#9461=ADVANCED_FACE('',(#680),#8957,.T.);
#9462=ADVANCED_FACE('',(#681),#8958,.T.);
#9463=ADVANCED_FACE('',(#682),#8959,.T.);
#9464=ADVANCED_FACE('',(#683),#8960,.T.);
#9465=ADVANCED_FACE('',(#684),#8961,.T.);
#9466=ADVANCED_FACE('',(#685),#8962,.T.);
#9467=ADVANCED_FACE('',(#686),#8963,.T.);
#9468=ADVANCED_FACE('',(#687),#8964,.T.);
#9469=ADVANCED_FACE('',(#688),#8965,.T.);
#9470=ADVANCED_FACE('',(#689),#8966,.T.);
#9471=ADVANCED_FACE('',(#690),#8967,.T.);
#9472=ADVANCED_FACE('',(#691),#8968,.T.);
#9473=ADVANCED_FACE('',(#692),#8969,.T.);
#9474=ADVANCED_FACE('',(#693),#8970,.T.);
#9475=ADVANCED_FACE('',(#694),#8971,.T.);
#9476=ADVANCED_FACE('',(#695),#8972,.T.);
#9477=ADVANCED_FACE('',(#696),#103,.T.);
#9478=ADVANCED_FACE('',(#697),#104,.T.);
#9479=ADVANCED_FACE('',(#698),#105,.T.);
#9480=ADVANCED_FACE('',(#699),#106,.T.);
#9481=ADVANCED_FACE('',(#700),#8973,.T.);
#9482=ADVANCED_FACE('',(#701),#8974,.T.);
#9483=ADVANCED_FACE('',(#702),#8975,.T.);
#9484=ADVANCED_FACE('',(#703,#169),#191,.T.);
#9485=ADVANCED_FACE('',(#704),#192,.T.);
#9486=ADVANCED_FACE('',(#705,#170),#193,.T.);
#9487=ADVANCED_FACE('',(#706),#194,.F.);
#9488=CLOSED_SHELL('',(#8976,#8977,#8978,#8979,#8980,#8981,#8982,#8983,
#8984,#8985,#8986,#8987,#8988,#8989,#8990,#8991,#8992,#8993,#8994,#8995,
#8996,#8997,#8998,#8999,#9000,#9001,#9002,#9003,#9004,#9005,#9006,#9007,
#9008,#9009,#9010,#9011,#9012,#9013,#9014,#9015,#9016,#9017,#9018));
#9489=CLOSED_SHELL('',(#9019,#9020,#9021,#9022,#9023,#9024,#9025,#9026,
#9027,#9028,#9029,#9030,#9031,#9032,#9033,#9034));
#9490=CLOSED_SHELL('',(#9035,#9036,#9037,#9038,#9039,#9040,#9041,#9042,
#9043,#9044,#9045,#9046,#9047,#9048,#9049,#9050,#9051,#9052,#9053,#9054,
#9055,#9056,#9057,#9058,#9059,#9060,#9061,#9062,#9063,#9064,#9065,#9066,
#9067,#9068,#9069,#9070,#9071,#9072,#9073,#9074,#9075,#9076,#9077,#9078,
#9079,#9080,#9081,#9082,#9083,#9084,#9085,#9086,#9087,#9088,#9089,#9090,
#9091,#9092,#9093,#9094,#9095,#9096,#9097,#9098,#9099,#9100,#9101,#9102,
#9103,#9104,#9105,#9106,#9107,#9108,#9109,#9110,#9111,#9112,#9113,#9114,
#9115,#9116,#9117,#9118,#9119,#9120,#9121,#9122,#9123,#9124,#9125,#9126,
#9127,#9128,#9129,#9130,#9131,#9132,#9133,#9134,#9135,#9136,#9137,#9138,
#9139,#9140,#9141,#9142,#9143,#9144,#9145,#9146,#9147,#9148,#9149,#9150,
#9151,#9152,#9153,#9154,#9155,#9156,#9157,#9158,#9159,#9160,#9161,#9162,
#9163,#9164,#9165,#9166,#9167,#9168,#9169,#9170,#9171,#9172,#9173,#9174,
#9175,#9176,#9177,#9178,#9179,#9180,#9181,#9182,#9183,#9184,#9185,#9186,
#9187,#9188,#9189,#9190,#9191,#9192,#9193,#9194,#9195,#9196,#9197,#9198,
#9199,#9200,#9201,#9202,#9203,#9204,#9205,#9206,#9207,#9208,#9209,#9210,
#9211,#9212,#9213,#9214,#9215,#9216,#9217));
#9491=CLOSED_SHELL('',(#9218,#9219,#9220,#9221,#9222,#9223,#9224,#9225,
#9226,#9227,#9228,#9229,#9230,#9231,#9232,#9233,#9234,#9235,#9236,#9237,
#9238,#9239,#9240,#9241,#9242,#9243,#9244,#9245,#9246,#9247,#9248,#9249,
#9250,#9251,#9252,#9253,#9254,#9255,#9256,#9257,#9258,#9259,#9260,#9261,
#9262,#9263,#9264,#9265,#9266,#9267,#9268,#9269,#9270,#9271,#9272,#9273,
#9274,#9275,#9276,#9277,#9278,#9279,#9280,#9281,#9282,#9283,#9284));
#9492=CLOSED_SHELL('',(#9285,#9286,#9287,#9288,#9289));
#9493=CLOSED_SHELL('',(#9290,#9291,#9292,#9293,#9294,#9295,#9296,#9297,
#9298,#9299,#9300,#9301,#9302,#9303,#9304));
#9494=CLOSED_SHELL('',(#9305,#9306,#9307,#9308,#9309));
#9495=CLOSED_SHELL('',(#9310,#9311,#9312,#9313,#9314,#9315,#9316,#9317,
#9318,#9319,#9320,#9321,#9322,#9323,#9324,#9325,#9326,#9327,#9328,#9329,
#9330,#9331,#9332,#9333,#9334,#9335,#9336,#9337,#9338,#9339,#9340,#9341,
#9342,#9343,#9344,#9345,#9346,#9347,#9348,#9349,#9350,#9351,#9352,#9353,
#9354,#9355,#9356,#9357,#9358,#9359,#9360,#9361,#9362,#9363,#9364,#9365,
#9366,#9367,#9368,#9369,#9370,#9371,#9372,#9373,#9374,#9375,#9376,#9377,
#9378,#9379,#9380,#9381,#9382,#9383,#9384,#9385,#9386,#9387,#9388,#9389,
#9390,#9391,#9392,#9393,#9394,#9395,#9396,#9397,#9398,#9399,#9400,#9401,
#9402,#9403,#9404,#9405,#9406,#9407,#9408,#9409,#9410,#9411,#9412,#9413,
#9414,#9415,#9416,#9417,#9418,#9419,#9420,#9421,#9422,#9423,#9424,#9425,
#9426,#9427,#9428,#9429,#9430,#9431,#9432,#9433,#9434,#9435,#9436,#9437,
#9438,#9439,#9440,#9441,#9442,#9443,#9444,#9445,#9446,#9447,#9448,#9449,
#9450,#9451,#9452,#9453,#9454,#9455,#9456,#9457,#9458,#9459,#9460,#9461,
#9462,#9463,#9464,#9465,#9466,#9467,#9468,#9469,#9470,#9471,#9472,#9473,
#9474,#9475,#9476));
#9496=CLOSED_SHELL('',(#9477,#9478,#9479,#9480,#9481,#9482,#9483,#9484,
#9485,#9486,#9487));
#9497=DERIVED_UNIT_ELEMENT(#9515,1.);
#9498=DERIVED_UNIT_ELEMENT(#17643,-3.);
#9499=DERIVED_UNIT_ELEMENT(#9515,1.);
#9500=DERIVED_UNIT_ELEMENT(#17643,-3.);
#9501=DERIVED_UNIT_ELEMENT(#9515,1.);
#9502=DERIVED_UNIT_ELEMENT(#17643,-3.);
#9503=DERIVED_UNIT_ELEMENT(#9515,1.);
#9504=DERIVED_UNIT_ELEMENT(#17643,-3.);
#9505=DERIVED_UNIT_ELEMENT(#9515,1.);
#9506=DERIVED_UNIT_ELEMENT(#17643,-3.);
#9507=DERIVED_UNIT_ELEMENT(#9515,1.);
#9508=DERIVED_UNIT_ELEMENT(#17643,-3.);
#9509=DERIVED_UNIT_ELEMENT(#9515,1.);
#9510=DERIVED_UNIT_ELEMENT(#17643,-3.);
#9511=DERIVED_UNIT_ELEMENT(#9515,1.);
#9512=DERIVED_UNIT_ELEMENT(#17643,-3.);
#9513=DERIVED_UNIT_ELEMENT(#9515,1.);
#9514=DERIVED_UNIT_ELEMENT(#17643,-3.);
#9515=(
MASS_UNIT()
NAMED_UNIT(*)
SI_UNIT(.KILO.,.GRAM.)
);
#9516=DERIVED_UNIT((#9497,#9498));
#9517=DERIVED_UNIT((#9499,#9500));
#9518=DERIVED_UNIT((#9501,#9502));
#9519=DERIVED_UNIT((#9503,#9504));
#9520=DERIVED_UNIT((#9505,#9506));
#9521=DERIVED_UNIT((#9507,#9508));
#9522=DERIVED_UNIT((#9509,#9510));
#9523=DERIVED_UNIT((#9511,#9512));
#9524=DERIVED_UNIT((#9513,#9514));
#9525=MEASURE_REPRESENTATION_ITEM('density measure',
POSITIVE_RATIO_MEASURE(7850.),#9516);
#9526=MEASURE_REPRESENTATION_ITEM('density measure',
POSITIVE_RATIO_MEASURE(7850.),#9517);
#9527=MEASURE_REPRESENTATION_ITEM('density measure',
POSITIVE_RATIO_MEASURE(7850.),#9518);
#9528=MEASURE_REPRESENTATION_ITEM('density measure',
POSITIVE_RATIO_MEASURE(7850.),#9519);
#9529=MEASURE_REPRESENTATION_ITEM('density measure',
POSITIVE_RATIO_MEASURE(7850.),#9520);
#9530=MEASURE_REPRESENTATION_ITEM('density measure',
POSITIVE_RATIO_MEASURE(7850.),#9521);
#9531=MEASURE_REPRESENTATION_ITEM('density measure',
POSITIVE_RATIO_MEASURE(7850.),#9522);
#9532=MEASURE_REPRESENTATION_ITEM('density measure',
POSITIVE_RATIO_MEASURE(7850.),#9523);
#9533=MEASURE_REPRESENTATION_ITEM('density measure',
POSITIVE_RATIO_MEASURE(7850.),#9524);
#9534=PROPERTY_DEFINITION_REPRESENTATION(#9579,#9552);
#9535=PROPERTY_DEFINITION_REPRESENTATION(#9580,#9553);
#9536=PROPERTY_DEFINITION_REPRESENTATION(#9581,#9554);
#9537=PROPERTY_DEFINITION_REPRESENTATION(#9582,#9555);
#9538=PROPERTY_DEFINITION_REPRESENTATION(#9583,#9556);
#9539=PROPERTY_DEFINITION_REPRESENTATION(#9584,#9557);
#9540=PROPERTY_DEFINITION_REPRESENTATION(#9585,#9558);
#9541=PROPERTY_DEFINITION_REPRESENTATION(#9586,#9559);
#9542=PROPERTY_DEFINITION_REPRESENTATION(#9587,#9560);
#9543=PROPERTY_DEFINITION_REPRESENTATION(#9588,#9561);
#9544=PROPERTY_DEFINITION_REPRESENTATION(#9589,#9562);
#9545=PROPERTY_DEFINITION_REPRESENTATION(#9590,#9563);
#9546=PROPERTY_DEFINITION_REPRESENTATION(#9591,#9564);
#9547=PROPERTY_DEFINITION_REPRESENTATION(#9592,#9565);
#9548=PROPERTY_DEFINITION_REPRESENTATION(#9593,#9566);
#9549=PROPERTY_DEFINITION_REPRESENTATION(#9594,#9567);
#9550=PROPERTY_DEFINITION_REPRESENTATION(#9595,#9568);
#9551=PROPERTY_DEFINITION_REPRESENTATION(#9596,#9569);
#9552=REPRESENTATION('material name',(#9570),#17627);
#9553=REPRESENTATION('density',(#9525),#17627);
#9554=REPRESENTATION('material name',(#9571),#17628);
#9555=REPRESENTATION('density',(#9526),#17628);
#9556=REPRESENTATION('material name',(#9572),#17630);
#9557=REPRESENTATION('density',(#9527),#17630);
#9558=REPRESENTATION('material name',(#9573),#17631);
#9559=REPRESENTATION('density',(#9528),#17631);
#9560=REPRESENTATION('material name',(#9574),#17632);
#9561=REPRESENTATION('density',(#9529),#17632);
#9562=REPRESENTATION('material name',(#9575),#17637);
#9563=REPRESENTATION('density',(#9530),#17637);
#9564=REPRESENTATION('material name',(#9576),#17638);
#9565=REPRESENTATION('density',(#9531),#17638);
#9566=REPRESENTATION('material name',(#9577),#17639);
#9567=REPRESENTATION('density',(#9532),#17639);
#9568=REPRESENTATION('material name',(#9578),#17640);
#9569=REPRESENTATION('density',(#9533),#17640);
#9570=DESCRIPTIVE_REPRESENTATION_ITEM('Steel','Steel');
#9571=DESCRIPTIVE_REPRESENTATION_ITEM('Steel','Steel');
#9572=DESCRIPTIVE_REPRESENTATION_ITEM('Steel','Steel');
#9573=DESCRIPTIVE_REPRESENTATION_ITEM('Steel','Steel');
#9574=DESCRIPTIVE_REPRESENTATION_ITEM('Steel','Steel');
#9575=DESCRIPTIVE_REPRESENTATION_ITEM('Steel','Steel');
#9576=DESCRIPTIVE_REPRESENTATION_ITEM('Steel','Steel');
#9577=DESCRIPTIVE_REPRESENTATION_ITEM('Steel','Steel');
#9578=DESCRIPTIVE_REPRESENTATION_ITEM('Steel','Steel');
#9579=PROPERTY_DEFINITION('material property','material name',#17712);
#9580=PROPERTY_DEFINITION('material property','density of part',#17712);
#9581=PROPERTY_DEFINITION('material property','material name',#17713);
#9582=PROPERTY_DEFINITION('material property','density of part',#17713);
#9583=PROPERTY_DEFINITION('material property','material name',#17715);
#9584=PROPERTY_DEFINITION('material property','density of part',#17715);
#9585=PROPERTY_DEFINITION('material property','material name',#17716);
#9586=PROPERTY_DEFINITION('material property','density of part',#17716);
#9587=PROPERTY_DEFINITION('material property','material name',#17717);
#9588=PROPERTY_DEFINITION('material property','density of part',#17717);
#9589=PROPERTY_DEFINITION('material property','material name',#17722);
#9590=PROPERTY_DEFINITION('material property','density of part',#17722);
#9591=PROPERTY_DEFINITION('material property','material name',#17723);
#9592=PROPERTY_DEFINITION('material property','density of part',#17723);
#9593=PROPERTY_DEFINITION('material property','material name',#17724);
#9594=PROPERTY_DEFINITION('material property','density of part',#17724);
#9595=PROPERTY_DEFINITION('material property','material name',#17725);
#9596=PROPERTY_DEFINITION('material property','density of part',#17725);
#9597=AXIS2_PLACEMENT_3D('',#14641,#11118,#11119);
#9598=AXIS2_PLACEMENT_3D('',#14642,#11120,#11121);
#9599=AXIS2_PLACEMENT_3D('',#14643,#11122,#11123);
#9600=AXIS2_PLACEMENT_3D('',#14645,#11124,#11125);
#9601=AXIS2_PLACEMENT_3D('',#14648,#11127,#11128);
#9602=AXIS2_PLACEMENT_3D('',#14649,#11129,#11130);
#9603=AXIS2_PLACEMENT_3D('',#14652,#11131,#11132);
#9604=AXIS2_PLACEMENT_3D('',#14656,#11134,#11135);
#9605=AXIS2_PLACEMENT_3D('',#14658,#11137,#11138);
#9606=AXIS2_PLACEMENT_3D('',#14661,#11139,#11140);
#9607=AXIS2_PLACEMENT_3D('',#14665,#11142,#11143);
#9608=AXIS2_PLACEMENT_3D('',#14667,#11145,#11146);
#9609=AXIS2_PLACEMENT_3D('',#14670,#11147,#11148);
#9610=AXIS2_PLACEMENT_3D('',#14674,#11150,#11151);
#9611=AXIS2_PLACEMENT_3D('',#14676,#11153,#11154);
#9612=AXIS2_PLACEMENT_3D('',#14679,#11155,#11156);
#9613=AXIS2_PLACEMENT_3D('',#14683,#11158,#11159);
#9614=AXIS2_PLACEMENT_3D('',#14685,#11161,#11162);
#9615=AXIS2_PLACEMENT_3D('',#14688,#11163,#11164);
#9616=AXIS2_PLACEMENT_3D('',#14692,#11166,#11167);
#9617=AXIS2_PLACEMENT_3D('',#14694,#11169,#11170);
#9618=AXIS2_PLACEMENT_3D('',#14697,#11171,#11172);
#9619=AXIS2_PLACEMENT_3D('',#14699,#11173,#11174);
#9620=AXIS2_PLACEMENT_3D('',#14701,#11175,#11176);
#9621=AXIS2_PLACEMENT_3D('',#14703,#11177,#11178);
#9622=AXIS2_PLACEMENT_3D('',#14705,#11179,#11180);
#9623=AXIS2_PLACEMENT_3D('',#14707,#11181,#11182);
#9624=AXIS2_PLACEMENT_3D('',#14709,#11183,#11184);
#9625=AXIS2_PLACEMENT_3D('',#14710,#11185,#11186);
#9626=AXIS2_PLACEMENT_3D('',#14712,#11187,#11188);
#9627=AXIS2_PLACEMENT_3D('',#14714,#11189,#11190);
#9628=AXIS2_PLACEMENT_3D('',#14715,#11191,#11192);
#9629=AXIS2_PLACEMENT_3D('',#14717,#11193,#11194);
#9630=AXIS2_PLACEMENT_3D('',#14719,#11195,#11196);
#9631=AXIS2_PLACEMENT_3D('',#14721,#11197,#11198);
#9632=AXIS2_PLACEMENT_3D('',#14723,#11199,#11200);
#9633=AXIS2_PLACEMENT_3D('',#14725,#11201,#11202);
#9634=AXIS2_PLACEMENT_3D('',#14726,#11203,#11204);
#9635=AXIS2_PLACEMENT_3D('',#14728,#11205,#11206);
#9636=AXIS2_PLACEMENT_3D('',#14730,#11207,#11208);
#9637=AXIS2_PLACEMENT_3D('',#14732,#11209,#11210);
#9638=AXIS2_PLACEMENT_3D('',#14734,#11211,#11212);
#9639=AXIS2_PLACEMENT_3D('',#14736,#11213,#11214);
#9640=AXIS2_PLACEMENT_3D('',#14737,#11215,#11216);
#9641=AXIS2_PLACEMENT_3D('',#14739,#11217,#11218);
#9642=AXIS2_PLACEMENT_3D('',#14741,#11219,#11220);
#9643=AXIS2_PLACEMENT_3D('',#14742,#11221,#11222);
#9644=AXIS2_PLACEMENT_3D('',#14744,#11223,#11224);
#9645=AXIS2_PLACEMENT_3D('',#14746,#11225,#11226);
#9646=AXIS2_PLACEMENT_3D('',#14748,#11227,#11228);
#9647=AXIS2_PLACEMENT_3D('',#14750,#11229,#11230);
#9648=AXIS2_PLACEMENT_3D('',#14752,#11231,#11232);
#9649=AXIS2_PLACEMENT_3D('',#14754,#11233,#11234);
#9650=AXIS2_PLACEMENT_3D('',#14756,#11235,#11236);
#9651=AXIS2_PLACEMENT_3D('',#14758,#11237,#11238);
#9652=AXIS2_PLACEMENT_3D('',#14759,#11239,#11240);
#9653=AXIS2_PLACEMENT_3D('',#14760,#11241,#11242);
#9654=AXIS2_PLACEMENT_3D('',#14765,#11245,#11246);
#9655=AXIS2_PLACEMENT_3D('',#14766,#11247,#11248);
#9656=AXIS2_PLACEMENT_3D('',#14770,#11250,#11251);
#9657=AXIS2_PLACEMENT_3D('',#14772,#11253,#11254);
#9658=AXIS2_PLACEMENT_3D('',#14775,#11256,#11257);
#9659=AXIS2_PLACEMENT_3D('',#14776,#11258,#11259);
#9660=AXIS2_PLACEMENT_3D('',#14779,#11261,#11262);
#9661=AXIS2_PLACEMENT_3D('',#14780,#11263,#11264);
#9662=AXIS2_PLACEMENT_3D('',#14784,#11266,#11267);
#9663=AXIS2_PLACEMENT_3D('',#14786,#11269,#11270);
#9664=AXIS2_PLACEMENT_3D('',#14791,#11273,#11274);
#9665=AXIS2_PLACEMENT_3D('',#14792,#11275,#11276);
#9666=AXIS2_PLACEMENT_3D('',#14796,#11278,#11279);
#9667=AXIS2_PLACEMENT_3D('',#14798,#11281,#11282);
#9668=AXIS2_PLACEMENT_3D('',#14801,#11284,#11285);
#9669=AXIS2_PLACEMENT_3D('',#14802,#11286,#11287);
#9670=AXIS2_PLACEMENT_3D('',#14804,#11288,#11289);
#9671=AXIS2_PLACEMENT_3D('',#14806,#11290,#11291);
#9672=AXIS2_PLACEMENT_3D('',#14808,#11292,#11293);
#9673=AXIS2_PLACEMENT_3D('',#14809,#11294,#11295);
#9674=AXIS2_PLACEMENT_3D('',#14811,#11296,#11297);
#9675=AXIS2_PLACEMENT_3D('',#14813,#11298,#11299);
#9676=AXIS2_PLACEMENT_3D('',#14814,#11300,#11301);
#9677=AXIS2_PLACEMENT_3D('',#14816,#11302,#11303);
#9678=AXIS2_PLACEMENT_3D('',#14817,#11304,#11305);
#9679=AXIS2_PLACEMENT_3D('',#14819,#11306,#11307);
#9680=AXIS2_PLACEMENT_3D('',#14820,#11308,#11309);
#9681=AXIS2_PLACEMENT_3D('',#14822,#11310,#11311);
#9682=AXIS2_PLACEMENT_3D('',#14824,#11312,#11313);
#9683=AXIS2_PLACEMENT_3D('',#14825,#11314,#11315);
#9684=AXIS2_PLACEMENT_3D('',#14827,#11316,#11317);
#9685=AXIS2_PLACEMENT_3D('',#14829,#11318,#11319);
#9686=AXIS2_PLACEMENT_3D('',#14830,#11320,#11321);
#9687=AXIS2_PLACEMENT_3D('',#14832,#11322,#11323);
#9688=AXIS2_PLACEMENT_3D('',#14833,#11324,#11325);
#9689=AXIS2_PLACEMENT_3D('',#14835,#11326,#11327);
#9690=AXIS2_PLACEMENT_3D('',#14837,#11328,#11329);
#9691=AXIS2_PLACEMENT_3D('',#14838,#11330,#11331);
#9692=AXIS2_PLACEMENT_3D('',#14840,#11332,#11333);
#9693=AXIS2_PLACEMENT_3D('',#14842,#11334,#11335);
#9694=AXIS2_PLACEMENT_3D('',#14843,#11336,#11337);
#9695=AXIS2_PLACEMENT_3D('',#14845,#11338,#11339);
#9696=AXIS2_PLACEMENT_3D('',#14846,#11340,#11341);
#9697=AXIS2_PLACEMENT_3D('',#14847,#11342,#11343);
#9698=AXIS2_PLACEMENT_3D('',#14849,#11345,#11346);
#9699=AXIS2_PLACEMENT_3D('',#14851,#11348,#11349);
#9700=AXIS2_PLACEMENT_3D('',#14852,#11350,#11351);
#9701=AXIS2_PLACEMENT_3D('',#14854,#11353,#11354);
#9702=AXIS2_PLACEMENT_3D('',#14855,#11355,#11356);
#9703=AXIS2_PLACEMENT_3D('',#14857,#11358,#11359);
#9704=AXIS2_PLACEMENT_3D('',#14858,#11360,#11361);
#9705=AXIS2_PLACEMENT_3D('',#14860,#11363,#11364);
#9706=AXIS2_PLACEMENT_3D('',#14861,#11365,#11366);
#9707=AXIS2_PLACEMENT_3D('',#14863,#11368,#11369);
#9708=AXIS2_PLACEMENT_3D('',#14865,#11371,#11372);
#9709=AXIS2_PLACEMENT_3D('',#14866,#11373,#11374);
#9710=AXIS2_PLACEMENT_3D('',#14868,#11376,#11377);
#9711=AXIS2_PLACEMENT_3D('',#14870,#11379,#11380);
#9712=AXIS2_PLACEMENT_3D('',#14871,#11381,#11382);
#9713=AXIS2_PLACEMENT_3D('',#14873,#11384,#11385);
#9714=AXIS2_PLACEMENT_3D('',#14875,#11387,#11388);
#9715=AXIS2_PLACEMENT_3D('',#14876,#11389,#11390);
#9716=AXIS2_PLACEMENT_3D('',#14878,#11392,#11393);
#9717=AXIS2_PLACEMENT_3D('',#14880,#11395,#11396);
#9718=AXIS2_PLACEMENT_3D('',#14881,#11397,#11398);
#9719=AXIS2_PLACEMENT_3D('',#14883,#11400,#11401);
#9720=AXIS2_PLACEMENT_3D('',#14885,#11403,#11404);
#9721=AXIS2_PLACEMENT_3D('',#14886,#11405,#11406);
#9722=AXIS2_PLACEMENT_3D('',#14888,#11408,#11409);
#9723=AXIS2_PLACEMENT_3D('',#14890,#11411,#11412);
#9724=AXIS2_PLACEMENT_3D('',#14891,#11413,#11414);
#9725=AXIS2_PLACEMENT_3D('',#14892,#11415,#11416);
#9726=AXIS2_PLACEMENT_3D('',#14894,#11417,#11418);
#9727=AXIS2_PLACEMENT_3D('',#14896,#11419,#11420);
#9728=AXIS2_PLACEMENT_3D('',#14897,#11421,#11422);
#9729=AXIS2_PLACEMENT_3D('',#14898,#11423,#11424);
#9730=AXIS2_PLACEMENT_3D('',#14901,#11426,#11427);
#9731=AXIS2_PLACEMENT_3D('',#14902,#11428,#11429);
#9732=AXIS2_PLACEMENT_3D('',#14904,#11430,#11431);
#9733=AXIS2_PLACEMENT_3D('',#14905,#11432,#11433);
#9734=AXIS2_PLACEMENT_3D('',#14906,#11434,#11435);
#9735=AXIS2_PLACEMENT_3D('',#14908,#11436,#11437);
#9736=AXIS2_PLACEMENT_3D('',#14912,#11439,#11440);
#9737=AXIS2_PLACEMENT_3D('',#14913,#11441,#11442);
#9738=AXIS2_PLACEMENT_3D('',#14914,#11443,#11444);
#9739=AXIS2_PLACEMENT_3D('',#14917,#11445,#11446);
#9740=AXIS2_PLACEMENT_3D('',#14918,#11447,#11448);
#9741=AXIS2_PLACEMENT_3D('',#14921,#11450,#11451);
#9742=AXIS2_PLACEMENT_3D('',#14922,#11452,#11453);
#9743=AXIS2_PLACEMENT_3D('',#14925,#11454,#11455);
#9744=AXIS2_PLACEMENT_3D('',#14926,#11456,#11457);
#9745=AXIS2_PLACEMENT_3D('',#14927,#11458,#11459);
#9746=AXIS2_PLACEMENT_3D('',#14928,#11460,#11461);
#9747=AXIS2_PLACEMENT_3D('',#14930,#11462,#11463);
#9748=AXIS2_PLACEMENT_3D('',#14932,#11464,#11465);
#9749=AXIS2_PLACEMENT_3D('',#14933,#11466,#11467);
#9750=AXIS2_PLACEMENT_3D('',#14934,#11468,#11469);
#9751=AXIS2_PLACEMENT_3D('',#14937,#11471,#11472);
#9752=AXIS2_PLACEMENT_3D('',#14938,#11473,#11474);
#9753=AXIS2_PLACEMENT_3D('',#14940,#11475,#11476);
#9754=AXIS2_PLACEMENT_3D('',#14941,#11477,#11478);
#9755=AXIS2_PLACEMENT_3D('',#14942,#11479,#11480);
#9756=AXIS2_PLACEMENT_3D('',#14945,#11482,#11483);
#9757=AXIS2_PLACEMENT_3D('',#14946,#11484,#11485);
#9758=AXIS2_PLACEMENT_3D('',#14948,#11486,#11487);
#9759=AXIS2_PLACEMENT_3D('',#14952,#11489,#11490);
#9760=AXIS2_PLACEMENT_3D('',#14953,#11491,#11492);
#9761=AXIS2_PLACEMENT_3D('',#14954,#11493,#11494);
#9762=AXIS2_PLACEMENT_3D('',#14955,#11495,#11496);
#9763=AXIS2_PLACEMENT_3D('',#14956,#11497,#11498);
#9764=AXIS2_PLACEMENT_3D('',#14957,#11499,#11500);
#9765=AXIS2_PLACEMENT_3D('',#14958,#11501,#11502);
#9766=AXIS2_PLACEMENT_3D('',#14959,#11503,#11504);
#9767=AXIS2_PLACEMENT_3D('',#14960,#11505,#11506);
#9768=AXIS2_PLACEMENT_3D('',#14961,#11507,#11508);
#9769=AXIS2_PLACEMENT_3D('',#14962,#11509,#11510);
#9770=AXIS2_PLACEMENT_3D('',#14964,#11511,#11512);
#9771=AXIS2_PLACEMENT_3D('',#14967,#11514,#11515);
#9772=AXIS2_PLACEMENT_3D('',#14968,#11516,#11517);
#9773=AXIS2_PLACEMENT_3D('',#14971,#11518,#11519);
#9774=AXIS2_PLACEMENT_3D('',#14975,#11521,#11522);
#9775=AXIS2_PLACEMENT_3D('',#14977,#11524,#11525);
#9776=AXIS2_PLACEMENT_3D('',#14980,#11526,#11527);
#9777=AXIS2_PLACEMENT_3D('',#14984,#11529,#11530);
#9778=AXIS2_PLACEMENT_3D('',#14986,#11532,#11533);
#9779=AXIS2_PLACEMENT_3D('',#14989,#11534,#11535);
#9780=AXIS2_PLACEMENT_3D('',#14993,#11537,#11538);
#9781=AXIS2_PLACEMENT_3D('',#14995,#11540,#11541);
#9782=AXIS2_PLACEMENT_3D('',#14998,#11542,#11543);
#9783=AXIS2_PLACEMENT_3D('',#15002,#11545,#11546);
#9784=AXIS2_PLACEMENT_3D('',#15004,#11548,#11549);
#9785=AXIS2_PLACEMENT_3D('',#15007,#11550,#11551);
#9786=AXIS2_PLACEMENT_3D('',#15009,#11552,#11553);
#9787=AXIS2_PLACEMENT_3D('',#15011,#11554,#11555);
#9788=AXIS2_PLACEMENT_3D('',#15013,#11556,#11557);
#9789=AXIS2_PLACEMENT_3D('',#15015,#11558,#11559);
#9790=AXIS2_PLACEMENT_3D('',#15017,#11560,#11561);
#9791=AXIS2_PLACEMENT_3D('',#15019,#11562,#11563);
#9792=AXIS2_PLACEMENT_3D('',#15021,#11564,#11565);
#9793=AXIS2_PLACEMENT_3D('',#15023,#11566,#11567);
#9794=AXIS2_PLACEMENT_3D('',#15025,#11568,#11569);
#9795=AXIS2_PLACEMENT_3D('',#15027,#11570,#11571);
#9796=AXIS2_PLACEMENT_3D('',#15029,#11572,#11573);
#9797=AXIS2_PLACEMENT_3D('',#15031,#11574,#11575);
#9798=AXIS2_PLACEMENT_3D('',#15033,#11576,#11577);
#9799=AXIS2_PLACEMENT_3D('',#15035,#11578,#11579);
#9800=AXIS2_PLACEMENT_3D('',#15037,#11580,#11581);
#9801=AXIS2_PLACEMENT_3D('',#15039,#11582,#11583);
#9802=AXIS2_PLACEMENT_3D('',#15041,#11584,#11585);
#9803=AXIS2_PLACEMENT_3D('',#15043,#11586,#11587);
#9804=AXIS2_PLACEMENT_3D('',#15045,#11588,#11589);
#9805=AXIS2_PLACEMENT_3D('',#15047,#11590,#11591);
#9806=AXIS2_PLACEMENT_3D('',#15049,#11592,#11593);
#9807=AXIS2_PLACEMENT_3D('',#15051,#11594,#11595);
#9808=AXIS2_PLACEMENT_3D('',#15053,#11596,#11597);
#9809=AXIS2_PLACEMENT_3D('',#15055,#11598,#11599);
#9810=AXIS2_PLACEMENT_3D('',#15057,#11600,#11601);
#9811=AXIS2_PLACEMENT_3D('',#15059,#11602,#11603);
#9812=AXIS2_PLACEMENT_3D('',#15061,#11604,#11605);
#9813=AXIS2_PLACEMENT_3D('',#15063,#11606,#11607);
#9814=AXIS2_PLACEMENT_3D('',#15065,#11608,#11609);
#9815=AXIS2_PLACEMENT_3D('',#15067,#11610,#11611);
#9816=AXIS2_PLACEMENT_3D('',#15069,#11612,#11613);
#9817=AXIS2_PLACEMENT_3D('',#15071,#11614,#11615);
#9818=AXIS2_PLACEMENT_3D('',#15072,#11616,#11617);
#9819=AXIS2_PLACEMENT_3D('',#15074,#11618,#11619);
#9820=AXIS2_PLACEMENT_3D('',#15076,#11620,#11621);
#9821=AXIS2_PLACEMENT_3D('',#15077,#11622,#11623);
#9822=AXIS2_PLACEMENT_3D('',#15079,#11624,#11625);
#9823=AXIS2_PLACEMENT_3D('',#15081,#11626,#11627);
#9824=AXIS2_PLACEMENT_3D('',#15083,#11628,#11629);
#9825=AXIS2_PLACEMENT_3D('',#15085,#11630,#11631);
#9826=AXIS2_PLACEMENT_3D('',#15087,#11632,#11633);
#9827=AXIS2_PLACEMENT_3D('',#15089,#11634,#11635);
#9828=AXIS2_PLACEMENT_3D('',#15091,#11636,#11637);
#9829=AXIS2_PLACEMENT_3D('',#15093,#11638,#11639);
#9830=AXIS2_PLACEMENT_3D('',#15095,#11640,#11641);
#9831=AXIS2_PLACEMENT_3D('',#15097,#11642,#11643);
#9832=AXIS2_PLACEMENT_3D('',#15099,#11644,#11645);
#9833=AXIS2_PLACEMENT_3D('',#15101,#11646,#11647);
#9834=AXIS2_PLACEMENT_3D('',#15103,#11648,#11649);
#9835=AXIS2_PLACEMENT_3D('',#15105,#11650,#11651);
#9836=AXIS2_PLACEMENT_3D('',#15107,#11652,#11653);
#9837=AXIS2_PLACEMENT_3D('',#15109,#11654,#11655);
#9838=AXIS2_PLACEMENT_3D('',#15111,#11656,#11657);
#9839=AXIS2_PLACEMENT_3D('',#15113,#11658,#11659);
#9840=AXIS2_PLACEMENT_3D('',#15115,#11660,#11661);
#9841=AXIS2_PLACEMENT_3D('',#15117,#11662,#11663);
#9842=AXIS2_PLACEMENT_3D('',#15119,#11664,#11665);
#9843=AXIS2_PLACEMENT_3D('',#15121,#11666,#11667);
#9844=AXIS2_PLACEMENT_3D('',#15123,#11668,#11669);
#9845=AXIS2_PLACEMENT_3D('',#15125,#11670,#11671);
#9846=AXIS2_PLACEMENT_3D('',#15127,#11672,#11673);
#9847=AXIS2_PLACEMENT_3D('',#15129,#11674,#11675);
#9848=AXIS2_PLACEMENT_3D('',#15131,#11676,#11677);
#9849=AXIS2_PLACEMENT_3D('',#15133,#11678,#11679);
#9850=AXIS2_PLACEMENT_3D('',#15135,#11680,#11681);
#9851=AXIS2_PLACEMENT_3D('',#15137,#11682,#11683);
#9852=AXIS2_PLACEMENT_3D('',#15139,#11684,#11685);
#9853=AXIS2_PLACEMENT_3D('',#15141,#11686,#11687);
#9854=AXIS2_PLACEMENT_3D('',#15143,#11688,#11689);
#9855=AXIS2_PLACEMENT_3D('',#15145,#11690,#11691);
#9856=AXIS2_PLACEMENT_3D('',#15147,#11692,#11693);
#9857=AXIS2_PLACEMENT_3D('',#15149,#11694,#11695);
#9858=AXIS2_PLACEMENT_3D('',#15151,#11696,#11697);
#9859=AXIS2_PLACEMENT_3D('',#15153,#11698,#11699);
#9860=AXIS2_PLACEMENT_3D('',#15155,#11700,#11701);
#9861=AXIS2_PLACEMENT_3D('',#15157,#11702,#11703);
#9862=AXIS2_PLACEMENT_3D('',#15159,#11704,#11705);
#9863=AXIS2_PLACEMENT_3D('',#15161,#11706,#11707);
#9864=AXIS2_PLACEMENT_3D('',#15163,#11708,#11709);
#9865=AXIS2_PLACEMENT_3D('',#15165,#11710,#11711);
#9866=AXIS2_PLACEMENT_3D('',#15167,#11712,#11713);
#9867=AXIS2_PLACEMENT_3D('',#15169,#11714,#11715);
#9868=AXIS2_PLACEMENT_3D('',#15171,#11716,#11717);
#9869=AXIS2_PLACEMENT_3D('',#15173,#11718,#11719);
#9870=AXIS2_PLACEMENT_3D('',#15175,#11720,#11721);
#9871=AXIS2_PLACEMENT_3D('',#15177,#11722,#11723);
#9872=AXIS2_PLACEMENT_3D('',#15179,#11724,#11725);
#9873=AXIS2_PLACEMENT_3D('',#15181,#11726,#11727);
#9874=AXIS2_PLACEMENT_3D('',#15183,#11728,#11729);
#9875=AXIS2_PLACEMENT_3D('',#15185,#11730,#11731);
#9876=AXIS2_PLACEMENT_3D('',#15187,#11732,#11733);
#9877=AXIS2_PLACEMENT_3D('',#15189,#11734,#11735);
#9878=AXIS2_PLACEMENT_3D('',#15191,#11736,#11737);
#9879=AXIS2_PLACEMENT_3D('',#15193,#11738,#11739);
#9880=AXIS2_PLACEMENT_3D('',#15195,#11740,#11741);
#9881=AXIS2_PLACEMENT_3D('',#15197,#11742,#11743);
#9882=AXIS2_PLACEMENT_3D('',#15199,#11744,#11745);
#9883=AXIS2_PLACEMENT_3D('',#15201,#11746,#11747);
#9884=AXIS2_PLACEMENT_3D('',#15203,#11748,#11749);
#9885=AXIS2_PLACEMENT_3D('',#15205,#11750,#11751);
#9886=AXIS2_PLACEMENT_3D('',#15207,#11752,#11753);
#9887=AXIS2_PLACEMENT_3D('',#15209,#11754,#11755);
#9888=AXIS2_PLACEMENT_3D('',#15211,#11756,#11757);
#9889=AXIS2_PLACEMENT_3D('',#15213,#11758,#11759);
#9890=AXIS2_PLACEMENT_3D('',#15215,#11760,#11761);
#9891=AXIS2_PLACEMENT_3D('',#15217,#11762,#11763);
#9892=AXIS2_PLACEMENT_3D('',#15219,#11764,#11765);
#9893=AXIS2_PLACEMENT_3D('',#15221,#11766,#11767);
#9894=AXIS2_PLACEMENT_3D('',#15223,#11768,#11769);
#9895=AXIS2_PLACEMENT_3D('',#15225,#11770,#11771);
#9896=AXIS2_PLACEMENT_3D('',#15227,#11772,#11773);
#9897=AXIS2_PLACEMENT_3D('',#15229,#11774,#11775);
#9898=AXIS2_PLACEMENT_3D('',#15231,#11776,#11777);
#9899=AXIS2_PLACEMENT_3D('',#15233,#11778,#11779);
#9900=AXIS2_PLACEMENT_3D('',#15235,#11780,#11781);
#9901=AXIS2_PLACEMENT_3D('',#15237,#11782,#11783);
#9902=AXIS2_PLACEMENT_3D('',#15239,#11784,#11785);
#9903=AXIS2_PLACEMENT_3D('',#15241,#11786,#11787);
#9904=AXIS2_PLACEMENT_3D('',#15243,#11788,#11789);
#9905=AXIS2_PLACEMENT_3D('',#15245,#11790,#11791);
#9906=AXIS2_PLACEMENT_3D('',#15247,#11792,#11793);
#9907=AXIS2_PLACEMENT_3D('',#15249,#11794,#11795);
#9908=AXIS2_PLACEMENT_3D('',#15251,#11796,#11797);
#9909=AXIS2_PLACEMENT_3D('',#15253,#11798,#11799);
#9910=AXIS2_PLACEMENT_3D('',#15255,#11800,#11801);
#9911=AXIS2_PLACEMENT_3D('',#15257,#11802,#11803);
#9912=AXIS2_PLACEMENT_3D('',#15259,#11804,#11805);
#9913=AXIS2_PLACEMENT_3D('',#15261,#11806,#11807);
#9914=AXIS2_PLACEMENT_3D('',#15263,#11808,#11809);
#9915=AXIS2_PLACEMENT_3D('',#15265,#11810,#11811);
#9916=AXIS2_PLACEMENT_3D('',#15267,#11812,#11813);
#9917=AXIS2_PLACEMENT_3D('',#15269,#11814,#11815);
#9918=AXIS2_PLACEMENT_3D('',#15271,#11816,#11817);
#9919=AXIS2_PLACEMENT_3D('',#15273,#11818,#11819);
#9920=AXIS2_PLACEMENT_3D('',#15275,#11820,#11821);
#9921=AXIS2_PLACEMENT_3D('',#15277,#11822,#11823);
#9922=AXIS2_PLACEMENT_3D('',#15279,#11824,#11825);
#9923=AXIS2_PLACEMENT_3D('',#15281,#11826,#11827);
#9924=AXIS2_PLACEMENT_3D('',#15283,#11828,#11829);
#9925=AXIS2_PLACEMENT_3D('',#15285,#11830,#11831);
#9926=AXIS2_PLACEMENT_3D('',#15286,#11832,#11833);
#9927=AXIS2_PLACEMENT_3D('',#15288,#11834,#11835);
#9928=AXIS2_PLACEMENT_3D('',#15290,#11836,#11837);
#9929=AXIS2_PLACEMENT_3D('',#15291,#11838,#11839);
#9930=AXIS2_PLACEMENT_3D('',#15293,#11840,#11841);
#9931=AXIS2_PLACEMENT_3D('',#15295,#11842,#11843);
#9932=AXIS2_PLACEMENT_3D('',#15297,#11844,#11845);
#9933=AXIS2_PLACEMENT_3D('',#15299,#11846,#11847);
#9934=AXIS2_PLACEMENT_3D('',#15301,#11848,#11849);
#9935=AXIS2_PLACEMENT_3D('',#15303,#11850,#11851);
#9936=AXIS2_PLACEMENT_3D('',#15305,#11852,#11853);
#9937=AXIS2_PLACEMENT_3D('',#15307,#11854,#11855);
#9938=AXIS2_PLACEMENT_3D('',#15309,#11856,#11857);
#9939=AXIS2_PLACEMENT_3D('',#15311,#11858,#11859);
#9940=AXIS2_PLACEMENT_3D('',#15313,#11860,#11861);
#9941=AXIS2_PLACEMENT_3D('',#15315,#11862,#11863);
#9942=AXIS2_PLACEMENT_3D('',#15317,#11864,#11865);
#9943=AXIS2_PLACEMENT_3D('',#15319,#11866,#11867);
#9944=AXIS2_PLACEMENT_3D('',#15321,#11868,#11869);
#9945=AXIS2_PLACEMENT_3D('',#15323,#11870,#11871);
#9946=AXIS2_PLACEMENT_3D('',#15325,#11872,#11873);
#9947=AXIS2_PLACEMENT_3D('',#15327,#11874,#11875);
#9948=AXIS2_PLACEMENT_3D('',#15329,#11876,#11877);
#9949=AXIS2_PLACEMENT_3D('',#15331,#11878,#11879);
#9950=AXIS2_PLACEMENT_3D('',#15333,#11880,#11881);
#9951=AXIS2_PLACEMENT_3D('',#15335,#11882,#11883);
#9952=AXIS2_PLACEMENT_3D('',#15337,#11884,#11885);
#9953=AXIS2_PLACEMENT_3D('',#15339,#11886,#11887);
#9954=AXIS2_PLACEMENT_3D('',#15341,#11888,#11889);
#9955=AXIS2_PLACEMENT_3D('',#15343,#11890,#11891);
#9956=AXIS2_PLACEMENT_3D('',#15345,#11892,#11893);
#9957=AXIS2_PLACEMENT_3D('',#15347,#11894,#11895);
#9958=AXIS2_PLACEMENT_3D('',#15349,#11896,#11897);
#9959=AXIS2_PLACEMENT_3D('',#15351,#11898,#11899);
#9960=AXIS2_PLACEMENT_3D('',#15352,#11900,#11901);
#9961=AXIS2_PLACEMENT_3D('',#15353,#11902,#11903);
#9962=AXIS2_PLACEMENT_3D('',#15358,#11906,#11907);
#9963=AXIS2_PLACEMENT_3D('',#15359,#11908,#11909);
#9964=AXIS2_PLACEMENT_3D('',#15363,#11911,#11912);
#9965=AXIS2_PLACEMENT_3D('',#15365,#11914,#11915);
#9966=AXIS2_PLACEMENT_3D('',#15370,#11918,#11919);
#9967=AXIS2_PLACEMENT_3D('',#15371,#11920,#11921);
#9968=AXIS2_PLACEMENT_3D('',#15376,#11924,#11925);
#9969=AXIS2_PLACEMENT_3D('',#15377,#11926,#11927);
#9970=AXIS2_PLACEMENT_3D('',#15382,#11930,#11931);
#9971=AXIS2_PLACEMENT_3D('',#15383,#11932,#11933);
#9972=AXIS2_PLACEMENT_3D('',#15387,#11935,#11936);
#9973=AXIS2_PLACEMENT_3D('',#15389,#11938,#11939);
#9974=AXIS2_PLACEMENT_3D('',#15394,#11942,#11943);
#9975=AXIS2_PLACEMENT_3D('',#15395,#11944,#11945);
#9976=AXIS2_PLACEMENT_3D('',#15399,#11947,#11948);
#9977=AXIS2_PLACEMENT_3D('',#15401,#11950,#11951);
#9978=AXIS2_PLACEMENT_3D('',#15406,#11954,#11955);
#9979=AXIS2_PLACEMENT_3D('',#15407,#11956,#11957);
#9980=AXIS2_PLACEMENT_3D('',#15410,#11959,#11960);
#9981=AXIS2_PLACEMENT_3D('',#15411,#11961,#11962);
#9982=AXIS2_PLACEMENT_3D('',#15414,#11964,#11965);
#9983=AXIS2_PLACEMENT_3D('',#15415,#11966,#11967);
#9984=AXIS2_PLACEMENT_3D('',#15420,#11970,#11971);
#9985=AXIS2_PLACEMENT_3D('',#15421,#11972,#11973);
#9986=AXIS2_PLACEMENT_3D('',#15425,#11975,#11976);
#9987=AXIS2_PLACEMENT_3D('',#15427,#11978,#11979);
#9988=AXIS2_PLACEMENT_3D('',#15430,#11981,#11982);
#9989=AXIS2_PLACEMENT_3D('',#15431,#11983,#11984);
#9990=AXIS2_PLACEMENT_3D('',#15434,#11986,#11987);
#9991=AXIS2_PLACEMENT_3D('',#15435,#11988,#11989);
#9992=AXIS2_PLACEMENT_3D('',#15440,#11992,#11993);
#9993=AXIS2_PLACEMENT_3D('',#15441,#11994,#11995);
#9994=AXIS2_PLACEMENT_3D('',#15445,#11997,#11998);
#9995=AXIS2_PLACEMENT_3D('',#15447,#12000,#12001);
#9996=AXIS2_PLACEMENT_3D('',#15452,#12004,#12005);
#9997=AXIS2_PLACEMENT_3D('',#15453,#12006,#12007);
#9998=AXIS2_PLACEMENT_3D('',#15458,#12010,#12011);
#9999=AXIS2_PLACEMENT_3D('',#15459,#12012,#12013);
#10000=AXIS2_PLACEMENT_3D('',#15463,#12015,#12016);
#10001=AXIS2_PLACEMENT_3D('',#15465,#12018,#12019);
#10002=AXIS2_PLACEMENT_3D('',#15470,#12022,#12023);
#10003=AXIS2_PLACEMENT_3D('',#15471,#12024,#12025);
#10004=AXIS2_PLACEMENT_3D('',#15476,#12028,#12029);
#10005=AXIS2_PLACEMENT_3D('',#15477,#12030,#12031);
#10006=AXIS2_PLACEMENT_3D('',#15482,#12034,#12035);
#10007=AXIS2_PLACEMENT_3D('',#15483,#12036,#12037);
#10008=AXIS2_PLACEMENT_3D('',#15487,#12039,#12040);
#10009=AXIS2_PLACEMENT_3D('',#15489,#12042,#12043);
#10010=AXIS2_PLACEMENT_3D('',#15494,#12046,#12047);
#10011=AXIS2_PLACEMENT_3D('',#15495,#12048,#12049);
#10012=AXIS2_PLACEMENT_3D('',#15500,#12052,#12053);
#10013=AXIS2_PLACEMENT_3D('',#15501,#12054,#12055);
#10014=AXIS2_PLACEMENT_3D('',#15506,#12058,#12059);
#10015=AXIS2_PLACEMENT_3D('',#15507,#12060,#12061);
#10016=AXIS2_PLACEMENT_3D('',#15511,#12063,#12064);
#10017=AXIS2_PLACEMENT_3D('',#15513,#12066,#12067);
#10018=AXIS2_PLACEMENT_3D('',#15518,#12070,#12071);
#10019=AXIS2_PLACEMENT_3D('',#15519,#12072,#12073);
#10020=AXIS2_PLACEMENT_3D('',#15524,#12076,#12077);
#10021=AXIS2_PLACEMENT_3D('',#15525,#12078,#12079);
#10022=AXIS2_PLACEMENT_3D('',#15529,#12081,#12082);
#10023=AXIS2_PLACEMENT_3D('',#15531,#12084,#12085);
#10024=AXIS2_PLACEMENT_3D('',#15536,#12088,#12089);
#10025=AXIS2_PLACEMENT_3D('',#15537,#12090,#12091);
#10026=AXIS2_PLACEMENT_3D('',#15542,#12094,#12095);
#10027=AXIS2_PLACEMENT_3D('',#15543,#12096,#12097);
#10028=AXIS2_PLACEMENT_3D('',#15548,#12100,#12101);
#10029=AXIS2_PLACEMENT_3D('',#15549,#12102,#12103);
#10030=AXIS2_PLACEMENT_3D('',#15553,#12105,#12106);
#10031=AXIS2_PLACEMENT_3D('',#15555,#12108,#12109);
#10032=AXIS2_PLACEMENT_3D('',#15560,#12112,#12113);
#10033=AXIS2_PLACEMENT_3D('',#15561,#12114,#12115);
#10034=AXIS2_PLACEMENT_3D('',#15566,#12118,#12119);
#10035=AXIS2_PLACEMENT_3D('',#15567,#12120,#12121);
#10036=AXIS2_PLACEMENT_3D('',#15572,#12124,#12125);
#10037=AXIS2_PLACEMENT_3D('',#15573,#12126,#12127);
#10038=AXIS2_PLACEMENT_3D('',#15577,#12129,#12130);
#10039=AXIS2_PLACEMENT_3D('',#15579,#12132,#12133);
#10040=AXIS2_PLACEMENT_3D('',#15584,#12136,#12137);
#10041=AXIS2_PLACEMENT_3D('',#15585,#12138,#12139);
#10042=AXIS2_PLACEMENT_3D('',#15590,#12142,#12143);
#10043=AXIS2_PLACEMENT_3D('',#15591,#12144,#12145);
#10044=AXIS2_PLACEMENT_3D('',#15595,#12147,#12148);
#10045=AXIS2_PLACEMENT_3D('',#15597,#12150,#12151);
#10046=AXIS2_PLACEMENT_3D('',#15602,#12154,#12155);
#10047=AXIS2_PLACEMENT_3D('',#15603,#12156,#12157);
#10048=AXIS2_PLACEMENT_3D('',#15608,#12160,#12161);
#10049=AXIS2_PLACEMENT_3D('',#15609,#12162,#12163);
#10050=AXIS2_PLACEMENT_3D('',#15611,#12164,#12165);
#10051=AXIS2_PLACEMENT_3D('',#15613,#12166,#12167);
#10052=AXIS2_PLACEMENT_3D('',#15615,#12168,#12169);
#10053=AXIS2_PLACEMENT_3D('',#15616,#12170,#12171);
#10054=AXIS2_PLACEMENT_3D('',#15618,#12172,#12173);
#10055=AXIS2_PLACEMENT_3D('',#15620,#12174,#12175);
#10056=AXIS2_PLACEMENT_3D('',#15621,#12176,#12177);
#10057=AXIS2_PLACEMENT_3D('',#15623,#12178,#12179);
#10058=AXIS2_PLACEMENT_3D('',#15625,#12180,#12181);
#10059=AXIS2_PLACEMENT_3D('',#15626,#12182,#12183);
#10060=AXIS2_PLACEMENT_3D('',#15628,#12184,#12185);
#10061=AXIS2_PLACEMENT_3D('',#15630,#12186,#12187);
#10062=AXIS2_PLACEMENT_3D('',#15631,#12188,#12189);
#10063=AXIS2_PLACEMENT_3D('',#15633,#12190,#12191);
#10064=AXIS2_PLACEMENT_3D('',#15635,#12192,#12193);
#10065=AXIS2_PLACEMENT_3D('',#15636,#12194,#12195);
#10066=AXIS2_PLACEMENT_3D('',#15638,#12196,#12197);
#10067=AXIS2_PLACEMENT_3D('',#15640,#12198,#12199);
#10068=AXIS2_PLACEMENT_3D('',#15641,#12200,#12201);
#10069=AXIS2_PLACEMENT_3D('',#15643,#12202,#12203);
#10070=AXIS2_PLACEMENT_3D('',#15645,#12204,#12205);
#10071=AXIS2_PLACEMENT_3D('',#15646,#12206,#12207);
#10072=AXIS2_PLACEMENT_3D('',#15648,#12208,#12209);
#10073=AXIS2_PLACEMENT_3D('',#15649,#12210,#12211);
#10074=AXIS2_PLACEMENT_3D('',#15651,#12212,#12213);
#10075=AXIS2_PLACEMENT_3D('',#15652,#12214,#12215);
#10076=AXIS2_PLACEMENT_3D('',#15654,#12216,#12217);
#10077=AXIS2_PLACEMENT_3D('',#15656,#12218,#12219);
#10078=AXIS2_PLACEMENT_3D('',#15658,#12220,#12221);
#10079=AXIS2_PLACEMENT_3D('',#15660,#12222,#12223);
#10080=AXIS2_PLACEMENT_3D('',#15662,#12224,#12225);
#10081=AXIS2_PLACEMENT_3D('',#15664,#12226,#12227);
#10082=AXIS2_PLACEMENT_3D('',#15665,#12228,#12229);
#10083=AXIS2_PLACEMENT_3D('',#15667,#12230,#12231);
#10084=AXIS2_PLACEMENT_3D('',#15669,#12232,#12233);
#10085=AXIS2_PLACEMENT_3D('',#15670,#12234,#12235);
#10086=AXIS2_PLACEMENT_3D('',#15672,#12236,#12237);
#10087=AXIS2_PLACEMENT_3D('',#15674,#12238,#12239);
#10088=AXIS2_PLACEMENT_3D('',#15675,#12240,#12241);
#10089=AXIS2_PLACEMENT_3D('',#15677,#12242,#12243);
#10090=AXIS2_PLACEMENT_3D('',#15679,#12244,#12245);
#10091=AXIS2_PLACEMENT_3D('',#15680,#12246,#12247);
#10092=AXIS2_PLACEMENT_3D('',#15682,#12248,#12249);
#10093=AXIS2_PLACEMENT_3D('',#15684,#12250,#12251);
#10094=AXIS2_PLACEMENT_3D('',#15685,#12252,#12253);
#10095=AXIS2_PLACEMENT_3D('',#15687,#12254,#12255);
#10096=AXIS2_PLACEMENT_3D('',#15689,#12256,#12257);
#10097=AXIS2_PLACEMENT_3D('',#15690,#12258,#12259);
#10098=AXIS2_PLACEMENT_3D('',#15692,#12260,#12261);
#10099=AXIS2_PLACEMENT_3D('',#15694,#12262,#12263);
#10100=AXIS2_PLACEMENT_3D('',#15695,#12264,#12265);
#10101=AXIS2_PLACEMENT_3D('',#15697,#12266,#12267);
#10102=AXIS2_PLACEMENT_3D('',#15699,#12268,#12269);
#10103=AXIS2_PLACEMENT_3D('',#15700,#12270,#12271);
#10104=AXIS2_PLACEMENT_3D('',#15702,#12272,#12273);
#10105=AXIS2_PLACEMENT_3D('',#15704,#12274,#12275);
#10106=AXIS2_PLACEMENT_3D('',#15705,#12276,#12277);
#10107=AXIS2_PLACEMENT_3D('',#15707,#12278,#12279);
#10108=AXIS2_PLACEMENT_3D('',#15709,#12280,#12281);
#10109=AXIS2_PLACEMENT_3D('',#15710,#12282,#12283);
#10110=AXIS2_PLACEMENT_3D('',#15712,#12284,#12285);
#10111=AXIS2_PLACEMENT_3D('',#15714,#12286,#12287);
#10112=AXIS2_PLACEMENT_3D('',#15715,#12288,#12289);
#10113=AXIS2_PLACEMENT_3D('',#15717,#12290,#12291);
#10114=AXIS2_PLACEMENT_3D('',#15719,#12292,#12293);
#10115=AXIS2_PLACEMENT_3D('',#15720,#12294,#12295);
#10116=AXIS2_PLACEMENT_3D('',#15722,#12296,#12297);
#10117=AXIS2_PLACEMENT_3D('',#15724,#12298,#12299);
#10118=AXIS2_PLACEMENT_3D('',#15725,#12300,#12301);
#10119=AXIS2_PLACEMENT_3D('',#15727,#12302,#12303);
#10120=AXIS2_PLACEMENT_3D('',#15729,#12304,#12305);
#10121=AXIS2_PLACEMENT_3D('',#15730,#12306,#12307);
#10122=AXIS2_PLACEMENT_3D('',#15732,#12308,#12309);
#10123=AXIS2_PLACEMENT_3D('',#15734,#12310,#12311);
#10124=AXIS2_PLACEMENT_3D('',#15735,#12312,#12313);
#10125=AXIS2_PLACEMENT_3D('',#15737,#12314,#12315);
#10126=AXIS2_PLACEMENT_3D('',#15739,#12316,#12317);
#10127=AXIS2_PLACEMENT_3D('',#15740,#12318,#12319);
#10128=AXIS2_PLACEMENT_3D('',#15742,#12320,#12321);
#10129=AXIS2_PLACEMENT_3D('',#15744,#12322,#12323);
#10130=AXIS2_PLACEMENT_3D('',#15745,#12324,#12325);
#10131=AXIS2_PLACEMENT_3D('',#15747,#12326,#12327);
#10132=AXIS2_PLACEMENT_3D('',#15749,#12328,#12329);
#10133=AXIS2_PLACEMENT_3D('',#15750,#12330,#12331);
#10134=AXIS2_PLACEMENT_3D('',#15752,#12332,#12333);
#10135=AXIS2_PLACEMENT_3D('',#15754,#12334,#12335);
#10136=AXIS2_PLACEMENT_3D('',#15755,#12336,#12337);
#10137=AXIS2_PLACEMENT_3D('',#15757,#12338,#12339);
#10138=AXIS2_PLACEMENT_3D('',#15759,#12340,#12341);
#10139=AXIS2_PLACEMENT_3D('',#15760,#12342,#12343);
#10140=AXIS2_PLACEMENT_3D('',#15762,#12344,#12345);
#10141=AXIS2_PLACEMENT_3D('',#15764,#12346,#12347);
#10142=AXIS2_PLACEMENT_3D('',#15765,#12348,#12349);
#10143=AXIS2_PLACEMENT_3D('',#15767,#12350,#12351);
#10144=AXIS2_PLACEMENT_3D('',#15769,#12352,#12353);
#10145=AXIS2_PLACEMENT_3D('',#15770,#12354,#12355);
#10146=AXIS2_PLACEMENT_3D('',#15772,#12356,#12357);
#10147=AXIS2_PLACEMENT_3D('',#15774,#12358,#12359);
#10148=AXIS2_PLACEMENT_3D('',#15775,#12360,#12361);
#10149=AXIS2_PLACEMENT_3D('',#15777,#12362,#12363);
#10150=AXIS2_PLACEMENT_3D('',#15779,#12364,#12365);
#10151=AXIS2_PLACEMENT_3D('',#15780,#12366,#12367);
#10152=AXIS2_PLACEMENT_3D('',#15782,#12368,#12369);
#10153=AXIS2_PLACEMENT_3D('',#15784,#12370,#12371);
#10154=AXIS2_PLACEMENT_3D('',#15785,#12372,#12373);
#10155=AXIS2_PLACEMENT_3D('',#15787,#12374,#12375);
#10156=AXIS2_PLACEMENT_3D('',#15788,#12376,#12377);
#10157=AXIS2_PLACEMENT_3D('',#15790,#12378,#12379);
#10158=AXIS2_PLACEMENT_3D('',#15791,#12380,#12381);
#10159=AXIS2_PLACEMENT_3D('',#15793,#12382,#12383);
#10160=AXIS2_PLACEMENT_3D('',#15795,#12384,#12385);
#10161=AXIS2_PLACEMENT_3D('',#15796,#12386,#12387);
#10162=AXIS2_PLACEMENT_3D('',#15798,#12388,#12389);
#10163=AXIS2_PLACEMENT_3D('',#15800,#12390,#12391);
#10164=AXIS2_PLACEMENT_3D('',#15801,#12392,#12393);
#10165=AXIS2_PLACEMENT_3D('',#15803,#12394,#12395);
#10166=AXIS2_PLACEMENT_3D('',#15805,#12396,#12397);
#10167=AXIS2_PLACEMENT_3D('',#15806,#12398,#12399);
#10168=AXIS2_PLACEMENT_3D('',#15808,#12400,#12401);
#10169=AXIS2_PLACEMENT_3D('',#15810,#12402,#12403);
#10170=AXIS2_PLACEMENT_3D('',#15811,#12404,#12405);
#10171=AXIS2_PLACEMENT_3D('',#15813,#12406,#12407);
#10172=AXIS2_PLACEMENT_3D('',#15815,#12408,#12409);
#10173=AXIS2_PLACEMENT_3D('',#15816,#12410,#12411);
#10174=AXIS2_PLACEMENT_3D('',#15818,#12412,#12413);
#10175=AXIS2_PLACEMENT_3D('',#15820,#12414,#12415);
#10176=AXIS2_PLACEMENT_3D('',#15821,#12416,#12417);
#10177=AXIS2_PLACEMENT_3D('',#15823,#12418,#12419);
#10178=AXIS2_PLACEMENT_3D('',#15825,#12420,#12421);
#10179=AXIS2_PLACEMENT_3D('',#15826,#12422,#12423);
#10180=AXIS2_PLACEMENT_3D('',#15828,#12424,#12425);
#10181=AXIS2_PLACEMENT_3D('',#15829,#12426,#12427);
#10182=AXIS2_PLACEMENT_3D('',#15830,#12428,#12429);
#10183=AXIS2_PLACEMENT_3D('',#15833,#12432,#12433);
#10184=AXIS2_PLACEMENT_3D('',#15835,#12435,#12436);
#10185=AXIS2_PLACEMENT_3D('',#15837,#12438,#12439);
#10186=AXIS2_PLACEMENT_3D('',#15838,#12440,#12441);
#10187=AXIS2_PLACEMENT_3D('',#15840,#12443,#12444);
#10188=AXIS2_PLACEMENT_3D('',#15842,#12446,#12447);
#10189=AXIS2_PLACEMENT_3D('',#15843,#12448,#12449);
#10190=AXIS2_PLACEMENT_3D('',#15845,#12451,#12452);
#10191=AXIS2_PLACEMENT_3D('',#15847,#12454,#12455);
#10192=AXIS2_PLACEMENT_3D('',#15848,#12456,#12457);
#10193=AXIS2_PLACEMENT_3D('',#15850,#12459,#12460);
#10194=AXIS2_PLACEMENT_3D('',#15852,#12462,#12463);
#10195=AXIS2_PLACEMENT_3D('',#15853,#12464,#12465);
#10196=AXIS2_PLACEMENT_3D('',#15855,#12467,#12468);
#10197=AXIS2_PLACEMENT_3D('',#15857,#12470,#12471);
#10198=AXIS2_PLACEMENT_3D('',#15858,#12472,#12473);
#10199=AXIS2_PLACEMENT_3D('',#15860,#12475,#12476);
#10200=AXIS2_PLACEMENT_3D('',#15862,#12478,#12479);
#10201=AXIS2_PLACEMENT_3D('',#15863,#12480,#12481);
#10202=AXIS2_PLACEMENT_3D('',#15865,#12483,#12484);
#10203=AXIS2_PLACEMENT_3D('',#15867,#12486,#12487);
#10204=AXIS2_PLACEMENT_3D('',#15868,#12488,#12489);
#10205=AXIS2_PLACEMENT_3D('',#15870,#12491,#12492);
#10206=AXIS2_PLACEMENT_3D('',#15872,#12494,#12495);
#10207=AXIS2_PLACEMENT_3D('',#15873,#12496,#12497);
#10208=AXIS2_PLACEMENT_3D('',#15875,#12499,#12500);
#10209=AXIS2_PLACEMENT_3D('',#15877,#12502,#12503);
#10210=AXIS2_PLACEMENT_3D('',#15878,#12504,#12505);
#10211=AXIS2_PLACEMENT_3D('',#15880,#12507,#12508);
#10212=AXIS2_PLACEMENT_3D('',#15882,#12510,#12511);
#10213=AXIS2_PLACEMENT_3D('',#15883,#12512,#12513);
#10214=AXIS2_PLACEMENT_3D('',#15885,#12515,#12516);
#10215=AXIS2_PLACEMENT_3D('',#15887,#12518,#12519);
#10216=AXIS2_PLACEMENT_3D('',#15888,#12520,#12521);
#10217=AXIS2_PLACEMENT_3D('',#15890,#12523,#12524);
#10218=AXIS2_PLACEMENT_3D('',#15892,#12526,#12527);
#10219=AXIS2_PLACEMENT_3D('',#15893,#12528,#12529);
#10220=AXIS2_PLACEMENT_3D('',#15895,#12531,#12532);
#10221=AXIS2_PLACEMENT_3D('',#15897,#12534,#12535);
#10222=AXIS2_PLACEMENT_3D('',#15898,#12536,#12537);
#10223=AXIS2_PLACEMENT_3D('',#15900,#12539,#12540);
#10224=AXIS2_PLACEMENT_3D('',#15902,#12542,#12543);
#10225=AXIS2_PLACEMENT_3D('',#15903,#12544,#12545);
#10226=AXIS2_PLACEMENT_3D('',#15905,#12547,#12548);
#10227=AXIS2_PLACEMENT_3D('',#15907,#12550,#12551);
#10228=AXIS2_PLACEMENT_3D('',#15908,#12552,#12553);
#10229=AXIS2_PLACEMENT_3D('',#15910,#12555,#12556);
#10230=AXIS2_PLACEMENT_3D('',#15912,#12558,#12559);
#10231=AXIS2_PLACEMENT_3D('',#15913,#12560,#12561);
#10232=AXIS2_PLACEMENT_3D('',#15915,#12563,#12564);
#10233=AXIS2_PLACEMENT_3D('',#15917,#12566,#12567);
#10234=AXIS2_PLACEMENT_3D('',#15918,#12568,#12569);
#10235=AXIS2_PLACEMENT_3D('',#15920,#12571,#12572);
#10236=AXIS2_PLACEMENT_3D('',#15922,#12574,#12575);
#10237=AXIS2_PLACEMENT_3D('',#15923,#12576,#12577);
#10238=AXIS2_PLACEMENT_3D('',#15925,#12579,#12580);
#10239=AXIS2_PLACEMENT_3D('',#15927,#12582,#12583);
#10240=AXIS2_PLACEMENT_3D('',#15928,#12584,#12585);
#10241=AXIS2_PLACEMENT_3D('',#15930,#12587,#12588);
#10242=AXIS2_PLACEMENT_3D('',#15932,#12590,#12591);
#10243=AXIS2_PLACEMENT_3D('',#15933,#12592,#12593);
#10244=AXIS2_PLACEMENT_3D('',#15935,#12595,#12596);
#10245=AXIS2_PLACEMENT_3D('',#15937,#12598,#12599);
#10246=AXIS2_PLACEMENT_3D('',#15938,#12600,#12601);
#10247=AXIS2_PLACEMENT_3D('',#15940,#12603,#12604);
#10248=AXIS2_PLACEMENT_3D('',#15942,#12606,#12607);
#10249=AXIS2_PLACEMENT_3D('',#15943,#12608,#12609);
#10250=AXIS2_PLACEMENT_3D('',#15945,#12611,#12612);
#10251=AXIS2_PLACEMENT_3D('',#15947,#12614,#12615);
#10252=AXIS2_PLACEMENT_3D('',#15948,#12616,#12617);
#10253=AXIS2_PLACEMENT_3D('',#15950,#12619,#12620);
#10254=AXIS2_PLACEMENT_3D('',#15952,#12622,#12623);
#10255=AXIS2_PLACEMENT_3D('',#15953,#12624,#12625);
#10256=AXIS2_PLACEMENT_3D('',#15955,#12627,#12628);
#10257=AXIS2_PLACEMENT_3D('',#15957,#12630,#12631);
#10258=AXIS2_PLACEMENT_3D('',#15958,#12632,#12633);
#10259=AXIS2_PLACEMENT_3D('',#15960,#12635,#12636);
#10260=AXIS2_PLACEMENT_3D('',#15962,#12638,#12639);
#10261=AXIS2_PLACEMENT_3D('',#15963,#12640,#12641);
#10262=AXIS2_PLACEMENT_3D('',#15965,#12643,#12644);
#10263=AXIS2_PLACEMENT_3D('',#15967,#12646,#12647);
#10264=AXIS2_PLACEMENT_3D('',#15968,#12648,#12649);
#10265=AXIS2_PLACEMENT_3D('',#15970,#12651,#12652);
#10266=AXIS2_PLACEMENT_3D('',#15972,#12654,#12655);
#10267=AXIS2_PLACEMENT_3D('',#15973,#12656,#12657);
#10268=AXIS2_PLACEMENT_3D('',#15975,#12659,#12660);
#10269=AXIS2_PLACEMENT_3D('',#15977,#12662,#12663);
#10270=AXIS2_PLACEMENT_3D('',#15978,#12664,#12665);
#10271=AXIS2_PLACEMENT_3D('',#15980,#12667,#12668);
#10272=AXIS2_PLACEMENT_3D('',#15982,#12670,#12671);
#10273=AXIS2_PLACEMENT_3D('',#15983,#12672,#12673);
#10274=AXIS2_PLACEMENT_3D('',#15985,#12675,#12676);
#10275=AXIS2_PLACEMENT_3D('',#15986,#12677,#12678);
#10276=AXIS2_PLACEMENT_3D('',#15988,#12680,#12681);
#10277=AXIS2_PLACEMENT_3D('',#15990,#12683,#12684);
#10278=AXIS2_PLACEMENT_3D('',#15991,#12685,#12686);
#10279=AXIS2_PLACEMENT_3D('',#15993,#12688,#12689);
#10280=AXIS2_PLACEMENT_3D('',#15994,#12690,#12691);
#10281=AXIS2_PLACEMENT_3D('',#15996,#12693,#12694);
#10282=AXIS2_PLACEMENT_3D('',#15998,#12696,#12697);
#10283=AXIS2_PLACEMENT_3D('',#15999,#12698,#12699);
#10284=AXIS2_PLACEMENT_3D('',#16001,#12701,#12702);
#10285=AXIS2_PLACEMENT_3D('',#16003,#12704,#12705);
#10286=AXIS2_PLACEMENT_3D('',#16004,#12706,#12707);
#10287=AXIS2_PLACEMENT_3D('',#16006,#12709,#12710);
#10288=AXIS2_PLACEMENT_3D('',#16007,#12711,#12712);
#10289=AXIS2_PLACEMENT_3D('',#16009,#12714,#12715);
#10290=AXIS2_PLACEMENT_3D('',#16010,#12716,#12717);
#10291=AXIS2_PLACEMENT_3D('',#16012,#12719,#12720);
#10292=AXIS2_PLACEMENT_3D('',#16014,#12722,#12723);
#10293=AXIS2_PLACEMENT_3D('',#16015,#12724,#12725);
#10294=AXIS2_PLACEMENT_3D('',#16017,#12727,#12728);
#10295=AXIS2_PLACEMENT_3D('',#16019,#12730,#12731);
#10296=AXIS2_PLACEMENT_3D('',#16020,#12732,#12733);
#10297=AXIS2_PLACEMENT_3D('',#16022,#12735,#12736);
#10298=AXIS2_PLACEMENT_3D('',#16024,#12738,#12739);
#10299=AXIS2_PLACEMENT_3D('',#16025,#12740,#12741);
#10300=AXIS2_PLACEMENT_3D('',#16027,#12743,#12744);
#10301=AXIS2_PLACEMENT_3D('',#16029,#12746,#12747);
#10302=AXIS2_PLACEMENT_3D('',#16030,#12748,#12749);
#10303=AXIS2_PLACEMENT_3D('',#16032,#12751,#12752);
#10304=AXIS2_PLACEMENT_3D('',#16034,#12754,#12755);
#10305=AXIS2_PLACEMENT_3D('',#16035,#12756,#12757);
#10306=AXIS2_PLACEMENT_3D('',#16037,#12759,#12760);
#10307=AXIS2_PLACEMENT_3D('',#16039,#12762,#12763);
#10308=AXIS2_PLACEMENT_3D('',#16040,#12764,#12765);
#10309=AXIS2_PLACEMENT_3D('',#16042,#12767,#12768);
#10310=AXIS2_PLACEMENT_3D('',#16044,#12770,#12771);
#10311=AXIS2_PLACEMENT_3D('',#16045,#12772,#12773);
#10312=AXIS2_PLACEMENT_3D('',#16047,#12775,#12776);
#10313=AXIS2_PLACEMENT_3D('',#16049,#12778,#12779);
#10314=AXIS2_PLACEMENT_3D('',#16050,#12780,#12781);
#10315=AXIS2_PLACEMENT_3D('',#16051,#12782,#12783);
#10316=AXIS2_PLACEMENT_3D('',#16053,#12784,#12785);
#10317=AXIS2_PLACEMENT_3D('',#16056,#12787,#12788);
#10318=AXIS2_PLACEMENT_3D('',#16057,#12789,#12790);
#10319=AXIS2_PLACEMENT_3D('',#16060,#12791,#12792);
#10320=AXIS2_PLACEMENT_3D('',#16064,#12794,#12795);
#10321=AXIS2_PLACEMENT_3D('',#16066,#12797,#12798);
#10322=AXIS2_PLACEMENT_3D('',#16069,#12799,#12800);
#10323=AXIS2_PLACEMENT_3D('',#16073,#12802,#12803);
#10324=AXIS2_PLACEMENT_3D('',#16075,#12805,#12806);
#10325=AXIS2_PLACEMENT_3D('',#16078,#12807,#12808);
#10326=AXIS2_PLACEMENT_3D('',#16082,#12810,#12811);
#10327=AXIS2_PLACEMENT_3D('',#16084,#12813,#12814);
#10328=AXIS2_PLACEMENT_3D('',#16087,#12815,#12816);
#10329=AXIS2_PLACEMENT_3D('',#16091,#12818,#12819);
#10330=AXIS2_PLACEMENT_3D('',#16093,#12821,#12822);
#10331=AXIS2_PLACEMENT_3D('',#16096,#12823,#12824);
#10332=AXIS2_PLACEMENT_3D('',#16100,#12826,#12827);
#10333=AXIS2_PLACEMENT_3D('',#16102,#12829,#12830);
#10334=AXIS2_PLACEMENT_3D('',#16104,#12831,#12832);
#10335=AXIS2_PLACEMENT_3D('',#16106,#12833,#12834);
#10336=AXIS2_PLACEMENT_3D('',#16108,#12835,#12836);
#10337=AXIS2_PLACEMENT_3D('',#16110,#12837,#12838);
#10338=AXIS2_PLACEMENT_3D('',#16112,#12839,#12840);
#10339=AXIS2_PLACEMENT_3D('',#16114,#12841,#12842);
#10340=AXIS2_PLACEMENT_3D('',#16116,#12843,#12844);
#10341=AXIS2_PLACEMENT_3D('',#16118,#12845,#12846);
#10342=AXIS2_PLACEMENT_3D('',#16119,#12847,#12848);
#10343=AXIS2_PLACEMENT_3D('',#16121,#12849,#12850);
#10344=AXIS2_PLACEMENT_3D('',#16123,#12851,#12852);
#10345=AXIS2_PLACEMENT_3D('',#16124,#12853,#12854);
#10346=AXIS2_PLACEMENT_3D('',#16126,#12855,#12856);
#10347=AXIS2_PLACEMENT_3D('',#16128,#12857,#12858);
#10348=AXIS2_PLACEMENT_3D('',#16130,#12859,#12860);
#10349=AXIS2_PLACEMENT_3D('',#16132,#12861,#12862);
#10350=AXIS2_PLACEMENT_3D('',#16134,#12863,#12864);
#10351=AXIS2_PLACEMENT_3D('',#16136,#12865,#12866);
#10352=AXIS2_PLACEMENT_3D('',#16138,#12867,#12868);
#10353=AXIS2_PLACEMENT_3D('',#16140,#12869,#12870);
#10354=AXIS2_PLACEMENT_3D('',#16142,#12871,#12872);
#10355=AXIS2_PLACEMENT_3D('',#16144,#12873,#12874);
#10356=AXIS2_PLACEMENT_3D('',#16146,#12875,#12876);
#10357=AXIS2_PLACEMENT_3D('',#16148,#12877,#12878);
#10358=AXIS2_PLACEMENT_3D('',#16150,#12879,#12880);
#10359=AXIS2_PLACEMENT_3D('',#16152,#12881,#12882);
#10360=AXIS2_PLACEMENT_3D('',#16154,#12883,#12884);
#10361=AXIS2_PLACEMENT_3D('',#16156,#12885,#12886);
#10362=AXIS2_PLACEMENT_3D('',#16158,#12887,#12888);
#10363=AXIS2_PLACEMENT_3D('',#16160,#12889,#12890);
#10364=AXIS2_PLACEMENT_3D('',#16162,#12891,#12892);
#10365=AXIS2_PLACEMENT_3D('',#16164,#12893,#12894);
#10366=AXIS2_PLACEMENT_3D('',#16166,#12895,#12896);
#10367=AXIS2_PLACEMENT_3D('',#16168,#12897,#12898);
#10368=AXIS2_PLACEMENT_3D('',#16170,#12899,#12900);
#10369=AXIS2_PLACEMENT_3D('',#16172,#12901,#12902);
#10370=AXIS2_PLACEMENT_3D('',#16174,#12903,#12904);
#10371=AXIS2_PLACEMENT_3D('',#16176,#12905,#12906);
#10372=AXIS2_PLACEMENT_3D('',#16178,#12907,#12908);
#10373=AXIS2_PLACEMENT_3D('',#16180,#12909,#12910);
#10374=AXIS2_PLACEMENT_3D('',#16182,#12911,#12912);
#10375=AXIS2_PLACEMENT_3D('',#16184,#12913,#12914);
#10376=AXIS2_PLACEMENT_3D('',#16186,#12915,#12916);
#10377=AXIS2_PLACEMENT_3D('',#16188,#12917,#12918);
#10378=AXIS2_PLACEMENT_3D('',#16190,#12919,#12920);
#10379=AXIS2_PLACEMENT_3D('',#16192,#12921,#12922);
#10380=AXIS2_PLACEMENT_3D('',#16194,#12923,#12924);
#10381=AXIS2_PLACEMENT_3D('',#16196,#12925,#12926);
#10382=AXIS2_PLACEMENT_3D('',#16197,#12927,#12928);
#10383=AXIS2_PLACEMENT_3D('',#16199,#12929,#12930);
#10384=AXIS2_PLACEMENT_3D('',#16201,#12931,#12932);
#10385=AXIS2_PLACEMENT_3D('',#16202,#12933,#12934);
#10386=AXIS2_PLACEMENT_3D('',#16204,#12935,#12936);
#10387=AXIS2_PLACEMENT_3D('',#16206,#12937,#12938);
#10388=AXIS2_PLACEMENT_3D('',#16208,#12939,#12940);
#10389=AXIS2_PLACEMENT_3D('',#16210,#12941,#12942);
#10390=AXIS2_PLACEMENT_3D('',#16212,#12943,#12944);
#10391=AXIS2_PLACEMENT_3D('',#16214,#12945,#12946);
#10392=AXIS2_PLACEMENT_3D('',#16215,#12947,#12948);
#10393=AXIS2_PLACEMENT_3D('',#16216,#12949,#12950);
#10394=AXIS2_PLACEMENT_3D('',#16221,#12953,#12954);
#10395=AXIS2_PLACEMENT_3D('',#16222,#12955,#12956);
#10396=AXIS2_PLACEMENT_3D('',#16226,#12958,#12959);
#10397=AXIS2_PLACEMENT_3D('',#16228,#12961,#12962);
#10398=AXIS2_PLACEMENT_3D('',#16233,#12965,#12966);
#10399=AXIS2_PLACEMENT_3D('',#16234,#12967,#12968);
#10400=AXIS2_PLACEMENT_3D('',#16237,#12970,#12971);
#10401=AXIS2_PLACEMENT_3D('',#16238,#12972,#12973);
#10402=AXIS2_PLACEMENT_3D('',#16241,#12975,#12976);
#10403=AXIS2_PLACEMENT_3D('',#16242,#12977,#12978);
#10404=AXIS2_PLACEMENT_3D('',#16246,#12980,#12981);
#10405=AXIS2_PLACEMENT_3D('',#16248,#12983,#12984);
#10406=AXIS2_PLACEMENT_3D('',#16251,#12986,#12987);
#10407=AXIS2_PLACEMENT_3D('',#16252,#12988,#12989);
#10408=AXIS2_PLACEMENT_3D('',#16256,#12991,#12992);
#10409=AXIS2_PLACEMENT_3D('',#16258,#12994,#12995);
#10410=AXIS2_PLACEMENT_3D('',#16263,#12998,#12999);
#10411=AXIS2_PLACEMENT_3D('',#16264,#13000,#13001);
#10412=AXIS2_PLACEMENT_3D('',#16268,#13003,#13004);
#10413=AXIS2_PLACEMENT_3D('',#16270,#13006,#13007);
#10414=AXIS2_PLACEMENT_3D('',#16274,#13009,#13010);
#10415=AXIS2_PLACEMENT_3D('',#16276,#13012,#13013);
#10416=AXIS2_PLACEMENT_3D('',#16281,#13016,#13017);
#10417=AXIS2_PLACEMENT_3D('',#16282,#13018,#13019);
#10418=AXIS2_PLACEMENT_3D('',#16286,#13021,#13022);
#10419=AXIS2_PLACEMENT_3D('',#16288,#13024,#13025);
#10420=AXIS2_PLACEMENT_3D('',#16292,#13027,#13028);
#10421=AXIS2_PLACEMENT_3D('',#16294,#13030,#13031);
#10422=AXIS2_PLACEMENT_3D('',#16299,#13034,#13035);
#10423=AXIS2_PLACEMENT_3D('',#16300,#13036,#13037);
#10424=AXIS2_PLACEMENT_3D('',#16301,#13038,#13039);
#10425=AXIS2_PLACEMENT_3D('',#16303,#13040,#13041);
#10426=AXIS2_PLACEMENT_3D('',#16305,#13042,#13043);
#10427=AXIS2_PLACEMENT_3D('',#16306,#13044,#13045);
#10428=AXIS2_PLACEMENT_3D('',#16308,#13046,#13047);
#10429=AXIS2_PLACEMENT_3D('',#16309,#13048,#13049);
#10430=AXIS2_PLACEMENT_3D('',#16311,#13050,#13051);
#10431=AXIS2_PLACEMENT_3D('',#16312,#13052,#13053);
#10432=AXIS2_PLACEMENT_3D('',#16314,#13054,#13055);
#10433=AXIS2_PLACEMENT_3D('',#16316,#13056,#13057);
#10434=AXIS2_PLACEMENT_3D('',#16318,#13058,#13059);
#10435=AXIS2_PLACEMENT_3D('',#16319,#13060,#13061);
#10436=AXIS2_PLACEMENT_3D('',#16321,#13062,#13063);
#10437=AXIS2_PLACEMENT_3D('',#16323,#13064,#13065);
#10438=AXIS2_PLACEMENT_3D('',#16324,#13066,#13067);
#10439=AXIS2_PLACEMENT_3D('',#16326,#13068,#13069);
#10440=AXIS2_PLACEMENT_3D('',#16328,#13070,#13071);
#10441=AXIS2_PLACEMENT_3D('',#16329,#13072,#13073);
#10442=AXIS2_PLACEMENT_3D('',#16331,#13074,#13075);
#10443=AXIS2_PLACEMENT_3D('',#16333,#13076,#13077);
#10444=AXIS2_PLACEMENT_3D('',#16334,#13078,#13079);
#10445=AXIS2_PLACEMENT_3D('',#16336,#13080,#13081);
#10446=AXIS2_PLACEMENT_3D('',#16338,#13082,#13083);
#10447=AXIS2_PLACEMENT_3D('',#16339,#13084,#13085);
#10448=AXIS2_PLACEMENT_3D('',#16341,#13086,#13087);
#10449=AXIS2_PLACEMENT_3D('',#16343,#13088,#13089);
#10450=AXIS2_PLACEMENT_3D('',#16344,#13090,#13091);
#10451=AXIS2_PLACEMENT_3D('',#16346,#13092,#13093);
#10452=AXIS2_PLACEMENT_3D('',#16348,#13094,#13095);
#10453=AXIS2_PLACEMENT_3D('',#16349,#13096,#13097);
#10454=AXIS2_PLACEMENT_3D('',#16351,#13098,#13099);
#10455=AXIS2_PLACEMENT_3D('',#16353,#13100,#13101);
#10456=AXIS2_PLACEMENT_3D('',#16354,#13102,#13103);
#10457=AXIS2_PLACEMENT_3D('',#16356,#13104,#13105);
#10458=AXIS2_PLACEMENT_3D('',#16358,#13106,#13107);
#10459=AXIS2_PLACEMENT_3D('',#16359,#13108,#13109);
#10460=AXIS2_PLACEMENT_3D('',#16361,#13110,#13111);
#10461=AXIS2_PLACEMENT_3D('',#16362,#13112,#13113);
#10462=AXIS2_PLACEMENT_3D('',#16364,#13114,#13115);
#10463=AXIS2_PLACEMENT_3D('',#16365,#13116,#13117);
#10464=AXIS2_PLACEMENT_3D('',#16367,#13118,#13119);
#10465=AXIS2_PLACEMENT_3D('',#16369,#13120,#13121);
#10466=AXIS2_PLACEMENT_3D('',#16370,#13122,#13123);
#10467=AXIS2_PLACEMENT_3D('',#16371,#13124,#13125);
#10468=AXIS2_PLACEMENT_3D('',#16372,#13126,#13127);
#10469=AXIS2_PLACEMENT_3D('',#16374,#13129,#13130);
#10470=AXIS2_PLACEMENT_3D('',#16376,#13132,#13133);
#10471=AXIS2_PLACEMENT_3D('',#16378,#13135,#13136);
#10472=AXIS2_PLACEMENT_3D('',#16379,#13137,#13138);
#10473=AXIS2_PLACEMENT_3D('',#16381,#13140,#13141);
#10474=AXIS2_PLACEMENT_3D('',#16382,#13142,#13143);
#10475=AXIS2_PLACEMENT_3D('',#16384,#13145,#13146);
#10476=AXIS2_PLACEMENT_3D('',#16386,#13148,#13149);
#10477=AXIS2_PLACEMENT_3D('',#16387,#13150,#13151);
#10478=AXIS2_PLACEMENT_3D('',#16389,#13153,#13154);
#10479=AXIS2_PLACEMENT_3D('',#16391,#13156,#13157);
#10480=AXIS2_PLACEMENT_3D('',#16392,#13158,#13159);
#10481=AXIS2_PLACEMENT_3D('',#16394,#13161,#13162);
#10482=AXIS2_PLACEMENT_3D('',#16396,#13164,#13165);
#10483=AXIS2_PLACEMENT_3D('',#16397,#13166,#13167);
#10484=AXIS2_PLACEMENT_3D('',#16399,#13169,#13170);
#10485=AXIS2_PLACEMENT_3D('',#16401,#13172,#13173);
#10486=AXIS2_PLACEMENT_3D('',#16402,#13174,#13175);
#10487=AXIS2_PLACEMENT_3D('',#16404,#13177,#13178);
#10488=AXIS2_PLACEMENT_3D('',#16406,#13180,#13181);
#10489=AXIS2_PLACEMENT_3D('',#16407,#13182,#13183);
#10490=AXIS2_PLACEMENT_3D('',#16409,#13185,#13186);
#10491=AXIS2_PLACEMENT_3D('',#16411,#13188,#13189);
#10492=AXIS2_PLACEMENT_3D('',#16412,#13190,#13191);
#10493=AXIS2_PLACEMENT_3D('',#16414,#13193,#13194);
#10494=AXIS2_PLACEMENT_3D('',#16416,#13196,#13197);
#10495=AXIS2_PLACEMENT_3D('',#16417,#13198,#13199);
#10496=AXIS2_PLACEMENT_3D('',#16419,#13201,#13202);
#10497=AXIS2_PLACEMENT_3D('',#16420,#13203,#13204);
#10498=AXIS2_PLACEMENT_3D('',#16422,#13206,#13207);
#10499=AXIS2_PLACEMENT_3D('',#16424,#13209,#13210);
#10500=AXIS2_PLACEMENT_3D('',#16425,#13211,#13212);
#10501=AXIS2_PLACEMENT_3D('',#16427,#13214,#13215);
#10502=AXIS2_PLACEMENT_3D('',#16428,#13216,#13217);
#10503=AXIS2_PLACEMENT_3D('',#16430,#13219,#13220);
#10504=AXIS2_PLACEMENT_3D('',#16432,#13222,#13223);
#10505=AXIS2_PLACEMENT_3D('',#16433,#13224,#13225);
#10506=AXIS2_PLACEMENT_3D('',#16435,#13227,#13228);
#10507=AXIS2_PLACEMENT_3D('',#16436,#13229,#13230);
#10508=AXIS2_PLACEMENT_3D('',#16438,#13232,#13233);
#10509=AXIS2_PLACEMENT_3D('',#16440,#13235,#13236);
#10510=AXIS2_PLACEMENT_3D('',#16441,#13237,#13238);
#10511=AXIS2_PLACEMENT_3D('',#16442,#13239,#13240);
#10512=AXIS2_PLACEMENT_3D('',#16443,#13241,#13242);
#10513=AXIS2_PLACEMENT_3D('',#16444,#13243,#13244);
#10514=AXIS2_PLACEMENT_3D('',#16446,#13245,#13246);
#10515=AXIS2_PLACEMENT_3D('',#16449,#13248,#13249);
#10516=AXIS2_PLACEMENT_3D('',#16450,#13250,#13251);
#10517=AXIS2_PLACEMENT_3D('',#16453,#13252,#13253);
#10518=AXIS2_PLACEMENT_3D('',#16454,#13254,#13255);
#10519=AXIS2_PLACEMENT_3D('',#16457,#13257,#13258);
#10520=AXIS2_PLACEMENT_3D('',#16458,#13259,#13260);
#10521=AXIS2_PLACEMENT_3D('',#16460,#13262,#13263);
#10522=AXIS2_PLACEMENT_3D('',#16461,#13264,#13265);
#10523=AXIS2_PLACEMENT_3D('',#16462,#13266,#13267);
#10524=AXIS2_PLACEMENT_3D('',#16463,#13268,#13269);
#10525=AXIS2_PLACEMENT_3D('',#16464,#13270,#13271);
#10526=AXIS2_PLACEMENT_3D('',#16465,#13272,#13273);
#10527=AXIS2_PLACEMENT_3D('',#16466,#13274,#13275);
#10528=AXIS2_PLACEMENT_3D('',#16467,#13276,#13277);
#10529=AXIS2_PLACEMENT_3D('',#16468,#13278,#13279);
#10530=AXIS2_PLACEMENT_3D('',#16469,#13280,#13281);
#10531=AXIS2_PLACEMENT_3D('',#16470,#13282,#13283);
#10532=AXIS2_PLACEMENT_3D('',#16473,#13284,#13285);
#10533=AXIS2_PLACEMENT_3D('',#16475,#13286,#13287);
#10534=AXIS2_PLACEMENT_3D('',#16477,#13288,#13289);
#10535=AXIS2_PLACEMENT_3D('',#16478,#13290,#13291);
#10536=AXIS2_PLACEMENT_3D('',#16479,#13292,#13293);
#10537=AXIS2_PLACEMENT_3D('',#16480,#13294,#13295);
#10538=AXIS2_PLACEMENT_3D('',#16482,#13296,#13297);
#10539=AXIS2_PLACEMENT_3D('',#16485,#13299,#13300);
#10540=AXIS2_PLACEMENT_3D('',#16486,#13301,#13302);
#10541=AXIS2_PLACEMENT_3D('',#16489,#13303,#13304);
#10542=AXIS2_PLACEMENT_3D('',#16490,#13305,#13306);
#10543=AXIS2_PLACEMENT_3D('',#16493,#13308,#13309);
#10544=AXIS2_PLACEMENT_3D('',#16494,#13310,#13311);
#10545=AXIS2_PLACEMENT_3D('',#16497,#13312,#13313);
#10546=AXIS2_PLACEMENT_3D('',#16498,#13314,#13315);
#10547=AXIS2_PLACEMENT_3D('',#16501,#13317,#13318);
#10548=AXIS2_PLACEMENT_3D('',#16502,#13319,#13320);
#10549=AXIS2_PLACEMENT_3D('',#16504,#13321,#13322);
#10550=AXIS2_PLACEMENT_3D('',#16507,#13324,#13325);
#10551=AXIS2_PLACEMENT_3D('',#16508,#13326,#13327);
#10552=AXIS2_PLACEMENT_3D('',#16510,#13328,#13329);
#10553=AXIS2_PLACEMENT_3D('',#16513,#13331,#13332);
#10554=AXIS2_PLACEMENT_3D('',#16514,#13333,#13334);
#10555=AXIS2_PLACEMENT_3D('',#16516,#13335,#13336);
#10556=AXIS2_PLACEMENT_3D('',#16519,#13338,#13339);
#10557=AXIS2_PLACEMENT_3D('',#16520,#13340,#13341);
#10558=AXIS2_PLACEMENT_3D('',#16522,#13342,#13343);
#10559=AXIS2_PLACEMENT_3D('',#16524,#13345,#13346);
#10560=AXIS2_PLACEMENT_3D('',#16526,#13348,#13349);
#10561=AXIS2_PLACEMENT_3D('',#16528,#13351,#13352);
#10562=AXIS2_PLACEMENT_3D('',#16530,#13354,#13355);
#10563=AXIS2_PLACEMENT_3D('',#16531,#13356,#13357);
#10564=AXIS2_PLACEMENT_3D('',#16532,#13358,#13359);
#10565=AXIS2_PLACEMENT_3D('',#16533,#13360,#13361);
#10566=AXIS2_PLACEMENT_3D('',#16534,#13362,#13363);
#10567=AXIS2_PLACEMENT_3D('',#16535,#13364,#13365);
#10568=AXIS2_PLACEMENT_3D('',#16538,#13366,#13367);
#10569=AXIS2_PLACEMENT_3D('',#16539,#13368,#13369);
#10570=AXIS2_PLACEMENT_3D('',#16542,#13371,#13372);
#10571=AXIS2_PLACEMENT_3D('',#16543,#13373,#13374);
#10572=AXIS2_PLACEMENT_3D('',#16545,#13375,#13376);
#10573=AXIS2_PLACEMENT_3D('',#16548,#13378,#13379);
#10574=AXIS2_PLACEMENT_3D('',#16549,#13380,#13381);
#10575=AXIS2_PLACEMENT_3D('',#16552,#13383,#13384);
#10576=AXIS2_PLACEMENT_3D('',#16553,#13385,#13386);
#10577=AXIS2_PLACEMENT_3D('',#16554,#13387,#13388);
#10578=AXIS2_PLACEMENT_3D('',#16555,#13389,#13390);
#10579=AXIS2_PLACEMENT_3D('',#16556,#13391,#13392);
#10580=AXIS2_PLACEMENT_3D('',#16558,#13393,#13394);
#10581=AXIS2_PLACEMENT_3D('',#16561,#13396,#13397);
#10582=AXIS2_PLACEMENT_3D('',#16562,#13398,#13399);
#10583=AXIS2_PLACEMENT_3D('',#16565,#13400,#13401);
#10584=AXIS2_PLACEMENT_3D('',#16569,#13403,#13404);
#10585=AXIS2_PLACEMENT_3D('',#16571,#13406,#13407);
#10586=AXIS2_PLACEMENT_3D('',#16574,#13408,#13409);
#10587=AXIS2_PLACEMENT_3D('',#16578,#13411,#13412);
#10588=AXIS2_PLACEMENT_3D('',#16580,#13414,#13415);
#10589=AXIS2_PLACEMENT_3D('',#16583,#13416,#13417);
#10590=AXIS2_PLACEMENT_3D('',#16587,#13419,#13420);
#10591=AXIS2_PLACEMENT_3D('',#16589,#13422,#13423);
#10592=AXIS2_PLACEMENT_3D('',#16592,#13424,#13425);
#10593=AXIS2_PLACEMENT_3D('',#16594,#13426,#13427);
#10594=AXIS2_PLACEMENT_3D('',#16596,#13428,#13429);
#10595=AXIS2_PLACEMENT_3D('',#16598,#13430,#13431);
#10596=AXIS2_PLACEMENT_3D('',#16600,#13432,#13433);
#10597=AXIS2_PLACEMENT_3D('',#16602,#13434,#13435);
#10598=AXIS2_PLACEMENT_3D('',#16604,#13436,#13437);
#10599=AXIS2_PLACEMENT_3D('',#16606,#13438,#13439);
#10600=AXIS2_PLACEMENT_3D('',#16608,#13440,#13441);
#10601=AXIS2_PLACEMENT_3D('',#16610,#13442,#13443);
#10602=AXIS2_PLACEMENT_3D('',#16612,#13444,#13445);
#10603=AXIS2_PLACEMENT_3D('',#16614,#13446,#13447);
#10604=AXIS2_PLACEMENT_3D('',#16616,#13448,#13449);
#10605=AXIS2_PLACEMENT_3D('',#16618,#13450,#13451);
#10606=AXIS2_PLACEMENT_3D('',#16620,#13452,#13453);
#10607=AXIS2_PLACEMENT_3D('',#16622,#13454,#13455);
#10608=AXIS2_PLACEMENT_3D('',#16624,#13456,#13457);
#10609=AXIS2_PLACEMENT_3D('',#16626,#13458,#13459);
#10610=AXIS2_PLACEMENT_3D('',#16628,#13460,#13461);
#10611=AXIS2_PLACEMENT_3D('',#16630,#13462,#13463);
#10612=AXIS2_PLACEMENT_3D('',#16632,#13464,#13465);
#10613=AXIS2_PLACEMENT_3D('',#16634,#13466,#13467);
#10614=AXIS2_PLACEMENT_3D('',#16636,#13468,#13469);
#10615=AXIS2_PLACEMENT_3D('',#16638,#13470,#13471);
#10616=AXIS2_PLACEMENT_3D('',#16640,#13472,#13473);
#10617=AXIS2_PLACEMENT_3D('',#16642,#13474,#13475);
#10618=AXIS2_PLACEMENT_3D('',#16644,#13476,#13477);
#10619=AXIS2_PLACEMENT_3D('',#16646,#13478,#13479);
#10620=AXIS2_PLACEMENT_3D('',#16648,#13480,#13481);
#10621=AXIS2_PLACEMENT_3D('',#16650,#13482,#13483);
#10622=AXIS2_PLACEMENT_3D('',#16652,#13484,#13485);
#10623=AXIS2_PLACEMENT_3D('',#16654,#13486,#13487);
#10624=AXIS2_PLACEMENT_3D('',#16656,#13488,#13489);
#10625=AXIS2_PLACEMENT_3D('',#16657,#13490,#13491);
#10626=AXIS2_PLACEMENT_3D('',#16659,#13492,#13493);
#10627=AXIS2_PLACEMENT_3D('',#16661,#13494,#13495);
#10628=AXIS2_PLACEMENT_3D('',#16663,#13496,#13497);
#10629=AXIS2_PLACEMENT_3D('',#16665,#13498,#13499);
#10630=AXIS2_PLACEMENT_3D('',#16667,#13500,#13501);
#10631=AXIS2_PLACEMENT_3D('',#16669,#13502,#13503);
#10632=AXIS2_PLACEMENT_3D('',#16671,#13504,#13505);
#10633=AXIS2_PLACEMENT_3D('',#16673,#13506,#13507);
#10634=AXIS2_PLACEMENT_3D('',#16675,#13508,#13509);
#10635=AXIS2_PLACEMENT_3D('',#16677,#13510,#13511);
#10636=AXIS2_PLACEMENT_3D('',#16679,#13512,#13513);
#10637=AXIS2_PLACEMENT_3D('',#16681,#13514,#13515);
#10638=AXIS2_PLACEMENT_3D('',#16683,#13516,#13517);
#10639=AXIS2_PLACEMENT_3D('',#16685,#13518,#13519);
#10640=AXIS2_PLACEMENT_3D('',#16687,#13520,#13521);
#10641=AXIS2_PLACEMENT_3D('',#16689,#13522,#13523);
#10642=AXIS2_PLACEMENT_3D('',#16691,#13524,#13525);
#10643=AXIS2_PLACEMENT_3D('',#16693,#13526,#13527);
#10644=AXIS2_PLACEMENT_3D('',#16695,#13528,#13529);
#10645=AXIS2_PLACEMENT_3D('',#16697,#13530,#13531);
#10646=AXIS2_PLACEMENT_3D('',#16699,#13532,#13533);
#10647=AXIS2_PLACEMENT_3D('',#16701,#13534,#13535);
#10648=AXIS2_PLACEMENT_3D('',#16703,#13536,#13537);
#10649=AXIS2_PLACEMENT_3D('',#16705,#13538,#13539);
#10650=AXIS2_PLACEMENT_3D('',#16707,#13540,#13541);
#10651=AXIS2_PLACEMENT_3D('',#16709,#13542,#13543);
#10652=AXIS2_PLACEMENT_3D('',#16711,#13544,#13545);
#10653=AXIS2_PLACEMENT_3D('',#16713,#13546,#13547);
#10654=AXIS2_PLACEMENT_3D('',#16715,#13548,#13549);
#10655=AXIS2_PLACEMENT_3D('',#16717,#13550,#13551);
#10656=AXIS2_PLACEMENT_3D('',#16719,#13552,#13553);
#10657=AXIS2_PLACEMENT_3D('',#16721,#13554,#13555);
#10658=AXIS2_PLACEMENT_3D('',#16723,#13556,#13557);
#10659=AXIS2_PLACEMENT_3D('',#16725,#13558,#13559);
#10660=AXIS2_PLACEMENT_3D('',#16727,#13560,#13561);
#10661=AXIS2_PLACEMENT_3D('',#16729,#13562,#13563);
#10662=AXIS2_PLACEMENT_3D('',#16731,#13564,#13565);
#10663=AXIS2_PLACEMENT_3D('',#16733,#13566,#13567);
#10664=AXIS2_PLACEMENT_3D('',#16735,#13568,#13569);
#10665=AXIS2_PLACEMENT_3D('',#16737,#13570,#13571);
#10666=AXIS2_PLACEMENT_3D('',#16739,#13572,#13573);
#10667=AXIS2_PLACEMENT_3D('',#16741,#13574,#13575);
#10668=AXIS2_PLACEMENT_3D('',#16743,#13576,#13577);
#10669=AXIS2_PLACEMENT_3D('',#16745,#13578,#13579);
#10670=AXIS2_PLACEMENT_3D('',#16747,#13580,#13581);
#10671=AXIS2_PLACEMENT_3D('',#16749,#13582,#13583);
#10672=AXIS2_PLACEMENT_3D('',#16751,#13584,#13585);
#10673=AXIS2_PLACEMENT_3D('',#16753,#13586,#13587);
#10674=AXIS2_PLACEMENT_3D('',#16755,#13588,#13589);
#10675=AXIS2_PLACEMENT_3D('',#16757,#13590,#13591);
#10676=AXIS2_PLACEMENT_3D('',#16759,#13592,#13593);
#10677=AXIS2_PLACEMENT_3D('',#16761,#13594,#13595);
#10678=AXIS2_PLACEMENT_3D('',#16763,#13596,#13597);
#10679=AXIS2_PLACEMENT_3D('',#16765,#13598,#13599);
#10680=AXIS2_PLACEMENT_3D('',#16767,#13600,#13601);
#10681=AXIS2_PLACEMENT_3D('',#16769,#13602,#13603);
#10682=AXIS2_PLACEMENT_3D('',#16771,#13604,#13605);
#10683=AXIS2_PLACEMENT_3D('',#16773,#13606,#13607);
#10684=AXIS2_PLACEMENT_3D('',#16775,#13608,#13609);
#10685=AXIS2_PLACEMENT_3D('',#16777,#13610,#13611);
#10686=AXIS2_PLACEMENT_3D('',#16779,#13612,#13613);
#10687=AXIS2_PLACEMENT_3D('',#16781,#13614,#13615);
#10688=AXIS2_PLACEMENT_3D('',#16783,#13616,#13617);
#10689=AXIS2_PLACEMENT_3D('',#16785,#13618,#13619);
#10690=AXIS2_PLACEMENT_3D('',#16787,#13620,#13621);
#10691=AXIS2_PLACEMENT_3D('',#16789,#13622,#13623);
#10692=AXIS2_PLACEMENT_3D('',#16791,#13624,#13625);
#10693=AXIS2_PLACEMENT_3D('',#16793,#13626,#13627);
#10694=AXIS2_PLACEMENT_3D('',#16795,#13628,#13629);
#10695=AXIS2_PLACEMENT_3D('',#16797,#13630,#13631);
#10696=AXIS2_PLACEMENT_3D('',#16799,#13632,#13633);
#10697=AXIS2_PLACEMENT_3D('',#16801,#13634,#13635);
#10698=AXIS2_PLACEMENT_3D('',#16803,#13636,#13637);
#10699=AXIS2_PLACEMENT_3D('',#16805,#13638,#13639);
#10700=AXIS2_PLACEMENT_3D('',#16807,#13640,#13641);
#10701=AXIS2_PLACEMENT_3D('',#16809,#13642,#13643);
#10702=AXIS2_PLACEMENT_3D('',#16811,#13644,#13645);
#10703=AXIS2_PLACEMENT_3D('',#16813,#13646,#13647);
#10704=AXIS2_PLACEMENT_3D('',#16815,#13648,#13649);
#10705=AXIS2_PLACEMENT_3D('',#16817,#13650,#13651);
#10706=AXIS2_PLACEMENT_3D('',#16819,#13652,#13653);
#10707=AXIS2_PLACEMENT_3D('',#16821,#13654,#13655);
#10708=AXIS2_PLACEMENT_3D('',#16823,#13656,#13657);
#10709=AXIS2_PLACEMENT_3D('',#16825,#13658,#13659);
#10710=AXIS2_PLACEMENT_3D('',#16827,#13660,#13661);
#10711=AXIS2_PLACEMENT_3D('',#16829,#13662,#13663);
#10712=AXIS2_PLACEMENT_3D('',#16831,#13664,#13665);
#10713=AXIS2_PLACEMENT_3D('',#16833,#13666,#13667);
#10714=AXIS2_PLACEMENT_3D('',#16835,#13668,#13669);
#10715=AXIS2_PLACEMENT_3D('',#16837,#13670,#13671);
#10716=AXIS2_PLACEMENT_3D('',#16839,#13672,#13673);
#10717=AXIS2_PLACEMENT_3D('',#16841,#13674,#13675);
#10718=AXIS2_PLACEMENT_3D('',#16843,#13676,#13677);
#10719=AXIS2_PLACEMENT_3D('',#16845,#13678,#13679);
#10720=AXIS2_PLACEMENT_3D('',#16847,#13680,#13681);
#10721=AXIS2_PLACEMENT_3D('',#16849,#13682,#13683);
#10722=AXIS2_PLACEMENT_3D('',#16850,#13684,#13685);
#10723=AXIS2_PLACEMENT_3D('',#16852,#13686,#13687);
#10724=AXIS2_PLACEMENT_3D('',#16854,#13688,#13689);
#10725=AXIS2_PLACEMENT_3D('',#16855,#13690,#13691);
#10726=AXIS2_PLACEMENT_3D('',#16857,#13692,#13693);
#10727=AXIS2_PLACEMENT_3D('',#16859,#13694,#13695);
#10728=AXIS2_PLACEMENT_3D('',#16861,#13696,#13697);
#10729=AXIS2_PLACEMENT_3D('',#16863,#13698,#13699);
#10730=AXIS2_PLACEMENT_3D('',#16865,#13700,#13701);
#10731=AXIS2_PLACEMENT_3D('',#16867,#13702,#13703);
#10732=AXIS2_PLACEMENT_3D('',#16869,#13704,#13705);
#10733=AXIS2_PLACEMENT_3D('',#16871,#13706,#13707);
#10734=AXIS2_PLACEMENT_3D('',#16873,#13708,#13709);
#10735=AXIS2_PLACEMENT_3D('',#16875,#13710,#13711);
#10736=AXIS2_PLACEMENT_3D('',#16877,#13712,#13713);
#10737=AXIS2_PLACEMENT_3D('',#16879,#13714,#13715);
#10738=AXIS2_PLACEMENT_3D('',#16881,#13716,#13717);
#10739=AXIS2_PLACEMENT_3D('',#16883,#13718,#13719);
#10740=AXIS2_PLACEMENT_3D('',#16885,#13720,#13721);
#10741=AXIS2_PLACEMENT_3D('',#16887,#13722,#13723);
#10742=AXIS2_PLACEMENT_3D('',#16889,#13724,#13725);
#10743=AXIS2_PLACEMENT_3D('',#16891,#13726,#13727);
#10744=AXIS2_PLACEMENT_3D('',#16893,#13728,#13729);
#10745=AXIS2_PLACEMENT_3D('',#16895,#13730,#13731);
#10746=AXIS2_PLACEMENT_3D('',#16897,#13732,#13733);
#10747=AXIS2_PLACEMENT_3D('',#16899,#13734,#13735);
#10748=AXIS2_PLACEMENT_3D('',#16901,#13736,#13737);
#10749=AXIS2_PLACEMENT_3D('',#16903,#13738,#13739);
#10750=AXIS2_PLACEMENT_3D('',#16905,#13740,#13741);
#10751=AXIS2_PLACEMENT_3D('',#16907,#13742,#13743);
#10752=AXIS2_PLACEMENT_3D('',#16908,#13744,#13745);
#10753=AXIS2_PLACEMENT_3D('',#16909,#13746,#13747);
#10754=AXIS2_PLACEMENT_3D('',#16914,#13750,#13751);
#10755=AXIS2_PLACEMENT_3D('',#16915,#13752,#13753);
#10756=AXIS2_PLACEMENT_3D('',#16919,#13755,#13756);
#10757=AXIS2_PLACEMENT_3D('',#16921,#13758,#13759);
#10758=AXIS2_PLACEMENT_3D('',#16926,#13762,#13763);
#10759=AXIS2_PLACEMENT_3D('',#16927,#13764,#13765);
#10760=AXIS2_PLACEMENT_3D('',#16932,#13768,#13769);
#10761=AXIS2_PLACEMENT_3D('',#16933,#13770,#13771);
#10762=AXIS2_PLACEMENT_3D('',#16938,#13774,#13775);
#10763=AXIS2_PLACEMENT_3D('',#16939,#13776,#13777);
#10764=AXIS2_PLACEMENT_3D('',#16943,#13779,#13780);
#10765=AXIS2_PLACEMENT_3D('',#16945,#13782,#13783);
#10766=AXIS2_PLACEMENT_3D('',#16948,#13785,#13786);
#10767=AXIS2_PLACEMENT_3D('',#16949,#13787,#13788);
#10768=AXIS2_PLACEMENT_3D('',#16952,#13790,#13791);
#10769=AXIS2_PLACEMENT_3D('',#16953,#13792,#13793);
#10770=AXIS2_PLACEMENT_3D('',#16957,#13795,#13796);
#10771=AXIS2_PLACEMENT_3D('',#16959,#13798,#13799);
#10772=AXIS2_PLACEMENT_3D('',#16964,#13802,#13803);
#10773=AXIS2_PLACEMENT_3D('',#16965,#13804,#13805);
#10774=AXIS2_PLACEMENT_3D('',#16970,#13808,#13809);
#10775=AXIS2_PLACEMENT_3D('',#16971,#13810,#13811);
#10776=AXIS2_PLACEMENT_3D('',#16975,#13813,#13814);
#10777=AXIS2_PLACEMENT_3D('',#16977,#13816,#13817);
#10778=AXIS2_PLACEMENT_3D('',#16980,#13819,#13820);
#10779=AXIS2_PLACEMENT_3D('',#16981,#13821,#13822);
#10780=AXIS2_PLACEMENT_3D('',#16986,#13825,#13826);
#10781=AXIS2_PLACEMENT_3D('',#16987,#13827,#13828);
#10782=AXIS2_PLACEMENT_3D('',#16992,#13831,#13832);
#10783=AXIS2_PLACEMENT_3D('',#16993,#13833,#13834);
#10784=AXIS2_PLACEMENT_3D('',#16997,#13836,#13837);
#10785=AXIS2_PLACEMENT_3D('',#16999,#13839,#13840);
#10786=AXIS2_PLACEMENT_3D('',#17004,#13843,#13844);
#10787=AXIS2_PLACEMENT_3D('',#17005,#13845,#13846);
#10788=AXIS2_PLACEMENT_3D('',#17009,#13848,#13849);
#10789=AXIS2_PLACEMENT_3D('',#17011,#13851,#13852);
#10790=AXIS2_PLACEMENT_3D('',#17016,#13855,#13856);
#10791=AXIS2_PLACEMENT_3D('',#17017,#13857,#13858);
#10792=AXIS2_PLACEMENT_3D('',#17022,#13861,#13862);
#10793=AXIS2_PLACEMENT_3D('',#17023,#13863,#13864);
#10794=AXIS2_PLACEMENT_3D('',#17028,#13867,#13868);
#10795=AXIS2_PLACEMENT_3D('',#17029,#13869,#13870);
#10796=AXIS2_PLACEMENT_3D('',#17033,#13872,#13873);
#10797=AXIS2_PLACEMENT_3D('',#17035,#13875,#13876);
#10798=AXIS2_PLACEMENT_3D('',#17040,#13879,#13880);
#10799=AXIS2_PLACEMENT_3D('',#17041,#13881,#13882);
#10800=AXIS2_PLACEMENT_3D('',#17046,#13885,#13886);
#10801=AXIS2_PLACEMENT_3D('',#17047,#13887,#13888);
#10802=AXIS2_PLACEMENT_3D('',#17052,#13891,#13892);
#10803=AXIS2_PLACEMENT_3D('',#17053,#13893,#13894);
#10804=AXIS2_PLACEMENT_3D('',#17057,#13896,#13897);
#10805=AXIS2_PLACEMENT_3D('',#17059,#13899,#13900);
#10806=AXIS2_PLACEMENT_3D('',#17064,#13903,#13904);
#10807=AXIS2_PLACEMENT_3D('',#17065,#13905,#13906);
#10808=AXIS2_PLACEMENT_3D('',#17069,#13908,#13909);
#10809=AXIS2_PLACEMENT_3D('',#17071,#13911,#13912);
#10810=AXIS2_PLACEMENT_3D('',#17076,#13915,#13916);
#10811=AXIS2_PLACEMENT_3D('',#17077,#13917,#13918);
#10812=AXIS2_PLACEMENT_3D('',#17082,#13921,#13922);
#10813=AXIS2_PLACEMENT_3D('',#17083,#13923,#13924);
#10814=AXIS2_PLACEMENT_3D('',#17088,#13927,#13928);
#10815=AXIS2_PLACEMENT_3D('',#17089,#13929,#13930);
#10816=AXIS2_PLACEMENT_3D('',#17093,#13932,#13933);
#10817=AXIS2_PLACEMENT_3D('',#17095,#13935,#13936);
#10818=AXIS2_PLACEMENT_3D('',#17100,#13939,#13940);
#10819=AXIS2_PLACEMENT_3D('',#17101,#13941,#13942);
#10820=AXIS2_PLACEMENT_3D('',#17105,#13944,#13945);
#10821=AXIS2_PLACEMENT_3D('',#17107,#13947,#13948);
#10822=AXIS2_PLACEMENT_3D('',#17111,#13950,#13951);
#10823=AXIS2_PLACEMENT_3D('',#17113,#13953,#13954);
#10824=AXIS2_PLACEMENT_3D('',#17117,#13956,#13957);
#10825=AXIS2_PLACEMENT_3D('',#17119,#13959,#13960);
#10826=AXIS2_PLACEMENT_3D('',#17124,#13963,#13964);
#10827=AXIS2_PLACEMENT_3D('',#17125,#13965,#13966);
#10828=AXIS2_PLACEMENT_3D('',#17129,#13968,#13969);
#10829=AXIS2_PLACEMENT_3D('',#17131,#13971,#13972);
#10830=AXIS2_PLACEMENT_3D('',#17136,#13975,#13976);
#10831=AXIS2_PLACEMENT_3D('',#17137,#13977,#13978);
#10832=AXIS2_PLACEMENT_3D('',#17142,#13981,#13982);
#10833=AXIS2_PLACEMENT_3D('',#17143,#13983,#13984);
#10834=AXIS2_PLACEMENT_3D('',#17145,#13985,#13986);
#10835=AXIS2_PLACEMENT_3D('',#17147,#13987,#13988);
#10836=AXIS2_PLACEMENT_3D('',#17149,#13989,#13990);
#10837=AXIS2_PLACEMENT_3D('',#17150,#13991,#13992);
#10838=AXIS2_PLACEMENT_3D('',#17152,#13993,#13994);
#10839=AXIS2_PLACEMENT_3D('',#17154,#13995,#13996);
#10840=AXIS2_PLACEMENT_3D('',#17155,#13997,#13998);
#10841=AXIS2_PLACEMENT_3D('',#17157,#13999,#14000);
#10842=AXIS2_PLACEMENT_3D('',#17159,#14001,#14002);
#10843=AXIS2_PLACEMENT_3D('',#17160,#14003,#14004);
#10844=AXIS2_PLACEMENT_3D('',#17162,#14005,#14006);
#10845=AXIS2_PLACEMENT_3D('',#17164,#14007,#14008);
#10846=AXIS2_PLACEMENT_3D('',#17165,#14009,#14010);
#10847=AXIS2_PLACEMENT_3D('',#17167,#14011,#14012);
#10848=AXIS2_PLACEMENT_3D('',#17169,#14013,#14014);
#10849=AXIS2_PLACEMENT_3D('',#17170,#14015,#14016);
#10850=AXIS2_PLACEMENT_3D('',#17172,#14017,#14018);
#10851=AXIS2_PLACEMENT_3D('',#17174,#14019,#14020);
#10852=AXIS2_PLACEMENT_3D('',#17175,#14021,#14022);
#10853=AXIS2_PLACEMENT_3D('',#17177,#14023,#14024);
#10854=AXIS2_PLACEMENT_3D('',#17178,#14025,#14026);
#10855=AXIS2_PLACEMENT_3D('',#17180,#14027,#14028);
#10856=AXIS2_PLACEMENT_3D('',#17181,#14029,#14030);
#10857=AXIS2_PLACEMENT_3D('',#17183,#14031,#14032);
#10858=AXIS2_PLACEMENT_3D('',#17185,#14033,#14034);
#10859=AXIS2_PLACEMENT_3D('',#17187,#14035,#14036);
#10860=AXIS2_PLACEMENT_3D('',#17189,#14037,#14038);
#10861=AXIS2_PLACEMENT_3D('',#17191,#14039,#14040);
#10862=AXIS2_PLACEMENT_3D('',#17193,#14041,#14042);
#10863=AXIS2_PLACEMENT_3D('',#17194,#14043,#14044);
#10864=AXIS2_PLACEMENT_3D('',#17196,#14045,#14046);
#10865=AXIS2_PLACEMENT_3D('',#17198,#14047,#14048);
#10866=AXIS2_PLACEMENT_3D('',#17199,#14049,#14050);
#10867=AXIS2_PLACEMENT_3D('',#17201,#14051,#14052);
#10868=AXIS2_PLACEMENT_3D('',#17203,#14053,#14054);
#10869=AXIS2_PLACEMENT_3D('',#17204,#14055,#14056);
#10870=AXIS2_PLACEMENT_3D('',#17206,#14057,#14058);
#10871=AXIS2_PLACEMENT_3D('',#17208,#14059,#14060);
#10872=AXIS2_PLACEMENT_3D('',#17209,#14061,#14062);
#10873=AXIS2_PLACEMENT_3D('',#17211,#14063,#14064);
#10874=AXIS2_PLACEMENT_3D('',#17213,#14065,#14066);
#10875=AXIS2_PLACEMENT_3D('',#17214,#14067,#14068);
#10876=AXIS2_PLACEMENT_3D('',#17216,#14069,#14070);
#10877=AXIS2_PLACEMENT_3D('',#17218,#14071,#14072);
#10878=AXIS2_PLACEMENT_3D('',#17219,#14073,#14074);
#10879=AXIS2_PLACEMENT_3D('',#17221,#14075,#14076);
#10880=AXIS2_PLACEMENT_3D('',#17223,#14077,#14078);
#10881=AXIS2_PLACEMENT_3D('',#17224,#14079,#14080);
#10882=AXIS2_PLACEMENT_3D('',#17226,#14081,#14082);
#10883=AXIS2_PLACEMENT_3D('',#17228,#14083,#14084);
#10884=AXIS2_PLACEMENT_3D('',#17229,#14085,#14086);
#10885=AXIS2_PLACEMENT_3D('',#17231,#14087,#14088);
#10886=AXIS2_PLACEMENT_3D('',#17233,#14089,#14090);
#10887=AXIS2_PLACEMENT_3D('',#17234,#14091,#14092);
#10888=AXIS2_PLACEMENT_3D('',#17236,#14093,#14094);
#10889=AXIS2_PLACEMENT_3D('',#17238,#14095,#14096);
#10890=AXIS2_PLACEMENT_3D('',#17239,#14097,#14098);
#10891=AXIS2_PLACEMENT_3D('',#17241,#14099,#14100);
#10892=AXIS2_PLACEMENT_3D('',#17243,#14101,#14102);
#10893=AXIS2_PLACEMENT_3D('',#17244,#14103,#14104);
#10894=AXIS2_PLACEMENT_3D('',#17246,#14105,#14106);
#10895=AXIS2_PLACEMENT_3D('',#17248,#14107,#14108);
#10896=AXIS2_PLACEMENT_3D('',#17249,#14109,#14110);
#10897=AXIS2_PLACEMENT_3D('',#17251,#14111,#14112);
#10898=AXIS2_PLACEMENT_3D('',#17253,#14113,#14114);
#10899=AXIS2_PLACEMENT_3D('',#17254,#14115,#14116);
#10900=AXIS2_PLACEMENT_3D('',#17256,#14117,#14118);
#10901=AXIS2_PLACEMENT_3D('',#17258,#14119,#14120);
#10902=AXIS2_PLACEMENT_3D('',#17259,#14121,#14122);
#10903=AXIS2_PLACEMENT_3D('',#17261,#14123,#14124);
#10904=AXIS2_PLACEMENT_3D('',#17263,#14125,#14126);
#10905=AXIS2_PLACEMENT_3D('',#17264,#14127,#14128);
#10906=AXIS2_PLACEMENT_3D('',#17266,#14129,#14130);
#10907=AXIS2_PLACEMENT_3D('',#17268,#14131,#14132);
#10908=AXIS2_PLACEMENT_3D('',#17269,#14133,#14134);
#10909=AXIS2_PLACEMENT_3D('',#17271,#14135,#14136);
#10910=AXIS2_PLACEMENT_3D('',#17273,#14137,#14138);
#10911=AXIS2_PLACEMENT_3D('',#17274,#14139,#14140);
#10912=AXIS2_PLACEMENT_3D('',#17276,#14141,#14142);
#10913=AXIS2_PLACEMENT_3D('',#17278,#14143,#14144);
#10914=AXIS2_PLACEMENT_3D('',#17279,#14145,#14146);
#10915=AXIS2_PLACEMENT_3D('',#17281,#14147,#14148);
#10916=AXIS2_PLACEMENT_3D('',#17283,#14149,#14150);
#10917=AXIS2_PLACEMENT_3D('',#17284,#14151,#14152);
#10918=AXIS2_PLACEMENT_3D('',#17286,#14153,#14154);
#10919=AXIS2_PLACEMENT_3D('',#17288,#14155,#14156);
#10920=AXIS2_PLACEMENT_3D('',#17289,#14157,#14158);
#10921=AXIS2_PLACEMENT_3D('',#17291,#14159,#14160);
#10922=AXIS2_PLACEMENT_3D('',#17293,#14161,#14162);
#10923=AXIS2_PLACEMENT_3D('',#17294,#14163,#14164);
#10924=AXIS2_PLACEMENT_3D('',#17296,#14165,#14166);
#10925=AXIS2_PLACEMENT_3D('',#17298,#14167,#14168);
#10926=AXIS2_PLACEMENT_3D('',#17299,#14169,#14170);
#10927=AXIS2_PLACEMENT_3D('',#17301,#14171,#14172);
#10928=AXIS2_PLACEMENT_3D('',#17303,#14173,#14174);
#10929=AXIS2_PLACEMENT_3D('',#17304,#14175,#14176);
#10930=AXIS2_PLACEMENT_3D('',#17306,#14177,#14178);
#10931=AXIS2_PLACEMENT_3D('',#17307,#14179,#14180);
#10932=AXIS2_PLACEMENT_3D('',#17309,#14181,#14182);
#10933=AXIS2_PLACEMENT_3D('',#17311,#14183,#14184);
#10934=AXIS2_PLACEMENT_3D('',#17312,#14185,#14186);
#10935=AXIS2_PLACEMENT_3D('',#17314,#14187,#14188);
#10936=AXIS2_PLACEMENT_3D('',#17316,#14189,#14190);
#10937=AXIS2_PLACEMENT_3D('',#17317,#14191,#14192);
#10938=AXIS2_PLACEMENT_3D('',#17319,#14193,#14194);
#10939=AXIS2_PLACEMENT_3D('',#17321,#14195,#14196);
#10940=AXIS2_PLACEMENT_3D('',#17322,#14197,#14198);
#10941=AXIS2_PLACEMENT_3D('',#17324,#14199,#14200);
#10942=AXIS2_PLACEMENT_3D('',#17326,#14201,#14202);
#10943=AXIS2_PLACEMENT_3D('',#17327,#14203,#14204);
#10944=AXIS2_PLACEMENT_3D('',#17329,#14205,#14206);
#10945=AXIS2_PLACEMENT_3D('',#17331,#14207,#14208);
#10946=AXIS2_PLACEMENT_3D('',#17332,#14209,#14210);
#10947=AXIS2_PLACEMENT_3D('',#17334,#14211,#14212);
#10948=AXIS2_PLACEMENT_3D('',#17336,#14213,#14214);
#10949=AXIS2_PLACEMENT_3D('',#17337,#14215,#14216);
#10950=AXIS2_PLACEMENT_3D('',#17339,#14217,#14218);
#10951=AXIS2_PLACEMENT_3D('',#17341,#14219,#14220);
#10952=AXIS2_PLACEMENT_3D('',#17342,#14221,#14222);
#10953=AXIS2_PLACEMENT_3D('',#17344,#14223,#14224);
#10954=AXIS2_PLACEMENT_3D('',#17345,#14225,#14226);
#10955=AXIS2_PLACEMENT_3D('',#17346,#14227,#14228);
#10956=AXIS2_PLACEMENT_3D('',#17349,#14231,#14232);
#10957=AXIS2_PLACEMENT_3D('',#17351,#14234,#14235);
#10958=AXIS2_PLACEMENT_3D('',#17353,#14237,#14238);
#10959=AXIS2_PLACEMENT_3D('',#17354,#14239,#14240);
#10960=AXIS2_PLACEMENT_3D('',#17356,#14242,#14243);
#10961=AXIS2_PLACEMENT_3D('',#17358,#14245,#14246);
#10962=AXIS2_PLACEMENT_3D('',#17359,#14247,#14248);
#10963=AXIS2_PLACEMENT_3D('',#17361,#14250,#14251);
#10964=AXIS2_PLACEMENT_3D('',#17363,#14253,#14254);
#10965=AXIS2_PLACEMENT_3D('',#17364,#14255,#14256);
#10966=AXIS2_PLACEMENT_3D('',#17366,#14258,#14259);
#10967=AXIS2_PLACEMENT_3D('',#17368,#14261,#14262);
#10968=AXIS2_PLACEMENT_3D('',#17369,#14263,#14264);
#10969=AXIS2_PLACEMENT_3D('',#17371,#14266,#14267);
#10970=AXIS2_PLACEMENT_3D('',#17373,#14269,#14270);
#10971=AXIS2_PLACEMENT_3D('',#17374,#14271,#14272);
#10972=AXIS2_PLACEMENT_3D('',#17376,#14274,#14275);
#10973=AXIS2_PLACEMENT_3D('',#17378,#14277,#14278);
#10974=AXIS2_PLACEMENT_3D('',#17379,#14279,#14280);
#10975=AXIS2_PLACEMENT_3D('',#17381,#14282,#14283);
#10976=AXIS2_PLACEMENT_3D('',#17383,#14285,#14286);
#10977=AXIS2_PLACEMENT_3D('',#17384,#14287,#14288);
#10978=AXIS2_PLACEMENT_3D('',#17386,#14290,#14291);
#10979=AXIS2_PLACEMENT_3D('',#17388,#14293,#14294);
#10980=AXIS2_PLACEMENT_3D('',#17389,#14295,#14296);
#10981=AXIS2_PLACEMENT_3D('',#17391,#14298,#14299);
#10982=AXIS2_PLACEMENT_3D('',#17393,#14301,#14302);
#10983=AXIS2_PLACEMENT_3D('',#17394,#14303,#14304);
#10984=AXIS2_PLACEMENT_3D('',#17396,#14306,#14307);
#10985=AXIS2_PLACEMENT_3D('',#17398,#14309,#14310);
#10986=AXIS2_PLACEMENT_3D('',#17399,#14311,#14312);
#10987=AXIS2_PLACEMENT_3D('',#17401,#14314,#14315);
#10988=AXIS2_PLACEMENT_3D('',#17403,#14317,#14318);
#10989=AXIS2_PLACEMENT_3D('',#17404,#14319,#14320);
#10990=AXIS2_PLACEMENT_3D('',#17406,#14322,#14323);
#10991=AXIS2_PLACEMENT_3D('',#17408,#14325,#14326);
#10992=AXIS2_PLACEMENT_3D('',#17409,#14327,#14328);
#10993=AXIS2_PLACEMENT_3D('',#17411,#14330,#14331);
#10994=AXIS2_PLACEMENT_3D('',#17413,#14333,#14334);
#10995=AXIS2_PLACEMENT_3D('',#17414,#14335,#14336);
#10996=AXIS2_PLACEMENT_3D('',#17416,#14338,#14339);
#10997=AXIS2_PLACEMENT_3D('',#17418,#14341,#14342);
#10998=AXIS2_PLACEMENT_3D('',#17419,#14343,#14344);
#10999=AXIS2_PLACEMENT_3D('',#17421,#14346,#14347);
#11000=AXIS2_PLACEMENT_3D('',#17423,#14349,#14350);
#11001=AXIS2_PLACEMENT_3D('',#17424,#14351,#14352);
#11002=AXIS2_PLACEMENT_3D('',#17426,#14354,#14355);
#11003=AXIS2_PLACEMENT_3D('',#17428,#14357,#14358);
#11004=AXIS2_PLACEMENT_3D('',#17429,#14359,#14360);
#11005=AXIS2_PLACEMENT_3D('',#17431,#14362,#14363);
#11006=AXIS2_PLACEMENT_3D('',#17433,#14365,#14366);
#11007=AXIS2_PLACEMENT_3D('',#17434,#14367,#14368);
#11008=AXIS2_PLACEMENT_3D('',#17436,#14370,#14371);
#11009=AXIS2_PLACEMENT_3D('',#17438,#14373,#14374);
#11010=AXIS2_PLACEMENT_3D('',#17439,#14375,#14376);
#11011=AXIS2_PLACEMENT_3D('',#17441,#14378,#14379);
#11012=AXIS2_PLACEMENT_3D('',#17443,#14381,#14382);
#11013=AXIS2_PLACEMENT_3D('',#17444,#14383,#14384);
#11014=AXIS2_PLACEMENT_3D('',#17446,#14386,#14387);
#11015=AXIS2_PLACEMENT_3D('',#17448,#14389,#14390);
#11016=AXIS2_PLACEMENT_3D('',#17449,#14391,#14392);
#11017=AXIS2_PLACEMENT_3D('',#17451,#14394,#14395);
#11018=AXIS2_PLACEMENT_3D('',#17453,#14397,#14398);
#11019=AXIS2_PLACEMENT_3D('',#17454,#14399,#14400);
#11020=AXIS2_PLACEMENT_3D('',#17456,#14402,#14403);
#11021=AXIS2_PLACEMENT_3D('',#17458,#14405,#14406);
#11022=AXIS2_PLACEMENT_3D('',#17459,#14407,#14408);
#11023=AXIS2_PLACEMENT_3D('',#17461,#14410,#14411);
#11024=AXIS2_PLACEMENT_3D('',#17463,#14413,#14414);
#11025=AXIS2_PLACEMENT_3D('',#17464,#14415,#14416);
#11026=AXIS2_PLACEMENT_3D('',#17466,#14418,#14419);
#11027=AXIS2_PLACEMENT_3D('',#17468,#14421,#14422);
#11028=AXIS2_PLACEMENT_3D('',#17469,#14423,#14424);
#11029=AXIS2_PLACEMENT_3D('',#17471,#14426,#14427);
#11030=AXIS2_PLACEMENT_3D('',#17473,#14429,#14430);
#11031=AXIS2_PLACEMENT_3D('',#17474,#14431,#14432);
#11032=AXIS2_PLACEMENT_3D('',#17476,#14434,#14435);
#11033=AXIS2_PLACEMENT_3D('',#17478,#14437,#14438);
#11034=AXIS2_PLACEMENT_3D('',#17479,#14439,#14440);
#11035=AXIS2_PLACEMENT_3D('',#17481,#14442,#14443);
#11036=AXIS2_PLACEMENT_3D('',#17483,#14445,#14446);
#11037=AXIS2_PLACEMENT_3D('',#17484,#14447,#14448);
#11038=AXIS2_PLACEMENT_3D('',#17486,#14450,#14451);
#11039=AXIS2_PLACEMENT_3D('',#17488,#14453,#14454);
#11040=AXIS2_PLACEMENT_3D('',#17489,#14455,#14456);
#11041=AXIS2_PLACEMENT_3D('',#17491,#14458,#14459);
#11042=AXIS2_PLACEMENT_3D('',#17493,#14461,#14462);
#11043=AXIS2_PLACEMENT_3D('',#17494,#14463,#14464);
#11044=AXIS2_PLACEMENT_3D('',#17496,#14466,#14467);
#11045=AXIS2_PLACEMENT_3D('',#17497,#14468,#14469);
#11046=AXIS2_PLACEMENT_3D('',#17499,#14471,#14472);
#11047=AXIS2_PLACEMENT_3D('',#17501,#14474,#14475);
#11048=AXIS2_PLACEMENT_3D('',#17502,#14476,#14477);
#11049=AXIS2_PLACEMENT_3D('',#17504,#14479,#14480);
#11050=AXIS2_PLACEMENT_3D('',#17506,#14482,#14483);
#11051=AXIS2_PLACEMENT_3D('',#17507,#14484,#14485);
#11052=AXIS2_PLACEMENT_3D('',#17509,#14487,#14488);
#11053=AXIS2_PLACEMENT_3D('',#17511,#14490,#14491);
#11054=AXIS2_PLACEMENT_3D('',#17512,#14492,#14493);
#11055=AXIS2_PLACEMENT_3D('',#17514,#14495,#14496);
#11056=AXIS2_PLACEMENT_3D('',#17516,#14498,#14499);
#11057=AXIS2_PLACEMENT_3D('',#17517,#14500,#14501);
#11058=AXIS2_PLACEMENT_3D('',#17519,#14503,#14504);
#11059=AXIS2_PLACEMENT_3D('',#17520,#14505,#14506);
#11060=AXIS2_PLACEMENT_3D('',#17522,#14508,#14509);
#11061=AXIS2_PLACEMENT_3D('',#17523,#14510,#14511);
#11062=AXIS2_PLACEMENT_3D('',#17525,#14513,#14514);
#11063=AXIS2_PLACEMENT_3D('',#17527,#14516,#14517);
#11064=AXIS2_PLACEMENT_3D('',#17528,#14518,#14519);
#11065=AXIS2_PLACEMENT_3D('',#17530,#14521,#14522);
#11066=AXIS2_PLACEMENT_3D('',#17532,#14524,#14525);
#11067=AXIS2_PLACEMENT_3D('',#17533,#14526,#14527);
#11068=AXIS2_PLACEMENT_3D('',#17535,#14529,#14530);
#11069=AXIS2_PLACEMENT_3D('',#17537,#14532,#14533);
#11070=AXIS2_PLACEMENT_3D('',#17538,#14534,#14535);
#11071=AXIS2_PLACEMENT_3D('',#17540,#14537,#14538);
#11072=AXIS2_PLACEMENT_3D('',#17542,#14540,#14541);
#11073=AXIS2_PLACEMENT_3D('',#17543,#14542,#14543);
#11074=AXIS2_PLACEMENT_3D('',#17545,#14545,#14546);
#11075=AXIS2_PLACEMENT_3D('',#17547,#14548,#14549);
#11076=AXIS2_PLACEMENT_3D('',#17548,#14550,#14551);
#11077=AXIS2_PLACEMENT_3D('',#17549,#14552,#14553);
#11078=AXIS2_PLACEMENT_3D('',#17550,#14554,#14555);
#11079=AXIS2_PLACEMENT_3D('',#17551,#14556,#14557);
#11080=AXIS2_PLACEMENT_3D('',#17552,#14558,#14559);
#11081=AXIS2_PLACEMENT_3D('',#17553,#14560,#14561);
#11082=AXIS2_PLACEMENT_3D('',#17554,#14562,#14563);
#11083=AXIS2_PLACEMENT_3D('',#17555,#14564,#14565);
#11084=AXIS2_PLACEMENT_3D('',#17558,#14566,#14567);
#11085=AXIS2_PLACEMENT_3D('',#17559,#14568,#14569);
#11086=AXIS2_PLACEMENT_3D('',#17562,#14571,#14572);
#11087=AXIS2_PLACEMENT_3D('',#17563,#14573,#14574);
#11088=AXIS2_PLACEMENT_3D('',#17566,#14575,#14576);
#11089=AXIS2_PLACEMENT_3D('',#17567,#14577,#14578);
#11090=AXIS2_PLACEMENT_3D('',#17570,#14580,#14581);
#11091=AXIS2_PLACEMENT_3D('',#17571,#14582,#14583);
#11092=AXIS2_PLACEMENT_3D('',#17573,#14584,#14585);
#11093=AXIS2_PLACEMENT_3D('',#17576,#14587,#14588);
#11094=AXIS2_PLACEMENT_3D('',#17577,#14589,#14590);
#11095=AXIS2_PLACEMENT_3D('',#17580,#14591,#14592);
#11096=AXIS2_PLACEMENT_3D('',#17581,#14593,#14594);
#11097=AXIS2_PLACEMENT_3D('',#17584,#14596,#14597);
#11098=AXIS2_PLACEMENT_3D('',#17585,#14598,#14599);
#11099=AXIS2_PLACEMENT_3D('',#17588,#14601,#14602);
#11100=AXIS2_PLACEMENT_3D('',#17589,#14603,#14604);
#11101=AXIS2_PLACEMENT_3D('',#17592,#14606,#14607);
#11102=AXIS2_PLACEMENT_3D('',#17593,#14608,#14609);
#11103=AXIS2_PLACEMENT_3D('',#17595,#14611,#14612);
#11104=AXIS2_PLACEMENT_3D('',#17596,#14613,#14614);
#11105=AXIS2_PLACEMENT_3D('',#17597,#14615,#14616);
#11106=AXIS2_PLACEMENT_3D('',#17598,#14617,#14618);
#11107=AXIS2_PLACEMENT_3D('',#17599,#14619,#14620);
#11108=AXIS2_PLACEMENT_3D('',#17600,#14621,#14622);
#11109=AXIS2_PLACEMENT_3D('',#17601,#14623,#14624);
#11110=AXIS2_PLACEMENT_3D('',#17602,#14625,#14626);
#11111=AXIS2_PLACEMENT_3D('',#17603,#14627,#14628);
#11112=AXIS2_PLACEMENT_3D('',#17604,#14629,#14630);
#11113=AXIS2_PLACEMENT_3D('',#17605,#14631,#14632);
#11114=AXIS2_PLACEMENT_3D('',#17606,#14633,#14634);
#11115=AXIS2_PLACEMENT_3D('',#17607,#14635,#14636);
#11116=AXIS2_PLACEMENT_3D('',#17608,#14637,#14638);
#11117=AXIS2_PLACEMENT_3D('',#17609,#14639,#14640);
#11118=DIRECTION('axis',(0.,0.,1.));
#11119=DIRECTION('refdir',(1.,0.,0.));
#11120=DIRECTION('axis',(0.,0.,1.));
#11121=DIRECTION('refdir',(1.,0.,0.));
#11122=DIRECTION('center_axis',(-1.,0.,0.));
#11123=DIRECTION('ref_axis',(0.,0.,1.));
#11124=DIRECTION('center_axis',(1.,0.,0.));
#11125=DIRECTION('ref_axis',(0.,0.,1.));
#11126=DIRECTION('',(-1.,0.,0.));
#11127=DIRECTION('center_axis',(-1.,0.,0.));
#11128=DIRECTION('ref_axis',(0.,0.,-1.));
#11129=DIRECTION('center_axis',(-1.,0.,0.));
#11130=DIRECTION('ref_axis',(0.,0.,1.));
#11131=DIRECTION('center_axis',(-1.,0.,0.));
#11132=DIRECTION('ref_axis',(0.,-6.93889390390723E-15,1.));
#11133=DIRECTION('',(-1.,0.,0.));
#11134=DIRECTION('center_axis',(1.,0.,0.));
#11135=DIRECTION('ref_axis',(0.,0.,-1.));
#11136=DIRECTION('',(1.,0.,0.));
#11137=DIRECTION('center_axis',(-1.,0.,0.));
#11138=DIRECTION('ref_axis',(0.,0.,1.));
#11139=DIRECTION('center_axis',(-1.,0.,0.));
#11140=DIRECTION('ref_axis',(0.,0.587785252292469,0.809016994374951));
#11141=DIRECTION('',(-1.,0.,0.));
#11142=DIRECTION('center_axis',(1.,0.,0.));
#11143=DIRECTION('ref_axis',(0.,0.,-1.));
#11144=DIRECTION('',(1.,0.,0.));
#11145=DIRECTION('center_axis',(-1.,0.,0.));
#11146=DIRECTION('ref_axis',(0.,0.,1.));
#11147=DIRECTION('center_axis',(-1.,0.,0.));
#11148=DIRECTION('ref_axis',(0.,0.587785252292474,-0.809016994374947));
#11149=DIRECTION('',(-1.,0.,0.));
#11150=DIRECTION('center_axis',(-1.,0.,0.));
#11151=DIRECTION('ref_axis',(0.,0.587785252292474,-0.809016994374947));
#11152=DIRECTION('',(-1.,0.,0.));
#11153=DIRECTION('center_axis',(-1.,0.,0.));
#11154=DIRECTION('ref_axis',(0.,0.,1.));
#11155=DIRECTION('center_axis',(-1.,0.,0.));
#11156=DIRECTION('ref_axis',(0.,0.,-1.));
#11157=DIRECTION('',(-1.,0.,0.));
#11158=DIRECTION('center_axis',(-1.,0.,0.));
#11159=DIRECTION('ref_axis',(0.,0.,-1.));
#11160=DIRECTION('',(-1.,0.,0.));
#11161=DIRECTION('center_axis',(-1.,0.,0.));
#11162=DIRECTION('ref_axis',(0.,0.,1.));
#11163=DIRECTION('center_axis',(-1.,0.,0.));
#11164=DIRECTION('ref_axis',(0.,0.,1.));
#11165=DIRECTION('',(1.,0.,0.));
#11166=DIRECTION('center_axis',(-1.,0.,0.));
#11167=DIRECTION('ref_axis',(0.,0.,1.));
#11168=DIRECTION('',(-1.,0.,0.));
#11169=DIRECTION('center_axis',(-1.,0.,0.));
#11170=DIRECTION('ref_axis',(0.,0.,1.));
#11171=DIRECTION('center_axis',(-1.,0.,0.));
#11172=DIRECTION('ref_axis',(0.,-0.95105651629515,-0.309016994374958));
#11173=DIRECTION('center_axis',(-1.,0.,0.));
#11174=DIRECTION('ref_axis',(0.,-0.95105651629515,-0.309016994374958));
#11175=DIRECTION('center_axis',(-1.,0.,0.));
#11176=DIRECTION('ref_axis',(0.,-0.95105651629515,-0.309016994374958));
#11177=DIRECTION('center_axis',(-1.,0.,0.));
#11178=DIRECTION('ref_axis',(0.,0.,1.));
#11179=DIRECTION('center_axis',(-1.,0.,0.));
#11180=DIRECTION('ref_axis',(0.,-0.587785252292462,-0.809016994374955));
#11181=DIRECTION('center_axis',(-1.,0.,0.));
#11182=DIRECTION('ref_axis',(0.,-0.587785252292462,-0.809016994374955));
#11183=DIRECTION('center_axis',(-1.,0.,0.));
#11184=DIRECTION('ref_axis',(0.,-0.587785252292462,-0.809016994374955));
#11185=DIRECTION('center_axis',(-1.,0.,0.));
#11186=DIRECTION('ref_axis',(0.,0.,1.));
#11187=DIRECTION('center_axis',(-1.,0.,0.));
#11188=DIRECTION('ref_axis',(0.,0.,-1.));
#11189=DIRECTION('center_axis',(-1.,0.,0.));
#11190=DIRECTION('ref_axis',(0.,0.,-1.));
#11191=DIRECTION('center_axis',(-1.,0.,0.));
#11192=DIRECTION('ref_axis',(0.,0.,1.));
#11193=DIRECTION('center_axis',(-1.,0.,0.));
#11194=DIRECTION('ref_axis',(0.,0.587785252292474,-0.809016994374947));
#11195=DIRECTION('center_axis',(-1.,0.,0.));
#11196=DIRECTION('ref_axis',(0.,0.587785252292474,-0.809016994374947));
#11197=DIRECTION('center_axis',(-1.,0.,0.));
#11198=DIRECTION('ref_axis',(0.,0.,1.));
#11199=DIRECTION('center_axis',(-1.,0.,0.));
#11200=DIRECTION('ref_axis',(0.,0.951056516295155,-0.309016994374945));
#11201=DIRECTION('center_axis',(-1.,0.,0.));
#11202=DIRECTION('ref_axis',(0.,0.951056516295154,-0.309016994374945));
#11203=DIRECTION('center_axis',(-1.,0.,0.));
#11204=DIRECTION('ref_axis',(0.,0.951056516295155,-0.309016994374945));
#11205=DIRECTION('center_axis',(-1.,0.,0.));
#11206=DIRECTION('ref_axis',(0.,0.951056516295152,0.309016994374951));
#11207=DIRECTION('center_axis',(-1.,0.,0.));
#11208=DIRECTION('ref_axis',(0.,0.951056516295152,0.309016994374952));
#11209=DIRECTION('center_axis',(-1.,0.,0.));
#11210=DIRECTION('ref_axis',(0.,0.951056516295152,0.309016994374952));
#11211=DIRECTION('center_axis',(-1.,0.,0.));
#11212=DIRECTION('ref_axis',(0.,0.,1.));
#11213=DIRECTION('center_axis',(-1.,0.,0.));
#11214=DIRECTION('ref_axis',(0.,0.587785252292469,0.809016994374951));
#11215=DIRECTION('center_axis',(-1.,0.,0.));
#11216=DIRECTION('ref_axis',(0.,0.587785252292468,0.809016994374951));
#11217=DIRECTION('center_axis',(-1.,0.,0.));
#11218=DIRECTION('ref_axis',(0.,0.,1.));
#11219=DIRECTION('center_axis',(-1.,0.,0.));
#11220=DIRECTION('ref_axis',(0.,-6.93889390390723E-15,1.));
#11221=DIRECTION('center_axis',(-1.,0.,0.));
#11222=DIRECTION('ref_axis',(0.,-6.98296267768627E-15,1.));
#11223=DIRECTION('center_axis',(-1.,0.,0.));
#11224=DIRECTION('ref_axis',(0.,0.,1.));
#11225=DIRECTION('center_axis',(-1.,0.,0.));
#11226=DIRECTION('ref_axis',(0.,-0.58778525229248,0.809016994374942));
#11227=DIRECTION('center_axis',(-1.,0.,0.));
#11228=DIRECTION('ref_axis',(0.,-0.58778525229248,0.809016994374942));
#11229=DIRECTION('center_axis',(-1.,0.,0.));
#11230=DIRECTION('ref_axis',(0.,-0.58778525229248,0.809016994374942));
#11231=DIRECTION('center_axis',(-1.,0.,0.));
#11232=DIRECTION('ref_axis',(0.,0.,1.));
#11233=DIRECTION('center_axis',(-1.,0.,0.));
#11234=DIRECTION('ref_axis',(0.,-0.951056516295157,0.309016994374938));
#11235=DIRECTION('center_axis',(-1.,0.,0.));
#11236=DIRECTION('ref_axis',(0.,-0.951056516295157,0.309016994374938));
#11237=DIRECTION('center_axis',(-1.,0.,0.));
#11238=DIRECTION('ref_axis',(0.,-0.951056516295157,0.309016994374938));
#11239=DIRECTION('center_axis',(-1.,0.,0.));
#11240=DIRECTION('ref_axis',(0.,0.,1.));
#11241=DIRECTION('center_axis',(-1.,0.,0.));
#11242=DIRECTION('ref_axis',(0.,1.07806057163162E-14,-1.));
#11243=DIRECTION('',(-1.,0.,0.));
#11244=DIRECTION('',(1.,0.,0.));
#11245=DIRECTION('center_axis',(-1.,0.,0.));
#11246=DIRECTION('ref_axis',(0.,0.,1.));
#11247=DIRECTION('center_axis',(-1.,0.,0.));
#11248=DIRECTION('ref_axis',(0.,0.,1.));
#11249=DIRECTION('',(1.,0.,0.));
#11250=DIRECTION('center_axis',(-1.,0.,0.));
#11251=DIRECTION('ref_axis',(0.,0.,1.));
#11252=DIRECTION('',(-1.,0.,0.));
#11253=DIRECTION('center_axis',(-1.,0.,0.));
#11254=DIRECTION('ref_axis',(0.,0.,1.));
#11255=DIRECTION('',(1.,0.,0.));
#11256=DIRECTION('center_axis',(-1.,0.,0.));
#11257=DIRECTION('ref_axis',(0.,0.,1.));
#11258=DIRECTION('center_axis',(-1.,0.,0.));
#11259=DIRECTION('ref_axis',(0.,0.,1.));
#11260=DIRECTION('',(-1.,0.,0.));
#11261=DIRECTION('center_axis',(-1.,0.,0.));
#11262=DIRECTION('ref_axis',(0.,0.,1.));
#11263=DIRECTION('center_axis',(-1.,0.,0.));
#11264=DIRECTION('ref_axis',(0.,0.,1.));
#11265=DIRECTION('',(1.,0.,0.));
#11266=DIRECTION('center_axis',(-1.,0.,0.));
#11267=DIRECTION('ref_axis',(0.,0.,1.));
#11268=DIRECTION('',(-1.,0.,0.));
#11269=DIRECTION('center_axis',(-1.,0.,0.));
#11270=DIRECTION('ref_axis',(0.,0.,1.));
#11271=DIRECTION('',(-1.,0.,0.));
#11272=DIRECTION('',(1.,0.,0.));
#11273=DIRECTION('center_axis',(-1.,0.,0.));
#11274=DIRECTION('ref_axis',(0.,0.,1.));
#11275=DIRECTION('center_axis',(-1.,0.,0.));
#11276=DIRECTION('ref_axis',(0.,0.,1.));
#11277=DIRECTION('',(1.,0.,0.));
#11278=DIRECTION('center_axis',(-1.,0.,0.));
#11279=DIRECTION('ref_axis',(0.,0.,1.));
#11280=DIRECTION('',(-1.,0.,0.));
#11281=DIRECTION('center_axis',(-1.,0.,0.));
#11282=DIRECTION('ref_axis',(0.,0.,1.));
#11283=DIRECTION('',(-1.,0.,0.));
#11284=DIRECTION('center_axis',(-1.,0.,0.));
#11285=DIRECTION('ref_axis',(0.,0.,1.));
#11286=DIRECTION('center_axis',(1.,0.,0.));
#11287=DIRECTION('ref_axis',(0.,0.,-1.));
#11288=DIRECTION('center_axis',(-1.,0.,0.));
#11289=DIRECTION('ref_axis',(0.,-0.95105651629515,-0.309016994374958));
#11290=DIRECTION('center_axis',(1.,0.,0.));
#11291=DIRECTION('ref_axis',(0.,0.,-1.));
#11292=DIRECTION('center_axis',(-1.,0.,0.));
#11293=DIRECTION('ref_axis',(0.,-0.951056516295157,0.309016994374938));
#11294=DIRECTION('center_axis',(-1.,0.,0.));
#11295=DIRECTION('ref_axis',(0.,-0.951056516295157,0.309016994374938));
#11296=DIRECTION('center_axis',(1.,0.,0.));
#11297=DIRECTION('ref_axis',(0.,0.,-1.));
#11298=DIRECTION('center_axis',(-1.,0.,0.));
#11299=DIRECTION('ref_axis',(0.,-0.58778525229248,0.809016994374942));
#11300=DIRECTION('center_axis',(-1.,0.,0.));
#11301=DIRECTION('ref_axis',(0.,-0.58778525229248,0.809016994374942));
#11302=DIRECTION('center_axis',(-1.,0.,0.));
#11303=DIRECTION('ref_axis',(0.,-6.98296267768627E-15,1.));
#11304=DIRECTION('center_axis',(-1.,0.,0.));
#11305=DIRECTION('ref_axis',(0.,-6.93889390390723E-15,1.));
#11306=DIRECTION('center_axis',(-1.,0.,0.));
#11307=DIRECTION('ref_axis',(0.,0.587785252292468,0.809016994374951));
#11308=DIRECTION('center_axis',(-1.,0.,0.));
#11309=DIRECTION('ref_axis',(0.,0.587785252292469,0.809016994374951));
#11310=DIRECTION('center_axis',(1.,0.,0.));
#11311=DIRECTION('ref_axis',(0.,0.,-1.));
#11312=DIRECTION('center_axis',(-1.,0.,0.));
#11313=DIRECTION('ref_axis',(0.,0.951056516295152,0.309016994374952));
#11314=DIRECTION('center_axis',(-1.,0.,0.));
#11315=DIRECTION('ref_axis',(0.,0.951056516295152,0.309016994374951));
#11316=DIRECTION('center_axis',(1.,0.,0.));
#11317=DIRECTION('ref_axis',(0.,0.,-1.));
#11318=DIRECTION('center_axis',(-1.,0.,0.));
#11319=DIRECTION('ref_axis',(0.,0.951056516295154,-0.309016994374945));
#11320=DIRECTION('center_axis',(-1.,0.,0.));
#11321=DIRECTION('ref_axis',(0.,0.951056516295155,-0.309016994374945));
#11322=DIRECTION('center_axis',(1.,0.,0.));
#11323=DIRECTION('ref_axis',(0.,0.,-1.));
#11324=DIRECTION('center_axis',(-1.,0.,0.));
#11325=DIRECTION('ref_axis',(0.,0.587785252292474,-0.809016994374947));
#11326=DIRECTION('center_axis',(-1.,0.,0.));
#11327=DIRECTION('ref_axis',(0.,0.,1.));
#11328=DIRECTION('center_axis',(1.,0.,0.));
#11329=DIRECTION('ref_axis',(0.,0.,-1.));
#11330=DIRECTION('center_axis',(-1.,0.,0.));
#11331=DIRECTION('ref_axis',(0.,0.,-1.));
#11332=DIRECTION('center_axis',(1.,0.,0.));
#11333=DIRECTION('ref_axis',(0.,0.,-1.));
#11334=DIRECTION('center_axis',(-1.,0.,0.));
#11335=DIRECTION('ref_axis',(0.,-0.587785252292462,-0.809016994374955));
#11336=DIRECTION('center_axis',(-1.,0.,0.));
#11337=DIRECTION('ref_axis',(0.,-0.587785252292462,-0.809016994374955));
#11338=DIRECTION('center_axis',(1.,0.,0.));
#11339=DIRECTION('ref_axis',(0.,0.,-1.));
#11340=DIRECTION('center_axis',(-1.,0.,0.));
#11341=DIRECTION('ref_axis',(0.,-0.95105651629515,-0.309016994374958));
#11342=DIRECTION('center_axis',(-1.,0.,0.));
#11343=DIRECTION('ref_axis',(0.,0.,1.));
#11344=DIRECTION('',(1.,0.,0.));
#11345=DIRECTION('center_axis',(-1.,0.,0.));
#11346=DIRECTION('ref_axis',(0.,0.490136933015515,-0.87164544792831));
#11347=DIRECTION('',(-1.,0.,0.));
#11348=DIRECTION('center_axis',(-1.,0.,0.));
#11349=DIRECTION('ref_axis',(0.,0.,1.));
#11350=DIRECTION('center_axis',(-1.,0.,0.));
#11351=DIRECTION('ref_axis',(0.,0.,1.));
#11352=DIRECTION('',(-1.,0.,0.));
#11353=DIRECTION('center_axis',(-1.,0.,0.));
#11354=DIRECTION('ref_axis',(0.,0.,1.));
#11355=DIRECTION('center_axis',(-1.,0.,0.));
#11356=DIRECTION('ref_axis',(0.,0.,1.));
#11357=DIRECTION('',(-1.,0.,0.));
#11358=DIRECTION('center_axis',(-1.,0.,0.));
#11359=DIRECTION('ref_axis',(0.,0.,1.));
#11360=DIRECTION('center_axis',(-1.,0.,0.));
#11361=DIRECTION('ref_axis',(0.,-0.490136933015508,-0.871645447928314));
#11362=DIRECTION('',(-1.,0.,0.));
#11363=DIRECTION('center_axis',(-1.,0.,0.));
#11364=DIRECTION('ref_axis',(0.,0.,1.));
#11365=DIRECTION('center_axis',(-1.,0.,0.));
#11366=DIRECTION('ref_axis',(0.,0.,1.));
#11367=DIRECTION('',(-1.,0.,0.));
#11368=DIRECTION('center_axis',(-1.,0.,0.));
#11369=DIRECTION('ref_axis',(0.,0.,1.));
#11370=DIRECTION('',(-1.,0.,0.));
#11371=DIRECTION('center_axis',(-1.,0.,0.));
#11372=DIRECTION('ref_axis',(0.,0.,1.));
#11373=DIRECTION('center_axis',(-1.,0.,0.));
#11374=DIRECTION('ref_axis',(0.,0.,1.));
#11375=DIRECTION('',(-1.,0.,0.));
#11376=DIRECTION('center_axis',(-1.,0.,0.));
#11377=DIRECTION('ref_axis',(0.,0.,1.));
#11378=DIRECTION('',(-1.,0.,0.));
#11379=DIRECTION('center_axis',(-1.,0.,0.));
#11380=DIRECTION('ref_axis',(0.,0.,1.));
#11381=DIRECTION('center_axis',(-1.,0.,0.));
#11382=DIRECTION('ref_axis',(0.,0.,1.));
#11383=DIRECTION('',(-1.,0.,0.));
#11384=DIRECTION('center_axis',(-1.,0.,0.));
#11385=DIRECTION('ref_axis',(0.,0.,1.));
#11386=DIRECTION('',(-1.,0.,0.));
#11387=DIRECTION('center_axis',(-1.,0.,0.));
#11388=DIRECTION('ref_axis',(0.,0.,1.));
#11389=DIRECTION('center_axis',(-1.,0.,0.));
#11390=DIRECTION('ref_axis',(0.,0.11581123113977,-0.993271241273949));
#11391=DIRECTION('',(-1.,0.,0.));
#11392=DIRECTION('center_axis',(-1.,0.,0.));
#11393=DIRECTION('ref_axis',(0.,0.,1.));
#11394=DIRECTION('',(-1.,0.,0.));
#11395=DIRECTION('center_axis',(-1.,0.,0.));
#11396=DIRECTION('ref_axis',(0.,0.,1.));
#11397=DIRECTION('center_axis',(-1.,0.,0.));
#11398=DIRECTION('ref_axis',(0.,0.,1.));
#11399=DIRECTION('',(-1.,0.,0.));
#11400=DIRECTION('center_axis',(-1.,0.,0.));
#11401=DIRECTION('ref_axis',(0.,-0.115811231139748,-0.993271241273951));
#11402=DIRECTION('',(-1.,0.,0.));
#11403=DIRECTION('center_axis',(-1.,0.,0.));
#11404=DIRECTION('ref_axis',(0.,0.,1.));
#11405=DIRECTION('center_axis',(-1.,0.,0.));
#11406=DIRECTION('ref_axis',(0.,0.,1.));
#11407=DIRECTION('',(-1.,0.,0.));
#11408=DIRECTION('center_axis',(-1.,0.,0.));
#11409=DIRECTION('ref_axis',(0.,0.,1.));
#11410=DIRECTION('',(-1.,0.,0.));
#11411=DIRECTION('center_axis',(-1.,0.,0.));
#11412=DIRECTION('ref_axis',(0.,0.,1.));
#11413=DIRECTION('axis',(0.,0.,1.));
#11414=DIRECTION('refdir',(1.,0.,0.));
#11415=DIRECTION('center_axis',(1.,0.,0.));
#11416=DIRECTION('ref_axis',(0.,0.,-1.));
#11417=DIRECTION('center_axis',(1.,0.,0.));
#11418=DIRECTION('ref_axis',(0.,0.,-1.));
#11419=DIRECTION('center_axis',(0.,-1.,-1.22464679914735E-16));
#11420=DIRECTION('ref_axis',(0.,-1.22464679914735E-16,1.));
#11421=DIRECTION('center_axis',(1.,0.,0.));
#11422=DIRECTION('ref_axis',(0.,0.,-1.));
#11423=DIRECTION('center_axis',(1.,0.,0.));
#11424=DIRECTION('ref_axis',(0.,0.,-1.));
#11425=DIRECTION('',(-1.,0.,0.));
#11426=DIRECTION('center_axis',(1.,0.,0.));
#11427=DIRECTION('ref_axis',(0.,0.,-1.));
#11428=DIRECTION('center_axis',(1.,0.,0.));
#11429=DIRECTION('ref_axis',(0.,0.,-1.));
#11430=DIRECTION('center_axis',(0.,-1.,-1.22464679914735E-16));
#11431=DIRECTION('ref_axis',(0.,-1.22464679914735E-16,1.));
#11432=DIRECTION('center_axis',(1.,0.,0.));
#11433=DIRECTION('ref_axis',(0.,0.,-1.));
#11434=DIRECTION('center_axis',(1.,0.,0.));
#11435=DIRECTION('ref_axis',(0.,0.,-1.));
#11436=DIRECTION('center_axis',(1.,0.,0.));
#11437=DIRECTION('ref_axis',(0.,0.,-1.));
#11438=DIRECTION('',(1.,0.,0.));
#11439=DIRECTION('center_axis',(-1.,0.,0.));
#11440=DIRECTION('ref_axis',(0.,0.,-1.));
#11441=DIRECTION('center_axis',(-1.,0.,0.));
#11442=DIRECTION('ref_axis',(0.,0.,-1.));
#11443=DIRECTION('center_axis',(1.,0.,0.));
#11444=DIRECTION('ref_axis',(0.,0.,-1.));
#11445=DIRECTION('center_axis',(1.,0.,0.));
#11446=DIRECTION('ref_axis',(0.,0.,1.));
#11447=DIRECTION('center_axis',(1.,0.,0.));
#11448=DIRECTION('ref_axis',(0.,0.,1.));
#11449=DIRECTION('',(1.,0.,0.));
#11450=DIRECTION('center_axis',(1.,0.,0.));
#11451=DIRECTION('ref_axis',(0.,0.,-1.));
#11452=DIRECTION('center_axis',(-1.,0.,0.));
#11453=DIRECTION('ref_axis',(0.,0.,1.));
#11454=DIRECTION('center_axis',(1.,0.,0.));
#11455=DIRECTION('ref_axis',(0.,0.,-1.));
#11456=DIRECTION('center_axis',(0.,-1.,1.22464679914735E-16));
#11457=DIRECTION('ref_axis',(0.,-1.22464679914735E-16,-1.));
#11458=DIRECTION('center_axis',(1.,0.,0.));
#11459=DIRECTION('ref_axis',(0.,0.,-1.));
#11460=DIRECTION('center_axis',(1.,0.,0.));
#11461=DIRECTION('ref_axis',(0.,0.,-1.));
#11462=DIRECTION('center_axis',(1.,0.,0.));
#11463=DIRECTION('ref_axis',(0.,0.,-1.));
#11464=DIRECTION('center_axis',(0.,-1.,-1.22464679914735E-16));
#11465=DIRECTION('ref_axis',(0.,-1.22464679914735E-16,1.));
#11466=DIRECTION('center_axis',(1.,0.,0.));
#11467=DIRECTION('ref_axis',(0.,0.,-1.));
#11468=DIRECTION('center_axis',(1.,0.,0.));
#11469=DIRECTION('ref_axis',(0.,0.,-1.));
#11470=DIRECTION('',(1.,0.,0.));
#11471=DIRECTION('center_axis',(1.,0.,0.));
#11472=DIRECTION('ref_axis',(0.,0.,-1.));
#11473=DIRECTION('center_axis',(1.,0.,0.));
#11474=DIRECTION('ref_axis',(0.,0.,-1.));
#11475=DIRECTION('center_axis',(0.,-1.,-1.22464679914735E-16));
#11476=DIRECTION('ref_axis',(0.,-1.22464679914735E-16,1.));
#11477=DIRECTION('center_axis',(1.,0.,0.));
#11478=DIRECTION('ref_axis',(0.,0.,-1.));
#11479=DIRECTION('center_axis',(1.,0.,0.));
#11480=DIRECTION('ref_axis',(0.,0.,-1.));
#11481=DIRECTION('',(-1.,0.,0.));
#11482=DIRECTION('center_axis',(1.,0.,0.));
#11483=DIRECTION('ref_axis',(0.,0.,-1.));
#11484=DIRECTION('center_axis',(1.,0.,0.));
#11485=DIRECTION('ref_axis',(0.,0.,-1.));
#11486=DIRECTION('center_axis',(1.,0.,0.));
#11487=DIRECTION('ref_axis',(0.,0.,-1.));
#11488=DIRECTION('',(-1.,0.,0.));
#11489=DIRECTION('center_axis',(-1.,0.,0.));
#11490=DIRECTION('ref_axis',(0.,0.,1.));
#11491=DIRECTION('center_axis',(-1.,0.,0.));
#11492=DIRECTION('ref_axis',(0.,0.,1.));
#11493=DIRECTION('center_axis',(-1.,0.,0.));
#11494=DIRECTION('ref_axis',(0.,0.,1.));
#11495=DIRECTION('center_axis',(0.,-1.,1.22464679914735E-16));
#11496=DIRECTION('ref_axis',(0.,-1.22464679914735E-16,-1.));
#11497=DIRECTION('center_axis',(1.,0.,0.));
#11498=DIRECTION('ref_axis',(0.,0.,-1.));
#11499=DIRECTION('center_axis',(-1.,0.,0.));
#11500=DIRECTION('ref_axis',(0.,0.,1.));
#11501=DIRECTION('center_axis',(1.,0.,0.));
#11502=DIRECTION('ref_axis',(0.,0.,-1.));
#11503=DIRECTION('center_axis',(-1.,0.,0.));
#11504=DIRECTION('ref_axis',(0.,0.,1.));
#11505=DIRECTION('axis',(0.,0.,1.));
#11506=DIRECTION('refdir',(1.,0.,0.));
#11507=DIRECTION('axis',(0.,0.,1.));
#11508=DIRECTION('refdir',(1.,0.,0.));
#11509=DIRECTION('center_axis',(-1.,0.,0.));
#11510=DIRECTION('ref_axis',(0.,0.,1.));
#11511=DIRECTION('center_axis',(1.,0.,0.));
#11512=DIRECTION('ref_axis',(0.,0.,1.));
#11513=DIRECTION('',(-1.,0.,0.));
#11514=DIRECTION('center_axis',(-1.,0.,0.));
#11515=DIRECTION('ref_axis',(0.,0.,-1.));
#11516=DIRECTION('center_axis',(-1.,0.,0.));
#11517=DIRECTION('ref_axis',(0.,0.,1.));
#11518=DIRECTION('center_axis',(-1.,0.,0.));
#11519=DIRECTION('ref_axis',(0.,0.406736643075801,-0.913545457642601));
#11520=DIRECTION('',(-1.,0.,0.));
#11521=DIRECTION('center_axis',(-1.,0.,0.));
#11522=DIRECTION('ref_axis',(0.,0.406736643075801,-0.913545457642601));
#11523=DIRECTION('',(-1.,0.,0.));
#11524=DIRECTION('center_axis',(-1.,0.,0.));
#11525=DIRECTION('ref_axis',(0.,0.,1.));
#11526=DIRECTION('center_axis',(-1.,0.,0.));
#11527=DIRECTION('ref_axis',(0.,0.275637355817,-0.961261695938319));
#11528=DIRECTION('',(-1.,0.,0.));
#11529=DIRECTION('center_axis',(-1.,0.,0.));
#11530=DIRECTION('ref_axis',(0.,0.275637355817,-0.961261695938319));
#11531=DIRECTION('',(-1.,0.,0.));
#11532=DIRECTION('center_axis',(-1.,0.,0.));
#11533=DIRECTION('ref_axis',(0.,0.,1.));
#11534=DIRECTION('center_axis',(-1.,0.,0.));
#11535=DIRECTION('ref_axis',(0.,0.342020143325663,0.93969262078591));
#11536=DIRECTION('',(-1.,0.,0.));
#11537=DIRECTION('center_axis',(1.,0.,0.));
#11538=DIRECTION('ref_axis',(0.,0.,-1.));
#11539=DIRECTION('',(1.,0.,0.));
#11540=DIRECTION('center_axis',(-1.,0.,0.));
#11541=DIRECTION('ref_axis',(0.,0.,1.));
#11542=DIRECTION('center_axis',(-1.,0.,0.));
#11543=DIRECTION('ref_axis',(0.,0.469471562785886,0.88294759285893));
#11544=DIRECTION('',(-1.,0.,0.));
#11545=DIRECTION('center_axis',(1.,0.,0.));
#11546=DIRECTION('ref_axis',(0.,0.,-1.));
#11547=DIRECTION('',(1.,0.,0.));
#11548=DIRECTION('center_axis',(-1.,0.,0.));
#11549=DIRECTION('ref_axis',(0.,0.,1.));
#11550=DIRECTION('center_axis',(-1.,0.,0.));
#11551=DIRECTION('ref_axis',(0.,0.999390827019096,-0.0348994967024977));
#11552=DIRECTION('center_axis',(-1.,0.,0.));
#11553=DIRECTION('ref_axis',(0.,0.999390827019096,-0.0348994967024975));
#11554=DIRECTION('center_axis',(-1.,0.,0.));
#11555=DIRECTION('ref_axis',(0.,0.999390827019096,-0.0348994967024977));
#11556=DIRECTION('center_axis',(-1.,0.,0.));
#11557=DIRECTION('ref_axis',(0.,0.,1.));
#11558=DIRECTION('center_axis',(-1.,0.,0.));
#11559=DIRECTION('ref_axis',(0.,0.994521895368273,0.104528463267657));
#11560=DIRECTION('center_axis',(-1.,0.,0.));
#11561=DIRECTION('ref_axis',(0.,0.994521895368273,0.104528463267657));
#11562=DIRECTION('center_axis',(-1.,0.,0.));
#11563=DIRECTION('ref_axis',(0.,0.994521895368273,0.104528463267657));
#11564=DIRECTION('center_axis',(-1.,0.,0.));
#11565=DIRECTION('ref_axis',(0.,0.,1.));
#11566=DIRECTION('center_axis',(-1.,0.,0.));
#11567=DIRECTION('ref_axis',(0.,0.970295726275995,0.241921895599671));
#11568=DIRECTION('center_axis',(-1.,0.,0.));
#11569=DIRECTION('ref_axis',(0.,0.970295726275996,0.241921895599671));
#11570=DIRECTION('center_axis',(-1.,0.,0.));
#11571=DIRECTION('ref_axis',(0.,0.970295726275995,0.241921895599671));
#11572=DIRECTION('center_axis',(-1.,0.,0.));
#11573=DIRECTION('ref_axis',(0.,0.,1.));
#11574=DIRECTION('center_axis',(-1.,0.,0.));
#11575=DIRECTION('ref_axis',(0.,0.927183854566786,0.374606593415916));
#11576=DIRECTION('center_axis',(-1.,0.,0.));
#11577=DIRECTION('ref_axis',(0.,0.927183854566786,0.374606593415916));
#11578=DIRECTION('center_axis',(-1.,0.,0.));
#11579=DIRECTION('ref_axis',(0.,0.927183854566786,0.374606593415916));
#11580=DIRECTION('center_axis',(-1.,0.,0.));
#11581=DIRECTION('ref_axis',(0.,0.,1.));
#11582=DIRECTION('center_axis',(-1.,0.,0.));
#11583=DIRECTION('ref_axis',(0.,0.866025403784436,0.500000000000004));
#11584=DIRECTION('center_axis',(-1.,0.,0.));
#11585=DIRECTION('ref_axis',(0.,0.866025403784436,0.500000000000004));
#11586=DIRECTION('center_axis',(-1.,0.,0.));
#11587=DIRECTION('ref_axis',(0.,0.866025403784436,0.500000000000004));
#11588=DIRECTION('center_axis',(-1.,0.,0.));
#11589=DIRECTION('ref_axis',(0.,0.,1.));
#11590=DIRECTION('center_axis',(-1.,0.,0.));
#11591=DIRECTION('ref_axis',(0.,0.788010753606719,0.615661475325662));
#11592=DIRECTION('center_axis',(-1.,0.,0.));
#11593=DIRECTION('ref_axis',(0.,0.788010753606719,0.615661475325662));
#11594=DIRECTION('center_axis',(-1.,0.,0.));
#11595=DIRECTION('ref_axis',(0.,0.788010753606719,0.615661475325662));
#11596=DIRECTION('center_axis',(-1.,0.,0.));
#11597=DIRECTION('ref_axis',(0.,0.,1.));
#11598=DIRECTION('center_axis',(-1.,0.,0.));
#11599=DIRECTION('ref_axis',(0.,0.694658370458994,0.719339800338655));
#11600=DIRECTION('center_axis',(-1.,0.,0.));
#11601=DIRECTION('ref_axis',(0.,0.694658370458994,0.719339800338655));
#11602=DIRECTION('center_axis',(-1.,0.,0.));
#11603=DIRECTION('ref_axis',(0.,0.694658370458994,0.719339800338655));
#11604=DIRECTION('center_axis',(-1.,0.,0.));
#11605=DIRECTION('ref_axis',(0.,0.,1.));
#11606=DIRECTION('center_axis',(-1.,0.,0.));
#11607=DIRECTION('ref_axis',(0.,0.587785252292469,0.80901699437495));
#11608=DIRECTION('center_axis',(-1.,0.,0.));
#11609=DIRECTION('ref_axis',(0.,0.587785252292469,0.80901699437495));
#11610=DIRECTION('center_axis',(-1.,0.,0.));
#11611=DIRECTION('ref_axis',(0.,0.587785252292469,0.809016994374951));
#11612=DIRECTION('center_axis',(-1.,0.,0.));
#11613=DIRECTION('ref_axis',(0.,0.,1.));
#11614=DIRECTION('center_axis',(-1.,0.,0.));
#11615=DIRECTION('ref_axis',(0.,0.469471562785886,0.88294759285893));
#11616=DIRECTION('center_axis',(-1.,0.,0.));
#11617=DIRECTION('ref_axis',(0.,0.469471562785886,0.88294759285893));
#11618=DIRECTION('center_axis',(-1.,0.,0.));
#11619=DIRECTION('ref_axis',(0.,0.,1.));
#11620=DIRECTION('center_axis',(-1.,0.,0.));
#11621=DIRECTION('ref_axis',(0.,0.342020143325663,0.93969262078591));
#11622=DIRECTION('center_axis',(-1.,0.,0.));
#11623=DIRECTION('ref_axis',(0.,0.342020143325663,0.93969262078591));
#11624=DIRECTION('center_axis',(-1.,0.,0.));
#11625=DIRECTION('ref_axis',(0.,0.,1.));
#11626=DIRECTION('center_axis',(-1.,0.,0.));
#11627=DIRECTION('ref_axis',(0.,0.207911690817753,0.978147600733807));
#11628=DIRECTION('center_axis',(-1.,0.,0.));
#11629=DIRECTION('ref_axis',(0.,0.207911690817753,0.978147600733807));
#11630=DIRECTION('center_axis',(-1.,0.,0.));
#11631=DIRECTION('ref_axis',(0.,0.207911690817753,0.978147600733807));
#11632=DIRECTION('center_axis',(-1.,0.,0.));
#11633=DIRECTION('ref_axis',(0.,0.,1.));
#11634=DIRECTION('center_axis',(-1.,0.,0.));
#11635=DIRECTION('ref_axis',(0.,0.0697564737441183,0.997564050259825));
#11636=DIRECTION('center_axis',(-1.,0.,0.));
#11637=DIRECTION('ref_axis',(0.,0.0697564737441184,0.997564050259825));
#11638=DIRECTION('center_axis',(-1.,0.,0.));
#11639=DIRECTION('ref_axis',(0.,0.0697564737441183,0.997564050259825));
#11640=DIRECTION('center_axis',(-1.,0.,0.));
#11641=DIRECTION('ref_axis',(0.,0.,1.));
#11642=DIRECTION('center_axis',(-1.,0.,0.));
#11643=DIRECTION('ref_axis',(0.,-0.0697564737441322,0.997564050259824));
#11644=DIRECTION('center_axis',(-1.,0.,0.));
#11645=DIRECTION('ref_axis',(0.,-0.0697564737441324,0.997564050259824));
#11646=DIRECTION('center_axis',(-1.,0.,0.));
#11647=DIRECTION('ref_axis',(0.,-0.0697564737441322,0.997564050259824));
#11648=DIRECTION('center_axis',(-1.,0.,0.));
#11649=DIRECTION('ref_axis',(0.,0.,1.));
#11650=DIRECTION('center_axis',(-1.,0.,0.));
#11651=DIRECTION('ref_axis',(0.,-0.207911690817766,0.978147600733804));
#11652=DIRECTION('center_axis',(-1.,0.,0.));
#11653=DIRECTION('ref_axis',(0.,-0.207911690817766,0.978147600733804));
#11654=DIRECTION('center_axis',(-1.,0.,0.));
#11655=DIRECTION('ref_axis',(0.,-0.207911690817766,0.978147600733804));
#11656=DIRECTION('center_axis',(-1.,0.,0.));
#11657=DIRECTION('ref_axis',(0.,0.,1.));
#11658=DIRECTION('center_axis',(-1.,0.,0.));
#11659=DIRECTION('ref_axis',(0.,-0.342020143325676,0.939692620785906));
#11660=DIRECTION('center_axis',(-1.,0.,0.));
#11661=DIRECTION('ref_axis',(0.,-0.342020143325676,0.939692620785906));
#11662=DIRECTION('center_axis',(-1.,0.,0.));
#11663=DIRECTION('ref_axis',(0.,-0.342020143325676,0.939692620785906));
#11664=DIRECTION('center_axis',(-1.,0.,0.));
#11665=DIRECTION('ref_axis',(0.,0.,1.));
#11666=DIRECTION('center_axis',(-1.,0.,0.));
#11667=DIRECTION('ref_axis',(0.,-0.469471562785898,0.882947592858923));
#11668=DIRECTION('center_axis',(-1.,0.,0.));
#11669=DIRECTION('ref_axis',(0.,-0.469471562785898,0.882947592858923));
#11670=DIRECTION('center_axis',(-1.,0.,0.));
#11671=DIRECTION('ref_axis',(0.,-0.469471562785898,0.882947592858923));
#11672=DIRECTION('center_axis',(-1.,0.,0.));
#11673=DIRECTION('ref_axis',(0.,0.,1.));
#11674=DIRECTION('center_axis',(-1.,0.,0.));
#11675=DIRECTION('ref_axis',(0.,-0.58778525229248,0.809016994374942));
#11676=DIRECTION('center_axis',(-1.,0.,0.));
#11677=DIRECTION('ref_axis',(0.,-0.58778525229248,0.809016994374942));
#11678=DIRECTION('center_axis',(-1.,0.,0.));
#11679=DIRECTION('ref_axis',(0.,-0.58778525229248,0.809016994374943));
#11680=DIRECTION('center_axis',(-1.,0.,0.));
#11681=DIRECTION('ref_axis',(0.,0.,1.));
#11682=DIRECTION('center_axis',(-1.,0.,0.));
#11683=DIRECTION('ref_axis',(0.,-0.694658370459003,0.719339800338645));
#11684=DIRECTION('center_axis',(-1.,0.,0.));
#11685=DIRECTION('ref_axis',(0.,-0.694658370459003,0.719339800338645));
#11686=DIRECTION('center_axis',(-1.,0.,0.));
#11687=DIRECTION('ref_axis',(0.,-0.694658370459003,0.719339800338645));
#11688=DIRECTION('center_axis',(-1.,0.,0.));
#11689=DIRECTION('ref_axis',(0.,0.,1.));
#11690=DIRECTION('center_axis',(-1.,0.,0.));
#11691=DIRECTION('ref_axis',(0.,-0.788010753606728,0.615661475325651));
#11692=DIRECTION('center_axis',(-1.,0.,0.));
#11693=DIRECTION('ref_axis',(0.,-0.788010753606728,0.615661475325651));
#11694=DIRECTION('center_axis',(-1.,0.,0.));
#11695=DIRECTION('ref_axis',(0.,-0.788010753606728,0.615661475325651));
#11696=DIRECTION('center_axis',(-1.,0.,0.));
#11697=DIRECTION('ref_axis',(0.,0.,1.));
#11698=DIRECTION('center_axis',(-1.,0.,0.));
#11699=DIRECTION('ref_axis',(0.,-0.866025403784443,0.499999999999992));
#11700=DIRECTION('center_axis',(-1.,0.,0.));
#11701=DIRECTION('ref_axis',(0.,-0.866025403784443,0.499999999999992));
#11702=DIRECTION('center_axis',(-1.,0.,0.));
#11703=DIRECTION('ref_axis',(0.,-0.866025403784443,0.499999999999992));
#11704=DIRECTION('center_axis',(-1.,0.,0.));
#11705=DIRECTION('ref_axis',(0.,0.,1.));
#11706=DIRECTION('center_axis',(-1.,0.,0.));
#11707=DIRECTION('ref_axis',(0.,-0.927183854566791,0.374606593415903));
#11708=DIRECTION('center_axis',(-1.,0.,0.));
#11709=DIRECTION('ref_axis',(0.,-0.927183854566791,0.374606593415903));
#11710=DIRECTION('center_axis',(-1.,0.,0.));
#11711=DIRECTION('ref_axis',(0.,-0.927183854566791,0.374606593415903));
#11712=DIRECTION('center_axis',(-1.,0.,0.));
#11713=DIRECTION('ref_axis',(0.,0.,1.));
#11714=DIRECTION('center_axis',(-1.,0.,0.));
#11715=DIRECTION('ref_axis',(0.,-0.970295726275999,0.241921895599658));
#11716=DIRECTION('center_axis',(-1.,0.,0.));
#11717=DIRECTION('ref_axis',(0.,-0.970295726275999,0.241921895599658));
#11718=DIRECTION('center_axis',(-1.,0.,0.));
#11719=DIRECTION('ref_axis',(0.,-0.970295726275999,0.241921895599658));
#11720=DIRECTION('center_axis',(-1.,0.,0.));
#11721=DIRECTION('ref_axis',(0.,0.,1.));
#11722=DIRECTION('center_axis',(-1.,0.,0.));
#11723=DIRECTION('ref_axis',(0.,-0.994521895368274,0.104528463267644));
#11724=DIRECTION('center_axis',(-1.,0.,0.));
#11725=DIRECTION('ref_axis',(0.,-0.994521895368274,0.104528463267644));
#11726=DIRECTION('center_axis',(-1.,0.,0.));
#11727=DIRECTION('ref_axis',(0.,-0.994521895368274,0.104528463267644));
#11728=DIRECTION('center_axis',(-1.,0.,0.));
#11729=DIRECTION('ref_axis',(0.,0.,1.));
#11730=DIRECTION('center_axis',(-1.,0.,0.));
#11731=DIRECTION('ref_axis',(0.,-0.999390827019095,-0.0348994967025112));
#11732=DIRECTION('center_axis',(-1.,0.,0.));
#11733=DIRECTION('ref_axis',(0.,-0.999390827019095,-0.034899496702511));
#11734=DIRECTION('center_axis',(-1.,0.,0.));
#11735=DIRECTION('ref_axis',(0.,-0.999390827019095,-0.0348994967025112));
#11736=DIRECTION('center_axis',(-1.,0.,0.));
#11737=DIRECTION('ref_axis',(0.,0.,1.));
#11738=DIRECTION('center_axis',(-1.,0.,0.));
#11739=DIRECTION('ref_axis',(0.,-0.984807753012206,-0.173648177666941));
#11740=DIRECTION('center_axis',(-1.,0.,0.));
#11741=DIRECTION('ref_axis',(0.,-0.984807753012206,-0.17364817766694));
#11742=DIRECTION('center_axis',(-1.,0.,0.));
#11743=DIRECTION('ref_axis',(0.,-0.984807753012206,-0.173648177666941));
#11744=DIRECTION('center_axis',(-1.,0.,0.));
#11745=DIRECTION('ref_axis',(0.,0.,1.));
#11746=DIRECTION('center_axis',(-1.,0.,0.));
#11747=DIRECTION('ref_axis',(0.,-0.95105651629515,-0.309016994374957));
#11748=DIRECTION('center_axis',(-1.,0.,0.));
#11749=DIRECTION('ref_axis',(0.,-0.95105651629515,-0.309016994374957));
#11750=DIRECTION('center_axis',(-1.,0.,0.));
#11751=DIRECTION('ref_axis',(0.,-0.95105651629515,-0.309016994374957));
#11752=DIRECTION('center_axis',(-1.,0.,0.));
#11753=DIRECTION('ref_axis',(0.,0.,1.));
#11754=DIRECTION('center_axis',(-1.,0.,0.));
#11755=DIRECTION('ref_axis',(0.,-0.898794046299162,-0.438371146789088));
#11756=DIRECTION('center_axis',(-1.,0.,0.));
#11757=DIRECTION('ref_axis',(0.,-0.898794046299162,-0.438371146789088));
#11758=DIRECTION('center_axis',(-1.,0.,0.));
#11759=DIRECTION('ref_axis',(0.,-0.898794046299162,-0.438371146789088));
#11760=DIRECTION('center_axis',(-1.,0.,0.));
#11761=DIRECTION('ref_axis',(0.,0.,1.));
#11762=DIRECTION('center_axis',(-1.,0.,0.));
#11763=DIRECTION('ref_axis',(0.,-0.829037572555035,-0.559192903470757));
#11764=DIRECTION('center_axis',(-1.,0.,0.));
#11765=DIRECTION('ref_axis',(0.,-0.829037572555035,-0.559192903470757));
#11766=DIRECTION('center_axis',(-1.,0.,0.));
#11767=DIRECTION('ref_axis',(0.,-0.829037572555035,-0.559192903470757));
#11768=DIRECTION('center_axis',(-1.,0.,0.));
#11769=DIRECTION('ref_axis',(0.,0.,1.));
#11770=DIRECTION('center_axis',(-1.,0.,0.));
#11771=DIRECTION('ref_axis',(0.,-0.743144825477386,-0.669130606358867));
#11772=DIRECTION('center_axis',(-1.,0.,0.));
#11773=DIRECTION('ref_axis',(0.,-0.743144825477386,-0.669130606358867));
#11774=DIRECTION('center_axis',(-1.,0.,0.));
#11775=DIRECTION('ref_axis',(0.,-0.743144825477386,-0.669130606358867));
#11776=DIRECTION('center_axis',(-1.,0.,0.));
#11777=DIRECTION('ref_axis',(0.,0.,1.));
#11778=DIRECTION('center_axis',(-1.,0.,0.));
#11779=DIRECTION('ref_axis',(0.,-0.64278760968653,-0.766044443118986));
#11780=DIRECTION('center_axis',(-1.,0.,0.));
#11781=DIRECTION('ref_axis',(0.,-0.64278760968653,-0.766044443118986));
#11782=DIRECTION('center_axis',(-1.,0.,0.));
#11783=DIRECTION('ref_axis',(0.,-0.64278760968653,-0.766044443118986));
#11784=DIRECTION('center_axis',(-1.,0.,0.));
#11785=DIRECTION('ref_axis',(0.,0.,1.));
#11786=DIRECTION('center_axis',(-1.,0.,0.));
#11787=DIRECTION('ref_axis',(0.,-0.529919264233195,-0.848048096156432));
#11788=DIRECTION('center_axis',(-1.,0.,0.));
#11789=DIRECTION('ref_axis',(0.,-0.529919264233195,-0.848048096156433));
#11790=DIRECTION('center_axis',(-1.,0.,0.));
#11791=DIRECTION('ref_axis',(0.,-0.529919264233195,-0.848048096156433));
#11792=DIRECTION('center_axis',(-1.,0.,0.));
#11793=DIRECTION('ref_axis',(0.,0.,1.));
#11794=DIRECTION('center_axis',(-1.,0.,0.));
#11795=DIRECTION('ref_axis',(0.,-0.406736643075789,-0.913545457642606));
#11796=DIRECTION('center_axis',(-1.,0.,0.));
#11797=DIRECTION('ref_axis',(0.,-0.406736643075789,-0.913545457642606));
#11798=DIRECTION('center_axis',(-1.,0.,0.));
#11799=DIRECTION('ref_axis',(0.,-0.406736643075789,-0.913545457642606));
#11800=DIRECTION('center_axis',(-1.,0.,0.));
#11801=DIRECTION('ref_axis',(0.,0.,1.));
#11802=DIRECTION('center_axis',(-1.,0.,0.));
#11803=DIRECTION('ref_axis',(0.,-0.275637355816987,-0.961261695938322));
#11804=DIRECTION('center_axis',(-1.,0.,0.));
#11805=DIRECTION('ref_axis',(0.,-0.275637355816987,-0.961261695938322));
#11806=DIRECTION('center_axis',(-1.,0.,0.));
#11807=DIRECTION('ref_axis',(0.,-0.275637355816987,-0.961261695938322));
#11808=DIRECTION('center_axis',(-1.,0.,0.));
#11809=DIRECTION('ref_axis',(0.,0.,1.));
#11810=DIRECTION('center_axis',(-1.,0.,0.));
#11811=DIRECTION('ref_axis',(0.,-0.139173100960052,-0.990268068741572));
#11812=DIRECTION('center_axis',(-1.,0.,0.));
#11813=DIRECTION('ref_axis',(0.,-0.139173100960052,-0.990268068741572));
#11814=DIRECTION('center_axis',(-1.,0.,0.));
#11815=DIRECTION('ref_axis',(0.,-0.139173100960052,-0.990268068741572));
#11816=DIRECTION('center_axis',(-1.,0.,0.));
#11817=DIRECTION('ref_axis',(0.,0.,1.));
#11818=DIRECTION('center_axis',(-1.,0.,0.));
#11819=DIRECTION('ref_axis',(0.,0.,-1.));
#11820=DIRECTION('center_axis',(-1.,0.,0.));
#11821=DIRECTION('ref_axis',(0.,0.,-1.));
#11822=DIRECTION('center_axis',(-1.,0.,0.));
#11823=DIRECTION('ref_axis',(0.,0.,-1.));
#11824=DIRECTION('center_axis',(-1.,0.,0.));
#11825=DIRECTION('ref_axis',(0.,0.,1.));
#11826=DIRECTION('center_axis',(-1.,0.,0.));
#11827=DIRECTION('ref_axis',(0.,0.139173100960066,-0.99026806874157));
#11828=DIRECTION('center_axis',(-1.,0.,0.));
#11829=DIRECTION('ref_axis',(0.,0.139173100960066,-0.99026806874157));
#11830=DIRECTION('center_axis',(-1.,0.,0.));
#11831=DIRECTION('ref_axis',(0.,0.139173100960066,-0.99026806874157));
#11832=DIRECTION('center_axis',(-1.,0.,0.));
#11833=DIRECTION('ref_axis',(0.,0.,1.));
#11834=DIRECTION('center_axis',(-1.,0.,0.));
#11835=DIRECTION('ref_axis',(0.,0.275637355817,-0.961261695938319));
#11836=DIRECTION('center_axis',(-1.,0.,0.));
#11837=DIRECTION('ref_axis',(0.,0.275637355817,-0.961261695938319));
#11838=DIRECTION('center_axis',(-1.,0.,0.));
#11839=DIRECTION('ref_axis',(0.,0.,1.));
#11840=DIRECTION('center_axis',(-1.,0.,0.));
#11841=DIRECTION('ref_axis',(0.,0.406736643075801,-0.913545457642601));
#11842=DIRECTION('center_axis',(-1.,0.,0.));
#11843=DIRECTION('ref_axis',(0.,0.406736643075801,-0.913545457642601));
#11844=DIRECTION('center_axis',(-1.,0.,0.));
#11845=DIRECTION('ref_axis',(0.,0.,1.));
#11846=DIRECTION('center_axis',(-1.,0.,0.));
#11847=DIRECTION('ref_axis',(0.,0.529919264233206,-0.848048096156425));
#11848=DIRECTION('center_axis',(-1.,0.,0.));
#11849=DIRECTION('ref_axis',(0.,0.529919264233206,-0.848048096156425));
#11850=DIRECTION('center_axis',(-1.,0.,0.));
#11851=DIRECTION('ref_axis',(0.,0.529919264233206,-0.848048096156426));
#11852=DIRECTION('center_axis',(-1.,0.,0.));
#11853=DIRECTION('ref_axis',(0.,0.,1.));
#11854=DIRECTION('center_axis',(-1.,0.,0.));
#11855=DIRECTION('ref_axis',(0.,0.642787609686541,-0.766044443118977));
#11856=DIRECTION('center_axis',(-1.,0.,0.));
#11857=DIRECTION('ref_axis',(0.,0.64278760968654,-0.766044443118977));
#11858=DIRECTION('center_axis',(-1.,0.,0.));
#11859=DIRECTION('ref_axis',(0.,0.64278760968654,-0.766044443118977));
#11860=DIRECTION('center_axis',(-1.,0.,0.));
#11861=DIRECTION('ref_axis',(0.,0.,1.));
#11862=DIRECTION('center_axis',(-1.,0.,0.));
#11863=DIRECTION('ref_axis',(0.,0.743144825477395,-0.669130606358857));
#11864=DIRECTION('center_axis',(-1.,0.,0.));
#11865=DIRECTION('ref_axis',(0.,0.743144825477395,-0.669130606358857));
#11866=DIRECTION('center_axis',(-1.,0.,0.));
#11867=DIRECTION('ref_axis',(0.,0.743144825477395,-0.669130606358857));
#11868=DIRECTION('center_axis',(-1.,0.,0.));
#11869=DIRECTION('ref_axis',(0.,0.,1.));
#11870=DIRECTION('center_axis',(-1.,0.,0.));
#11871=DIRECTION('ref_axis',(0.,0.829037572555043,-0.559192903470745));
#11872=DIRECTION('center_axis',(-1.,0.,0.));
#11873=DIRECTION('ref_axis',(0.,0.829037572555043,-0.559192903470745));
#11874=DIRECTION('center_axis',(-1.,0.,0.));
#11875=DIRECTION('ref_axis',(0.,0.829037572555043,-0.559192903470745));
#11876=DIRECTION('center_axis',(-1.,0.,0.));
#11877=DIRECTION('ref_axis',(0.,0.,1.));
#11878=DIRECTION('center_axis',(-1.,0.,0.));
#11879=DIRECTION('ref_axis',(0.,0.898794046299168,-0.438371146789075));
#11880=DIRECTION('center_axis',(-1.,0.,0.));
#11881=DIRECTION('ref_axis',(0.,0.898794046299168,-0.438371146789075));
#11882=DIRECTION('center_axis',(-1.,0.,0.));
#11883=DIRECTION('ref_axis',(0.,0.898794046299168,-0.438371146789075));
#11884=DIRECTION('center_axis',(-1.,0.,0.));
#11885=DIRECTION('ref_axis',(0.,0.,1.));
#11886=DIRECTION('center_axis',(-1.,0.,0.));
#11887=DIRECTION('ref_axis',(0.,0.951056516295154,-0.309016994374945));
#11888=DIRECTION('center_axis',(-1.,0.,0.));
#11889=DIRECTION('ref_axis',(0.,0.951056516295154,-0.309016994374945));
#11890=DIRECTION('center_axis',(-1.,0.,0.));
#11891=DIRECTION('ref_axis',(0.,0.951056516295154,-0.309016994374945));
#11892=DIRECTION('center_axis',(-1.,0.,0.));
#11893=DIRECTION('ref_axis',(0.,0.,1.));
#11894=DIRECTION('center_axis',(-1.,0.,0.));
#11895=DIRECTION('ref_axis',(0.,0.984807753012209,-0.173648177666927));
#11896=DIRECTION('center_axis',(-1.,0.,0.));
#11897=DIRECTION('ref_axis',(0.,0.984807753012209,-0.173648177666927));
#11898=DIRECTION('center_axis',(-1.,0.,0.));
#11899=DIRECTION('ref_axis',(0.,0.984807753012209,-0.173648177666928));
#11900=DIRECTION('center_axis',(-1.,0.,0.));
#11901=DIRECTION('ref_axis',(0.,0.,1.));
#11902=DIRECTION('center_axis',(-1.,0.,0.));
#11903=DIRECTION('ref_axis',(0.,0.,1.));
#11904=DIRECTION('',(-1.,0.,0.));
#11905=DIRECTION('',(1.,0.,0.));
#11906=DIRECTION('center_axis',(-1.,0.,0.));
#11907=DIRECTION('ref_axis',(0.,0.,1.));
#11908=DIRECTION('center_axis',(-1.,0.,0.));
#11909=DIRECTION('ref_axis',(0.,0.,1.));
#11910=DIRECTION('',(1.,0.,0.));
#11911=DIRECTION('center_axis',(-1.,0.,0.));
#11912=DIRECTION('ref_axis',(0.,0.,1.));
#11913=DIRECTION('',(-1.,0.,0.));
#11914=DIRECTION('center_axis',(-1.,0.,0.));
#11915=DIRECTION('ref_axis',(0.,0.,1.));
#11916=DIRECTION('',(-1.,0.,0.));
#11917=DIRECTION('',(1.,0.,0.));
#11918=DIRECTION('center_axis',(-1.,0.,0.));
#11919=DIRECTION('ref_axis',(0.,0.,1.));
#11920=DIRECTION('center_axis',(-1.,0.,0.));
#11921=DIRECTION('ref_axis',(0.,0.,1.));
#11922=DIRECTION('',(-1.,0.,0.));
#11923=DIRECTION('',(1.,0.,0.));
#11924=DIRECTION('center_axis',(-1.,0.,0.));
#11925=DIRECTION('ref_axis',(0.,0.,1.));
#11926=DIRECTION('center_axis',(-1.,0.,0.));
#11927=DIRECTION('ref_axis',(0.,0.,1.));
#11928=DIRECTION('',(-1.,0.,0.));
#11929=DIRECTION('',(1.,0.,0.));
#11930=DIRECTION('center_axis',(-1.,0.,0.));
#11931=DIRECTION('ref_axis',(0.,0.,1.));
#11932=DIRECTION('center_axis',(-1.,0.,0.));
#11933=DIRECTION('ref_axis',(0.,0.,1.));
#11934=DIRECTION('',(1.,0.,0.));
#11935=DIRECTION('center_axis',(-1.,0.,0.));
#11936=DIRECTION('ref_axis',(0.,0.,1.));
#11937=DIRECTION('',(-1.,0.,0.));
#11938=DIRECTION('center_axis',(-1.,0.,0.));
#11939=DIRECTION('ref_axis',(0.,0.,1.));
#11940=DIRECTION('',(-1.,0.,0.));
#11941=DIRECTION('',(1.,0.,0.));
#11942=DIRECTION('center_axis',(-1.,0.,0.));
#11943=DIRECTION('ref_axis',(0.,0.,1.));
#11944=DIRECTION('center_axis',(-1.,0.,0.));
#11945=DIRECTION('ref_axis',(0.,0.,1.));
#11946=DIRECTION('',(1.,0.,0.));
#11947=DIRECTION('center_axis',(-1.,0.,0.));
#11948=DIRECTION('ref_axis',(0.,0.,1.));
#11949=DIRECTION('',(-1.,0.,0.));
#11950=DIRECTION('center_axis',(-1.,0.,0.));
#11951=DIRECTION('ref_axis',(0.,0.,1.));
#11952=DIRECTION('',(-1.,0.,0.));
#11953=DIRECTION('',(1.,0.,0.));
#11954=DIRECTION('center_axis',(-1.,0.,0.));
#11955=DIRECTION('ref_axis',(0.,0.,1.));
#11956=DIRECTION('center_axis',(-1.,0.,0.));
#11957=DIRECTION('ref_axis',(0.,0.,1.));
#11958=DIRECTION('',(1.,0.,0.));
#11959=DIRECTION('center_axis',(-1.,0.,0.));
#11960=DIRECTION('ref_axis',(0.,0.,1.));
#11961=DIRECTION('center_axis',(-1.,0.,0.));
#11962=DIRECTION('ref_axis',(0.,0.,1.));
#11963=DIRECTION('',(1.,0.,0.));
#11964=DIRECTION('center_axis',(-1.,0.,0.));
#11965=DIRECTION('ref_axis',(0.,0.,1.));
#11966=DIRECTION('center_axis',(-1.,0.,0.));
#11967=DIRECTION('ref_axis',(0.,0.,1.));
#11968=DIRECTION('',(-1.,0.,0.));
#11969=DIRECTION('',(1.,0.,0.));
#11970=DIRECTION('center_axis',(-1.,0.,0.));
#11971=DIRECTION('ref_axis',(0.,0.,1.));
#11972=DIRECTION('center_axis',(-1.,0.,0.));
#11973=DIRECTION('ref_axis',(0.,0.,1.));
#11974=DIRECTION('',(1.,0.,0.));
#11975=DIRECTION('center_axis',(-1.,0.,0.));
#11976=DIRECTION('ref_axis',(0.,0.,1.));
#11977=DIRECTION('',(-1.,0.,0.));
#11978=DIRECTION('center_axis',(-1.,0.,0.));
#11979=DIRECTION('ref_axis',(0.,0.,1.));
#11980=DIRECTION('',(-1.,0.,0.));
#11981=DIRECTION('center_axis',(-1.,0.,0.));
#11982=DIRECTION('ref_axis',(0.,0.,1.));
#11983=DIRECTION('center_axis',(-1.,0.,0.));
#11984=DIRECTION('ref_axis',(0.,0.,1.));
#11985=DIRECTION('',(-1.,0.,0.));
#11986=DIRECTION('center_axis',(-1.,0.,0.));
#11987=DIRECTION('ref_axis',(0.,0.,1.));
#11988=DIRECTION('center_axis',(-1.,0.,0.));
#11989=DIRECTION('ref_axis',(0.,0.,1.));
#11990=DIRECTION('',(-1.,0.,0.));
#11991=DIRECTION('',(1.,0.,0.));
#11992=DIRECTION('center_axis',(-1.,0.,0.));
#11993=DIRECTION('ref_axis',(0.,0.,1.));
#11994=DIRECTION('center_axis',(-1.,0.,0.));
#11995=DIRECTION('ref_axis',(0.,0.,1.));
#11996=DIRECTION('',(1.,0.,0.));
#11997=DIRECTION('center_axis',(-1.,0.,0.));
#11998=DIRECTION('ref_axis',(0.,0.,1.));
#11999=DIRECTION('',(-1.,0.,0.));
#12000=DIRECTION('center_axis',(-1.,0.,0.));
#12001=DIRECTION('ref_axis',(0.,0.,1.));
#12002=DIRECTION('',(-1.,0.,0.));
#12003=DIRECTION('',(1.,0.,0.));
#12004=DIRECTION('center_axis',(-1.,0.,0.));
#12005=DIRECTION('ref_axis',(0.,0.,1.));
#12006=DIRECTION('center_axis',(-1.,0.,0.));
#12007=DIRECTION('ref_axis',(0.,0.,1.));
#12008=DIRECTION('',(-1.,0.,0.));
#12009=DIRECTION('',(1.,0.,0.));
#12010=DIRECTION('center_axis',(-1.,0.,0.));
#12011=DIRECTION('ref_axis',(0.,0.,1.));
#12012=DIRECTION('center_axis',(-1.,0.,0.));
#12013=DIRECTION('ref_axis',(0.,0.,1.));
#12014=DIRECTION('',(1.,0.,0.));
#12015=DIRECTION('center_axis',(-1.,0.,0.));
#12016=DIRECTION('ref_axis',(0.,0.,1.));
#12017=DIRECTION('',(-1.,0.,0.));
#12018=DIRECTION('center_axis',(-1.,0.,0.));
#12019=DIRECTION('ref_axis',(0.,0.,1.));
#12020=DIRECTION('',(-1.,0.,0.));
#12021=DIRECTION('',(1.,0.,0.));
#12022=DIRECTION('center_axis',(-1.,0.,0.));
#12023=DIRECTION('ref_axis',(0.,0.,1.));
#12024=DIRECTION('center_axis',(-1.,0.,0.));
#12025=DIRECTION('ref_axis',(0.,0.,1.));
#12026=DIRECTION('',(-1.,0.,0.));
#12027=DIRECTION('',(1.,0.,0.));
#12028=DIRECTION('center_axis',(-1.,0.,0.));
#12029=DIRECTION('ref_axis',(0.,0.,1.));
#12030=DIRECTION('center_axis',(-1.,0.,0.));
#12031=DIRECTION('ref_axis',(0.,0.,1.));
#12032=DIRECTION('',(-1.,0.,0.));
#12033=DIRECTION('',(1.,0.,0.));
#12034=DIRECTION('center_axis',(-1.,0.,0.));
#12035=DIRECTION('ref_axis',(0.,0.,1.));
#12036=DIRECTION('center_axis',(-1.,0.,0.));
#12037=DIRECTION('ref_axis',(0.,0.,1.));
#12038=DIRECTION('',(1.,0.,0.));
#12039=DIRECTION('center_axis',(-1.,0.,0.));
#12040=DIRECTION('ref_axis',(0.,0.,1.));
#12041=DIRECTION('',(-1.,0.,0.));
#12042=DIRECTION('center_axis',(-1.,0.,0.));
#12043=DIRECTION('ref_axis',(0.,0.,1.));
#12044=DIRECTION('',(-1.,0.,0.));
#12045=DIRECTION('',(1.,0.,0.));
#12046=DIRECTION('center_axis',(-1.,0.,0.));
#12047=DIRECTION('ref_axis',(0.,0.,1.));
#12048=DIRECTION('center_axis',(-1.,0.,0.));
#12049=DIRECTION('ref_axis',(0.,0.,1.));
#12050=DIRECTION('',(-1.,0.,0.));
#12051=DIRECTION('',(1.,0.,0.));
#12052=DIRECTION('center_axis',(-1.,0.,0.));
#12053=DIRECTION('ref_axis',(0.,0.,1.));
#12054=DIRECTION('center_axis',(-1.,0.,0.));
#12055=DIRECTION('ref_axis',(0.,0.,1.));
#12056=DIRECTION('',(-1.,0.,0.));
#12057=DIRECTION('',(1.,0.,0.));
#12058=DIRECTION('center_axis',(-1.,0.,0.));
#12059=DIRECTION('ref_axis',(0.,0.,1.));
#12060=DIRECTION('center_axis',(-1.,0.,0.));
#12061=DIRECTION('ref_axis',(0.,0.,1.));
#12062=DIRECTION('',(1.,0.,0.));
#12063=DIRECTION('center_axis',(-1.,0.,0.));
#12064=DIRECTION('ref_axis',(0.,0.,1.));
#12065=DIRECTION('',(-1.,0.,0.));
#12066=DIRECTION('center_axis',(-1.,0.,0.));
#12067=DIRECTION('ref_axis',(0.,0.,1.));
#12068=DIRECTION('',(-1.,0.,0.));
#12069=DIRECTION('',(1.,0.,0.));
#12070=DIRECTION('center_axis',(-1.,0.,0.));
#12071=DIRECTION('ref_axis',(0.,0.,1.));
#12072=DIRECTION('center_axis',(-1.,0.,0.));
#12073=DIRECTION('ref_axis',(0.,0.,1.));
#12074=DIRECTION('',(-1.,0.,0.));
#12075=DIRECTION('',(1.,0.,0.));
#12076=DIRECTION('center_axis',(-1.,0.,0.));
#12077=DIRECTION('ref_axis',(0.,0.,1.));
#12078=DIRECTION('center_axis',(-1.,0.,0.));
#12079=DIRECTION('ref_axis',(0.,0.,1.));
#12080=DIRECTION('',(1.,0.,0.));
#12081=DIRECTION('center_axis',(-1.,0.,0.));
#12082=DIRECTION('ref_axis',(0.,0.,1.));
#12083=DIRECTION('',(-1.,0.,0.));
#12084=DIRECTION('center_axis',(-1.,0.,0.));
#12085=DIRECTION('ref_axis',(0.,0.,1.));
#12086=DIRECTION('',(-1.,0.,0.));
#12087=DIRECTION('',(1.,0.,0.));
#12088=DIRECTION('center_axis',(-1.,0.,0.));
#12089=DIRECTION('ref_axis',(0.,0.,1.));
#12090=DIRECTION('center_axis',(-1.,0.,0.));
#12091=DIRECTION('ref_axis',(0.,0.,1.));
#12092=DIRECTION('',(-1.,0.,0.));
#12093=DIRECTION('',(1.,0.,0.));
#12094=DIRECTION('center_axis',(-1.,0.,0.));
#12095=DIRECTION('ref_axis',(0.,0.,1.));
#12096=DIRECTION('center_axis',(-1.,0.,0.));
#12097=DIRECTION('ref_axis',(0.,0.,1.));
#12098=DIRECTION('',(-1.,0.,0.));
#12099=DIRECTION('',(1.,0.,0.));
#12100=DIRECTION('center_axis',(-1.,0.,0.));
#12101=DIRECTION('ref_axis',(0.,0.,1.));
#12102=DIRECTION('center_axis',(-1.,0.,0.));
#12103=DIRECTION('ref_axis',(0.,0.,1.));
#12104=DIRECTION('',(1.,0.,0.));
#12105=DIRECTION('center_axis',(-1.,0.,0.));
#12106=DIRECTION('ref_axis',(0.,0.,1.));
#12107=DIRECTION('',(-1.,0.,0.));
#12108=DIRECTION('center_axis',(-1.,0.,0.));
#12109=DIRECTION('ref_axis',(0.,0.,1.));
#12110=DIRECTION('',(-1.,0.,0.));
#12111=DIRECTION('',(1.,0.,0.));
#12112=DIRECTION('center_axis',(-1.,0.,0.));
#12113=DIRECTION('ref_axis',(0.,0.,1.));
#12114=DIRECTION('center_axis',(-1.,0.,0.));
#12115=DIRECTION('ref_axis',(0.,0.,1.));
#12116=DIRECTION('',(-1.,0.,0.));
#12117=DIRECTION('',(1.,0.,0.));
#12118=DIRECTION('center_axis',(-1.,0.,0.));
#12119=DIRECTION('ref_axis',(0.,0.,1.));
#12120=DIRECTION('center_axis',(-1.,0.,0.));
#12121=DIRECTION('ref_axis',(0.,0.,1.));
#12122=DIRECTION('',(-1.,0.,0.));
#12123=DIRECTION('',(1.,0.,0.));
#12124=DIRECTION('center_axis',(-1.,0.,0.));
#12125=DIRECTION('ref_axis',(0.,0.,1.));
#12126=DIRECTION('center_axis',(-1.,0.,0.));
#12127=DIRECTION('ref_axis',(0.,0.,1.));
#12128=DIRECTION('',(1.,0.,0.));
#12129=DIRECTION('center_axis',(-1.,0.,0.));
#12130=DIRECTION('ref_axis',(0.,0.,1.));
#12131=DIRECTION('',(-1.,0.,0.));
#12132=DIRECTION('center_axis',(-1.,0.,0.));
#12133=DIRECTION('ref_axis',(0.,0.,1.));
#12134=DIRECTION('',(-1.,0.,0.));
#12135=DIRECTION('',(1.,0.,0.));
#12136=DIRECTION('center_axis',(-1.,0.,0.));
#12137=DIRECTION('ref_axis',(0.,0.,1.));
#12138=DIRECTION('center_axis',(-1.,0.,0.));
#12139=DIRECTION('ref_axis',(0.,0.,1.));
#12140=DIRECTION('',(-1.,0.,0.));
#12141=DIRECTION('',(1.,0.,0.));
#12142=DIRECTION('center_axis',(-1.,0.,0.));
#12143=DIRECTION('ref_axis',(0.,0.,1.));
#12144=DIRECTION('center_axis',(-1.,0.,0.));
#12145=DIRECTION('ref_axis',(0.,0.,1.));
#12146=DIRECTION('',(1.,0.,0.));
#12147=DIRECTION('center_axis',(-1.,0.,0.));
#12148=DIRECTION('ref_axis',(0.,0.,1.));
#12149=DIRECTION('',(-1.,0.,0.));
#12150=DIRECTION('center_axis',(-1.,0.,0.));
#12151=DIRECTION('ref_axis',(0.,0.,1.));
#12152=DIRECTION('',(-1.,0.,0.));
#12153=DIRECTION('',(1.,0.,0.));
#12154=DIRECTION('center_axis',(-1.,0.,0.));
#12155=DIRECTION('ref_axis',(0.,0.,1.));
#12156=DIRECTION('center_axis',(-1.,0.,0.));
#12157=DIRECTION('ref_axis',(0.,0.,1.));
#12158=DIRECTION('',(-1.,0.,0.));
#12159=DIRECTION('',(1.,0.,0.));
#12160=DIRECTION('center_axis',(-1.,0.,0.));
#12161=DIRECTION('ref_axis',(0.,0.,1.));
#12162=DIRECTION('center_axis',(1.,0.,0.));
#12163=DIRECTION('ref_axis',(0.,0.,-1.));
#12164=DIRECTION('center_axis',(-1.,0.,0.));
#12165=DIRECTION('ref_axis',(0.,0.999390827019096,-0.0348994967024977));
#12166=DIRECTION('center_axis',(1.,0.,0.));
#12167=DIRECTION('ref_axis',(0.,0.,-1.));
#12168=DIRECTION('center_axis',(-1.,0.,0.));
#12169=DIRECTION('ref_axis',(0.,0.984807753012209,-0.173648177666927));
#12170=DIRECTION('center_axis',(-1.,0.,0.));
#12171=DIRECTION('ref_axis',(0.,0.984807753012209,-0.173648177666927));
#12172=DIRECTION('center_axis',(1.,0.,0.));
#12173=DIRECTION('ref_axis',(0.,0.,-1.));
#12174=DIRECTION('center_axis',(-1.,0.,0.));
#12175=DIRECTION('ref_axis',(0.,0.951056516295154,-0.309016994374945));
#12176=DIRECTION('center_axis',(-1.,0.,0.));
#12177=DIRECTION('ref_axis',(0.,0.951056516295154,-0.309016994374945));
#12178=DIRECTION('center_axis',(1.,0.,0.));
#12179=DIRECTION('ref_axis',(0.,0.,-1.));
#12180=DIRECTION('center_axis',(-1.,0.,0.));
#12181=DIRECTION('ref_axis',(0.,0.898794046299168,-0.438371146789075));
#12182=DIRECTION('center_axis',(-1.,0.,0.));
#12183=DIRECTION('ref_axis',(0.,0.898794046299168,-0.438371146789075));
#12184=DIRECTION('center_axis',(1.,0.,0.));
#12185=DIRECTION('ref_axis',(0.,0.,-1.));
#12186=DIRECTION('center_axis',(-1.,0.,0.));
#12187=DIRECTION('ref_axis',(0.,0.829037572555043,-0.559192903470745));
#12188=DIRECTION('center_axis',(-1.,0.,0.));
#12189=DIRECTION('ref_axis',(0.,0.829037572555043,-0.559192903470745));
#12190=DIRECTION('center_axis',(1.,0.,0.));
#12191=DIRECTION('ref_axis',(0.,0.,-1.));
#12192=DIRECTION('center_axis',(-1.,0.,0.));
#12193=DIRECTION('ref_axis',(0.,0.743144825477395,-0.669130606358857));
#12194=DIRECTION('center_axis',(-1.,0.,0.));
#12195=DIRECTION('ref_axis',(0.,0.743144825477395,-0.669130606358857));
#12196=DIRECTION('center_axis',(1.,0.,0.));
#12197=DIRECTION('ref_axis',(0.,0.,-1.));
#12198=DIRECTION('center_axis',(-1.,0.,0.));
#12199=DIRECTION('ref_axis',(0.,0.64278760968654,-0.766044443118977));
#12200=DIRECTION('center_axis',(-1.,0.,0.));
#12201=DIRECTION('ref_axis',(0.,0.642787609686541,-0.766044443118977));
#12202=DIRECTION('center_axis',(1.,0.,0.));
#12203=DIRECTION('ref_axis',(0.,0.,-1.));
#12204=DIRECTION('center_axis',(-1.,0.,0.));
#12205=DIRECTION('ref_axis',(0.,0.529919264233206,-0.848048096156425));
#12206=DIRECTION('center_axis',(-1.,0.,0.));
#12207=DIRECTION('ref_axis',(0.,0.529919264233206,-0.848048096156425));
#12208=DIRECTION('center_axis',(1.,0.,0.));
#12209=DIRECTION('ref_axis',(0.,0.,-1.));
#12210=DIRECTION('center_axis',(-1.,0.,0.));
#12211=DIRECTION('ref_axis',(0.,0.406736643075801,-0.913545457642601));
#12212=DIRECTION('center_axis',(1.,0.,0.));
#12213=DIRECTION('ref_axis',(0.,0.,-1.));
#12214=DIRECTION('center_axis',(-1.,0.,0.));
#12215=DIRECTION('ref_axis',(0.,0.275637355817,-0.961261695938319));
#12216=DIRECTION('center_axis',(1.,0.,0.));
#12217=DIRECTION('ref_axis',(0.,0.,-1.));
#12218=DIRECTION('center_axis',(-1.,0.,0.));
#12219=DIRECTION('ref_axis',(0.,0.139173100960066,-0.99026806874157));
#12220=DIRECTION('center_axis',(-1.,0.,0.));
#12221=DIRECTION('ref_axis',(0.,0.139173100960066,-0.99026806874157));
#12222=DIRECTION('center_axis',(-1.,0.,0.));
#12223=DIRECTION('ref_axis',(0.,0.,1.));
#12224=DIRECTION('center_axis',(1.,0.,0.));
#12225=DIRECTION('ref_axis',(0.,0.,-1.));
#12226=DIRECTION('center_axis',(-1.,0.,0.));
#12227=DIRECTION('ref_axis',(0.,0.,-1.));
#12228=DIRECTION('center_axis',(-1.,0.,0.));
#12229=DIRECTION('ref_axis',(0.,0.,-1.));
#12230=DIRECTION('center_axis',(1.,0.,0.));
#12231=DIRECTION('ref_axis',(0.,0.,-1.));
#12232=DIRECTION('center_axis',(-1.,0.,0.));
#12233=DIRECTION('ref_axis',(0.,-0.139173100960052,-0.990268068741572));
#12234=DIRECTION('center_axis',(-1.,0.,0.));
#12235=DIRECTION('ref_axis',(0.,-0.139173100960052,-0.990268068741572));
#12236=DIRECTION('center_axis',(1.,0.,0.));
#12237=DIRECTION('ref_axis',(0.,0.,-1.));
#12238=DIRECTION('center_axis',(-1.,0.,0.));
#12239=DIRECTION('ref_axis',(0.,-0.275637355816987,-0.961261695938322));
#12240=DIRECTION('center_axis',(-1.,0.,0.));
#12241=DIRECTION('ref_axis',(0.,-0.275637355816987,-0.961261695938322));
#12242=DIRECTION('center_axis',(1.,0.,0.));
#12243=DIRECTION('ref_axis',(0.,0.,-1.));
#12244=DIRECTION('center_axis',(-1.,0.,0.));
#12245=DIRECTION('ref_axis',(0.,-0.406736643075789,-0.913545457642606));
#12246=DIRECTION('center_axis',(-1.,0.,0.));
#12247=DIRECTION('ref_axis',(0.,-0.406736643075789,-0.913545457642606));
#12248=DIRECTION('center_axis',(1.,0.,0.));
#12249=DIRECTION('ref_axis',(0.,0.,-1.));
#12250=DIRECTION('center_axis',(-1.,0.,0.));
#12251=DIRECTION('ref_axis',(0.,-0.529919264233195,-0.848048096156433));
#12252=DIRECTION('center_axis',(-1.,0.,0.));
#12253=DIRECTION('ref_axis',(0.,-0.529919264233195,-0.848048096156432));
#12254=DIRECTION('center_axis',(1.,0.,0.));
#12255=DIRECTION('ref_axis',(0.,0.,-1.));
#12256=DIRECTION('center_axis',(-1.,0.,0.));
#12257=DIRECTION('ref_axis',(0.,-0.64278760968653,-0.766044443118986));
#12258=DIRECTION('center_axis',(-1.,0.,0.));
#12259=DIRECTION('ref_axis',(0.,-0.64278760968653,-0.766044443118986));
#12260=DIRECTION('center_axis',(1.,0.,0.));
#12261=DIRECTION('ref_axis',(0.,0.,-1.));
#12262=DIRECTION('center_axis',(-1.,0.,0.));
#12263=DIRECTION('ref_axis',(0.,-0.743144825477386,-0.669130606358867));
#12264=DIRECTION('center_axis',(-1.,0.,0.));
#12265=DIRECTION('ref_axis',(0.,-0.743144825477386,-0.669130606358867));
#12266=DIRECTION('center_axis',(1.,0.,0.));
#12267=DIRECTION('ref_axis',(0.,0.,-1.));
#12268=DIRECTION('center_axis',(-1.,0.,0.));
#12269=DIRECTION('ref_axis',(0.,-0.829037572555035,-0.559192903470757));
#12270=DIRECTION('center_axis',(-1.,0.,0.));
#12271=DIRECTION('ref_axis',(0.,-0.829037572555035,-0.559192903470757));
#12272=DIRECTION('center_axis',(1.,0.,0.));
#12273=DIRECTION('ref_axis',(0.,0.,-1.));
#12274=DIRECTION('center_axis',(-1.,0.,0.));
#12275=DIRECTION('ref_axis',(0.,-0.898794046299162,-0.438371146789088));
#12276=DIRECTION('center_axis',(-1.,0.,0.));
#12277=DIRECTION('ref_axis',(0.,-0.898794046299162,-0.438371146789088));
#12278=DIRECTION('center_axis',(1.,0.,0.));
#12279=DIRECTION('ref_axis',(0.,0.,-1.));
#12280=DIRECTION('center_axis',(-1.,0.,0.));
#12281=DIRECTION('ref_axis',(0.,-0.95105651629515,-0.309016994374957));
#12282=DIRECTION('center_axis',(-1.,0.,0.));
#12283=DIRECTION('ref_axis',(0.,-0.95105651629515,-0.309016994374957));
#12284=DIRECTION('center_axis',(1.,0.,0.));
#12285=DIRECTION('ref_axis',(0.,0.,-1.));
#12286=DIRECTION('center_axis',(-1.,0.,0.));
#12287=DIRECTION('ref_axis',(0.,-0.984807753012206,-0.17364817766694));
#12288=DIRECTION('center_axis',(-1.,0.,0.));
#12289=DIRECTION('ref_axis',(0.,-0.984807753012206,-0.173648177666941));
#12290=DIRECTION('center_axis',(1.,0.,0.));
#12291=DIRECTION('ref_axis',(0.,0.,-1.));
#12292=DIRECTION('center_axis',(-1.,0.,0.));
#12293=DIRECTION('ref_axis',(0.,-0.999390827019095,-0.034899496702511));
#12294=DIRECTION('center_axis',(-1.,0.,0.));
#12295=DIRECTION('ref_axis',(0.,-0.999390827019095,-0.0348994967025112));
#12296=DIRECTION('center_axis',(1.,0.,0.));
#12297=DIRECTION('ref_axis',(0.,0.,-1.));
#12298=DIRECTION('center_axis',(-1.,0.,0.));
#12299=DIRECTION('ref_axis',(0.,-0.994521895368274,0.104528463267644));
#12300=DIRECTION('center_axis',(-1.,0.,0.));
#12301=DIRECTION('ref_axis',(0.,-0.994521895368274,0.104528463267644));
#12302=DIRECTION('center_axis',(1.,0.,0.));
#12303=DIRECTION('ref_axis',(0.,0.,-1.));
#12304=DIRECTION('center_axis',(-1.,0.,0.));
#12305=DIRECTION('ref_axis',(0.,-0.970295726275999,0.241921895599658));
#12306=DIRECTION('center_axis',(-1.,0.,0.));
#12307=DIRECTION('ref_axis',(0.,-0.970295726275999,0.241921895599658));
#12308=DIRECTION('center_axis',(1.,0.,0.));
#12309=DIRECTION('ref_axis',(0.,0.,-1.));
#12310=DIRECTION('center_axis',(-1.,0.,0.));
#12311=DIRECTION('ref_axis',(0.,-0.927183854566791,0.374606593415903));
#12312=DIRECTION('center_axis',(-1.,0.,0.));
#12313=DIRECTION('ref_axis',(0.,-0.927183854566791,0.374606593415903));
#12314=DIRECTION('center_axis',(1.,0.,0.));
#12315=DIRECTION('ref_axis',(0.,0.,-1.));
#12316=DIRECTION('center_axis',(-1.,0.,0.));
#12317=DIRECTION('ref_axis',(0.,-0.866025403784443,0.499999999999992));
#12318=DIRECTION('center_axis',(-1.,0.,0.));
#12319=DIRECTION('ref_axis',(0.,-0.866025403784443,0.499999999999992));
#12320=DIRECTION('center_axis',(1.,0.,0.));
#12321=DIRECTION('ref_axis',(0.,0.,-1.));
#12322=DIRECTION('center_axis',(-1.,0.,0.));
#12323=DIRECTION('ref_axis',(0.,-0.788010753606728,0.615661475325651));
#12324=DIRECTION('center_axis',(-1.,0.,0.));
#12325=DIRECTION('ref_axis',(0.,-0.788010753606728,0.615661475325651));
#12326=DIRECTION('center_axis',(1.,0.,0.));
#12327=DIRECTION('ref_axis',(0.,0.,-1.));
#12328=DIRECTION('center_axis',(-1.,0.,0.));
#12329=DIRECTION('ref_axis',(0.,-0.694658370459003,0.719339800338645));
#12330=DIRECTION('center_axis',(-1.,0.,0.));
#12331=DIRECTION('ref_axis',(0.,-0.694658370459003,0.719339800338645));
#12332=DIRECTION('center_axis',(1.,0.,0.));
#12333=DIRECTION('ref_axis',(0.,0.,-1.));
#12334=DIRECTION('center_axis',(-1.,0.,0.));
#12335=DIRECTION('ref_axis',(0.,-0.58778525229248,0.809016994374942));
#12336=DIRECTION('center_axis',(-1.,0.,0.));
#12337=DIRECTION('ref_axis',(0.,-0.58778525229248,0.809016994374942));
#12338=DIRECTION('center_axis',(1.,0.,0.));
#12339=DIRECTION('ref_axis',(0.,0.,-1.));
#12340=DIRECTION('center_axis',(-1.,0.,0.));
#12341=DIRECTION('ref_axis',(0.,-0.469471562785898,0.882947592858923));
#12342=DIRECTION('center_axis',(-1.,0.,0.));
#12343=DIRECTION('ref_axis',(0.,-0.469471562785898,0.882947592858923));
#12344=DIRECTION('center_axis',(1.,0.,0.));
#12345=DIRECTION('ref_axis',(0.,0.,-1.));
#12346=DIRECTION('center_axis',(-1.,0.,0.));
#12347=DIRECTION('ref_axis',(0.,-0.342020143325676,0.939692620785906));
#12348=DIRECTION('center_axis',(-1.,0.,0.));
#12349=DIRECTION('ref_axis',(0.,-0.342020143325676,0.939692620785906));
#12350=DIRECTION('center_axis',(1.,0.,0.));
#12351=DIRECTION('ref_axis',(0.,0.,-1.));
#12352=DIRECTION('center_axis',(-1.,0.,0.));
#12353=DIRECTION('ref_axis',(0.,-0.207911690817766,0.978147600733804));
#12354=DIRECTION('center_axis',(-1.,0.,0.));
#12355=DIRECTION('ref_axis',(0.,-0.207911690817766,0.978147600733804));
#12356=DIRECTION('center_axis',(1.,0.,0.));
#12357=DIRECTION('ref_axis',(0.,0.,-1.));
#12358=DIRECTION('center_axis',(-1.,0.,0.));
#12359=DIRECTION('ref_axis',(0.,-0.0697564737441324,0.997564050259824));
#12360=DIRECTION('center_axis',(-1.,0.,0.));
#12361=DIRECTION('ref_axis',(0.,-0.0697564737441322,0.997564050259824));
#12362=DIRECTION('center_axis',(1.,0.,0.));
#12363=DIRECTION('ref_axis',(0.,0.,-1.));
#12364=DIRECTION('center_axis',(-1.,0.,0.));
#12365=DIRECTION('ref_axis',(0.,0.0697564737441184,0.997564050259825));
#12366=DIRECTION('center_axis',(-1.,0.,0.));
#12367=DIRECTION('ref_axis',(0.,0.0697564737441183,0.997564050259825));
#12368=DIRECTION('center_axis',(1.,0.,0.));
#12369=DIRECTION('ref_axis',(0.,0.,-1.));
#12370=DIRECTION('center_axis',(-1.,0.,0.));
#12371=DIRECTION('ref_axis',(0.,0.207911690817753,0.978147600733807));
#12372=DIRECTION('center_axis',(-1.,0.,0.));
#12373=DIRECTION('ref_axis',(0.,0.207911690817753,0.978147600733807));
#12374=DIRECTION('center_axis',(-1.,0.,0.));
#12375=DIRECTION('ref_axis',(0.,0.342020143325663,0.93969262078591));
#12376=DIRECTION('center_axis',(-1.,0.,0.));
#12377=DIRECTION('ref_axis',(0.,0.342020143325663,0.93969262078591));
#12378=DIRECTION('center_axis',(-1.,0.,0.));
#12379=DIRECTION('ref_axis',(0.,0.469471562785886,0.88294759285893));
#12380=DIRECTION('center_axis',(-1.,0.,0.));
#12381=DIRECTION('ref_axis',(0.,0.469471562785886,0.88294759285893));
#12382=DIRECTION('center_axis',(1.,0.,0.));
#12383=DIRECTION('ref_axis',(0.,0.,-1.));
#12384=DIRECTION('center_axis',(-1.,0.,0.));
#12385=DIRECTION('ref_axis',(0.,0.587785252292469,0.80901699437495));
#12386=DIRECTION('center_axis',(-1.,0.,0.));
#12387=DIRECTION('ref_axis',(0.,0.587785252292469,0.80901699437495));
#12388=DIRECTION('center_axis',(1.,0.,0.));
#12389=DIRECTION('ref_axis',(0.,0.,-1.));
#12390=DIRECTION('center_axis',(-1.,0.,0.));
#12391=DIRECTION('ref_axis',(0.,0.694658370458994,0.719339800338655));
#12392=DIRECTION('center_axis',(-1.,0.,0.));
#12393=DIRECTION('ref_axis',(0.,0.694658370458994,0.719339800338655));
#12394=DIRECTION('center_axis',(1.,0.,0.));
#12395=DIRECTION('ref_axis',(0.,0.,-1.));
#12396=DIRECTION('center_axis',(-1.,0.,0.));
#12397=DIRECTION('ref_axis',(0.,0.788010753606719,0.615661475325662));
#12398=DIRECTION('center_axis',(-1.,0.,0.));
#12399=DIRECTION('ref_axis',(0.,0.788010753606719,0.615661475325662));
#12400=DIRECTION('center_axis',(1.,0.,0.));
#12401=DIRECTION('ref_axis',(0.,0.,-1.));
#12402=DIRECTION('center_axis',(-1.,0.,0.));
#12403=DIRECTION('ref_axis',(0.,0.866025403784436,0.500000000000004));
#12404=DIRECTION('center_axis',(-1.,0.,0.));
#12405=DIRECTION('ref_axis',(0.,0.866025403784436,0.500000000000004));
#12406=DIRECTION('center_axis',(1.,0.,0.));
#12407=DIRECTION('ref_axis',(0.,0.,-1.));
#12408=DIRECTION('center_axis',(-1.,0.,0.));
#12409=DIRECTION('ref_axis',(0.,0.927183854566786,0.374606593415916));
#12410=DIRECTION('center_axis',(-1.,0.,0.));
#12411=DIRECTION('ref_axis',(0.,0.927183854566786,0.374606593415916));
#12412=DIRECTION('center_axis',(1.,0.,0.));
#12413=DIRECTION('ref_axis',(0.,0.,-1.));
#12414=DIRECTION('center_axis',(-1.,0.,0.));
#12415=DIRECTION('ref_axis',(0.,0.970295726275996,0.241921895599671));
#12416=DIRECTION('center_axis',(-1.,0.,0.));
#12417=DIRECTION('ref_axis',(0.,0.970295726275995,0.241921895599671));
#12418=DIRECTION('center_axis',(1.,0.,0.));
#12419=DIRECTION('ref_axis',(0.,0.,-1.));
#12420=DIRECTION('center_axis',(-1.,0.,0.));
#12421=DIRECTION('ref_axis',(0.,0.994521895368273,0.104528463267657));
#12422=DIRECTION('center_axis',(-1.,0.,0.));
#12423=DIRECTION('ref_axis',(0.,0.994521895368273,0.104528463267657));
#12424=DIRECTION('center_axis',(1.,0.,0.));
#12425=DIRECTION('ref_axis',(0.,0.,-1.));
#12426=DIRECTION('center_axis',(-1.,0.,0.));
#12427=DIRECTION('ref_axis',(0.,0.999390827019096,-0.0348994967024975));
#12428=DIRECTION('center_axis',(-1.,0.,0.));
#12429=DIRECTION('ref_axis',(0.,0.,1.));
#12430=DIRECTION('',(-1.,0.,0.));
#12431=DIRECTION('',(1.,0.,0.));
#12432=DIRECTION('center_axis',(-1.,0.,0.));
#12433=DIRECTION('ref_axis',(0.,0.,1.));
#12434=DIRECTION('',(-1.,0.,0.));
#12435=DIRECTION('center_axis',(-1.,0.,0.));
#12436=DIRECTION('ref_axis',(0.,0.,1.));
#12437=DIRECTION('',(-1.,0.,0.));
#12438=DIRECTION('center_axis',(-1.,0.,0.));
#12439=DIRECTION('ref_axis',(0.,0.,1.));
#12440=DIRECTION('center_axis',(-1.,0.,0.));
#12441=DIRECTION('ref_axis',(0.,0.,1.));
#12442=DIRECTION('',(-1.,0.,0.));
#12443=DIRECTION('center_axis',(-1.,0.,0.));
#12444=DIRECTION('ref_axis',(0.,0.,1.));
#12445=DIRECTION('',(-1.,0.,0.));
#12446=DIRECTION('center_axis',(-1.,0.,0.));
#12447=DIRECTION('ref_axis',(0.,0.,1.));
#12448=DIRECTION('center_axis',(-1.,0.,0.));
#12449=DIRECTION('ref_axis',(0.,0.,1.));
#12450=DIRECTION('',(-1.,0.,0.));
#12451=DIRECTION('center_axis',(-1.,0.,0.));
#12452=DIRECTION('ref_axis',(0.,0.,1.));
#12453=DIRECTION('',(-1.,0.,0.));
#12454=DIRECTION('center_axis',(-1.,0.,0.));
#12455=DIRECTION('ref_axis',(0.,0.,1.));
#12456=DIRECTION('center_axis',(-1.,0.,0.));
#12457=DIRECTION('ref_axis',(0.,0.,1.));
#12458=DIRECTION('',(-1.,0.,0.));
#12459=DIRECTION('center_axis',(-1.,0.,0.));
#12460=DIRECTION('ref_axis',(0.,0.,1.));
#12461=DIRECTION('',(-1.,0.,0.));
#12462=DIRECTION('center_axis',(-1.,0.,0.));
#12463=DIRECTION('ref_axis',(0.,0.,1.));
#12464=DIRECTION('center_axis',(-1.,0.,0.));
#12465=DIRECTION('ref_axis',(0.,0.,1.));
#12466=DIRECTION('',(-1.,0.,0.));
#12467=DIRECTION('center_axis',(-1.,0.,0.));
#12468=DIRECTION('ref_axis',(0.,0.,1.));
#12469=DIRECTION('',(-1.,0.,0.));
#12470=DIRECTION('center_axis',(-1.,0.,0.));
#12471=DIRECTION('ref_axis',(0.,0.,1.));
#12472=DIRECTION('center_axis',(-1.,0.,0.));
#12473=DIRECTION('ref_axis',(0.,0.,1.));
#12474=DIRECTION('',(-1.,0.,0.));
#12475=DIRECTION('center_axis',(-1.,0.,0.));
#12476=DIRECTION('ref_axis',(0.,0.,1.));
#12477=DIRECTION('',(-1.,0.,0.));
#12478=DIRECTION('center_axis',(-1.,0.,0.));
#12479=DIRECTION('ref_axis',(0.,0.,1.));
#12480=DIRECTION('center_axis',(-1.,0.,0.));
#12481=DIRECTION('ref_axis',(0.,0.,1.));
#12482=DIRECTION('',(-1.,0.,0.));
#12483=DIRECTION('center_axis',(-1.,0.,0.));
#12484=DIRECTION('ref_axis',(0.,0.,1.));
#12485=DIRECTION('',(-1.,0.,0.));
#12486=DIRECTION('center_axis',(-1.,0.,0.));
#12487=DIRECTION('ref_axis',(0.,0.,1.));
#12488=DIRECTION('center_axis',(-1.,0.,0.));
#12489=DIRECTION('ref_axis',(0.,0.,1.));
#12490=DIRECTION('',(-1.,0.,0.));
#12491=DIRECTION('center_axis',(-1.,0.,0.));
#12492=DIRECTION('ref_axis',(0.,0.,1.));
#12493=DIRECTION('',(-1.,0.,0.));
#12494=DIRECTION('center_axis',(-1.,0.,0.));
#12495=DIRECTION('ref_axis',(0.,0.,1.));
#12496=DIRECTION('center_axis',(-1.,0.,0.));
#12497=DIRECTION('ref_axis',(0.,0.,1.));
#12498=DIRECTION('',(-1.,0.,0.));
#12499=DIRECTION('center_axis',(-1.,0.,0.));
#12500=DIRECTION('ref_axis',(0.,0.,1.));
#12501=DIRECTION('',(-1.,0.,0.));
#12502=DIRECTION('center_axis',(-1.,0.,0.));
#12503=DIRECTION('ref_axis',(0.,0.,1.));
#12504=DIRECTION('center_axis',(-1.,0.,0.));
#12505=DIRECTION('ref_axis',(0.,0.,1.));
#12506=DIRECTION('',(-1.,0.,0.));
#12507=DIRECTION('center_axis',(-1.,0.,0.));
#12508=DIRECTION('ref_axis',(0.,0.,1.));
#12509=DIRECTION('',(-1.,0.,0.));
#12510=DIRECTION('center_axis',(-1.,0.,0.));
#12511=DIRECTION('ref_axis',(0.,0.,1.));
#12512=DIRECTION('center_axis',(-1.,0.,0.));
#12513=DIRECTION('ref_axis',(0.,0.,1.));
#12514=DIRECTION('',(-1.,0.,0.));
#12515=DIRECTION('center_axis',(-1.,0.,0.));
#12516=DIRECTION('ref_axis',(0.,-0.0396269578500801,-0.999214543634923));
#12517=DIRECTION('',(-1.,0.,0.));
#12518=DIRECTION('center_axis',(-1.,0.,0.));
#12519=DIRECTION('ref_axis',(0.,0.,1.));
#12520=DIRECTION('center_axis',(-1.,0.,0.));
#12521=DIRECTION('ref_axis',(0.,0.,1.));
#12522=DIRECTION('',(-1.,0.,0.));
#12523=DIRECTION('center_axis',(-1.,0.,0.));
#12524=DIRECTION('ref_axis',(0.,0.0998224755417662,-0.995005262989454));
#12525=DIRECTION('',(-1.,0.,0.));
#12526=DIRECTION('center_axis',(-1.,0.,0.));
#12527=DIRECTION('ref_axis',(0.,0.,1.));
#12528=DIRECTION('center_axis',(-1.,0.,0.));
#12529=DIRECTION('ref_axis',(0.,0.,1.));
#12530=DIRECTION('',(-1.,0.,0.));
#12531=DIRECTION('center_axis',(-1.,0.,0.));
#12532=DIRECTION('ref_axis',(0.,0.,1.));
#12533=DIRECTION('',(-1.,0.,0.));
#12534=DIRECTION('center_axis',(-1.,0.,0.));
#12535=DIRECTION('ref_axis',(0.,0.,1.));
#12536=DIRECTION('center_axis',(-1.,0.,0.));
#12537=DIRECTION('ref_axis',(0.,0.,1.));
#12538=DIRECTION('',(-1.,0.,0.));
#12539=DIRECTION('center_axis',(-1.,0.,0.));
#12540=DIRECTION('ref_axis',(0.,0.,1.));
#12541=DIRECTION('',(-1.,0.,0.));
#12542=DIRECTION('center_axis',(-1.,0.,0.));
#12543=DIRECTION('ref_axis',(0.,0.,1.));
#12544=DIRECTION('center_axis',(-1.,0.,0.));
#12545=DIRECTION('ref_axis',(0.,0.,1.));
#12546=DIRECTION('',(-1.,0.,0.));
#12547=DIRECTION('center_axis',(-1.,0.,0.));
#12548=DIRECTION('ref_axis',(0.,0.,1.));
#12549=DIRECTION('',(-1.,0.,0.));
#12550=DIRECTION('center_axis',(-1.,0.,0.));
#12551=DIRECTION('ref_axis',(0.,0.,1.));
#12552=DIRECTION('center_axis',(-1.,0.,0.));
#12553=DIRECTION('ref_axis',(0.,-0.030171254505397,-0.999544744071805));
#12554=DIRECTION('',(-1.,0.,0.));
#12555=DIRECTION('center_axis',(-1.,0.,0.));
#12556=DIRECTION('ref_axis',(0.,0.,1.));
#12557=DIRECTION('',(-1.,0.,0.));
#12558=DIRECTION('center_axis',(-1.,0.,0.));
#12559=DIRECTION('ref_axis',(0.,0.,1.));
#12560=DIRECTION('center_axis',(-1.,0.,0.));
#12561=DIRECTION('ref_axis',(0.,0.,1.));
#12562=DIRECTION('',(-1.,0.,0.));
#12563=DIRECTION('center_axis',(-1.,0.,0.));
#12564=DIRECTION('ref_axis',(0.,0.,1.));
#12565=DIRECTION('',(-1.,0.,0.));
#12566=DIRECTION('center_axis',(-1.,0.,0.));
#12567=DIRECTION('ref_axis',(0.,0.,1.));
#12568=DIRECTION('center_axis',(-1.,0.,0.));
#12569=DIRECTION('ref_axis',(0.,0.109232111650238,-0.994016270382145));
#12570=DIRECTION('',(-1.,0.,0.));
#12571=DIRECTION('center_axis',(-1.,0.,0.));
#12572=DIRECTION('ref_axis',(0.,0.,1.));
#12573=DIRECTION('',(-1.,0.,0.));
#12574=DIRECTION('center_axis',(-1.,0.,0.));
#12575=DIRECTION('ref_axis',(0.,0.,1.));
#12576=DIRECTION('center_axis',(-1.,0.,0.));
#12577=DIRECTION('ref_axis',(0.,0.,1.));
#12578=DIRECTION('',(-1.,0.,0.));
#12579=DIRECTION('center_axis',(-1.,0.,0.));
#12580=DIRECTION('ref_axis',(0.,0.,1.));
#12581=DIRECTION('',(-1.,0.,0.));
#12582=DIRECTION('center_axis',(-1.,0.,0.));
#12583=DIRECTION('ref_axis',(0.,0.,1.));
#12584=DIRECTION('center_axis',(-1.,0.,0.));
#12585=DIRECTION('ref_axis',(0.,0.,1.));
#12586=DIRECTION('',(-1.,0.,0.));
#12587=DIRECTION('center_axis',(-1.,0.,0.));
#12588=DIRECTION('ref_axis',(0.,0.,1.));
#12589=DIRECTION('',(-1.,0.,0.));
#12590=DIRECTION('center_axis',(-1.,0.,0.));
#12591=DIRECTION('ref_axis',(0.,0.,1.));
#12592=DIRECTION('center_axis',(-1.,0.,0.));
#12593=DIRECTION('ref_axis',(0.,0.,1.));
#12594=DIRECTION('',(-1.,0.,0.));
#12595=DIRECTION('center_axis',(-1.,0.,0.));
#12596=DIRECTION('ref_axis',(0.,0.,1.));
#12597=DIRECTION('',(-1.,0.,0.));
#12598=DIRECTION('center_axis',(-1.,0.,0.));
#12599=DIRECTION('ref_axis',(0.,0.,1.));
#12600=DIRECTION('center_axis',(-1.,0.,0.));
#12601=DIRECTION('ref_axis',(0.,0.,1.));
#12602=DIRECTION('',(-1.,0.,0.));
#12603=DIRECTION('center_axis',(-1.,0.,0.));
#12604=DIRECTION('ref_axis',(0.,0.,1.));
#12605=DIRECTION('',(-1.,0.,0.));
#12606=DIRECTION('center_axis',(-1.,0.,0.));
#12607=DIRECTION('ref_axis',(0.,0.,1.));
#12608=DIRECTION('center_axis',(-1.,0.,0.));
#12609=DIRECTION('ref_axis',(0.,0.,1.));
#12610=DIRECTION('',(-1.,0.,0.));
#12611=DIRECTION('center_axis',(-1.,0.,0.));
#12612=DIRECTION('ref_axis',(0.,0.,1.));
#12613=DIRECTION('',(-1.,0.,0.));
#12614=DIRECTION('center_axis',(-1.,0.,0.));
#12615=DIRECTION('ref_axis',(0.,0.,1.));
#12616=DIRECTION('center_axis',(-1.,0.,0.));
#12617=DIRECTION('ref_axis',(0.,0.,1.));
#12618=DIRECTION('',(-1.,0.,0.));
#12619=DIRECTION('center_axis',(-1.,0.,0.));
#12620=DIRECTION('ref_axis',(0.,0.,1.));
#12621=DIRECTION('',(-1.,0.,0.));
#12622=DIRECTION('center_axis',(-1.,0.,0.));
#12623=DIRECTION('ref_axis',(0.,0.,1.));
#12624=DIRECTION('center_axis',(-1.,0.,0.));
#12625=DIRECTION('ref_axis',(0.,0.,1.));
#12626=DIRECTION('',(-1.,0.,0.));
#12627=DIRECTION('center_axis',(-1.,0.,0.));
#12628=DIRECTION('ref_axis',(0.,0.,1.));
#12629=DIRECTION('',(-1.,0.,0.));
#12630=DIRECTION('center_axis',(-1.,0.,0.));
#12631=DIRECTION('ref_axis',(0.,0.,1.));
#12632=DIRECTION('center_axis',(-1.,0.,0.));
#12633=DIRECTION('ref_axis',(0.,0.,1.));
#12634=DIRECTION('',(-1.,0.,0.));
#12635=DIRECTION('center_axis',(-1.,0.,0.));
#12636=DIRECTION('ref_axis',(0.,0.,1.));
#12637=DIRECTION('',(-1.,0.,0.));
#12638=DIRECTION('center_axis',(-1.,0.,0.));
#12639=DIRECTION('ref_axis',(0.,0.,1.));
#12640=DIRECTION('center_axis',(-1.,0.,0.));
#12641=DIRECTION('ref_axis',(0.,0.,1.));
#12642=DIRECTION('',(-1.,0.,0.));
#12643=DIRECTION('center_axis',(-1.,0.,0.));
#12644=DIRECTION('ref_axis',(0.,0.,1.));
#12645=DIRECTION('',(-1.,0.,0.));
#12646=DIRECTION('center_axis',(-1.,0.,0.));
#12647=DIRECTION('ref_axis',(0.,0.,1.));
#12648=DIRECTION('center_axis',(-1.,0.,0.));
#12649=DIRECTION('ref_axis',(0.,0.,1.));
#12650=DIRECTION('',(-1.,0.,0.));
#12651=DIRECTION('center_axis',(-1.,0.,0.));
#12652=DIRECTION('ref_axis',(0.,0.,1.));
#12653=DIRECTION('',(-1.,0.,0.));
#12654=DIRECTION('center_axis',(-1.,0.,0.));
#12655=DIRECTION('ref_axis',(0.,0.,1.));
#12656=DIRECTION('center_axis',(-1.,0.,0.));
#12657=DIRECTION('ref_axis',(0.,0.,1.));
#12658=DIRECTION('',(-1.,0.,0.));
#12659=DIRECTION('center_axis',(-1.,0.,0.));
#12660=DIRECTION('ref_axis',(0.,0.,1.));
#12661=DIRECTION('',(-1.,0.,0.));
#12662=DIRECTION('center_axis',(-1.,0.,0.));
#12663=DIRECTION('ref_axis',(0.,0.,1.));
#12664=DIRECTION('center_axis',(-1.,0.,0.));
#12665=DIRECTION('ref_axis',(0.,0.,1.));
#12666=DIRECTION('',(-1.,0.,0.));
#12667=DIRECTION('center_axis',(-1.,0.,0.));
#12668=DIRECTION('ref_axis',(0.,0.,1.));
#12669=DIRECTION('',(-1.,0.,0.));
#12670=DIRECTION('center_axis',(-1.,0.,0.));
#12671=DIRECTION('ref_axis',(0.,0.,1.));
#12672=DIRECTION('center_axis',(-1.,0.,0.));
#12673=DIRECTION('ref_axis',(0.,0.,1.));
#12674=DIRECTION('',(-1.,0.,0.));
#12675=DIRECTION('center_axis',(-1.,0.,0.));
#12676=DIRECTION('ref_axis',(0.,0.,1.));
#12677=DIRECTION('center_axis',(-1.,0.,0.));
#12678=DIRECTION('ref_axis',(0.,0.,1.));
#12679=DIRECTION('',(-1.,0.,0.));
#12680=DIRECTION('center_axis',(-1.,0.,0.));
#12681=DIRECTION('ref_axis',(0.,0.,1.));
#12682=DIRECTION('',(-1.,0.,0.));
#12683=DIRECTION('center_axis',(-1.,0.,0.));
#12684=DIRECTION('ref_axis',(0.,0.,1.));
#12685=DIRECTION('center_axis',(-1.,0.,0.));
#12686=DIRECTION('ref_axis',(0.,0.,1.));
#12687=DIRECTION('',(-1.,0.,0.));
#12688=DIRECTION('center_axis',(-1.,0.,0.));
#12689=DIRECTION('ref_axis',(0.,0.,1.));
#12690=DIRECTION('center_axis',(-1.,0.,0.));
#12691=DIRECTION('ref_axis',(0.,0.,1.));
#12692=DIRECTION('',(-1.,0.,0.));
#12693=DIRECTION('center_axis',(-1.,0.,0.));
#12694=DIRECTION('ref_axis',(0.,0.,1.));
#12695=DIRECTION('',(-1.,0.,0.));
#12696=DIRECTION('center_axis',(-1.,0.,0.));
#12697=DIRECTION('ref_axis',(0.,0.,1.));
#12698=DIRECTION('center_axis',(-1.,0.,0.));
#12699=DIRECTION('ref_axis',(0.,0.,1.));
#12700=DIRECTION('',(-1.,0.,0.));
#12701=DIRECTION('center_axis',(-1.,0.,0.));
#12702=DIRECTION('ref_axis',(0.,0.,1.));
#12703=DIRECTION('',(-1.,0.,0.));
#12704=DIRECTION('center_axis',(-1.,0.,0.));
#12705=DIRECTION('ref_axis',(0.,0.,1.));
#12706=DIRECTION('center_axis',(-1.,0.,0.));
#12707=DIRECTION('ref_axis',(0.,0.,1.));
#12708=DIRECTION('',(-1.,0.,0.));
#12709=DIRECTION('center_axis',(-1.,0.,0.));
#12710=DIRECTION('ref_axis',(0.,0.,1.));
#12711=DIRECTION('center_axis',(-1.,0.,0.));
#12712=DIRECTION('ref_axis',(0.,0.,1.));
#12713=DIRECTION('',(-1.,0.,0.));
#12714=DIRECTION('center_axis',(-1.,0.,0.));
#12715=DIRECTION('ref_axis',(0.,0.,1.));
#12716=DIRECTION('center_axis',(-1.,0.,0.));
#12717=DIRECTION('ref_axis',(0.,0.,1.));
#12718=DIRECTION('',(-1.,0.,0.));
#12719=DIRECTION('center_axis',(-1.,0.,0.));
#12720=DIRECTION('ref_axis',(0.,0.,1.));
#12721=DIRECTION('',(-1.,0.,0.));
#12722=DIRECTION('center_axis',(-1.,0.,0.));
#12723=DIRECTION('ref_axis',(0.,0.,1.));
#12724=DIRECTION('center_axis',(-1.,0.,0.));
#12725=DIRECTION('ref_axis',(0.,0.,1.));
#12726=DIRECTION('',(-1.,0.,0.));
#12727=DIRECTION('center_axis',(-1.,0.,0.));
#12728=DIRECTION('ref_axis',(0.,0.,1.));
#12729=DIRECTION('',(-1.,0.,0.));
#12730=DIRECTION('center_axis',(-1.,0.,0.));
#12731=DIRECTION('ref_axis',(0.,0.,1.));
#12732=DIRECTION('center_axis',(-1.,0.,0.));
#12733=DIRECTION('ref_axis',(0.,0.,1.));
#12734=DIRECTION('',(-1.,0.,0.));
#12735=DIRECTION('center_axis',(-1.,0.,0.));
#12736=DIRECTION('ref_axis',(0.,0.,1.));
#12737=DIRECTION('',(-1.,0.,0.));
#12738=DIRECTION('center_axis',(-1.,0.,0.));
#12739=DIRECTION('ref_axis',(0.,0.,1.));
#12740=DIRECTION('center_axis',(-1.,0.,0.));
#12741=DIRECTION('ref_axis',(0.,0.,1.));
#12742=DIRECTION('',(-1.,0.,0.));
#12743=DIRECTION('center_axis',(-1.,0.,0.));
#12744=DIRECTION('ref_axis',(0.,0.,1.));
#12745=DIRECTION('',(-1.,0.,0.));
#12746=DIRECTION('center_axis',(-1.,0.,0.));
#12747=DIRECTION('ref_axis',(0.,0.,1.));
#12748=DIRECTION('center_axis',(-1.,0.,0.));
#12749=DIRECTION('ref_axis',(0.,0.,1.));
#12750=DIRECTION('',(-1.,0.,0.));
#12751=DIRECTION('center_axis',(-1.,0.,0.));
#12752=DIRECTION('ref_axis',(0.,0.,1.));
#12753=DIRECTION('',(-1.,0.,0.));
#12754=DIRECTION('center_axis',(-1.,0.,0.));
#12755=DIRECTION('ref_axis',(0.,0.,1.));
#12756=DIRECTION('center_axis',(-1.,0.,0.));
#12757=DIRECTION('ref_axis',(0.,0.,1.));
#12758=DIRECTION('',(-1.,0.,0.));
#12759=DIRECTION('center_axis',(-1.,0.,0.));
#12760=DIRECTION('ref_axis',(0.,0.,1.));
#12761=DIRECTION('',(-1.,0.,0.));
#12762=DIRECTION('center_axis',(-1.,0.,0.));
#12763=DIRECTION('ref_axis',(0.,0.,1.));
#12764=DIRECTION('center_axis',(-1.,0.,0.));
#12765=DIRECTION('ref_axis',(0.,0.,1.));
#12766=DIRECTION('',(-1.,0.,0.));
#12767=DIRECTION('center_axis',(-1.,0.,0.));
#12768=DIRECTION('ref_axis',(0.,0.,1.));
#12769=DIRECTION('',(-1.,0.,0.));
#12770=DIRECTION('center_axis',(-1.,0.,0.));
#12771=DIRECTION('ref_axis',(0.,0.,1.));
#12772=DIRECTION('center_axis',(-1.,0.,0.));
#12773=DIRECTION('ref_axis',(0.,0.,1.));
#12774=DIRECTION('',(-1.,0.,0.));
#12775=DIRECTION('center_axis',(-1.,0.,0.));
#12776=DIRECTION('ref_axis',(0.,0.,1.));
#12777=DIRECTION('',(-1.,0.,0.));
#12778=DIRECTION('center_axis',(-1.,0.,0.));
#12779=DIRECTION('ref_axis',(0.,0.,1.));
#12780=DIRECTION('axis',(0.,0.,1.));
#12781=DIRECTION('refdir',(1.,0.,0.));
#12782=DIRECTION('center_axis',(-1.,0.,0.));
#12783=DIRECTION('ref_axis',(0.,0.,1.));
#12784=DIRECTION('center_axis',(1.,0.,0.));
#12785=DIRECTION('ref_axis',(0.,0.,1.));
#12786=DIRECTION('',(-1.,0.,0.));
#12787=DIRECTION('center_axis',(-1.,0.,0.));
#12788=DIRECTION('ref_axis',(0.,0.,-1.));
#12789=DIRECTION('center_axis',(-1.,0.,0.));
#12790=DIRECTION('ref_axis',(0.,0.,1.));
#12791=DIRECTION('center_axis',(-1.,0.,0.));
#12792=DIRECTION('ref_axis',(0.,1.,3.49148133884313E-15));
#12793=DIRECTION('',(-1.,0.,0.));
#12794=DIRECTION('center_axis',(-1.,0.,0.));
#12795=DIRECTION('ref_axis',(0.,1.,3.49148133884313E-15));
#12796=DIRECTION('',(-1.,0.,0.));
#12797=DIRECTION('center_axis',(-1.,0.,0.));
#12798=DIRECTION('ref_axis',(0.,0.,1.));
#12799=DIRECTION('center_axis',(-1.,0.,0.));
#12800=DIRECTION('ref_axis',(0.,0.707106781186549,-0.707106781186546));
#12801=DIRECTION('',(-1.,0.,0.));
#12802=DIRECTION('center_axis',(-1.,0.,0.));
#12803=DIRECTION('ref_axis',(0.,0.707106781186549,-0.707106781186546));
#12804=DIRECTION('',(-1.,0.,0.));
#12805=DIRECTION('center_axis',(-1.,0.,0.));
#12806=DIRECTION('ref_axis',(0.,0.,1.));
#12807=DIRECTION('center_axis',(-1.,0.,0.));
#12808=DIRECTION('ref_axis',(0.,0.382683432365084,0.923879532511289));
#12809=DIRECTION('',(-1.,0.,0.));
#12810=DIRECTION('center_axis',(1.,0.,0.));
#12811=DIRECTION('ref_axis',(0.,0.,-1.));
#12812=DIRECTION('',(1.,0.,0.));
#12813=DIRECTION('center_axis',(-1.,0.,0.));
#12814=DIRECTION('ref_axis',(0.,0.,1.));
#12815=DIRECTION('center_axis',(-1.,0.,0.));
#12816=DIRECTION('ref_axis',(0.,0.707106781186544,0.707106781186551));
#12817=DIRECTION('',(-1.,0.,0.));
#12818=DIRECTION('center_axis',(1.,0.,0.));
#12819=DIRECTION('ref_axis',(0.,0.,-1.));
#12820=DIRECTION('',(1.,0.,0.));
#12821=DIRECTION('center_axis',(-1.,0.,0.));
#12822=DIRECTION('ref_axis',(0.,0.,1.));
#12823=DIRECTION('center_axis',(-1.,0.,0.));
#12824=DIRECTION('ref_axis',(0.,0.38268343236509,-0.923879532511286));
#12825=DIRECTION('',(-1.,0.,0.));
#12826=DIRECTION('center_axis',(-1.,0.,0.));
#12827=DIRECTION('ref_axis',(0.,0.38268343236509,-0.923879532511286));
#12828=DIRECTION('',(-1.,0.,0.));
#12829=DIRECTION('center_axis',(-1.,0.,0.));
#12830=DIRECTION('ref_axis',(0.,0.,1.));
#12831=DIRECTION('center_axis',(-1.,0.,0.));
#12832=DIRECTION('ref_axis',(0.,1.,3.52365706057789E-15));
#12833=DIRECTION('center_axis',(-1.,0.,0.));
#12834=DIRECTION('ref_axis',(0.,1.,3.52365706057789E-15));
#12835=DIRECTION('center_axis',(-1.,0.,0.));
#12836=DIRECTION('ref_axis',(0.,0.,1.));
#12837=DIRECTION('center_axis',(-1.,0.,0.));
#12838=DIRECTION('ref_axis',(0.,0.923879532511285,0.382683432365094));
#12839=DIRECTION('center_axis',(-1.,0.,0.));
#12840=DIRECTION('ref_axis',(0.,0.923879532511285,0.382683432365094));
#12841=DIRECTION('center_axis',(-1.,0.,0.));
#12842=DIRECTION('ref_axis',(0.,0.923879532511285,0.382683432365094));
#12843=DIRECTION('center_axis',(-1.,0.,0.));
#12844=DIRECTION('ref_axis',(0.,0.,1.));
#12845=DIRECTION('center_axis',(-1.,0.,0.));
#12846=DIRECTION('ref_axis',(0.,0.707106781186544,0.707106781186551));
#12847=DIRECTION('center_axis',(-1.,0.,0.));
#12848=DIRECTION('ref_axis',(0.,0.707106781186544,0.707106781186551));
#12849=DIRECTION('center_axis',(-1.,0.,0.));
#12850=DIRECTION('ref_axis',(0.,0.,1.));
#12851=DIRECTION('center_axis',(-1.,0.,0.));
#12852=DIRECTION('ref_axis',(0.,0.382683432365084,0.923879532511289));
#12853=DIRECTION('center_axis',(-1.,0.,0.));
#12854=DIRECTION('ref_axis',(0.,0.382683432365084,0.923879532511289));
#12855=DIRECTION('center_axis',(-1.,0.,0.));
#12856=DIRECTION('ref_axis',(0.,0.,1.));
#12857=DIRECTION('center_axis',(-1.,0.,0.));
#12858=DIRECTION('ref_axis',(0.,-7.04731412115578E-15,1.));
#12859=DIRECTION('center_axis',(-1.,0.,0.));
#12860=DIRECTION('ref_axis',(0.,-6.98296267768627E-15,1.));
#12861=DIRECTION('center_axis',(-1.,0.,0.));
#12862=DIRECTION('ref_axis',(0.,-7.04731412115578E-15,1.));
#12863=DIRECTION('center_axis',(-1.,0.,0.));
#12864=DIRECTION('ref_axis',(0.,0.,1.));
#12865=DIRECTION('center_axis',(-1.,0.,0.));
#12866=DIRECTION('ref_axis',(0.,-0.382683432365097,0.923879532511284));
#12867=DIRECTION('center_axis',(-1.,0.,0.));
#12868=DIRECTION('ref_axis',(0.,-0.382683432365097,0.923879532511284));
#12869=DIRECTION('center_axis',(-1.,0.,0.));
#12870=DIRECTION('ref_axis',(0.,-0.382683432365097,0.923879532511284));
#12871=DIRECTION('center_axis',(-1.,0.,0.));
#12872=DIRECTION('ref_axis',(0.,0.,1.));
#12873=DIRECTION('center_axis',(-1.,0.,0.));
#12874=DIRECTION('ref_axis',(0.,-0.707106781186554,0.707106781186541));
#12875=DIRECTION('center_axis',(-1.,0.,0.));
#12876=DIRECTION('ref_axis',(0.,-0.707106781186554,0.707106781186541));
#12877=DIRECTION('center_axis',(-1.,0.,0.));
#12878=DIRECTION('ref_axis',(0.,-0.707106781186554,0.707106781186541));
#12879=DIRECTION('center_axis',(-1.,0.,0.));
#12880=DIRECTION('ref_axis',(0.,0.,1.));
#12881=DIRECTION('center_axis',(-1.,0.,0.));
#12882=DIRECTION('ref_axis',(0.,-0.923879532511291,0.382683432365081));
#12883=DIRECTION('center_axis',(-1.,0.,0.));
#12884=DIRECTION('ref_axis',(0.,-0.923879532511291,0.38268343236508));
#12885=DIRECTION('center_axis',(-1.,0.,0.));
#12886=DIRECTION('ref_axis',(0.,-0.923879532511291,0.382683432365081));
#12887=DIRECTION('center_axis',(-1.,0.,0.));
#12888=DIRECTION('ref_axis',(0.,0.,1.));
#12889=DIRECTION('center_axis',(-1.,0.,0.));
#12890=DIRECTION('ref_axis',(0.,-1.,-1.05709711817337E-14));
#12891=DIRECTION('center_axis',(-1.,0.,0.));
#12892=DIRECTION('ref_axis',(0.,-1.,-1.04744440165294E-14));
#12893=DIRECTION('center_axis',(-1.,0.,0.));
#12894=DIRECTION('ref_axis',(0.,-1.,-1.05709711817337E-14));
#12895=DIRECTION('center_axis',(-1.,0.,0.));
#12896=DIRECTION('ref_axis',(0.,0.,1.));
#12897=DIRECTION('center_axis',(-1.,0.,0.));
#12898=DIRECTION('ref_axis',(0.,-0.923879532511283,-0.3826834323651));
#12899=DIRECTION('center_axis',(-1.,0.,0.));
#12900=DIRECTION('ref_axis',(0.,-0.923879532511283,-0.3826834323651));
#12901=DIRECTION('center_axis',(-1.,0.,0.));
#12902=DIRECTION('ref_axis',(0.,-0.923879532511283,-0.3826834323651));
#12903=DIRECTION('center_axis',(-1.,0.,0.));
#12904=DIRECTION('ref_axis',(0.,0.,1.));
#12905=DIRECTION('center_axis',(-1.,0.,0.));
#12906=DIRECTION('ref_axis',(0.,-0.707106781186539,-0.707106781186556));
#12907=DIRECTION('center_axis',(-1.,0.,0.));
#12908=DIRECTION('ref_axis',(0.,-0.707106781186539,-0.707106781186556));
#12909=DIRECTION('center_axis',(-1.,0.,0.));
#12910=DIRECTION('ref_axis',(0.,-0.707106781186539,-0.707106781186556));
#12911=DIRECTION('center_axis',(-1.,0.,0.));
#12912=DIRECTION('ref_axis',(0.,0.,1.));
#12913=DIRECTION('center_axis',(-1.,0.,0.));
#12914=DIRECTION('ref_axis',(0.,-0.382683432365077,-0.923879532511292));
#12915=DIRECTION('center_axis',(-1.,0.,0.));
#12916=DIRECTION('ref_axis',(0.,-0.382683432365077,-0.923879532511292));
#12917=DIRECTION('center_axis',(-1.,0.,0.));
#12918=DIRECTION('ref_axis',(0.,-0.382683432365077,-0.923879532511292));
#12919=DIRECTION('center_axis',(-1.,0.,0.));
#12920=DIRECTION('ref_axis',(0.,0.,1.));
#12921=DIRECTION('center_axis',(-1.,0.,0.));
#12922=DIRECTION('ref_axis',(0.,0.,-1.));
#12923=DIRECTION('center_axis',(-1.,0.,0.));
#12924=DIRECTION('ref_axis',(0.,0.,-1.));
#12925=DIRECTION('center_axis',(-1.,0.,0.));
#12926=DIRECTION('ref_axis',(0.,0.,-1.));
#12927=DIRECTION('center_axis',(-1.,0.,0.));
#12928=DIRECTION('ref_axis',(0.,0.,1.));
#12929=DIRECTION('center_axis',(-1.,0.,0.));
#12930=DIRECTION('ref_axis',(0.,0.382683432365091,-0.923879532511286));
#12931=DIRECTION('center_axis',(-1.,0.,0.));
#12932=DIRECTION('ref_axis',(0.,0.38268343236509,-0.923879532511286));
#12933=DIRECTION('center_axis',(-1.,0.,0.));
#12934=DIRECTION('ref_axis',(0.,0.,1.));
#12935=DIRECTION('center_axis',(-1.,0.,0.));
#12936=DIRECTION('ref_axis',(0.,0.707106781186549,-0.707106781186546));
#12937=DIRECTION('center_axis',(-1.,0.,0.));
#12938=DIRECTION('ref_axis',(0.,0.707106781186549,-0.707106781186546));
#12939=DIRECTION('center_axis',(-1.,0.,0.));
#12940=DIRECTION('ref_axis',(0.,0.,1.));
#12941=DIRECTION('center_axis',(-1.,0.,0.));
#12942=DIRECTION('ref_axis',(0.,0.923879532511288,-0.382683432365087));
#12943=DIRECTION('center_axis',(-1.,0.,0.));
#12944=DIRECTION('ref_axis',(0.,0.923879532511288,-0.382683432365087));
#12945=DIRECTION('center_axis',(-1.,0.,0.));
#12946=DIRECTION('ref_axis',(0.,0.923879532511288,-0.382683432365087));
#12947=DIRECTION('center_axis',(-1.,0.,0.));
#12948=DIRECTION('ref_axis',(0.,0.,1.));
#12949=DIRECTION('center_axis',(-1.,0.,0.));
#12950=DIRECTION('ref_axis',(0.,0.,1.));
#12951=DIRECTION('',(-1.,0.,0.));
#12952=DIRECTION('',(1.,0.,0.));
#12953=DIRECTION('center_axis',(-1.,0.,0.));
#12954=DIRECTION('ref_axis',(0.,0.,1.));
#12955=DIRECTION('center_axis',(-1.,0.,0.));
#12956=DIRECTION('ref_axis',(0.,0.,1.));
#12957=DIRECTION('',(1.,0.,0.));
#12958=DIRECTION('center_axis',(-1.,0.,0.));
#12959=DIRECTION('ref_axis',(0.,0.,1.));
#12960=DIRECTION('',(-1.,0.,0.));
#12961=DIRECTION('center_axis',(-1.,0.,0.));
#12962=DIRECTION('ref_axis',(0.,0.,1.));
#12963=DIRECTION('',(-1.,0.,0.));
#12964=DIRECTION('',(1.,0.,0.));
#12965=DIRECTION('center_axis',(-1.,0.,0.));
#12966=DIRECTION('ref_axis',(0.,0.,1.));
#12967=DIRECTION('center_axis',(-1.,0.,0.));
#12968=DIRECTION('ref_axis',(0.,0.,1.));
#12969=DIRECTION('',(1.,0.,0.));
#12970=DIRECTION('center_axis',(-1.,0.,0.));
#12971=DIRECTION('ref_axis',(0.,0.,1.));
#12972=DIRECTION('center_axis',(-1.,0.,0.));
#12973=DIRECTION('ref_axis',(0.,0.,1.));
#12974=DIRECTION('',(-1.,0.,0.));
#12975=DIRECTION('center_axis',(-1.,0.,0.));
#12976=DIRECTION('ref_axis',(0.,0.,1.));
#12977=DIRECTION('center_axis',(-1.,0.,0.));
#12978=DIRECTION('ref_axis',(0.,0.,1.));
#12979=DIRECTION('',(1.,0.,0.));
#12980=DIRECTION('center_axis',(-1.,0.,0.));
#12981=DIRECTION('ref_axis',(0.,0.,1.));
#12982=DIRECTION('',(-1.,0.,0.));
#12983=DIRECTION('center_axis',(-1.,0.,0.));
#12984=DIRECTION('ref_axis',(0.,0.,1.));
#12985=DIRECTION('',(-1.,0.,0.));
#12986=DIRECTION('center_axis',(-1.,0.,0.));
#12987=DIRECTION('ref_axis',(0.,0.,1.));
#12988=DIRECTION('center_axis',(-1.,0.,0.));
#12989=DIRECTION('ref_axis',(0.,0.,1.));
#12990=DIRECTION('',(1.,0.,0.));
#12991=DIRECTION('center_axis',(-1.,0.,0.));
#12992=DIRECTION('ref_axis',(0.,0.,1.));
#12993=DIRECTION('',(-1.,0.,0.));
#12994=DIRECTION('center_axis',(-1.,0.,0.));
#12995=DIRECTION('ref_axis',(0.,0.,1.));
#12996=DIRECTION('',(-1.,0.,0.));
#12997=DIRECTION('',(1.,0.,0.));
#12998=DIRECTION('center_axis',(-1.,0.,0.));
#12999=DIRECTION('ref_axis',(0.,0.,1.));
#13000=DIRECTION('center_axis',(-1.,0.,0.));
#13001=DIRECTION('ref_axis',(0.,0.,1.));
#13002=DIRECTION('',(1.,0.,0.));
#13003=DIRECTION('center_axis',(-1.,0.,0.));
#13004=DIRECTION('ref_axis',(0.,0.,1.));
#13005=DIRECTION('',(-1.,0.,0.));
#13006=DIRECTION('center_axis',(-1.,0.,0.));
#13007=DIRECTION('ref_axis',(0.,0.,1.));
#13008=DIRECTION('',(1.,0.,0.));
#13009=DIRECTION('center_axis',(-1.,0.,0.));
#13010=DIRECTION('ref_axis',(0.,0.,1.));
#13011=DIRECTION('',(-1.,0.,0.));
#13012=DIRECTION('center_axis',(-1.,0.,0.));
#13013=DIRECTION('ref_axis',(0.,0.,1.));
#13014=DIRECTION('',(-1.,0.,0.));
#13015=DIRECTION('',(1.,0.,0.));
#13016=DIRECTION('center_axis',(-1.,0.,0.));
#13017=DIRECTION('ref_axis',(0.,0.,1.));
#13018=DIRECTION('center_axis',(-1.,0.,0.));
#13019=DIRECTION('ref_axis',(0.,0.,1.));
#13020=DIRECTION('',(1.,0.,0.));
#13021=DIRECTION('center_axis',(-1.,0.,0.));
#13022=DIRECTION('ref_axis',(0.,0.,1.));
#13023=DIRECTION('',(-1.,0.,0.));
#13024=DIRECTION('center_axis',(-1.,0.,0.));
#13025=DIRECTION('ref_axis',(0.,0.,1.));
#13026=DIRECTION('',(1.,0.,0.));
#13027=DIRECTION('center_axis',(-1.,0.,0.));
#13028=DIRECTION('ref_axis',(0.,0.,1.));
#13029=DIRECTION('',(-1.,0.,0.));
#13030=DIRECTION('center_axis',(-1.,0.,0.));
#13031=DIRECTION('ref_axis',(0.,0.,1.));
#13032=DIRECTION('',(-1.,0.,0.));
#13033=DIRECTION('',(1.,0.,0.));
#13034=DIRECTION('center_axis',(-1.,0.,0.));
#13035=DIRECTION('ref_axis',(0.,0.,1.));
#13036=DIRECTION('center_axis',(1.,0.,0.));
#13037=DIRECTION('ref_axis',(0.,0.,-1.));
#13038=DIRECTION('center_axis',(-1.,0.,0.));
#13039=DIRECTION('ref_axis',(0.,1.,3.52365706057789E-15));
#13040=DIRECTION('center_axis',(1.,0.,0.));
#13041=DIRECTION('ref_axis',(0.,0.,-1.));
#13042=DIRECTION('center_axis',(-1.,0.,0.));
#13043=DIRECTION('ref_axis',(0.,0.923879532511288,-0.382683432365087));
#13044=DIRECTION('center_axis',(-1.,0.,0.));
#13045=DIRECTION('ref_axis',(0.,0.923879532511288,-0.382683432365087));
#13046=DIRECTION('center_axis',(1.,0.,0.));
#13047=DIRECTION('ref_axis',(0.,0.,-1.));
#13048=DIRECTION('center_axis',(-1.,0.,0.));
#13049=DIRECTION('ref_axis',(0.,0.707106781186549,-0.707106781186546));
#13050=DIRECTION('center_axis',(1.,0.,0.));
#13051=DIRECTION('ref_axis',(0.,0.,-1.));
#13052=DIRECTION('center_axis',(-1.,0.,0.));
#13053=DIRECTION('ref_axis',(0.,0.382683432365091,-0.923879532511286));
#13054=DIRECTION('center_axis',(-1.,0.,0.));
#13055=DIRECTION('ref_axis',(0.,0.,1.));
#13056=DIRECTION('center_axis',(1.,0.,0.));
#13057=DIRECTION('ref_axis',(0.,0.,-1.));
#13058=DIRECTION('center_axis',(-1.,0.,0.));
#13059=DIRECTION('ref_axis',(0.,0.,-1.));
#13060=DIRECTION('center_axis',(-1.,0.,0.));
#13061=DIRECTION('ref_axis',(0.,0.,-1.));
#13062=DIRECTION('center_axis',(1.,0.,0.));
#13063=DIRECTION('ref_axis',(0.,0.,-1.));
#13064=DIRECTION('center_axis',(-1.,0.,0.));
#13065=DIRECTION('ref_axis',(0.,-0.382683432365077,-0.923879532511292));
#13066=DIRECTION('center_axis',(-1.,0.,0.));
#13067=DIRECTION('ref_axis',(0.,-0.382683432365077,-0.923879532511292));
#13068=DIRECTION('center_axis',(1.,0.,0.));
#13069=DIRECTION('ref_axis',(0.,0.,-1.));
#13070=DIRECTION('center_axis',(-1.,0.,0.));
#13071=DIRECTION('ref_axis',(0.,-0.707106781186539,-0.707106781186556));
#13072=DIRECTION('center_axis',(-1.,0.,0.));
#13073=DIRECTION('ref_axis',(0.,-0.707106781186539,-0.707106781186556));
#13074=DIRECTION('center_axis',(1.,0.,0.));
#13075=DIRECTION('ref_axis',(0.,0.,-1.));
#13076=DIRECTION('center_axis',(-1.,0.,0.));
#13077=DIRECTION('ref_axis',(0.,-0.923879532511283,-0.3826834323651));
#13078=DIRECTION('center_axis',(-1.,0.,0.));
#13079=DIRECTION('ref_axis',(0.,-0.923879532511283,-0.3826834323651));
#13080=DIRECTION('center_axis',(1.,0.,0.));
#13081=DIRECTION('ref_axis',(0.,0.,-1.));
#13082=DIRECTION('center_axis',(-1.,0.,0.));
#13083=DIRECTION('ref_axis',(0.,-1.,-1.04744440165294E-14));
#13084=DIRECTION('center_axis',(-1.,0.,0.));
#13085=DIRECTION('ref_axis',(0.,-1.,-1.05709711817337E-14));
#13086=DIRECTION('center_axis',(1.,0.,0.));
#13087=DIRECTION('ref_axis',(0.,0.,-1.));
#13088=DIRECTION('center_axis',(-1.,0.,0.));
#13089=DIRECTION('ref_axis',(0.,-0.923879532511291,0.38268343236508));
#13090=DIRECTION('center_axis',(-1.,0.,0.));
#13091=DIRECTION('ref_axis',(0.,-0.923879532511291,0.382683432365081));
#13092=DIRECTION('center_axis',(1.,0.,0.));
#13093=DIRECTION('ref_axis',(0.,0.,-1.));
#13094=DIRECTION('center_axis',(-1.,0.,0.));
#13095=DIRECTION('ref_axis',(0.,-0.707106781186554,0.707106781186541));
#13096=DIRECTION('center_axis',(-1.,0.,0.));
#13097=DIRECTION('ref_axis',(0.,-0.707106781186554,0.707106781186541));
#13098=DIRECTION('center_axis',(1.,0.,0.));
#13099=DIRECTION('ref_axis',(0.,0.,-1.));
#13100=DIRECTION('center_axis',(-1.,0.,0.));
#13101=DIRECTION('ref_axis',(0.,-0.382683432365097,0.923879532511284));
#13102=DIRECTION('center_axis',(-1.,0.,0.));
#13103=DIRECTION('ref_axis',(0.,-0.382683432365097,0.923879532511284));
#13104=DIRECTION('center_axis',(1.,0.,0.));
#13105=DIRECTION('ref_axis',(0.,0.,-1.));
#13106=DIRECTION('center_axis',(-1.,0.,0.));
#13107=DIRECTION('ref_axis',(0.,-6.98296267768627E-15,1.));
#13108=DIRECTION('center_axis',(-1.,0.,0.));
#13109=DIRECTION('ref_axis',(0.,-7.04731412115578E-15,1.));
#13110=DIRECTION('center_axis',(-1.,0.,0.));
#13111=DIRECTION('ref_axis',(0.,0.382683432365084,0.923879532511289));
#13112=DIRECTION('center_axis',(-1.,0.,0.));
#13113=DIRECTION('ref_axis',(0.,0.382683432365084,0.923879532511289));
#13114=DIRECTION('center_axis',(-1.,0.,0.));
#13115=DIRECTION('ref_axis',(0.,0.707106781186544,0.707106781186551));
#13116=DIRECTION('center_axis',(-1.,0.,0.));
#13117=DIRECTION('ref_axis',(0.,0.707106781186544,0.707106781186551));
#13118=DIRECTION('center_axis',(1.,0.,0.));
#13119=DIRECTION('ref_axis',(0.,0.,-1.));
#13120=DIRECTION('center_axis',(-1.,0.,0.));
#13121=DIRECTION('ref_axis',(0.,0.923879532511285,0.382683432365094));
#13122=DIRECTION('center_axis',(-1.,0.,0.));
#13123=DIRECTION('ref_axis',(0.,0.923879532511285,0.382683432365094));
#13124=DIRECTION('center_axis',(1.,0.,0.));
#13125=DIRECTION('ref_axis',(0.,0.,-1.));
#13126=DIRECTION('center_axis',(-1.,0.,0.));
#13127=DIRECTION('ref_axis',(0.,0.,1.));
#13128=DIRECTION('',(1.,0.,0.));
#13129=DIRECTION('center_axis',(-1.,0.,0.));
#13130=DIRECTION('ref_axis',(0.,0.,1.));
#13131=DIRECTION('',(-1.,0.,0.));
#13132=DIRECTION('center_axis',(-1.,0.,0.));
#13133=DIRECTION('ref_axis',(0.,0.,1.));
#13134=DIRECTION('',(-1.,0.,0.));
#13135=DIRECTION('center_axis',(-1.,0.,0.));
#13136=DIRECTION('ref_axis',(0.,0.,1.));
#13137=DIRECTION('center_axis',(-1.,0.,0.));
#13138=DIRECTION('ref_axis',(0.,0.,1.));
#13139=DIRECTION('',(-1.,0.,0.));
#13140=DIRECTION('center_axis',(-1.,0.,0.));
#13141=DIRECTION('ref_axis',(0.,0.,1.));
#13142=DIRECTION('center_axis',(-1.,0.,0.));
#13143=DIRECTION('ref_axis',(0.,0.,1.));
#13144=DIRECTION('',(-1.,0.,0.));
#13145=DIRECTION('center_axis',(-1.,0.,0.));
#13146=DIRECTION('ref_axis',(0.,0.,1.));
#13147=DIRECTION('',(-1.,0.,0.));
#13148=DIRECTION('center_axis',(-1.,0.,0.));
#13149=DIRECTION('ref_axis',(0.,1.07806057163162E-14,-1.));
#13150=DIRECTION('center_axis',(-1.,0.,0.));
#13151=DIRECTION('ref_axis',(0.,0.,1.));
#13152=DIRECTION('',(-1.,0.,0.));
#13153=DIRECTION('center_axis',(-1.,0.,0.));
#13154=DIRECTION('ref_axis',(0.,0.,1.));
#13155=DIRECTION('',(-1.,0.,0.));
#13156=DIRECTION('center_axis',(-1.,0.,0.));
#13157=DIRECTION('ref_axis',(0.,0.,1.));
#13158=DIRECTION('center_axis',(-1.,0.,0.));
#13159=DIRECTION('ref_axis',(0.,0.,1.));
#13160=DIRECTION('',(-1.,0.,0.));
#13161=DIRECTION('center_axis',(-1.,0.,0.));
#13162=DIRECTION('ref_axis',(0.,0.04655819061607,-0.998915579459324));
#13163=DIRECTION('',(-1.,0.,0.));
#13164=DIRECTION('center_axis',(-1.,0.,0.));
#13165=DIRECTION('ref_axis',(0.,0.,1.));
#13166=DIRECTION('center_axis',(-1.,0.,0.));
#13167=DIRECTION('ref_axis',(0.,0.,1.));
#13168=DIRECTION('',(-1.,0.,0.));
#13169=DIRECTION('center_axis',(-1.,0.,0.));
#13170=DIRECTION('ref_axis',(0.,-0.339254283209512,-0.940694706758787));
#13171=DIRECTION('',(-1.,0.,0.));
#13172=DIRECTION('center_axis',(-1.,0.,0.));
#13173=DIRECTION('ref_axis',(0.,0.,1.));
#13174=DIRECTION('center_axis',(-1.,0.,0.));
#13175=DIRECTION('ref_axis',(0.,-0.0465581906160487,-0.998915579459325));
#13176=DIRECTION('',(-1.,0.,0.));
#13177=DIRECTION('center_axis',(-1.,0.,0.));
#13178=DIRECTION('ref_axis',(0.,0.,1.));
#13179=DIRECTION('',(-1.,0.,0.));
#13180=DIRECTION('center_axis',(-1.,0.,0.));
#13181=DIRECTION('ref_axis',(0.,0.,1.));
#13182=DIRECTION('center_axis',(-1.,0.,0.));
#13183=DIRECTION('ref_axis',(0.,0.,1.));
#13184=DIRECTION('',(-1.,0.,0.));
#13185=DIRECTION('center_axis',(-1.,0.,0.));
#13186=DIRECTION('ref_axis',(0.,0.,1.));
#13187=DIRECTION('',(-1.,0.,0.));
#13188=DIRECTION('center_axis',(-1.,0.,0.));
#13189=DIRECTION('ref_axis',(0.,0.,1.));
#13190=DIRECTION('center_axis',(-1.,0.,0.));
#13191=DIRECTION('ref_axis',(0.,0.339254283209531,-0.94069470675878));
#13192=DIRECTION('',(-1.,0.,0.));
#13193=DIRECTION('center_axis',(-1.,0.,0.));
#13194=DIRECTION('ref_axis',(0.,0.,1.));
#13195=DIRECTION('',(-1.,0.,0.));
#13196=DIRECTION('center_axis',(-1.,0.,0.));
#13197=DIRECTION('ref_axis',(0.,0.,1.));
#13198=DIRECTION('center_axis',(-1.,0.,0.));
#13199=DIRECTION('ref_axis',(0.,0.,1.));
#13200=DIRECTION('',(-1.,0.,0.));
#13201=DIRECTION('center_axis',(-1.,0.,0.));
#13202=DIRECTION('ref_axis',(0.,0.,1.));
#13203=DIRECTION('center_axis',(-1.,0.,0.));
#13204=DIRECTION('ref_axis',(0.,0.,1.));
#13205=DIRECTION('',(-1.,0.,0.));
#13206=DIRECTION('center_axis',(-1.,0.,0.));
#13207=DIRECTION('ref_axis',(0.,0.,1.));
#13208=DIRECTION('',(-1.,0.,0.));
#13209=DIRECTION('center_axis',(-1.,0.,0.));
#13210=DIRECTION('ref_axis',(0.,0.,1.));
#13211=DIRECTION('center_axis',(-1.,0.,0.));
#13212=DIRECTION('ref_axis',(0.,0.,1.));
#13213=DIRECTION('',(-1.,0.,0.));
#13214=DIRECTION('center_axis',(-1.,0.,0.));
#13215=DIRECTION('ref_axis',(0.,0.,1.));
#13216=DIRECTION('center_axis',(-1.,0.,0.));
#13217=DIRECTION('ref_axis',(0.,0.,1.));
#13218=DIRECTION('',(-1.,0.,0.));
#13219=DIRECTION('center_axis',(-1.,0.,0.));
#13220=DIRECTION('ref_axis',(0.,0.,1.));
#13221=DIRECTION('',(-1.,0.,0.));
#13222=DIRECTION('center_axis',(-1.,0.,0.));
#13223=DIRECTION('ref_axis',(0.,0.,1.));
#13224=DIRECTION('center_axis',(-1.,0.,0.));
#13225=DIRECTION('ref_axis',(0.,0.,1.));
#13226=DIRECTION('',(-1.,0.,0.));
#13227=DIRECTION('center_axis',(-1.,0.,0.));
#13228=DIRECTION('ref_axis',(0.,0.,1.));
#13229=DIRECTION('center_axis',(-1.,0.,0.));
#13230=DIRECTION('ref_axis',(0.,0.,1.));
#13231=DIRECTION('',(-1.,0.,0.));
#13232=DIRECTION('center_axis',(-1.,0.,0.));
#13233=DIRECTION('ref_axis',(0.,0.,1.));
#13234=DIRECTION('',(-1.,0.,0.));
#13235=DIRECTION('center_axis',(-1.,0.,0.));
#13236=DIRECTION('ref_axis',(0.,0.,1.));
#13237=DIRECTION('center_axis',(-1.,0.,0.));
#13238=DIRECTION('ref_axis',(0.,0.,1.));
#13239=DIRECTION('center_axis',(-1.,0.,0.));
#13240=DIRECTION('ref_axis',(0.,0.,1.));
#13241=DIRECTION('axis',(0.,0.,1.));
#13242=DIRECTION('refdir',(1.,0.,0.));
#13243=DIRECTION('center_axis',(0.,0.,1.));
#13244=DIRECTION('ref_axis',(1.,0.,0.));
#13245=DIRECTION('center_axis',(0.,0.,1.));
#13246=DIRECTION('ref_axis',(1.,0.,0.));
#13247=DIRECTION('',(0.707106781186546,8.65956056235491E-17,-0.707106781186549));
#13248=DIRECTION('center_axis',(0.,0.,-1.));
#13249=DIRECTION('ref_axis',(1.,0.,0.));
#13250=DIRECTION('center_axis',(0.,0.,-1.));
#13251=DIRECTION('ref_axis',(-1.,0.,0.));
#13252=DIRECTION('center_axis',(0.,0.,-1.));
#13253=DIRECTION('ref_axis',(1.,0.,0.));
#13254=DIRECTION('center_axis',(0.,0.,-1.));
#13255=DIRECTION('ref_axis',(1.,0.,0.));
#13256=DIRECTION('',(-0.707106781186546,8.65956056235491E-17,0.707106781186549));
#13257=DIRECTION('center_axis',(0.,0.,1.));
#13258=DIRECTION('ref_axis',(1.,0.,0.));
#13259=DIRECTION('center_axis',(0.,0.,1.));
#13260=DIRECTION('ref_axis',(1.,0.,0.));
#13261=DIRECTION('',(0.,0.,-1.));
#13262=DIRECTION('center_axis',(0.,0.,1.));
#13263=DIRECTION('ref_axis',(1.,0.,0.));
#13264=DIRECTION('center_axis',(0.,0.,1.));
#13265=DIRECTION('ref_axis',(1.,0.,0.));
#13266=DIRECTION('',(0.,0.,1.));
#13267=DIRECTION('',(1.,0.,0.));
#13268=DIRECTION('',(0.,0.198008370111265,0.980200329201067));
#13269=DIRECTION('',(1.,0.,0.));
#13270=DIRECTION('',(1.,0.,0.));
#13271=DIRECTION('',(0.,-0.198008370111265,-0.980200329201067));
#13272=DIRECTION('axis',(0.,0.,1.));
#13273=DIRECTION('refdir',(1.,0.,0.));
#13274=DIRECTION('axis',(0.,0.,1.));
#13275=DIRECTION('refdir',(1.,0.,0.));
#13276=DIRECTION('axis',(0.,0.,1.));
#13277=DIRECTION('refdir',(1.,0.,0.));
#13278=DIRECTION('axis',(0.,0.,1.));
#13279=DIRECTION('refdir',(1.,0.,0.));
#13280=DIRECTION('axis',(0.,0.,1.));
#13281=DIRECTION('refdir',(1.,0.,0.));
#13282=DIRECTION('center_axis',(1.22464679914735E-16,-1.,0.));
#13283=DIRECTION('ref_axis',(1.,1.03840033480139E-16,0.));
#13284=DIRECTION('center_axis',(-1.22464679914735E-16,1.,0.));
#13285=DIRECTION('ref_axis',(-1.,-1.22464679914735E-16,0.));
#13286=DIRECTION('center_axis',(-1.22464679914735E-16,-1.49975978266185E-32,
1.));
#13287=DIRECTION('ref_axis',(-1.,-1.29800041850174E-16,-1.22464679914735E-16));
#13288=DIRECTION('center_axis',(1.22464679914735E-16,-1.,0.));
#13289=DIRECTION('ref_axis',(1.,1.22464679914735E-16,0.));
#13290=DIRECTION('center_axis',(1.22464679914735E-16,-1.,0.));
#13291=DIRECTION('ref_axis',(1.,1.22464679914735E-16,0.));
#13292=DIRECTION('center_axis',(-1.22464679914735E-16,1.,0.));
#13293=DIRECTION('ref_axis',(-1.,-1.22464679914735E-16,0.));
#13294=DIRECTION('center_axis',(0.,-1.,0.));
#13295=DIRECTION('ref_axis',(0.,0.,-1.));
#13296=DIRECTION('center_axis',(0.,-1.,0.));
#13297=DIRECTION('ref_axis',(0.,0.,1.));
#13298=DIRECTION('',(-8.65956056235499E-17,-0.707106781186543,0.707106781186552));
#13299=DIRECTION('center_axis',(0.,1.,0.));
#13300=DIRECTION('ref_axis',(0.,0.,1.));
#13301=DIRECTION('center_axis',(0.,1.,0.));
#13302=DIRECTION('ref_axis',(0.,0.,1.));
#13303=DIRECTION('center_axis',(0.,1.,0.));
#13304=DIRECTION('ref_axis',(0.,0.,1.));
#13305=DIRECTION('center_axis',(0.,1.,0.));
#13306=DIRECTION('ref_axis',(0.,0.,1.));
#13307=DIRECTION('',(-8.65956056235493E-17,0.707106781186548,-0.707106781186547));
#13308=DIRECTION('center_axis',(0.,-1.,0.));
#13309=DIRECTION('ref_axis',(0.,0.,1.));
#13310=DIRECTION('center_axis',(0.,1.,0.));
#13311=DIRECTION('ref_axis',(0.,0.,1.));
#13312=DIRECTION('center_axis',(0.,1.,0.));
#13313=DIRECTION('ref_axis',(0.,0.,1.));
#13314=DIRECTION('center_axis',(0.,1.,0.));
#13315=DIRECTION('ref_axis',(0.,0.,1.));
#13316=DIRECTION('',(8.65956056235486E-17,-0.707106781186553,0.707106781186542));
#13317=DIRECTION('center_axis',(0.,-1.,0.));
#13318=DIRECTION('ref_axis',(0.,0.,1.));
#13319=DIRECTION('center_axis',(0.,-1.,0.));
#13320=DIRECTION('ref_axis',(0.,0.,-1.));
#13321=DIRECTION('center_axis',(0.,-1.,0.));
#13322=DIRECTION('ref_axis',(0.,0.,1.));
#13323=DIRECTION('',(8.65956056235509E-17,0.707106781186535,-0.70710678118656));
#13324=DIRECTION('center_axis',(0.,1.,0.));
#13325=DIRECTION('ref_axis',(0.,0.,1.));
#13326=DIRECTION('center_axis',(0.,-1.,0.));
#13327=DIRECTION('ref_axis',(0.,0.,-1.));
#13328=DIRECTION('center_axis',(0.,1.,0.));
#13329=DIRECTION('ref_axis',(0.,0.,1.));
#13330=DIRECTION('',(0.,1.,0.));
#13331=DIRECTION('center_axis',(0.,1.,0.));
#13332=DIRECTION('ref_axis',(0.,0.,1.));
#13333=DIRECTION('center_axis',(0.,-1.,0.));
#13334=DIRECTION('ref_axis',(0.,0.,-1.));
#13335=DIRECTION('center_axis',(0.,-1.,0.));
#13336=DIRECTION('ref_axis',(0.,0.,1.));
#13337=DIRECTION('',(6.12323399573675E-17,0.86602540378444,-0.499999999999998));
#13338=DIRECTION('center_axis',(0.,1.,0.));
#13339=DIRECTION('ref_axis',(0.,0.,1.));
#13340=DIRECTION('center_axis',(0.,-1.,0.));
#13341=DIRECTION('ref_axis',(0.,0.,-1.));
#13342=DIRECTION('center_axis',(0.,1.,0.));
#13343=DIRECTION('ref_axis',(0.,0.,1.));
#13344=DIRECTION('',(0.,1.,0.));
#13345=DIRECTION('center_axis',(0.,-1.,0.));
#13346=DIRECTION('ref_axis',(0.,0.,-1.));
#13347=DIRECTION('',(0.,-1.,0.));
#13348=DIRECTION('center_axis',(0.,-1.,0.));
#13349=DIRECTION('ref_axis',(0.,0.,-1.));
#13350=DIRECTION('',(0.,1.,0.));
#13351=DIRECTION('center_axis',(0.,-1.,0.));
#13352=DIRECTION('ref_axis',(0.,0.,-1.));
#13353=DIRECTION('',(0.,1.,0.));
#13354=DIRECTION('center_axis',(0.,1.,0.));
#13355=DIRECTION('ref_axis',(0.,0.,1.));
#13356=DIRECTION('center_axis',(0.,1.,0.));
#13357=DIRECTION('ref_axis',(0.,0.,1.));
#13358=DIRECTION('center_axis',(0.,1.,0.));
#13359=DIRECTION('ref_axis',(0.,0.,1.));
#13360=DIRECTION('center_axis',(0.,1.,0.));
#13361=DIRECTION('ref_axis',(0.,0.,1.));
#13362=DIRECTION('axis',(0.,0.,1.));
#13363=DIRECTION('refdir',(1.,0.,0.));
#13364=DIRECTION('center_axis',(0.,1.,0.));
#13365=DIRECTION('ref_axis',(0.,0.,1.));
#13366=DIRECTION('center_axis',(0.,1.,0.));
#13367=DIRECTION('ref_axis',(0.,0.,1.));
#13368=DIRECTION('center_axis',(0.,1.,0.));
#13369=DIRECTION('ref_axis',(0.,0.,1.));
#13370=DIRECTION('',(6.12323399573682E-17,-0.866025403784436,0.500000000000005));
#13371=DIRECTION('center_axis',(0.,-1.,0.));
#13372=DIRECTION('ref_axis',(0.,0.,1.));
#13373=DIRECTION('center_axis',(0.,-1.,0.));
#13374=DIRECTION('ref_axis',(0.,0.,-1.));
#13375=DIRECTION('center_axis',(0.,1.,0.));
#13376=DIRECTION('ref_axis',(0.,0.,1.));
#13377=DIRECTION('',(0.,-1.,0.));
#13378=DIRECTION('center_axis',(0.,1.,0.));
#13379=DIRECTION('ref_axis',(0.,0.,1.));
#13380=DIRECTION('center_axis',(0.,-1.,0.));
#13381=DIRECTION('ref_axis',(0.,0.,-1.));
#13382=DIRECTION('',(0.,1.,0.));
#13383=DIRECTION('center_axis',(0.,1.,0.));
#13384=DIRECTION('ref_axis',(0.,0.,1.));
#13385=DIRECTION('center_axis',(0.,1.,0.));
#13386=DIRECTION('ref_axis',(0.,0.,1.));
#13387=DIRECTION('center_axis',(0.,1.,0.));
#13388=DIRECTION('ref_axis',(0.,0.,1.));
#13389=DIRECTION('axis',(0.,0.,1.));
#13390=DIRECTION('refdir',(1.,0.,0.));
#13391=DIRECTION('center_axis',(-1.,0.,0.));
#13392=DIRECTION('ref_axis',(0.,0.,1.));
#13393=DIRECTION('center_axis',(1.,0.,0.));
#13394=DIRECTION('ref_axis',(0.,0.,1.));
#13395=DIRECTION('',(-1.,0.,0.));
#13396=DIRECTION('center_axis',(-1.,0.,0.));
#13397=DIRECTION('ref_axis',(0.,0.,-1.));
#13398=DIRECTION('center_axis',(-1.,0.,0.));
#13399=DIRECTION('ref_axis',(0.,0.,1.));
#13400=DIRECTION('center_axis',(-1.,0.,0.));
#13401=DIRECTION('ref_axis',(0.,0.301720598595193,-0.95339639205493));
#13402=DIRECTION('',(-1.,0.,0.));
#13403=DIRECTION('center_axis',(-1.,0.,0.));
#13404=DIRECTION('ref_axis',(0.,0.301720598595193,-0.95339639205493));
#13405=DIRECTION('',(-1.,0.,0.));
#13406=DIRECTION('center_axis',(-1.,0.,0.));
#13407=DIRECTION('ref_axis',(0.,0.,1.));
#13408=DIRECTION('center_axis',(-1.,0.,0.));
#13409=DIRECTION('ref_axis',(0.,0.443719837866961,-0.896165556961055));
#13410=DIRECTION('',(-1.,0.,0.));
#13411=DIRECTION('center_axis',(-1.,0.,0.));
#13412=DIRECTION('ref_axis',(0.,0.443719837866961,-0.896165556961055));
#13413=DIRECTION('',(-1.,0.,0.));
#13414=DIRECTION('center_axis',(-1.,0.,0.));
#13415=DIRECTION('ref_axis',(0.,0.,1.));
#13416=DIRECTION('center_axis',(-1.,0.,0.));
#13417=DIRECTION('ref_axis',(0.,0.373817071840764,0.927502451102097));
#13418=DIRECTION('',(-1.,0.,0.));
#13419=DIRECTION('center_axis',(1.,0.,0.));
#13420=DIRECTION('ref_axis',(0.,0.,-1.));
#13421=DIRECTION('',(1.,0.,0.));
#13422=DIRECTION('center_axis',(-1.,0.,0.));
#13423=DIRECTION('ref_axis',(0.,0.,1.));
#13424=DIRECTION('center_axis',(-1.,0.,0.));
#13425=DIRECTION('ref_axis',(0.,0.99926618105081,-0.0383027336900318));
#13426=DIRECTION('center_axis',(-1.,0.,0.));
#13427=DIRECTION('ref_axis',(0.,0.99926618105081,-0.038302733690032));
#13428=DIRECTION('center_axis',(-1.,0.,0.));
#13429=DIRECTION('ref_axis',(0.,0.99926618105081,-0.0383027336900318));
#13430=DIRECTION('center_axis',(-1.,0.,0.));
#13431=DIRECTION('ref_axis',(0.,0.,1.));
#13432=DIRECTION('center_axis',(-1.,0.,0.));
#13433=DIRECTION('ref_axis',(0.,0.993402089759675,0.114683425398404));
#13434=DIRECTION('center_axis',(-1.,0.,0.));
#13435=DIRECTION('ref_axis',(0.,0.993402089759675,0.114683425398404));
#13436=DIRECTION('center_axis',(-1.,0.,0.));
#13437=DIRECTION('ref_axis',(0.,0.993402089759675,0.114683425398404));
#13438=DIRECTION('center_axis',(-1.,0.,0.));
#13439=DIRECTION('ref_axis',(0.,0.,1.));
#13440=DIRECTION('center_axis',(-1.,0.,0.));
#13441=DIRECTION('ref_axis',(0.,0.96425349545314,0.264981502196666));
#13442=DIRECTION('center_axis',(-1.,0.,0.));
#13443=DIRECTION('ref_axis',(0.,0.96425349545314,0.264981502196665));
#13444=DIRECTION('center_axis',(-1.,0.,0.));
#13445=DIRECTION('ref_axis',(0.,0.96425349545314,0.264981502196665));
#13446=DIRECTION('center_axis',(-1.,0.,0.));
#13447=DIRECTION('ref_axis',(0.,0.,1.));
#13448=DIRECTION('center_axis',(-1.,0.,0.));
#13449=DIRECTION('ref_axis',(0.,0.912503616476548,0.409068637171344));
#13450=DIRECTION('center_axis',(-1.,0.,0.));
#13451=DIRECTION('ref_axis',(0.,0.912503616476548,0.409068637171344));
#13452=DIRECTION('center_axis',(-1.,0.,0.));
#13453=DIRECTION('ref_axis',(0.,0.912503616476548,0.409068637171344));
#13454=DIRECTION('center_axis',(-1.,0.,0.));
#13455=DIRECTION('ref_axis',(0.,0.,1.));
#13456=DIRECTION('center_axis',(-1.,0.,0.));
#13457=DIRECTION('ref_axis',(0.,0.839365426131947,0.543567550001225));
#13458=DIRECTION('center_axis',(-1.,0.,0.));
#13459=DIRECTION('ref_axis',(0.,0.839365426131947,0.543567550001225));
#13460=DIRECTION('center_axis',(-1.,0.,0.));
#13461=DIRECTION('ref_axis',(0.,0.839365426131947,0.543567550001225));
#13462=DIRECTION('center_axis',(-1.,0.,0.));
#13463=DIRECTION('ref_axis',(0.,0.,1.));
#13464=DIRECTION('center_axis',(-1.,0.,0.));
#13465=DIRECTION('ref_axis',(0.,0.746553221611959,0.665325700165569));
#13466=DIRECTION('center_axis',(-1.,0.,0.));
#13467=DIRECTION('ref_axis',(0.,0.746553221611959,0.665325700165569));
#13468=DIRECTION('center_axis',(-1.,0.,0.));
#13469=DIRECTION('ref_axis',(0.,0.746553221611959,0.665325700165569));
#13470=DIRECTION('center_axis',(-1.,0.,0.));
#13471=DIRECTION('ref_axis',(0.,0.,1.));
#13472=DIRECTION('center_axis',(-1.,0.,0.));
#13473=DIRECTION('ref_axis',(0.,0.636242442326556,0.771489179821946));
#13474=DIRECTION('center_axis',(-1.,0.,0.));
#13475=DIRECTION('ref_axis',(0.,0.636242442326556,0.771489179821946));
#13476=DIRECTION('center_axis',(-1.,0.,0.));
#13477=DIRECTION('ref_axis',(0.,0.636242442326556,0.771489179821946));
#13478=DIRECTION('center_axis',(-1.,0.,0.));
#13479=DIRECTION('ref_axis',(0.,0.,1.));
#13480=DIRECTION('center_axis',(-1.,0.,0.));
#13481=DIRECTION('ref_axis',(0.,0.511018679447106,0.859569606987204));
#13482=DIRECTION('center_axis',(-1.,0.,0.));
#13483=DIRECTION('ref_axis',(0.,0.511018679447106,0.859569606987204));
#13484=DIRECTION('center_axis',(-1.,0.,0.));
#13485=DIRECTION('ref_axis',(0.,0.511018679447106,0.859569606987204));
#13486=DIRECTION('center_axis',(-1.,0.,0.));
#13487=DIRECTION('ref_axis',(0.,0.,1.));
#13488=DIRECTION('center_axis',(-1.,0.,0.));
#13489=DIRECTION('ref_axis',(0.,0.373817071840763,0.927502451102097));
#13490=DIRECTION('center_axis',(-1.,0.,0.));
#13491=DIRECTION('ref_axis',(0.,0.373817071840764,0.927502451102097));
#13492=DIRECTION('center_axis',(-1.,0.,0.));
#13493=DIRECTION('ref_axis',(0.,0.,1.));
#13494=DIRECTION('center_axis',(-1.,0.,0.));
#13495=DIRECTION('ref_axis',(0.,0.227853508903131,0.973695423877781));
#13496=DIRECTION('center_axis',(-1.,0.,0.));
#13497=DIRECTION('ref_axis',(0.,0.227853508903131,0.973695423877781));
#13498=DIRECTION('center_axis',(-1.,0.,0.));
#13499=DIRECTION('ref_axis',(0.,0.227853508903131,0.973695423877781));
#13500=DIRECTION('center_axis',(-1.,0.,0.));
#13501=DIRECTION('ref_axis',(0.,0.,1.));
#13502=DIRECTION('center_axis',(-1.,0.,0.));
#13503=DIRECTION('ref_axis',(0.,0.0765492528364888,0.997065801183741));
#13504=DIRECTION('center_axis',(-1.,0.,0.));
#13505=DIRECTION('ref_axis',(0.,0.0765492528364889,0.997065801183741));
#13506=DIRECTION('center_axis',(-1.,0.,0.));
#13507=DIRECTION('ref_axis',(0.,0.0765492528364888,0.997065801183741));
#13508=DIRECTION('center_axis',(-1.,0.,0.));
#13509=DIRECTION('ref_axis',(0.,0.,1.));
#13510=DIRECTION('center_axis',(-1.,0.,0.));
#13511=DIRECTION('ref_axis',(0.,-0.0765492528365028,0.99706580118374));
#13512=DIRECTION('center_axis',(-1.,0.,0.));
#13513=DIRECTION('ref_axis',(0.,-0.0765492528365028,0.99706580118374));
#13514=DIRECTION('center_axis',(-1.,0.,0.));
#13515=DIRECTION('ref_axis',(0.,-0.0765492528365028,0.99706580118374));
#13516=DIRECTION('center_axis',(-1.,0.,0.));
#13517=DIRECTION('ref_axis',(0.,0.,1.));
#13518=DIRECTION('center_axis',(-1.,0.,0.));
#13519=DIRECTION('ref_axis',(0.,-0.227853508903145,0.973695423877777));
#13520=DIRECTION('center_axis',(-1.,0.,0.));
#13521=DIRECTION('ref_axis',(0.,-0.227853508903145,0.973695423877777));
#13522=DIRECTION('center_axis',(-1.,0.,0.));
#13523=DIRECTION('ref_axis',(0.,-0.227853508903145,0.973695423877777));
#13524=DIRECTION('center_axis',(-1.,0.,0.));
#13525=DIRECTION('ref_axis',(0.,0.,1.));
#13526=DIRECTION('center_axis',(-1.,0.,0.));
#13527=DIRECTION('ref_axis',(0.,-0.373817071840776,0.927502451102092));
#13528=DIRECTION('center_axis',(-1.,0.,0.));
#13529=DIRECTION('ref_axis',(0.,-0.373817071840776,0.927502451102092));
#13530=DIRECTION('center_axis',(-1.,0.,0.));
#13531=DIRECTION('ref_axis',(0.,-0.373817071840777,0.927502451102091));
#13532=DIRECTION('center_axis',(-1.,0.,0.));
#13533=DIRECTION('ref_axis',(0.,0.,1.));
#13534=DIRECTION('center_axis',(-1.,0.,0.));
#13535=DIRECTION('ref_axis',(0.,-0.511018679447117,0.859569606987197));
#13536=DIRECTION('center_axis',(-1.,0.,0.));
#13537=DIRECTION('ref_axis',(0.,-0.511018679447117,0.859569606987197));
#13538=DIRECTION('center_axis',(-1.,0.,0.));
#13539=DIRECTION('ref_axis',(0.,-0.511018679447117,0.859569606987197));
#13540=DIRECTION('center_axis',(-1.,0.,0.));
#13541=DIRECTION('ref_axis',(0.,0.,1.));
#13542=DIRECTION('center_axis',(-1.,0.,0.));
#13543=DIRECTION('ref_axis',(0.,-0.636242442326567,0.771489179821937));
#13544=DIRECTION('center_axis',(-1.,0.,0.));
#13545=DIRECTION('ref_axis',(0.,-0.636242442326567,0.771489179821937));
#13546=DIRECTION('center_axis',(-1.,0.,0.));
#13547=DIRECTION('ref_axis',(0.,-0.636242442326567,0.771489179821937));
#13548=DIRECTION('center_axis',(-1.,0.,0.));
#13549=DIRECTION('ref_axis',(0.,0.,1.));
#13550=DIRECTION('center_axis',(-1.,0.,0.));
#13551=DIRECTION('ref_axis',(0.,-0.746553221611968,0.665325700165559));
#13552=DIRECTION('center_axis',(-1.,0.,0.));
#13553=DIRECTION('ref_axis',(0.,-0.746553221611969,0.665325700165559));
#13554=DIRECTION('center_axis',(-1.,0.,0.));
#13555=DIRECTION('ref_axis',(0.,-0.746553221611968,0.665325700165559));
#13556=DIRECTION('center_axis',(-1.,0.,0.));
#13557=DIRECTION('ref_axis',(0.,0.,1.));
#13558=DIRECTION('center_axis',(-1.,0.,0.));
#13559=DIRECTION('ref_axis',(0.,-0.839365426131955,0.543567550001214));
#13560=DIRECTION('center_axis',(-1.,0.,0.));
#13561=DIRECTION('ref_axis',(0.,-0.839365426131955,0.543567550001214));
#13562=DIRECTION('center_axis',(-1.,0.,0.));
#13563=DIRECTION('ref_axis',(0.,-0.839365426131955,0.543567550001213));
#13564=DIRECTION('center_axis',(-1.,0.,0.));
#13565=DIRECTION('ref_axis',(0.,0.,1.));
#13566=DIRECTION('center_axis',(-1.,0.,0.));
#13567=DIRECTION('ref_axis',(0.,-0.912503616476554,0.409068637171331));
#13568=DIRECTION('center_axis',(-1.,0.,0.));
#13569=DIRECTION('ref_axis',(0.,-0.912503616476554,0.409068637171332));
#13570=DIRECTION('center_axis',(-1.,0.,0.));
#13571=DIRECTION('ref_axis',(0.,-0.912503616476554,0.409068637171332));
#13572=DIRECTION('center_axis',(-1.,0.,0.));
#13573=DIRECTION('ref_axis',(0.,0.,1.));
#13574=DIRECTION('center_axis',(-1.,0.,0.));
#13575=DIRECTION('ref_axis',(0.,-0.964253495453144,0.264981502196652));
#13576=DIRECTION('center_axis',(-1.,0.,0.));
#13577=DIRECTION('ref_axis',(0.,-0.964253495453144,0.264981502196652));
#13578=DIRECTION('center_axis',(-1.,0.,0.));
#13579=DIRECTION('ref_axis',(0.,-0.964253495453143,0.264981502196653));
#13580=DIRECTION('center_axis',(-1.,0.,0.));
#13581=DIRECTION('ref_axis',(0.,0.,1.));
#13582=DIRECTION('center_axis',(-1.,0.,0.));
#13583=DIRECTION('ref_axis',(0.,-0.993402089759676,0.11468342539839));
#13584=DIRECTION('center_axis',(-1.,0.,0.));
#13585=DIRECTION('ref_axis',(0.,-0.993402089759676,0.11468342539839));
#13586=DIRECTION('center_axis',(-1.,0.,0.));
#13587=DIRECTION('ref_axis',(0.,-0.993402089759676,0.11468342539839));
#13588=DIRECTION('center_axis',(-1.,0.,0.));
#13589=DIRECTION('ref_axis',(0.,0.,1.));
#13590=DIRECTION('center_axis',(-1.,0.,0.));
#13591=DIRECTION('ref_axis',(0.,-0.99926618105081,-0.0383027336900458));
#13592=DIRECTION('center_axis',(-1.,0.,0.));
#13593=DIRECTION('ref_axis',(0.,-0.99926618105081,-0.0383027336900459));
#13594=DIRECTION('center_axis',(-1.,0.,0.));
#13595=DIRECTION('ref_axis',(0.,-0.99926618105081,-0.0383027336900457));
#13596=DIRECTION('center_axis',(-1.,0.,0.));
#13597=DIRECTION('ref_axis',(0.,0.,1.));
#13598=DIRECTION('center_axis',(-1.,0.,0.));
#13599=DIRECTION('ref_axis',(0.,-0.981708319996853,-0.190391109164679));
#13600=DIRECTION('center_axis',(-1.,0.,0.));
#13601=DIRECTION('ref_axis',(0.,-0.981708319996853,-0.190391109164679));
#13602=DIRECTION('center_axis',(-1.,0.,0.));
#13603=DIRECTION('ref_axis',(0.,-0.981708319996853,-0.190391109164679));
#13604=DIRECTION('center_axis',(-1.,0.,0.));
#13605=DIRECTION('ref_axis',(0.,0.,1.));
#13606=DIRECTION('center_axis',(-1.,0.,0.));
#13607=DIRECTION('ref_axis',(0.,-0.941140047979558,-0.338016878408514));
#13608=DIRECTION('center_axis',(-1.,0.,0.));
#13609=DIRECTION('ref_axis',(0.,-0.941140047979558,-0.338016878408513));
#13610=DIRECTION('center_axis',(-1.,0.,0.));
#13611=DIRECTION('ref_axis',(0.,-0.941140047979558,-0.338016878408513));
#13612=DIRECTION('center_axis',(-1.,0.,0.));
#13613=DIRECTION('ref_axis',(0.,0.,1.));
#13614=DIRECTION('center_axis',(-1.,0.,0.));
#13615=DIRECTION('ref_axis',(0.,-0.878512250910937,-0.477719818512273));
#13616=DIRECTION('center_axis',(-1.,0.,0.));
#13617=DIRECTION('ref_axis',(0.,-0.878512250910937,-0.477719818512273));
#13618=DIRECTION('center_axis',(-1.,0.,0.));
#13619=DIRECTION('ref_axis',(0.,-0.878512250910937,-0.477719818512273));
#13620=DIRECTION('center_axis',(-1.,0.,0.));
#13621=DIRECTION('ref_axis',(0.,0.,1.));
#13622=DIRECTION('center_axis',(-1.,0.,0.));
#13623=DIRECTION('ref_axis',(0.,-0.795292871273419,-0.606225410966648));
#13624=DIRECTION('center_axis',(-1.,0.,0.));
#13625=DIRECTION('ref_axis',(0.,-0.795292871273419,-0.606225410966648));
#13626=DIRECTION('center_axis',(-1.,0.,0.));
#13627=DIRECTION('ref_axis',(0.,-0.795292871273419,-0.606225410966648));
#13628=DIRECTION('center_axis',(-1.,0.,0.));
#13629=DIRECTION('ref_axis',(0.,0.,1.));
#13630=DIRECTION('center_axis',(-1.,0.,0.));
#13631=DIRECTION('ref_axis',(0.,-0.693432500792233,-0.720521593600796));
#13632=DIRECTION('center_axis',(-1.,0.,0.));
#13633=DIRECTION('ref_axis',(0.,-0.693432500792233,-0.720521593600796));
#13634=DIRECTION('center_axis',(-1.,0.,0.));
#13635=DIRECTION('ref_axis',(0.,-0.693432500792233,-0.720521593600796));
#13636=DIRECTION('center_axis',(-1.,0.,0.));
#13637=DIRECTION('ref_axis',(0.,0.,1.));
#13638=DIRECTION('center_axis',(-1.,0.,0.));
#13639=DIRECTION('ref_axis',(0.,-0.57531866021861,-0.817929360766725));
#13640=DIRECTION('center_axis',(-1.,0.,0.));
#13641=DIRECTION('ref_axis',(0.,-0.57531866021861,-0.817929360766725));
#13642=DIRECTION('center_axis',(-1.,0.,0.));
#13643=DIRECTION('ref_axis',(0.,-0.57531866021861,-0.817929360766725));
#13644=DIRECTION('center_axis',(-1.,0.,0.));
#13645=DIRECTION('ref_axis',(0.,0.,1.));
#13646=DIRECTION('center_axis',(-1.,0.,0.));
#13647=DIRECTION('ref_axis',(0.,-0.443719837866949,-0.896165556961061));
#13648=DIRECTION('center_axis',(-1.,0.,0.));
#13649=DIRECTION('ref_axis',(0.,-0.443719837866949,-0.896165556961061));
#13650=DIRECTION('center_axis',(-1.,0.,0.));
#13651=DIRECTION('ref_axis',(0.,-0.443719837866948,-0.896165556961061));
#13652=DIRECTION('center_axis',(-1.,0.,0.));
#13653=DIRECTION('ref_axis',(0.,0.,1.));
#13654=DIRECTION('center_axis',(-1.,0.,0.));
#13655=DIRECTION('ref_axis',(0.,-0.301720598595179,-0.953396392054935));
#13656=DIRECTION('center_axis',(-1.,0.,0.));
#13657=DIRECTION('ref_axis',(0.,-0.301720598595179,-0.953396392054935));
#13658=DIRECTION('center_axis',(-1.,0.,0.));
#13659=DIRECTION('ref_axis',(0.,-0.30172059859518,-0.953396392054934));
#13660=DIRECTION('center_axis',(-1.,0.,0.));
#13661=DIRECTION('ref_axis',(0.,0.,1.));
#13662=DIRECTION('center_axis',(-1.,0.,0.));
#13663=DIRECTION('ref_axis',(0.,-0.152649284218861,-0.988280423780351));
#13664=DIRECTION('center_axis',(-1.,0.,0.));
#13665=DIRECTION('ref_axis',(0.,-0.152649284218861,-0.988280423780351));
#13666=DIRECTION('center_axis',(-1.,0.,0.));
#13667=DIRECTION('ref_axis',(0.,-0.152649284218861,-0.988280423780351));
#13668=DIRECTION('center_axis',(-1.,0.,0.));
#13669=DIRECTION('ref_axis',(0.,0.,1.));
#13670=DIRECTION('center_axis',(-1.,0.,0.));
#13671=DIRECTION('ref_axis',(0.,0.,-1.));
#13672=DIRECTION('center_axis',(-1.,0.,0.));
#13673=DIRECTION('ref_axis',(0.,0.,-1.));
#13674=DIRECTION('center_axis',(-1.,0.,0.));
#13675=DIRECTION('ref_axis',(0.,0.,-1.));
#13676=DIRECTION('center_axis',(-1.,0.,0.));
#13677=DIRECTION('ref_axis',(0.,0.,1.));
#13678=DIRECTION('center_axis',(-1.,0.,0.));
#13679=DIRECTION('ref_axis',(0.,0.152649284218875,-0.988280423780348));
#13680=DIRECTION('center_axis',(-1.,0.,0.));
#13681=DIRECTION('ref_axis',(0.,0.152649284218875,-0.988280423780348));
#13682=DIRECTION('center_axis',(-1.,0.,0.));
#13683=DIRECTION('ref_axis',(0.,0.152649284218875,-0.988280423780348));
#13684=DIRECTION('center_axis',(-1.,0.,0.));
#13685=DIRECTION('ref_axis',(0.,0.,1.));
#13686=DIRECTION('center_axis',(-1.,0.,0.));
#13687=DIRECTION('ref_axis',(0.,0.301720598595193,-0.95339639205493));
#13688=DIRECTION('center_axis',(-1.,0.,0.));
#13689=DIRECTION('ref_axis',(0.,0.301720598595193,-0.95339639205493));
#13690=DIRECTION('center_axis',(-1.,0.,0.));
#13691=DIRECTION('ref_axis',(0.,0.,1.));
#13692=DIRECTION('center_axis',(-1.,0.,0.));
#13693=DIRECTION('ref_axis',(0.,0.443719837866961,-0.896165556961055));
#13694=DIRECTION('center_axis',(-1.,0.,0.));
#13695=DIRECTION('ref_axis',(0.,0.443719837866961,-0.896165556961055));
#13696=DIRECTION('center_axis',(-1.,0.,0.));
#13697=DIRECTION('ref_axis',(0.,0.,1.));
#13698=DIRECTION('center_axis',(-1.,0.,0.));
#13699=DIRECTION('ref_axis',(0.,0.575318660218622,-0.817929360766717));
#13700=DIRECTION('center_axis',(-1.,0.,0.));
#13701=DIRECTION('ref_axis',(0.,0.575318660218622,-0.817929360766717));
#13702=DIRECTION('center_axis',(-1.,0.,0.));
#13703=DIRECTION('ref_axis',(0.,0.575318660218622,-0.817929360766717));
#13704=DIRECTION('center_axis',(-1.,0.,0.));
#13705=DIRECTION('ref_axis',(0.,0.,1.));
#13706=DIRECTION('center_axis',(-1.,0.,0.));
#13707=DIRECTION('ref_axis',(0.,0.693432500792243,-0.720521593600786));
#13708=DIRECTION('center_axis',(-1.,0.,0.));
#13709=DIRECTION('ref_axis',(0.,0.693432500792243,-0.720521593600786));
#13710=DIRECTION('center_axis',(-1.,0.,0.));
#13711=DIRECTION('ref_axis',(0.,0.693432500792243,-0.720521593600786));
#13712=DIRECTION('center_axis',(-1.,0.,0.));
#13713=DIRECTION('ref_axis',(0.,0.,1.));
#13714=DIRECTION('center_axis',(-1.,0.,0.));
#13715=DIRECTION('ref_axis',(0.,0.795292871273427,-0.606225410966637));
#13716=DIRECTION('center_axis',(-1.,0.,0.));
#13717=DIRECTION('ref_axis',(0.,0.795292871273428,-0.606225410966636));
#13718=DIRECTION('center_axis',(-1.,0.,0.));
#13719=DIRECTION('ref_axis',(0.,0.795292871273428,-0.606225410966636));
#13720=DIRECTION('center_axis',(-1.,0.,0.));
#13721=DIRECTION('ref_axis',(0.,0.,1.));
#13722=DIRECTION('center_axis',(-1.,0.,0.));
#13723=DIRECTION('ref_axis',(0.,0.878512250910944,-0.477719818512261));
#13724=DIRECTION('center_axis',(-1.,0.,0.));
#13725=DIRECTION('ref_axis',(0.,0.878512250910944,-0.477719818512261));
#13726=DIRECTION('center_axis',(-1.,0.,0.));
#13727=DIRECTION('ref_axis',(0.,0.878512250910944,-0.477719818512261));
#13728=DIRECTION('center_axis',(-1.,0.,0.));
#13729=DIRECTION('ref_axis',(0.,0.,1.));
#13730=DIRECTION('center_axis',(-1.,0.,0.));
#13731=DIRECTION('ref_axis',(0.,0.941140047979563,-0.3380168784085));
#13732=DIRECTION('center_axis',(-1.,0.,0.));
#13733=DIRECTION('ref_axis',(0.,0.941140047979563,-0.3380168784085));
#13734=DIRECTION('center_axis',(-1.,0.,0.));
#13735=DIRECTION('ref_axis',(0.,0.941140047979563,-0.3380168784085));
#13736=DIRECTION('center_axis',(-1.,0.,0.));
#13737=DIRECTION('ref_axis',(0.,0.,1.));
#13738=DIRECTION('center_axis',(-1.,0.,0.));
#13739=DIRECTION('ref_axis',(0.,0.981708319996856,-0.190391109164665));
#13740=DIRECTION('center_axis',(-1.,0.,0.));
#13741=DIRECTION('ref_axis',(0.,0.981708319996856,-0.190391109164665));
#13742=DIRECTION('center_axis',(-1.,0.,0.));
#13743=DIRECTION('ref_axis',(0.,0.981708319996856,-0.190391109164665));
#13744=DIRECTION('center_axis',(-1.,0.,0.));
#13745=DIRECTION('ref_axis',(0.,0.,1.));
#13746=DIRECTION('center_axis',(-1.,0.,0.));
#13747=DIRECTION('ref_axis',(0.,0.,1.));
#13748=DIRECTION('',(-1.,0.,0.));
#13749=DIRECTION('',(1.,0.,0.));
#13750=DIRECTION('center_axis',(-1.,0.,0.));
#13751=DIRECTION('ref_axis',(0.,0.,1.));
#13752=DIRECTION('center_axis',(-1.,0.,0.));
#13753=DIRECTION('ref_axis',(0.,0.,1.));
#13754=DIRECTION('',(1.,0.,0.));
#13755=DIRECTION('center_axis',(-1.,0.,0.));
#13756=DIRECTION('ref_axis',(0.,0.,1.));
#13757=DIRECTION('',(-1.,0.,0.));
#13758=DIRECTION('center_axis',(-1.,0.,0.));
#13759=DIRECTION('ref_axis',(0.,0.,1.));
#13760=DIRECTION('',(-1.,0.,0.));
#13761=DIRECTION('',(1.,0.,0.));
#13762=DIRECTION('center_axis',(-1.,0.,0.));
#13763=DIRECTION('ref_axis',(0.,0.,1.));
#13764=DIRECTION('center_axis',(-1.,0.,0.));
#13765=DIRECTION('ref_axis',(0.,0.,1.));
#13766=DIRECTION('',(-1.,0.,0.));
#13767=DIRECTION('',(1.,0.,0.));
#13768=DIRECTION('center_axis',(-1.,0.,0.));
#13769=DIRECTION('ref_axis',(0.,0.,1.));
#13770=DIRECTION('center_axis',(-1.,0.,0.));
#13771=DIRECTION('ref_axis',(0.,0.,1.));
#13772=DIRECTION('',(-1.,0.,0.));
#13773=DIRECTION('',(1.,0.,0.));
#13774=DIRECTION('center_axis',(-1.,0.,0.));
#13775=DIRECTION('ref_axis',(0.,0.,1.));
#13776=DIRECTION('center_axis',(-1.,0.,0.));
#13777=DIRECTION('ref_axis',(0.,0.,1.));
#13778=DIRECTION('',(1.,0.,0.));
#13779=DIRECTION('center_axis',(-1.,0.,0.));
#13780=DIRECTION('ref_axis',(0.,0.,1.));
#13781=DIRECTION('',(-1.,0.,0.));
#13782=DIRECTION('center_axis',(-1.,0.,0.));
#13783=DIRECTION('ref_axis',(0.,0.,1.));
#13784=DIRECTION('',(1.,0.,0.));
#13785=DIRECTION('center_axis',(-1.,0.,0.));
#13786=DIRECTION('ref_axis',(0.,0.,1.));
#13787=DIRECTION('center_axis',(-1.,0.,0.));
#13788=DIRECTION('ref_axis',(0.,0.,1.));
#13789=DIRECTION('',(1.,0.,0.));
#13790=DIRECTION('center_axis',(-1.,0.,0.));
#13791=DIRECTION('ref_axis',(0.,0.,1.));
#13792=DIRECTION('center_axis',(-1.,0.,0.));
#13793=DIRECTION('ref_axis',(0.,0.,1.));
#13794=DIRECTION('',(1.,0.,0.));
#13795=DIRECTION('center_axis',(-1.,0.,0.));
#13796=DIRECTION('ref_axis',(0.,0.,1.));
#13797=DIRECTION('',(-1.,0.,0.));
#13798=DIRECTION('center_axis',(-1.,0.,0.));
#13799=DIRECTION('ref_axis',(0.,0.,1.));
#13800=DIRECTION('',(-1.,0.,0.));
#13801=DIRECTION('',(1.,0.,0.));
#13802=DIRECTION('center_axis',(-1.,0.,0.));
#13803=DIRECTION('ref_axis',(0.,0.,1.));
#13804=DIRECTION('center_axis',(-1.,0.,0.));
#13805=DIRECTION('ref_axis',(0.,0.,1.));
#13806=DIRECTION('',(-1.,0.,0.));
#13807=DIRECTION('',(1.,0.,0.));
#13808=DIRECTION('center_axis',(-1.,0.,0.));
#13809=DIRECTION('ref_axis',(0.,0.,1.));
#13810=DIRECTION('center_axis',(-1.,0.,0.));
#13811=DIRECTION('ref_axis',(0.,0.,1.));
#13812=DIRECTION('',(1.,0.,0.));
#13813=DIRECTION('center_axis',(-1.,0.,0.));
#13814=DIRECTION('ref_axis',(0.,0.,1.));
#13815=DIRECTION('',(-1.,0.,0.));
#13816=DIRECTION('center_axis',(-1.,0.,0.));
#13817=DIRECTION('ref_axis',(0.,0.,1.));
#13818=DIRECTION('',(-1.,0.,0.));
#13819=DIRECTION('center_axis',(-1.,0.,0.));
#13820=DIRECTION('ref_axis',(0.,0.,1.));
#13821=DIRECTION('center_axis',(-1.,0.,0.));
#13822=DIRECTION('ref_axis',(0.,0.,1.));
#13823=DIRECTION('',(-1.,0.,0.));
#13824=DIRECTION('',(1.,0.,0.));
#13825=DIRECTION('center_axis',(-1.,0.,0.));
#13826=DIRECTION('ref_axis',(0.,0.,1.));
#13827=DIRECTION('center_axis',(-1.,0.,0.));
#13828=DIRECTION('ref_axis',(0.,0.,1.));
#13829=DIRECTION('',(-1.,0.,0.));
#13830=DIRECTION('',(1.,0.,0.));
#13831=DIRECTION('center_axis',(-1.,0.,0.));
#13832=DIRECTION('ref_axis',(0.,0.,1.));
#13833=DIRECTION('center_axis',(-1.,0.,0.));
#13834=DIRECTION('ref_axis',(0.,0.,1.));
#13835=DIRECTION('',(1.,0.,0.));
#13836=DIRECTION('center_axis',(-1.,0.,0.));
#13837=DIRECTION('ref_axis',(0.,0.,1.));
#13838=DIRECTION('',(-1.,0.,0.));
#13839=DIRECTION('center_axis',(-1.,0.,0.));
#13840=DIRECTION('ref_axis',(0.,0.,1.));
#13841=DIRECTION('',(-1.,0.,0.));
#13842=DIRECTION('',(1.,0.,0.));
#13843=DIRECTION('center_axis',(-1.,0.,0.));
#13844=DIRECTION('ref_axis',(0.,0.,1.));
#13845=DIRECTION('center_axis',(-1.,0.,0.));
#13846=DIRECTION('ref_axis',(0.,0.,1.));
#13847=DIRECTION('',(1.,0.,0.));
#13848=DIRECTION('center_axis',(-1.,0.,0.));
#13849=DIRECTION('ref_axis',(0.,0.,1.));
#13850=DIRECTION('',(-1.,0.,0.));
#13851=DIRECTION('center_axis',(-1.,0.,0.));
#13852=DIRECTION('ref_axis',(0.,0.,1.));
#13853=DIRECTION('',(-1.,0.,0.));
#13854=DIRECTION('',(1.,0.,0.));
#13855=DIRECTION('center_axis',(-1.,0.,0.));
#13856=DIRECTION('ref_axis',(0.,0.,1.));
#13857=DIRECTION('center_axis',(-1.,0.,0.));
#13858=DIRECTION('ref_axis',(0.,0.,1.));
#13859=DIRECTION('',(-1.,0.,0.));
#13860=DIRECTION('',(1.,0.,0.));
#13861=DIRECTION('center_axis',(-1.,0.,0.));
#13862=DIRECTION('ref_axis',(0.,0.,1.));
#13863=DIRECTION('center_axis',(-1.,0.,0.));
#13864=DIRECTION('ref_axis',(0.,0.,1.));
#13865=DIRECTION('',(-1.,0.,0.));
#13866=DIRECTION('',(1.,0.,0.));
#13867=DIRECTION('center_axis',(-1.,0.,0.));
#13868=DIRECTION('ref_axis',(0.,0.,1.));
#13869=DIRECTION('center_axis',(-1.,0.,0.));
#13870=DIRECTION('ref_axis',(0.,0.,1.));
#13871=DIRECTION('',(1.,0.,0.));
#13872=DIRECTION('center_axis',(-1.,0.,0.));
#13873=DIRECTION('ref_axis',(0.,0.,1.));
#13874=DIRECTION('',(-1.,0.,0.));
#13875=DIRECTION('center_axis',(-1.,0.,0.));
#13876=DIRECTION('ref_axis',(0.,0.,1.));
#13877=DIRECTION('',(-1.,0.,0.));
#13878=DIRECTION('',(1.,0.,0.));
#13879=DIRECTION('center_axis',(-1.,0.,0.));
#13880=DIRECTION('ref_axis',(0.,0.,1.));
#13881=DIRECTION('center_axis',(-1.,0.,0.));
#13882=DIRECTION('ref_axis',(0.,0.,1.));
#13883=DIRECTION('',(-1.,0.,0.));
#13884=DIRECTION('',(1.,0.,0.));
#13885=DIRECTION('center_axis',(-1.,0.,0.));
#13886=DIRECTION('ref_axis',(0.,0.,1.));
#13887=DIRECTION('center_axis',(-1.,0.,0.));
#13888=DIRECTION('ref_axis',(0.,0.,1.));
#13889=DIRECTION('',(-1.,0.,0.));
#13890=DIRECTION('',(1.,0.,0.));
#13891=DIRECTION('center_axis',(-1.,0.,0.));
#13892=DIRECTION('ref_axis',(0.,0.,1.));
#13893=DIRECTION('center_axis',(-1.,0.,0.));
#13894=DIRECTION('ref_axis',(0.,0.,1.));
#13895=DIRECTION('',(1.,0.,0.));
#13896=DIRECTION('center_axis',(-1.,0.,0.));
#13897=DIRECTION('ref_axis',(0.,0.,1.));
#13898=DIRECTION('',(-1.,0.,0.));
#13899=DIRECTION('center_axis',(-1.,0.,0.));
#13900=DIRECTION('ref_axis',(0.,0.,1.));
#13901=DIRECTION('',(-1.,0.,0.));
#13902=DIRECTION('',(1.,0.,0.));
#13903=DIRECTION('center_axis',(-1.,0.,0.));
#13904=DIRECTION('ref_axis',(0.,0.,1.));
#13905=DIRECTION('center_axis',(-1.,0.,0.));
#13906=DIRECTION('ref_axis',(0.,0.,1.));
#13907=DIRECTION('',(1.,0.,0.));
#13908=DIRECTION('center_axis',(-1.,0.,0.));
#13909=DIRECTION('ref_axis',(0.,0.,1.));
#13910=DIRECTION('',(-1.,0.,0.));
#13911=DIRECTION('center_axis',(-1.,0.,0.));
#13912=DIRECTION('ref_axis',(0.,0.,1.));
#13913=DIRECTION('',(-1.,0.,0.));
#13914=DIRECTION('',(1.,0.,0.));
#13915=DIRECTION('center_axis',(-1.,0.,0.));
#13916=DIRECTION('ref_axis',(0.,0.,1.));
#13917=DIRECTION('center_axis',(-1.,0.,0.));
#13918=DIRECTION('ref_axis',(0.,0.,1.));
#13919=DIRECTION('',(-1.,0.,0.));
#13920=DIRECTION('',(1.,0.,0.));
#13921=DIRECTION('center_axis',(-1.,0.,0.));
#13922=DIRECTION('ref_axis',(0.,0.,1.));
#13923=DIRECTION('center_axis',(-1.,0.,0.));
#13924=DIRECTION('ref_axis',(0.,0.,1.));
#13925=DIRECTION('',(-1.,0.,0.));
#13926=DIRECTION('',(1.,0.,0.));
#13927=DIRECTION('center_axis',(-1.,0.,0.));
#13928=DIRECTION('ref_axis',(0.,0.,1.));
#13929=DIRECTION('center_axis',(-1.,0.,0.));
#13930=DIRECTION('ref_axis',(0.,0.,1.));
#13931=DIRECTION('',(1.,0.,0.));
#13932=DIRECTION('center_axis',(-1.,0.,0.));
#13933=DIRECTION('ref_axis',(0.,0.,1.));
#13934=DIRECTION('',(-1.,0.,0.));
#13935=DIRECTION('center_axis',(-1.,0.,0.));
#13936=DIRECTION('ref_axis',(0.,0.,1.));
#13937=DIRECTION('',(-1.,0.,0.));
#13938=DIRECTION('',(1.,0.,0.));
#13939=DIRECTION('center_axis',(-1.,0.,0.));
#13940=DIRECTION('ref_axis',(0.,0.,1.));
#13941=DIRECTION('center_axis',(-1.,0.,0.));
#13942=DIRECTION('ref_axis',(0.,0.,1.));
#13943=DIRECTION('',(1.,0.,0.));
#13944=DIRECTION('center_axis',(-1.,0.,0.));
#13945=DIRECTION('ref_axis',(0.,0.,1.));
#13946=DIRECTION('',(-1.,0.,0.));
#13947=DIRECTION('center_axis',(-1.,0.,0.));
#13948=DIRECTION('ref_axis',(0.,0.,1.));
#13949=DIRECTION('',(1.,0.,0.));
#13950=DIRECTION('center_axis',(-1.,0.,0.));
#13951=DIRECTION('ref_axis',(0.,0.,1.));
#13952=DIRECTION('',(-1.,0.,0.));
#13953=DIRECTION('center_axis',(-1.,0.,0.));
#13954=DIRECTION('ref_axis',(0.,0.,1.));
#13955=DIRECTION('',(1.,0.,0.));
#13956=DIRECTION('center_axis',(-1.,0.,0.));
#13957=DIRECTION('ref_axis',(0.,0.,1.));
#13958=DIRECTION('',(-1.,0.,0.));
#13959=DIRECTION('center_axis',(-1.,0.,0.));
#13960=DIRECTION('ref_axis',(0.,0.,1.));
#13961=DIRECTION('',(-1.,0.,0.));
#13962=DIRECTION('',(1.,0.,0.));
#13963=DIRECTION('center_axis',(-1.,0.,0.));
#13964=DIRECTION('ref_axis',(0.,0.,1.));
#13965=DIRECTION('center_axis',(-1.,0.,0.));
#13966=DIRECTION('ref_axis',(0.,0.,1.));
#13967=DIRECTION('',(1.,0.,0.));
#13968=DIRECTION('center_axis',(-1.,0.,0.));
#13969=DIRECTION('ref_axis',(0.,0.,1.));
#13970=DIRECTION('',(-1.,0.,0.));
#13971=DIRECTION('center_axis',(-1.,0.,0.));
#13972=DIRECTION('ref_axis',(0.,0.,1.));
#13973=DIRECTION('',(-1.,0.,0.));
#13974=DIRECTION('',(1.,0.,0.));
#13975=DIRECTION('center_axis',(-1.,0.,0.));
#13976=DIRECTION('ref_axis',(0.,0.,1.));
#13977=DIRECTION('center_axis',(-1.,0.,0.));
#13978=DIRECTION('ref_axis',(0.,0.,1.));
#13979=DIRECTION('',(-1.,0.,0.));
#13980=DIRECTION('',(1.,0.,0.));
#13981=DIRECTION('center_axis',(-1.,0.,0.));
#13982=DIRECTION('ref_axis',(0.,0.,1.));
#13983=DIRECTION('center_axis',(1.,0.,0.));
#13984=DIRECTION('ref_axis',(0.,1.,0.));
#13985=DIRECTION('center_axis',(-1.,0.,0.));
#13986=DIRECTION('ref_axis',(0.,0.99926618105081,-0.0383027336900318));
#13987=DIRECTION('center_axis',(1.,0.,0.));
#13988=DIRECTION('ref_axis',(0.,0.,-1.));
#13989=DIRECTION('center_axis',(-1.,0.,0.));
#13990=DIRECTION('ref_axis',(0.,0.981708319996856,-0.190391109164665));
#13991=DIRECTION('center_axis',(-1.,0.,0.));
#13992=DIRECTION('ref_axis',(0.,0.981708319996856,-0.190391109164665));
#13993=DIRECTION('center_axis',(1.,0.,0.));
#13994=DIRECTION('ref_axis',(0.,0.,-1.));
#13995=DIRECTION('center_axis',(-1.,0.,0.));
#13996=DIRECTION('ref_axis',(0.,0.941140047979563,-0.3380168784085));
#13997=DIRECTION('center_axis',(-1.,0.,0.));
#13998=DIRECTION('ref_axis',(0.,0.941140047979563,-0.3380168784085));
#13999=DIRECTION('center_axis',(1.,0.,0.));
#14000=DIRECTION('ref_axis',(0.,0.,-1.));
#14001=DIRECTION('center_axis',(-1.,0.,0.));
#14002=DIRECTION('ref_axis',(0.,0.878512250910944,-0.477719818512261));
#14003=DIRECTION('center_axis',(-1.,0.,0.));
#14004=DIRECTION('ref_axis',(0.,0.878512250910944,-0.477719818512261));
#14005=DIRECTION('center_axis',(1.,0.,0.));
#14006=DIRECTION('ref_axis',(0.,0.,-1.));
#14007=DIRECTION('center_axis',(-1.,0.,0.));
#14008=DIRECTION('ref_axis',(0.,0.795292871273428,-0.606225410966636));
#14009=DIRECTION('center_axis',(-1.,0.,0.));
#14010=DIRECTION('ref_axis',(0.,0.795292871273427,-0.606225410966637));
#14011=DIRECTION('center_axis',(1.,0.,0.));
#14012=DIRECTION('ref_axis',(0.,0.,-1.));
#14013=DIRECTION('center_axis',(-1.,0.,0.));
#14014=DIRECTION('ref_axis',(0.,0.693432500792243,-0.720521593600786));
#14015=DIRECTION('center_axis',(-1.,0.,0.));
#14016=DIRECTION('ref_axis',(0.,0.693432500792243,-0.720521593600786));
#14017=DIRECTION('center_axis',(1.,0.,0.));
#14018=DIRECTION('ref_axis',(0.,0.,-1.));
#14019=DIRECTION('center_axis',(-1.,0.,0.));
#14020=DIRECTION('ref_axis',(0.,0.575318660218622,-0.817929360766717));
#14021=DIRECTION('center_axis',(-1.,0.,0.));
#14022=DIRECTION('ref_axis',(0.,0.575318660218622,-0.817929360766717));
#14023=DIRECTION('center_axis',(1.,0.,0.));
#14024=DIRECTION('ref_axis',(0.,0.,-1.));
#14025=DIRECTION('center_axis',(-1.,0.,0.));
#14026=DIRECTION('ref_axis',(0.,0.443719837866961,-0.896165556961055));
#14027=DIRECTION('center_axis',(1.,0.,0.));
#14028=DIRECTION('ref_axis',(0.,0.,-1.));
#14029=DIRECTION('center_axis',(-1.,0.,0.));
#14030=DIRECTION('ref_axis',(0.,0.301720598595193,-0.95339639205493));
#14031=DIRECTION('center_axis',(1.,0.,0.));
#14032=DIRECTION('ref_axis',(0.,0.,-1.));
#14033=DIRECTION('center_axis',(-1.,0.,0.));
#14034=DIRECTION('ref_axis',(0.,0.152649284218875,-0.988280423780348));
#14035=DIRECTION('center_axis',(-1.,0.,0.));
#14036=DIRECTION('ref_axis',(0.,0.152649284218875,-0.988280423780348));
#14037=DIRECTION('center_axis',(-1.,0.,0.));
#14038=DIRECTION('ref_axis',(0.,0.,1.));
#14039=DIRECTION('center_axis',(1.,0.,0.));
#14040=DIRECTION('ref_axis',(0.,0.,-1.));
#14041=DIRECTION('center_axis',(-1.,0.,0.));
#14042=DIRECTION('ref_axis',(0.,0.,-1.));
#14043=DIRECTION('center_axis',(-1.,0.,0.));
#14044=DIRECTION('ref_axis',(0.,0.,-1.));
#14045=DIRECTION('center_axis',(1.,0.,0.));
#14046=DIRECTION('ref_axis',(0.,0.,-1.));
#14047=DIRECTION('center_axis',(-1.,0.,0.));
#14048=DIRECTION('ref_axis',(0.,-0.152649284218861,-0.988280423780351));
#14049=DIRECTION('center_axis',(-1.,0.,0.));
#14050=DIRECTION('ref_axis',(0.,-0.152649284218861,-0.988280423780351));
#14051=DIRECTION('center_axis',(1.,0.,0.));
#14052=DIRECTION('ref_axis',(0.,0.,-1.));
#14053=DIRECTION('center_axis',(-1.,0.,0.));
#14054=DIRECTION('ref_axis',(0.,-0.301720598595179,-0.953396392054935));
#14055=DIRECTION('center_axis',(-1.,0.,0.));
#14056=DIRECTION('ref_axis',(0.,-0.301720598595179,-0.953396392054935));
#14057=DIRECTION('center_axis',(1.,0.,0.));
#14058=DIRECTION('ref_axis',(0.,0.,-1.));
#14059=DIRECTION('center_axis',(-1.,0.,0.));
#14060=DIRECTION('ref_axis',(0.,-0.443719837866949,-0.896165556961061));
#14061=DIRECTION('center_axis',(-1.,0.,0.));
#14062=DIRECTION('ref_axis',(0.,-0.443719837866949,-0.896165556961061));
#14063=DIRECTION('center_axis',(1.,0.,0.));
#14064=DIRECTION('ref_axis',(0.,0.,-1.));
#14065=DIRECTION('center_axis',(-1.,0.,0.));
#14066=DIRECTION('ref_axis',(0.,-0.57531866021861,-0.817929360766725));
#14067=DIRECTION('center_axis',(-1.,0.,0.));
#14068=DIRECTION('ref_axis',(0.,-0.57531866021861,-0.817929360766725));
#14069=DIRECTION('center_axis',(1.,0.,0.));
#14070=DIRECTION('ref_axis',(0.,0.,-1.));
#14071=DIRECTION('center_axis',(-1.,0.,0.));
#14072=DIRECTION('ref_axis',(0.,-0.693432500792233,-0.720521593600796));
#14073=DIRECTION('center_axis',(-1.,0.,0.));
#14074=DIRECTION('ref_axis',(0.,-0.693432500792233,-0.720521593600796));
#14075=DIRECTION('center_axis',(1.,0.,0.));
#14076=DIRECTION('ref_axis',(0.,0.,-1.));
#14077=DIRECTION('center_axis',(-1.,0.,0.));
#14078=DIRECTION('ref_axis',(0.,-0.795292871273419,-0.606225410966648));
#14079=DIRECTION('center_axis',(-1.,0.,0.));
#14080=DIRECTION('ref_axis',(0.,-0.795292871273419,-0.606225410966648));
#14081=DIRECTION('center_axis',(1.,0.,0.));
#14082=DIRECTION('ref_axis',(0.,0.,-1.));
#14083=DIRECTION('center_axis',(-1.,0.,0.));
#14084=DIRECTION('ref_axis',(0.,-0.878512250910937,-0.477719818512273));
#14085=DIRECTION('center_axis',(-1.,0.,0.));
#14086=DIRECTION('ref_axis',(0.,-0.878512250910937,-0.477719818512273));
#14087=DIRECTION('center_axis',(1.,0.,0.));
#14088=DIRECTION('ref_axis',(0.,0.,-1.));
#14089=DIRECTION('center_axis',(-1.,0.,0.));
#14090=DIRECTION('ref_axis',(0.,-0.941140047979558,-0.338016878408513));
#14091=DIRECTION('center_axis',(-1.,0.,0.));
#14092=DIRECTION('ref_axis',(0.,-0.941140047979558,-0.338016878408514));
#14093=DIRECTION('center_axis',(1.,0.,0.));
#14094=DIRECTION('ref_axis',(0.,0.,-1.));
#14095=DIRECTION('center_axis',(-1.,0.,0.));
#14096=DIRECTION('ref_axis',(0.,-0.981708319996853,-0.190391109164679));
#14097=DIRECTION('center_axis',(-1.,0.,0.));
#14098=DIRECTION('ref_axis',(0.,-0.981708319996853,-0.190391109164679));
#14099=DIRECTION('center_axis',(1.,0.,0.));
#14100=DIRECTION('ref_axis',(0.,0.,-1.));
#14101=DIRECTION('center_axis',(-1.,0.,0.));
#14102=DIRECTION('ref_axis',(0.,-0.99926618105081,-0.0383027336900459));
#14103=DIRECTION('center_axis',(-1.,0.,0.));
#14104=DIRECTION('ref_axis',(0.,-0.99926618105081,-0.0383027336900458));
#14105=DIRECTION('center_axis',(1.,0.,0.));
#14106=DIRECTION('ref_axis',(0.,0.,-1.));
#14107=DIRECTION('center_axis',(-1.,0.,0.));
#14108=DIRECTION('ref_axis',(0.,-0.993402089759676,0.11468342539839));
#14109=DIRECTION('center_axis',(-1.,0.,0.));
#14110=DIRECTION('ref_axis',(0.,-0.993402089759676,0.11468342539839));
#14111=DIRECTION('center_axis',(1.,0.,0.));
#14112=DIRECTION('ref_axis',(0.,0.,-1.));
#14113=DIRECTION('center_axis',(-1.,0.,0.));
#14114=DIRECTION('ref_axis',(0.,-0.964253495453144,0.264981502196652));
#14115=DIRECTION('center_axis',(-1.,0.,0.));
#14116=DIRECTION('ref_axis',(0.,-0.964253495453144,0.264981502196652));
#14117=DIRECTION('center_axis',(1.,0.,0.));
#14118=DIRECTION('ref_axis',(0.,0.,-1.));
#14119=DIRECTION('center_axis',(-1.,0.,0.));
#14120=DIRECTION('ref_axis',(0.,-0.912503616476554,0.409068637171332));
#14121=DIRECTION('center_axis',(-1.,0.,0.));
#14122=DIRECTION('ref_axis',(0.,-0.912503616476554,0.409068637171331));
#14123=DIRECTION('center_axis',(1.,0.,0.));
#14124=DIRECTION('ref_axis',(0.,0.,-1.));
#14125=DIRECTION('center_axis',(-1.,0.,0.));
#14126=DIRECTION('ref_axis',(0.,-0.839365426131955,0.543567550001214));
#14127=DIRECTION('center_axis',(-1.,0.,0.));
#14128=DIRECTION('ref_axis',(0.,-0.839365426131955,0.543567550001214));
#14129=DIRECTION('center_axis',(1.,0.,0.));
#14130=DIRECTION('ref_axis',(0.,0.,-1.));
#14131=DIRECTION('center_axis',(-1.,0.,0.));
#14132=DIRECTION('ref_axis',(0.,-0.746553221611969,0.665325700165559));
#14133=DIRECTION('center_axis',(-1.,0.,0.));
#14134=DIRECTION('ref_axis',(0.,-0.746553221611968,0.665325700165559));
#14135=DIRECTION('center_axis',(1.,0.,0.));
#14136=DIRECTION('ref_axis',(0.,0.,-1.));
#14137=DIRECTION('center_axis',(-1.,0.,0.));
#14138=DIRECTION('ref_axis',(0.,-0.636242442326567,0.771489179821937));
#14139=DIRECTION('center_axis',(-1.,0.,0.));
#14140=DIRECTION('ref_axis',(0.,-0.636242442326567,0.771489179821937));
#14141=DIRECTION('center_axis',(1.,0.,0.));
#14142=DIRECTION('ref_axis',(0.,0.,-1.));
#14143=DIRECTION('center_axis',(-1.,0.,0.));
#14144=DIRECTION('ref_axis',(0.,-0.511018679447117,0.859569606987197));
#14145=DIRECTION('center_axis',(-1.,0.,0.));
#14146=DIRECTION('ref_axis',(0.,-0.511018679447117,0.859569606987197));
#14147=DIRECTION('center_axis',(1.,0.,0.));
#14148=DIRECTION('ref_axis',(0.,0.,-1.));
#14149=DIRECTION('center_axis',(-1.,0.,0.));
#14150=DIRECTION('ref_axis',(0.,-0.373817071840776,0.927502451102092));
#14151=DIRECTION('center_axis',(-1.,0.,0.));
#14152=DIRECTION('ref_axis',(0.,-0.373817071840776,0.927502451102092));
#14153=DIRECTION('center_axis',(1.,0.,0.));
#14154=DIRECTION('ref_axis',(0.,0.,-1.));
#14155=DIRECTION('center_axis',(-1.,0.,0.));
#14156=DIRECTION('ref_axis',(0.,-0.227853508903145,0.973695423877777));
#14157=DIRECTION('center_axis',(-1.,0.,0.));
#14158=DIRECTION('ref_axis',(0.,-0.227853508903145,0.973695423877777));
#14159=DIRECTION('center_axis',(1.,0.,0.));
#14160=DIRECTION('ref_axis',(0.,0.,-1.));
#14161=DIRECTION('center_axis',(-1.,0.,0.));
#14162=DIRECTION('ref_axis',(0.,-0.0765492528365028,0.99706580118374));
#14163=DIRECTION('center_axis',(-1.,0.,0.));
#14164=DIRECTION('ref_axis',(0.,-0.0765492528365028,0.99706580118374));
#14165=DIRECTION('center_axis',(1.,0.,0.));
#14166=DIRECTION('ref_axis',(0.,0.,-1.));
#14167=DIRECTION('center_axis',(-1.,0.,0.));
#14168=DIRECTION('ref_axis',(0.,0.0765492528364889,0.997065801183741));
#14169=DIRECTION('center_axis',(-1.,0.,0.));
#14170=DIRECTION('ref_axis',(0.,0.0765492528364888,0.997065801183741));
#14171=DIRECTION('center_axis',(1.,0.,0.));
#14172=DIRECTION('ref_axis',(0.,0.,-1.));
#14173=DIRECTION('center_axis',(-1.,0.,0.));
#14174=DIRECTION('ref_axis',(0.,0.227853508903131,0.973695423877781));
#14175=DIRECTION('center_axis',(-1.,0.,0.));
#14176=DIRECTION('ref_axis',(0.,0.227853508903131,0.973695423877781));
#14177=DIRECTION('center_axis',(-1.,0.,0.));
#14178=DIRECTION('ref_axis',(0.,0.373817071840764,0.927502451102097));
#14179=DIRECTION('center_axis',(-1.,0.,0.));
#14180=DIRECTION('ref_axis',(0.,0.373817071840763,0.927502451102097));
#14181=DIRECTION('center_axis',(1.,0.,0.));
#14182=DIRECTION('ref_axis',(0.,0.,-1.));
#14183=DIRECTION('center_axis',(-1.,0.,0.));
#14184=DIRECTION('ref_axis',(0.,0.511018679447106,0.859569606987204));
#14185=DIRECTION('center_axis',(-1.,0.,0.));
#14186=DIRECTION('ref_axis',(0.,0.511018679447106,0.859569606987204));
#14187=DIRECTION('center_axis',(1.,0.,0.));
#14188=DIRECTION('ref_axis',(0.,0.,-1.));
#14189=DIRECTION('center_axis',(-1.,0.,0.));
#14190=DIRECTION('ref_axis',(0.,0.636242442326556,0.771489179821946));
#14191=DIRECTION('center_axis',(-1.,0.,0.));
#14192=DIRECTION('ref_axis',(0.,0.636242442326556,0.771489179821946));
#14193=DIRECTION('center_axis',(1.,0.,0.));
#14194=DIRECTION('ref_axis',(0.,0.,-1.));
#14195=DIRECTION('center_axis',(-1.,0.,0.));
#14196=DIRECTION('ref_axis',(0.,0.746553221611959,0.665325700165569));
#14197=DIRECTION('center_axis',(-1.,0.,0.));
#14198=DIRECTION('ref_axis',(0.,0.746553221611959,0.665325700165569));
#14199=DIRECTION('center_axis',(1.,0.,0.));
#14200=DIRECTION('ref_axis',(0.,0.,-1.));
#14201=DIRECTION('center_axis',(-1.,0.,0.));
#14202=DIRECTION('ref_axis',(0.,0.839365426131947,0.543567550001225));
#14203=DIRECTION('center_axis',(-1.,0.,0.));
#14204=DIRECTION('ref_axis',(0.,0.839365426131947,0.543567550001225));
#14205=DIRECTION('center_axis',(1.,0.,0.));
#14206=DIRECTION('ref_axis',(0.,0.,-1.));
#14207=DIRECTION('center_axis',(-1.,0.,0.));
#14208=DIRECTION('ref_axis',(0.,0.912503616476548,0.409068637171344));
#14209=DIRECTION('center_axis',(-1.,0.,0.));
#14210=DIRECTION('ref_axis',(0.,0.912503616476548,0.409068637171344));
#14211=DIRECTION('center_axis',(1.,0.,0.));
#14212=DIRECTION('ref_axis',(0.,0.,-1.));
#14213=DIRECTION('center_axis',(-1.,0.,0.));
#14214=DIRECTION('ref_axis',(0.,0.96425349545314,0.264981502196665));
#14215=DIRECTION('center_axis',(-1.,0.,0.));
#14216=DIRECTION('ref_axis',(0.,0.96425349545314,0.264981502196666));
#14217=DIRECTION('center_axis',(1.,0.,0.));
#14218=DIRECTION('ref_axis',(0.,0.,-1.));
#14219=DIRECTION('center_axis',(-1.,0.,0.));
#14220=DIRECTION('ref_axis',(0.,0.993402089759675,0.114683425398404));
#14221=DIRECTION('center_axis',(-1.,0.,0.));
#14222=DIRECTION('ref_axis',(0.,0.993402089759675,0.114683425398404));
#14223=DIRECTION('center_axis',(1.,0.,0.));
#14224=DIRECTION('ref_axis',(0.,0.,-1.));
#14225=DIRECTION('center_axis',(-1.,0.,0.));
#14226=DIRECTION('ref_axis',(0.,0.99926618105081,-0.038302733690032));
#14227=DIRECTION('center_axis',(-1.,0.,0.));
#14228=DIRECTION('ref_axis',(0.,0.,1.));
#14229=DIRECTION('',(-1.,0.,0.));
#14230=DIRECTION('',(1.,0.,0.));
#14231=DIRECTION('center_axis',(-1.,0.,0.));
#14232=DIRECTION('ref_axis',(0.,0.,1.));
#14233=DIRECTION('',(-1.,0.,0.));
#14234=DIRECTION('center_axis',(-1.,0.,0.));
#14235=DIRECTION('ref_axis',(0.,0.,1.));
#14236=DIRECTION('',(-1.,0.,0.));
#14237=DIRECTION('center_axis',(-1.,0.,0.));
#14238=DIRECTION('ref_axis',(0.,0.,1.));
#14239=DIRECTION('center_axis',(-1.,0.,0.));
#14240=DIRECTION('ref_axis',(0.,0.,1.));
#14241=DIRECTION('',(-1.,0.,0.));
#14242=DIRECTION('center_axis',(-1.,0.,0.));
#14243=DIRECTION('ref_axis',(0.,0.,1.));
#14244=DIRECTION('',(-1.,0.,0.));
#14245=DIRECTION('center_axis',(-1.,0.,0.));
#14246=DIRECTION('ref_axis',(0.,0.,1.));
#14247=DIRECTION('center_axis',(-1.,0.,0.));
#14248=DIRECTION('ref_axis',(0.,0.,1.));
#14249=DIRECTION('',(-1.,0.,0.));
#14250=DIRECTION('center_axis',(-1.,0.,0.));
#14251=DIRECTION('ref_axis',(0.,0.,1.));
#14252=DIRECTION('',(-1.,0.,0.));
#14253=DIRECTION('center_axis',(-1.,0.,0.));
#14254=DIRECTION('ref_axis',(0.,0.,1.));
#14255=DIRECTION('center_axis',(-1.,0.,0.));
#14256=DIRECTION('ref_axis',(0.,0.,1.));
#14257=DIRECTION('',(-1.,0.,0.));
#14258=DIRECTION('center_axis',(-1.,0.,0.));
#14259=DIRECTION('ref_axis',(0.,0.,1.));
#14260=DIRECTION('',(-1.,0.,0.));
#14261=DIRECTION('center_axis',(-1.,0.,0.));
#14262=DIRECTION('ref_axis',(0.,0.,1.));
#14263=DIRECTION('center_axis',(-1.,0.,0.));
#14264=DIRECTION('ref_axis',(0.,0.,1.));
#14265=DIRECTION('',(-1.,0.,0.));
#14266=DIRECTION('center_axis',(-1.,0.,0.));
#14267=DIRECTION('ref_axis',(0.,0.,1.));
#14268=DIRECTION('',(-1.,0.,0.));
#14269=DIRECTION('center_axis',(-1.,0.,0.));
#14270=DIRECTION('ref_axis',(0.,0.,1.));
#14271=DIRECTION('center_axis',(-1.,0.,0.));
#14272=DIRECTION('ref_axis',(0.,0.,1.));
#14273=DIRECTION('',(-1.,0.,0.));
#14274=DIRECTION('center_axis',(-1.,0.,0.));
#14275=DIRECTION('ref_axis',(0.,0.,1.));
#14276=DIRECTION('',(-1.,0.,0.));
#14277=DIRECTION('center_axis',(-1.,0.,0.));
#14278=DIRECTION('ref_axis',(0.,0.,1.));
#14279=DIRECTION('center_axis',(-1.,0.,0.));
#14280=DIRECTION('ref_axis',(0.,0.,1.));
#14281=DIRECTION('',(-1.,0.,0.));
#14282=DIRECTION('center_axis',(-1.,0.,0.));
#14283=DIRECTION('ref_axis',(0.,0.,1.));
#14284=DIRECTION('',(-1.,0.,0.));
#14285=DIRECTION('center_axis',(-1.,0.,0.));
#14286=DIRECTION('ref_axis',(0.,0.,1.));
#14287=DIRECTION('center_axis',(-1.,0.,0.));
#14288=DIRECTION('ref_axis',(0.,0.,1.));
#14289=DIRECTION('',(-1.,0.,0.));
#14290=DIRECTION('center_axis',(-1.,0.,0.));
#14291=DIRECTION('ref_axis',(0.,0.,1.));
#14292=DIRECTION('',(-1.,0.,0.));
#14293=DIRECTION('center_axis',(-1.,0.,0.));
#14294=DIRECTION('ref_axis',(0.,0.,1.));
#14295=DIRECTION('center_axis',(-1.,0.,0.));
#14296=DIRECTION('ref_axis',(0.,0.,1.));
#14297=DIRECTION('',(-1.,0.,0.));
#14298=DIRECTION('center_axis',(-1.,0.,0.));
#14299=DIRECTION('ref_axis',(0.,0.0754669091741,-0.997148306732608));
#14300=DIRECTION('',(-1.,0.,0.));
#14301=DIRECTION('center_axis',(-1.,0.,0.));
#14302=DIRECTION('ref_axis',(0.,0.,1.));
#14303=DIRECTION('center_axis',(-1.,0.,0.));
#14304=DIRECTION('ref_axis',(0.,0.,1.));
#14305=DIRECTION('',(-1.,0.,0.));
#14306=DIRECTION('center_axis',(-1.,0.,0.));
#14307=DIRECTION('ref_axis',(0.,-0.077631506302824,-0.996982120817196));
#14308=DIRECTION('',(-1.,0.,0.));
#14309=DIRECTION('center_axis',(-1.,0.,0.));
#14310=DIRECTION('ref_axis',(0.,0.,1.));
#14311=DIRECTION('center_axis',(-1.,0.,0.));
#14312=DIRECTION('ref_axis',(0.,0.,1.));
#14313=DIRECTION('',(-1.,0.,0.));
#14314=DIRECTION('center_axis',(-1.,0.,0.));
#14315=DIRECTION('ref_axis',(0.,0.,1.));
#14316=DIRECTION('',(-1.,0.,0.));
#14317=DIRECTION('center_axis',(-1.,0.,0.));
#14318=DIRECTION('ref_axis',(0.,0.,1.));
#14319=DIRECTION('center_axis',(-1.,0.,0.));
#14320=DIRECTION('ref_axis',(0.,0.,1.));
#14321=DIRECTION('',(-1.,0.,0.));
#14322=DIRECTION('center_axis',(-1.,0.,0.));
#14323=DIRECTION('ref_axis',(0.,0.,1.));
#14324=DIRECTION('',(-1.,0.,0.));
#14325=DIRECTION('center_axis',(-1.,0.,0.));
#14326=DIRECTION('ref_axis',(0.,0.,1.));
#14327=DIRECTION('center_axis',(-1.,0.,0.));
#14328=DIRECTION('ref_axis',(0.,0.,1.));
#14329=DIRECTION('',(-1.,0.,0.));
#14330=DIRECTION('center_axis',(-1.,0.,0.));
#14331=DIRECTION('ref_axis',(0.,0.,1.));
#14332=DIRECTION('',(-1.,0.,0.));
#14333=DIRECTION('center_axis',(-1.,0.,0.));
#14334=DIRECTION('ref_axis',(0.,0.,1.));
#14335=DIRECTION('center_axis',(-1.,0.,0.));
#14336=DIRECTION('ref_axis',(0.,0.,1.));
#14337=DIRECTION('',(-1.,0.,0.));
#14338=DIRECTION('center_axis',(-1.,0.,0.));
#14339=DIRECTION('ref_axis',(0.,0.,1.));
#14340=DIRECTION('',(-1.,0.,0.));
#14341=DIRECTION('center_axis',(-1.,0.,0.));
#14342=DIRECTION('ref_axis',(0.,0.,1.));
#14343=DIRECTION('center_axis',(-1.,0.,0.));
#14344=DIRECTION('ref_axis',(0.,0.00108548358904488,-0.999999410862515));
#14345=DIRECTION('',(-1.,0.,0.));
#14346=DIRECTION('center_axis',(-1.,0.,0.));
#14347=DIRECTION('ref_axis',(0.,0.,1.));
#14348=DIRECTION('',(-1.,0.,0.));
#14349=DIRECTION('center_axis',(-1.,0.,0.));
#14350=DIRECTION('ref_axis',(0.,0.,1.));
#14351=DIRECTION('center_axis',(-1.,0.,0.));
#14352=DIRECTION('ref_axis',(0.,0.,1.));
#14353=DIRECTION('',(-1.,0.,0.));
#14354=DIRECTION('center_axis',(-1.,0.,0.));
#14355=DIRECTION('ref_axis',(0.,0.,1.));
#14356=DIRECTION('',(-1.,0.,0.));
#14357=DIRECTION('center_axis',(-1.,0.,0.));
#14358=DIRECTION('ref_axis',(0.,0.,1.));
#14359=DIRECTION('center_axis',(-1.,0.,0.));
#14360=DIRECTION('ref_axis',(0.,0.,1.));
#14361=DIRECTION('',(-1.,0.,0.));
#14362=DIRECTION('center_axis',(-1.,0.,0.));
#14363=DIRECTION('ref_axis',(0.,0.,1.));
#14364=DIRECTION('',(-1.,0.,0.));
#14365=DIRECTION('center_axis',(-1.,0.,0.));
#14366=DIRECTION('ref_axis',(0.,0.,1.));
#14367=DIRECTION('center_axis',(-1.,0.,0.));
#14368=DIRECTION('ref_axis',(0.,0.,1.));
#14369=DIRECTION('',(-1.,0.,0.));
#14370=DIRECTION('center_axis',(-1.,0.,0.));
#14371=DIRECTION('ref_axis',(0.,0.,1.));
#14372=DIRECTION('',(-1.,0.,0.));
#14373=DIRECTION('center_axis',(-1.,0.,0.));
#14374=DIRECTION('ref_axis',(0.,0.,1.));
#14375=DIRECTION('center_axis',(-1.,0.,0.));
#14376=DIRECTION('ref_axis',(0.,0.,1.));
#14377=DIRECTION('',(-1.,0.,0.));
#14378=DIRECTION('center_axis',(-1.,0.,0.));
#14379=DIRECTION('ref_axis',(0.,0.,1.));
#14380=DIRECTION('',(-1.,0.,0.));
#14381=DIRECTION('center_axis',(-1.,0.,0.));
#14382=DIRECTION('ref_axis',(0.,0.,1.));
#14383=DIRECTION('center_axis',(-1.,0.,0.));
#14384=DIRECTION('ref_axis',(0.,0.,1.));
#14385=DIRECTION('',(-1.,0.,0.));
#14386=DIRECTION('center_axis',(-1.,0.,0.));
#14387=DIRECTION('ref_axis',(0.,0.,1.));
#14388=DIRECTION('',(-1.,0.,0.));
#14389=DIRECTION('center_axis',(-1.,0.,0.));
#14390=DIRECTION('ref_axis',(0.,0.,1.));
#14391=DIRECTION('center_axis',(-1.,0.,0.));
#14392=DIRECTION('ref_axis',(0.,0.,1.));
#14393=DIRECTION('',(-1.,0.,0.));
#14394=DIRECTION('center_axis',(-1.,0.,0.));
#14395=DIRECTION('ref_axis',(0.,0.,1.));
#14396=DIRECTION('',(-1.,0.,0.));
#14397=DIRECTION('center_axis',(-1.,0.,0.));
#14398=DIRECTION('ref_axis',(0.,0.,1.));
#14399=DIRECTION('center_axis',(-1.,0.,0.));
#14400=DIRECTION('ref_axis',(0.,0.,1.));
#14401=DIRECTION('',(-1.,0.,0.));
#14402=DIRECTION('center_axis',(-1.,0.,0.));
#14403=DIRECTION('ref_axis',(0.,0.,1.));
#14404=DIRECTION('',(-1.,0.,0.));
#14405=DIRECTION('center_axis',(-1.,0.,0.));
#14406=DIRECTION('ref_axis',(0.,0.,1.));
#14407=DIRECTION('center_axis',(-1.,0.,0.));
#14408=DIRECTION('ref_axis',(0.,0.,1.));
#14409=DIRECTION('',(-1.,0.,0.));
#14410=DIRECTION('center_axis',(-1.,0.,0.));
#14411=DIRECTION('ref_axis',(0.,0.,1.));
#14412=DIRECTION('',(-1.,0.,0.));
#14413=DIRECTION('center_axis',(-1.,0.,0.));
#14414=DIRECTION('ref_axis',(0.,0.,1.));
#14415=DIRECTION('center_axis',(-1.,0.,0.));
#14416=DIRECTION('ref_axis',(0.,0.,1.));
#14417=DIRECTION('',(-1.,0.,0.));
#14418=DIRECTION('center_axis',(-1.,0.,0.));
#14419=DIRECTION('ref_axis',(0.,0.,1.));
#14420=DIRECTION('',(-1.,0.,0.));
#14421=DIRECTION('center_axis',(-1.,0.,0.));
#14422=DIRECTION('ref_axis',(0.,0.,1.));
#14423=DIRECTION('center_axis',(-1.,0.,0.));
#14424=DIRECTION('ref_axis',(0.,0.,1.));
#14425=DIRECTION('',(-1.,0.,0.));
#14426=DIRECTION('center_axis',(-1.,0.,0.));
#14427=DIRECTION('ref_axis',(0.,0.,1.));
#14428=DIRECTION('',(-1.,0.,0.));
#14429=DIRECTION('center_axis',(-1.,0.,0.));
#14430=DIRECTION('ref_axis',(0.,0.,1.));
#14431=DIRECTION('center_axis',(-1.,0.,0.));
#14432=DIRECTION('ref_axis',(0.,0.,1.));
#14433=DIRECTION('',(-1.,0.,0.));
#14434=DIRECTION('center_axis',(-1.,0.,0.));
#14435=DIRECTION('ref_axis',(0.,0.,1.));
#14436=DIRECTION('',(-1.,0.,0.));
#14437=DIRECTION('center_axis',(-1.,0.,0.));
#14438=DIRECTION('ref_axis',(0.,0.,1.));
#14439=DIRECTION('center_axis',(-1.,0.,0.));
#14440=DIRECTION('ref_axis',(0.,0.,1.));
#14441=DIRECTION('',(-1.,0.,0.));
#14442=DIRECTION('center_axis',(-1.,0.,0.));
#14443=DIRECTION('ref_axis',(0.,0.,1.));
#14444=DIRECTION('',(-1.,0.,0.));
#14445=DIRECTION('center_axis',(-1.,0.,0.));
#14446=DIRECTION('ref_axis',(0.,0.,1.));
#14447=DIRECTION('center_axis',(-1.,0.,0.));
#14448=DIRECTION('ref_axis',(0.,0.,1.));
#14449=DIRECTION('',(-1.,0.,0.));
#14450=DIRECTION('center_axis',(-1.,0.,0.));
#14451=DIRECTION('ref_axis',(0.,0.,1.));
#14452=DIRECTION('',(-1.,0.,0.));
#14453=DIRECTION('center_axis',(-1.,0.,0.));
#14454=DIRECTION('ref_axis',(0.,0.,1.));
#14455=DIRECTION('center_axis',(-1.,0.,0.));
#14456=DIRECTION('ref_axis',(0.,0.,1.));
#14457=DIRECTION('',(-1.,0.,0.));
#14458=DIRECTION('center_axis',(-1.,0.,0.));
#14459=DIRECTION('ref_axis',(0.,0.,1.));
#14460=DIRECTION('',(-1.,0.,0.));
#14461=DIRECTION('center_axis',(-1.,0.,0.));
#14462=DIRECTION('ref_axis',(0.,0.,1.));
#14463=DIRECTION('center_axis',(-1.,0.,0.));
#14464=DIRECTION('ref_axis',(0.,0.,1.));
#14465=DIRECTION('',(-1.,0.,0.));
#14466=DIRECTION('center_axis',(-1.,0.,0.));
#14467=DIRECTION('ref_axis',(0.,0.,1.));
#14468=DIRECTION('center_axis',(-1.,0.,0.));
#14469=DIRECTION('ref_axis',(0.,0.,1.));
#14470=DIRECTION('',(-1.,0.,0.));
#14471=DIRECTION('center_axis',(-1.,0.,0.));
#14472=DIRECTION('ref_axis',(0.,0.,1.));
#14473=DIRECTION('',(-1.,0.,0.));
#14474=DIRECTION('center_axis',(-1.,0.,0.));
#14475=DIRECTION('ref_axis',(0.,0.,1.));
#14476=DIRECTION('center_axis',(-1.,0.,0.));
#14477=DIRECTION('ref_axis',(0.,0.,1.));
#14478=DIRECTION('',(-1.,0.,0.));
#14479=DIRECTION('center_axis',(-1.,0.,0.));
#14480=DIRECTION('ref_axis',(0.,0.,1.));
#14481=DIRECTION('',(-1.,0.,0.));
#14482=DIRECTION('center_axis',(-1.,0.,0.));
#14483=DIRECTION('ref_axis',(0.,0.,1.));
#14484=DIRECTION('center_axis',(-1.,0.,0.));
#14485=DIRECTION('ref_axis',(0.,0.,1.));
#14486=DIRECTION('',(-1.,0.,0.));
#14487=DIRECTION('center_axis',(-1.,0.,0.));
#14488=DIRECTION('ref_axis',(0.,0.,1.));
#14489=DIRECTION('',(-1.,0.,0.));
#14490=DIRECTION('center_axis',(-1.,0.,0.));
#14491=DIRECTION('ref_axis',(0.,0.,1.));
#14492=DIRECTION('center_axis',(-1.,0.,0.));
#14493=DIRECTION('ref_axis',(0.,0.,1.));
#14494=DIRECTION('',(-1.,0.,0.));
#14495=DIRECTION('center_axis',(-1.,0.,0.));
#14496=DIRECTION('ref_axis',(0.,0.,1.));
#14497=DIRECTION('',(-1.,0.,0.));
#14498=DIRECTION('center_axis',(-1.,0.,0.));
#14499=DIRECTION('ref_axis',(0.,0.,1.));
#14500=DIRECTION('center_axis',(-1.,0.,0.));
#14501=DIRECTION('ref_axis',(0.,0.,1.));
#14502=DIRECTION('',(-1.,0.,0.));
#14503=DIRECTION('center_axis',(-1.,0.,0.));
#14504=DIRECTION('ref_axis',(0.,0.,1.));
#14505=DIRECTION('center_axis',(-1.,0.,0.));
#14506=DIRECTION('ref_axis',(0.,0.,1.));
#14507=DIRECTION('',(-1.,0.,0.));
#14508=DIRECTION('center_axis',(-1.,0.,0.));
#14509=DIRECTION('ref_axis',(0.,0.,1.));
#14510=DIRECTION('center_axis',(-1.,0.,0.));
#14511=DIRECTION('ref_axis',(0.,0.,1.));
#14512=DIRECTION('',(-1.,0.,0.));
#14513=DIRECTION('center_axis',(-1.,0.,0.));
#14514=DIRECTION('ref_axis',(0.,0.,1.));
#14515=DIRECTION('',(-1.,0.,0.));
#14516=DIRECTION('center_axis',(-1.,0.,0.));
#14517=DIRECTION('ref_axis',(0.,0.,1.));
#14518=DIRECTION('center_axis',(-1.,0.,0.));
#14519=DIRECTION('ref_axis',(0.,0.,1.));
#14520=DIRECTION('',(-1.,0.,0.));
#14521=DIRECTION('center_axis',(-1.,0.,0.));
#14522=DIRECTION('ref_axis',(0.,0.,1.));
#14523=DIRECTION('',(-1.,0.,0.));
#14524=DIRECTION('center_axis',(-1.,0.,0.));
#14525=DIRECTION('ref_axis',(0.,0.,1.));
#14526=DIRECTION('center_axis',(-1.,0.,0.));
#14527=DIRECTION('ref_axis',(0.,0.,1.));
#14528=DIRECTION('',(-1.,0.,0.));
#14529=DIRECTION('center_axis',(-1.,0.,0.));
#14530=DIRECTION('ref_axis',(0.,0.,1.));
#14531=DIRECTION('',(-1.,0.,0.));
#14532=DIRECTION('center_axis',(-1.,0.,0.));
#14533=DIRECTION('ref_axis',(0.,0.,1.));
#14534=DIRECTION('center_axis',(-1.,0.,0.));
#14535=DIRECTION('ref_axis',(0.,0.,1.));
#14536=DIRECTION('',(-1.,0.,0.));
#14537=DIRECTION('center_axis',(-1.,0.,0.));
#14538=DIRECTION('ref_axis',(0.,0.,1.));
#14539=DIRECTION('',(-1.,0.,0.));
#14540=DIRECTION('center_axis',(-1.,0.,0.));
#14541=DIRECTION('ref_axis',(0.,0.,1.));
#14542=DIRECTION('center_axis',(-1.,0.,0.));
#14543=DIRECTION('ref_axis',(0.,0.,1.));
#14544=DIRECTION('',(-1.,0.,0.));
#14545=DIRECTION('center_axis',(-1.,0.,0.));
#14546=DIRECTION('ref_axis',(0.,0.,1.));
#14547=DIRECTION('',(-1.,0.,0.));
#14548=DIRECTION('center_axis',(-1.,0.,0.));
#14549=DIRECTION('ref_axis',(0.,0.,1.));
#14550=DIRECTION('',(0.,0.,1.));
#14551=DIRECTION('',(1.,0.,0.));
#14552=DIRECTION('',(0.,0.,1.));
#14553=DIRECTION('',(1.,0.,0.));
#14554=DIRECTION('',(0.713849401907808,0.,0.700299244177705));
#14555=DIRECTION('',(0.,-1.,0.));
#14556=DIRECTION('',(0.,0.,1.));
#14557=DIRECTION('',(1.,0.,0.));
#14558=DIRECTION('',(0.,0.,1.));
#14559=DIRECTION('',(1.,0.,0.));
#14560=DIRECTION('',(0.713849401907808,0.,0.700299244177705));
#14561=DIRECTION('',(0.,-1.,0.));
#14562=DIRECTION('axis',(0.,0.,1.));
#14563=DIRECTION('refdir',(1.,0.,0.));
#14564=DIRECTION('center_axis',(0.,1.,0.));
#14565=DIRECTION('ref_axis',(0.,0.,1.));
#14566=DIRECTION('center_axis',(0.,1.,0.));
#14567=DIRECTION('ref_axis',(0.,0.,1.));
#14568=DIRECTION('center_axis',(0.,1.,0.));
#14569=DIRECTION('ref_axis',(0.,0.,1.));
#14570=DIRECTION('',(8.65956056235487E-17,-0.707106781186553,0.707106781186542));
#14571=DIRECTION('center_axis',(0.,-1.,0.));
#14572=DIRECTION('ref_axis',(0.,0.,1.));
#14573=DIRECTION('center_axis',(0.,1.,0.));
#14574=DIRECTION('ref_axis',(0.,0.,1.));
#14575=DIRECTION('center_axis',(0.,1.,0.));
#14576=DIRECTION('ref_axis',(0.,0.,-1.));
#14577=DIRECTION('center_axis',(0.,1.,0.));
#14578=DIRECTION('ref_axis',(0.,0.,-1.));
#14579=DIRECTION('',(8.65956056235491E-17,-0.707106781186549,0.707106781186546));
#14580=DIRECTION('center_axis',(0.,-1.,0.));
#14581=DIRECTION('ref_axis',(0.,0.,-1.));
#14582=DIRECTION('center_axis',(0.,-1.,0.));
#14583=DIRECTION('ref_axis',(0.,0.,-1.));
#14584=DIRECTION('center_axis',(0.,-1.,0.));
#14585=DIRECTION('ref_axis',(0.,0.,1.));
#14586=DIRECTION('',(8.65956056235488E-17,0.707106781186552,-0.707106781186543));
#14587=DIRECTION('center_axis',(0.,1.,0.));
#14588=DIRECTION('ref_axis',(0.,0.,1.));
#14589=DIRECTION('center_axis',(0.,-1.,0.));
#14590=DIRECTION('ref_axis',(0.,0.,-1.));
#14591=DIRECTION('center_axis',(0.,-1.,0.));
#14592=DIRECTION('ref_axis',(0.,0.,1.));
#14593=DIRECTION('center_axis',(0.,-1.,0.));
#14594=DIRECTION('ref_axis',(0.,0.,1.));
#14595=DIRECTION('',(8.65956056235489E-17,0.707106781186551,-0.707106781186544));
#14596=DIRECTION('center_axis',(0.,1.,0.));
#14597=DIRECTION('ref_axis',(0.,0.,1.));
#14598=DIRECTION('center_axis',(0.,-1.,0.));
#14599=DIRECTION('ref_axis',(0.,0.,-1.));
#14600=DIRECTION('',(0.,1.,0.));
#14601=DIRECTION('center_axis',(0.,-1.,0.));
#14602=DIRECTION('ref_axis',(0.,0.,-1.));
#14603=DIRECTION('center_axis',(0.,1.,0.));
#14604=DIRECTION('ref_axis',(0.,0.,1.));
#14605=DIRECTION('',(0.,-1.,0.));
#14606=DIRECTION('center_axis',(0.,1.,0.));
#14607=DIRECTION('ref_axis',(0.,0.,1.));
#14608=DIRECTION('center_axis',(0.,-1.,0.));
#14609=DIRECTION('ref_axis',(0.,0.,-1.));
#14610=DIRECTION('',(0.,1.,0.));
#14611=DIRECTION('center_axis',(0.,1.,0.));
#14612=DIRECTION('ref_axis',(0.,0.,1.));
#14613=DIRECTION('center_axis',(0.,1.,0.));
#14614=DIRECTION('ref_axis',(0.,0.,1.));
#14615=DIRECTION('center_axis',(0.,-1.,0.));
#14616=DIRECTION('ref_axis',(0.,0.,-1.));
#14617=DIRECTION('center_axis',(0.,1.,0.));
#14618=DIRECTION('ref_axis',(0.,0.,1.));
#14619=DIRECTION('',(0.,0.,1.));
#14620=DIRECTION('',(1.,0.,0.));
#14621=DIRECTION('',(0.,0.,1.));
#14622=DIRECTION('',(1.,0.,0.));
#14623=DIRECTION('',(0.00539929611228681,0.,0.999985423694512));
#14624=DIRECTION('',(0.999985423694512,0.,-0.00539929611228681));
#14625=DIRECTION('',(0.00539929611228681,0.,0.999985423694512));
#14626=DIRECTION('',(0.999985423694512,0.,-0.00539929611228681));
#14627=DIRECTION('',(-0.297269628176744,0.,0.954793573587328));
#14628=DIRECTION('',(0.,1.,0.));
#14629=DIRECTION('',(-0.22920979372976,0.,0.973377044345284));
#14630=DIRECTION('',(0.,-1.,0.));
#14631=DIRECTION('',(-0.22920979372976,0.,0.973377044345284));
#14632=DIRECTION('',(0.,-1.,0.));
#14633=DIRECTION('',(-0.832077560099096,0.,0.554659295405328));
#14634=DIRECTION('',(0.,-1.,0.));
#14635=DIRECTION('',(0.,0.,1.));
#14636=DIRECTION('',(1.,0.,0.));
#14637=DIRECTION('',(0.,0.,1.));
#14638=DIRECTION('',(1.,0.,0.));
#14639=DIRECTION('center_axis',(0.,0.,1.));
#14640=DIRECTION('ref_axis',(1.,0.,0.));
#14641=CARTESIAN_POINT('',(0.,0.,0.));
#14642=CARTESIAN_POINT('',(0.,0.,0.));
#14643=CARTESIAN_POINT('Origin',(50.0000508,0.,0.));
#14644=CARTESIAN_POINT('',(3.99999999999999,-1.22464679914735E-16,-1.));
#14645=CARTESIAN_POINT('Origin',(4.,0.,0.));
#14646=CARTESIAN_POINT('',(0.,-1.22464679914735E-16,-1.));
#14647=CARTESIAN_POINT('',(50.0000508,-1.22464679914735E-16,-1.));
#14648=CARTESIAN_POINT('Origin',(0.,0.,0.));
#14649=CARTESIAN_POINT('Origin',(4.,-1.96332633988684,-1.29005370797334));
#14650=CARTESIAN_POINT('',(4.,-2.87097926182865,-0.870332165411485));
#14651=CARTESIAN_POINT('',(4.,-1.85040358687054,-0.296449937926537));
#14652=CARTESIAN_POINT('Origin',(4.,-1.96332633988684,-1.29005370797334));
#14653=CARTESIAN_POINT('',(0.,-1.85040358687054,-0.296449937926537));
#14654=CARTESIAN_POINT('',(4.,-1.85040358687054,-0.296449937926537));
#14655=CARTESIAN_POINT('',(0.,-2.87097926182865,-0.870332165411485));
#14656=CARTESIAN_POINT('Origin',(0.,-1.96332633988684,-1.29005370797334));
#14657=CARTESIAN_POINT('',(2.,-2.87097926182865,-0.870332165411485));
#14658=CARTESIAN_POINT('Origin',(4.,-2.34663891868437,0.110338894616001));
#14659=CARTESIAN_POINT('',(4.,-2.83423942474206,0.983405757171374));
#14660=CARTESIAN_POINT('',(4.,-1.67125684978686,0.847806901387632));
#14661=CARTESIAN_POINT('Origin',(4.,-2.34663891868437,0.110338894616001));
#14662=CARTESIAN_POINT('',(0.,-1.67125684978686,0.847806901387632));
#14663=CARTESIAN_POINT('',(4.,-1.67125684978686,0.847806901387632));
#14664=CARTESIAN_POINT('',(0.,-2.83423942474206,0.983405757171373));
#14665=CARTESIAN_POINT('Origin',(0.,-2.34663891868437,0.110338894616001));
#14666=CARTESIAN_POINT('',(2.,-2.83423942474206,0.983405757171373));
#14667=CARTESIAN_POINT('Origin',(4.,2.34663891868437,0.110338894616018));
#14668=CARTESIAN_POINT('',(4.,1.67125684978686,0.847806901387644));
#14669=CARTESIAN_POINT('',(4.,2.83423942474205,0.983405757171394));
#14670=CARTESIAN_POINT('Origin',(4.,2.34663891868437,0.110338894616018));
#14671=CARTESIAN_POINT('',(0.,2.83423942474205,0.983405757171394));
#14672=CARTESIAN_POINT('',(2.,2.83423942474205,0.983405757171394));
#14673=CARTESIAN_POINT('',(0.,1.67125684978685,0.847806901387644));
#14674=CARTESIAN_POINT('Origin',(0.,2.34663891868437,0.110338894616018));
#14675=CARTESIAN_POINT('',(4.,1.67125684978686,0.847806901387644));
#14676=CARTESIAN_POINT('Origin',(4.,1.96332633988685,-1.29005370797333));
#14677=CARTESIAN_POINT('',(4.,1.85040358687054,-0.296449937926524));
#14678=CARTESIAN_POINT('',(4.,2.87097926182865,-0.870332165411465));
#14679=CARTESIAN_POINT('Origin',(4.,1.96332633988685,-1.29005370797333));
#14680=CARTESIAN_POINT('',(0.,2.87097926182865,-0.870332165411465));
#14681=CARTESIAN_POINT('',(2.,2.87097926182865,-0.870332165411465));
#14682=CARTESIAN_POINT('',(0.,1.85040358687054,-0.296449937926524));
#14683=CARTESIAN_POINT('Origin',(0.,1.96332633988685,-1.29005370797333));
#14684=CARTESIAN_POINT('',(4.,1.85040358687054,-0.296449937926524));
#14685=CARTESIAN_POINT('Origin',(-10.,0.,0.));
#14686=CARTESIAN_POINT('',(4.,-0.0594463051472641,2.99941096497368));
#14687=CARTESIAN_POINT('',(4.,0.0594463051472419,2.99941096497368));
#14688=CARTESIAN_POINT('Origin',(4.,0.,0.));
#14689=CARTESIAN_POINT('',(0.,0.0594463051472418,2.99941096497368));
#14690=CARTESIAN_POINT('',(2.,0.0594463051472418,2.99941096497368));
#14691=CARTESIAN_POINT('',(0.,-0.0594463051472634,2.99941096497368));
#14692=CARTESIAN_POINT('Origin',(0.,0.,0.));
#14693=CARTESIAN_POINT('',(2.,-0.0594463051472635,2.99941096497368));
#14694=CARTESIAN_POINT('Origin',(4.,0.,0.));
#14695=CARTESIAN_POINT('',(4.,0.289865509575063,-1.85144645786984));
#14696=CARTESIAN_POINT('',(4.,0.0594463051472848,-2.99941096497368));
#14697=CARTESIAN_POINT('Origin',(4.,-0.620212780809729,-2.26588282858348));
#14698=CARTESIAN_POINT('',(4.,0.853746800015689,-1.66823032026845));
#14699=CARTESIAN_POINT('Origin',(4.,0.,0.));
#14700=CARTESIAN_POINT('',(4.,1.71491645965897,-2.46151610524708));
#14701=CARTESIAN_POINT('Origin',(4.,1.83361518986777,-1.46858578974311));
#14702=CARTESIAN_POINT('',(4.,1.81110260189282,-2.39163278230941));
#14703=CARTESIAN_POINT('Origin',(4.,0.,0.));
#14704=CARTESIAN_POINT('',(4.,1.32275904667441,-1.32747297691554));
#14705=CARTESIAN_POINT('Origin',(4.,0.830089830260513,-2.19768964142967));
#14706=CARTESIAN_POINT('',(4.,1.67125684978687,-0.847806901387619));
#14707=CARTESIAN_POINT('Origin',(4.,0.,0.));
#14708=CARTESIAN_POINT('',(4.,2.83423942474207,-0.983405757171353));
#14709=CARTESIAN_POINT('Origin',(4.,2.34663891868437,-0.110338894615983));
#14710=CARTESIAN_POINT('Origin',(4.,0.,0.));
#14711=CARTESIAN_POINT('',(4.,1.85040358687054,0.296449937926524));
#14712=CARTESIAN_POINT('Origin',(4.,0.,0.));
#14713=CARTESIAN_POINT('',(4.,2.87097926182865,0.870332165411465));
#14714=CARTESIAN_POINT('Origin',(4.,1.96332633988685,1.29005370797333));
#14715=CARTESIAN_POINT('Origin',(4.,0.,0.));
#14716=CARTESIAN_POINT('',(4.,1.32275904667439,1.32747297691556));
#14717=CARTESIAN_POINT('Origin',(4.,0.,0.));
#14718=CARTESIAN_POINT('',(4.,1.81110260189279,2.39163278230944));
#14719=CARTESIAN_POINT('Origin',(4.,0.830089830260481,2.19768964142969));
#14720=CARTESIAN_POINT('',(4.,1.71491645965893,2.4615161052471));
#14721=CARTESIAN_POINT('Origin',(4.,0.,0.));
#14722=CARTESIAN_POINT('',(4.,0.853746800015666,1.66823032026846));
#14723=CARTESIAN_POINT('Origin',(4.,1.83361518986775,1.46858578974313));
#14724=CARTESIAN_POINT('',(4.,0.289865509575037,1.85144645786985));
#14725=CARTESIAN_POINT('Origin',(4.,0.,0.));
#14726=CARTESIAN_POINT('Origin',(4.,-0.620212780809762,2.26588282858347));
#14727=CARTESIAN_POINT('',(4.,-0.28986550957505,1.85144645786985));
#14728=CARTESIAN_POINT('Origin',(4.,0.620212780809746,2.26588282858348));
#14729=CARTESIAN_POINT('',(4.,-0.853746800015678,1.66823032026845));
#14730=CARTESIAN_POINT('Origin',(4.,0.,0.));
#14731=CARTESIAN_POINT('',(4.,-1.71491645965895,2.46151610524709));
#14732=CARTESIAN_POINT('Origin',(4.,-1.83361518986776,1.46858578974312));
#14733=CARTESIAN_POINT('',(4.,-1.8111026018928,2.39163278230942));
#14734=CARTESIAN_POINT('Origin',(4.,0.,0.));
#14735=CARTESIAN_POINT('',(4.,-1.3227590466744,1.32747297691555));
#14736=CARTESIAN_POINT('Origin',(4.,-0.830089830260497,2.19768964142968));
#14737=CARTESIAN_POINT('Origin',(4.,0.,0.));
#14738=CARTESIAN_POINT('',(4.,-2.87097926182866,0.870332165411444));
#14739=CARTESIAN_POINT('Origin',(4.,0.,0.));
#14740=CARTESIAN_POINT('',(4.,-1.85040358687054,0.296449937926511));
#14741=CARTESIAN_POINT('Origin',(4.,-1.96332633988686,1.29005370797331));
#14742=CARTESIAN_POINT('Origin',(4.,0.,0.));
#14743=CARTESIAN_POINT('',(4.,-2.83423942474204,-0.983405757171415));
#14744=CARTESIAN_POINT('Origin',(4.,0.,0.));
#14745=CARTESIAN_POINT('',(4.,-1.67125684978685,-0.847806901387656));
#14746=CARTESIAN_POINT('Origin',(4.,-2.34663891868437,-0.110338894616035));
#14747=CARTESIAN_POINT('',(4.,-1.32275904667438,-1.32747297691557));
#14748=CARTESIAN_POINT('Origin',(4.,0.,0.));
#14749=CARTESIAN_POINT('',(4.,-1.81110260189277,-2.39163278230945));
#14750=CARTESIAN_POINT('Origin',(4.,-0.830089830260465,-2.19768964142969));
#14751=CARTESIAN_POINT('',(4.,-1.71491645965892,-2.46151610524712));
#14752=CARTESIAN_POINT('Origin',(4.,0.,0.));
#14753=CARTESIAN_POINT('',(4.,-0.853746800015654,-1.66823032026847));
#14754=CARTESIAN_POINT('Origin',(4.,-1.83361518986774,-1.46858578974315));
#14755=CARTESIAN_POINT('',(4.,-0.289865509575024,-1.85144645786985));
#14756=CARTESIAN_POINT('Origin',(4.,0.,0.));
#14757=CARTESIAN_POINT('',(4.,-0.0594463051472211,-2.99941096497368));
#14758=CARTESIAN_POINT('Origin',(4.,0.620212780809777,-2.26588282858347));
#14759=CARTESIAN_POINT('Origin',(4.,0.,0.));
#14760=CARTESIAN_POINT('Origin',(-10.,0.,0.));
#14761=CARTESIAN_POINT('',(0.,0.0594463051472841,-2.99941096497368));
#14762=CARTESIAN_POINT('',(2.,0.0594463051472842,-2.99941096497368));
#14763=CARTESIAN_POINT('',(0.,-0.0594463051472206,-2.99941096497368));
#14764=CARTESIAN_POINT('',(2.,-0.0594463051472208,-2.99941096497368));
#14765=CARTESIAN_POINT('Origin',(0.,0.,0.));
#14766=CARTESIAN_POINT('Origin',(-10.,0.,0.));
#14767=CARTESIAN_POINT('',(0.,1.71491645965897,-2.46151610524708));
#14768=CARTESIAN_POINT('',(2.,1.71491645965897,-2.46151610524708));
#14769=CARTESIAN_POINT('',(0.,1.81110260189282,-2.39163278230941));
#14770=CARTESIAN_POINT('Origin',(0.,0.,0.));
#14771=CARTESIAN_POINT('',(2.,1.81110260189282,-2.39163278230941));
#14772=CARTESIAN_POINT('Origin',(-10.,0.,0.));
#14773=CARTESIAN_POINT('',(0.,2.83423942474207,-0.983405757171352));
#14774=CARTESIAN_POINT('',(2.,2.83423942474207,-0.983405757171352));
#14775=CARTESIAN_POINT('Origin',(0.,0.,0.));
#14776=CARTESIAN_POINT('Origin',(-10.,0.,0.));
#14777=CARTESIAN_POINT('',(0.,-2.83423942474204,-0.983405757171415));
#14778=CARTESIAN_POINT('',(2.,-2.83423942474204,-0.983405757171415));
#14779=CARTESIAN_POINT('Origin',(0.,0.,0.));
#14780=CARTESIAN_POINT('Origin',(-10.,0.,0.));
#14781=CARTESIAN_POINT('',(0.,-1.81110260189277,-2.39163278230945));
#14782=CARTESIAN_POINT('',(2.,-1.81110260189277,-2.39163278230945));
#14783=CARTESIAN_POINT('',(0.,-1.71491645965892,-2.46151610524712));
#14784=CARTESIAN_POINT('Origin',(0.,0.,0.));
#14785=CARTESIAN_POINT('',(2.,-1.71491645965892,-2.46151610524712));
#14786=CARTESIAN_POINT('Origin',(-10.,0.,0.));
#14787=CARTESIAN_POINT('',(0.,1.71491645965893,2.4615161052471));
#14788=CARTESIAN_POINT('',(2.,1.71491645965893,2.4615161052471));
#14789=CARTESIAN_POINT('',(0.,1.81110260189279,2.39163278230944));
#14790=CARTESIAN_POINT('',(2.,1.81110260189279,2.39163278230944));
#14791=CARTESIAN_POINT('Origin',(0.,0.,0.));
#14792=CARTESIAN_POINT('Origin',(-10.,0.,0.));
#14793=CARTESIAN_POINT('',(0.,-1.71491645965895,2.46151610524709));
#14794=CARTESIAN_POINT('',(2.,-1.71491645965895,2.46151610524709));
#14795=CARTESIAN_POINT('',(0.,-1.8111026018928,2.39163278230943));
#14796=CARTESIAN_POINT('Origin',(0.,0.,0.));
#14797=CARTESIAN_POINT('',(2.,-1.8111026018928,2.39163278230943));
#14798=CARTESIAN_POINT('Origin',(-10.,0.,0.));
#14799=CARTESIAN_POINT('',(0.,-2.87097926182866,0.870332165411445));
#14800=CARTESIAN_POINT('',(2.,-2.87097926182866,0.870332165411445));
#14801=CARTESIAN_POINT('Origin',(0.,0.,0.));
#14802=CARTESIAN_POINT('Origin',(0.,0.,0.));
#14803=CARTESIAN_POINT('',(0.,0.289865509575063,-1.85144645786984));
#14804=CARTESIAN_POINT('Origin',(0.,-0.620212780809729,-2.26588282858348));
#14805=CARTESIAN_POINT('',(0.,-0.289865509575024,-1.85144645786985));
#14806=CARTESIAN_POINT('Origin',(0.,0.620212780809777,-2.26588282858347));
#14807=CARTESIAN_POINT('',(0.,-0.853746800015654,-1.66823032026847));
#14808=CARTESIAN_POINT('Origin',(0.,0.,0.));
#14809=CARTESIAN_POINT('Origin',(0.,-1.83361518986774,-1.46858578974315));
#14810=CARTESIAN_POINT('',(0.,-1.32275904667438,-1.32747297691557));
#14811=CARTESIAN_POINT('Origin',(0.,-0.830089830260465,-2.19768964142969));
#14812=CARTESIAN_POINT('',(0.,-1.67125684978685,-0.847806901387656));
#14813=CARTESIAN_POINT('Origin',(0.,0.,0.));
#14814=CARTESIAN_POINT('Origin',(0.,-2.34663891868437,-0.110338894616035));
#14815=CARTESIAN_POINT('',(0.,-1.85040358687054,0.296449937926511));
#14816=CARTESIAN_POINT('Origin',(0.,0.,0.));
#14817=CARTESIAN_POINT('Origin',(0.,-1.96332633988686,1.29005370797331));
#14818=CARTESIAN_POINT('',(0.,-1.3227590466744,1.32747297691555));
#14819=CARTESIAN_POINT('Origin',(0.,0.,0.));
#14820=CARTESIAN_POINT('Origin',(0.,-0.830089830260497,2.19768964142968));
#14821=CARTESIAN_POINT('',(0.,-0.853746800015678,1.66823032026845));
#14822=CARTESIAN_POINT('Origin',(0.,-1.83361518986776,1.46858578974312));
#14823=CARTESIAN_POINT('',(0.,-0.28986550957505,1.85144645786985));
#14824=CARTESIAN_POINT('Origin',(0.,0.,0.));
#14825=CARTESIAN_POINT('Origin',(0.,0.620212780809746,2.26588282858348));
#14826=CARTESIAN_POINT('',(0.,0.289865509575037,1.85144645786985));
#14827=CARTESIAN_POINT('Origin',(0.,-0.620212780809762,2.26588282858347));
#14828=CARTESIAN_POINT('',(0.,0.853746800015666,1.66823032026846));
#14829=CARTESIAN_POINT('Origin',(0.,0.,0.));
#14830=CARTESIAN_POINT('Origin',(0.,1.83361518986775,1.46858578974313));
#14831=CARTESIAN_POINT('',(0.,1.32275904667439,1.32747297691556));
#14832=CARTESIAN_POINT('Origin',(0.,0.830089830260481,2.19768964142969));
#14833=CARTESIAN_POINT('Origin',(0.,0.,0.));
#14834=CARTESIAN_POINT('',(0.,2.87097926182865,0.870332165411465));
#14835=CARTESIAN_POINT('Origin',(0.,0.,0.));
#14836=CARTESIAN_POINT('',(0.,1.85040358687054,0.296449937926524));
#14837=CARTESIAN_POINT('Origin',(0.,1.96332633988685,1.29005370797333));
#14838=CARTESIAN_POINT('Origin',(0.,0.,0.));
#14839=CARTESIAN_POINT('',(0.,1.67125684978687,-0.847806901387619));
#14840=CARTESIAN_POINT('Origin',(0.,2.34663891868437,-0.110338894615983));
#14841=CARTESIAN_POINT('',(0.,1.32275904667441,-1.32747297691554));
#14842=CARTESIAN_POINT('Origin',(0.,0.,0.));
#14843=CARTESIAN_POINT('Origin',(0.,0.830089830260513,-2.19768964142967));
#14844=CARTESIAN_POINT('',(0.,0.853746800015689,-1.66823032026845));
#14845=CARTESIAN_POINT('Origin',(0.,1.83361518986777,-1.46858578974311));
#14846=CARTESIAN_POINT('Origin',(0.,0.,0.));
#14847=CARTESIAN_POINT('Origin',(-10.,0.,0.));
#14848=CARTESIAN_POINT('',(2.,2.87097926182865,0.870332165411465));
#14849=CARTESIAN_POINT('Origin',(4.,1.96332633988685,1.29005370797333));
#14850=CARTESIAN_POINT('',(4.,1.85040358687054,0.296449937926524));
#14851=CARTESIAN_POINT('Origin',(4.,0.,0.));
#14852=CARTESIAN_POINT('Origin',(4.,0.830089830260481,2.19768964142969));
#14853=CARTESIAN_POINT('',(4.,1.32275904667439,1.32747297691556));
#14854=CARTESIAN_POINT('Origin',(4.,0.,0.));
#14855=CARTESIAN_POINT('Origin',(4.,-0.830089830260497,2.19768964142968));
#14856=CARTESIAN_POINT('',(4.,-1.3227590466744,1.32747297691555));
#14857=CARTESIAN_POINT('Origin',(4.,0.,0.));
#14858=CARTESIAN_POINT('Origin',(4.,-1.96332633988686,1.29005370797331));
#14859=CARTESIAN_POINT('',(4.,-1.85040358687054,0.296449937926511));
#14860=CARTESIAN_POINT('Origin',(4.,0.,0.));
#14861=CARTESIAN_POINT('Origin',(4.,0.620212780809746,2.26588282858348));
#14862=CARTESIAN_POINT('',(4.,-0.28986550957505,1.85144645786985));
#14863=CARTESIAN_POINT('Origin',(4.,-1.83361518986776,1.46858578974312));
#14864=CARTESIAN_POINT('',(4.,-0.853746800015678,1.66823032026845));
#14865=CARTESIAN_POINT('Origin',(4.,0.,0.));
#14866=CARTESIAN_POINT('Origin',(4.,1.83361518986775,1.46858578974313));
#14867=CARTESIAN_POINT('',(4.,0.853746800015666,1.66823032026846));
#14868=CARTESIAN_POINT('Origin',(4.,-0.620212780809762,2.26588282858347));
#14869=CARTESIAN_POINT('',(4.,0.289865509575037,1.85144645786985));
#14870=CARTESIAN_POINT('Origin',(4.,0.,0.));
#14871=CARTESIAN_POINT('Origin',(4.,-1.83361518986774,-1.46858578974315));
#14872=CARTESIAN_POINT('',(4.,-0.853746800015654,-1.66823032026847));
#14873=CARTESIAN_POINT('Origin',(4.,0.620212780809777,-2.26588282858347));
#14874=CARTESIAN_POINT('',(4.,-0.289865509575024,-1.85144645786985));
#14875=CARTESIAN_POINT('Origin',(4.,0.,0.));
#14876=CARTESIAN_POINT('Origin',(4.,-2.34663891868437,-0.110338894616035));
#14877=CARTESIAN_POINT('',(4.,-1.67125684978685,-0.847806901387656));
#14878=CARTESIAN_POINT('Origin',(4.,-0.830089830260465,-2.19768964142969));
#14879=CARTESIAN_POINT('',(4.,-1.32275904667438,-1.32747297691557));
#14880=CARTESIAN_POINT('Origin',(4.,0.,0.));
#14881=CARTESIAN_POINT('Origin',(4.,0.830089830260513,-2.19768964142967));
#14882=CARTESIAN_POINT('',(4.,1.32275904667441,-1.32747297691554));
#14883=CARTESIAN_POINT('Origin',(4.,2.34663891868437,-0.110338894615983));
#14884=CARTESIAN_POINT('',(4.,1.67125684978687,-0.847806901387619));
#14885=CARTESIAN_POINT('Origin',(4.,0.,0.));
#14886=CARTESIAN_POINT('Origin',(4.,-0.620212780809729,-2.26588282858348));
#14887=CARTESIAN_POINT('',(4.,0.289865509575063,-1.85144645786984));
#14888=CARTESIAN_POINT('Origin',(4.,1.83361518986777,-1.46858578974311));
#14889=CARTESIAN_POINT('',(4.,0.853746800015689,-1.66823032026845));
#14890=CARTESIAN_POINT('Origin',(4.,0.,0.));
#14891=CARTESIAN_POINT('',(0.,0.,0.));
#14892=CARTESIAN_POINT('Origin',(1.17,0.,0.));
#14893=CARTESIAN_POINT('',(1.25,-3.57596865351027E-16,2.92));
#14894=CARTESIAN_POINT('Origin',(1.25,0.,0.));
#14895=CARTESIAN_POINT('',(1.17,-3.67394039744206E-16,3.));
#14896=CARTESIAN_POINT('Origin',(1.17,-3.57596865351027E-16,2.92));
#14897=CARTESIAN_POINT('Origin',(1.17,0.,0.));
#14898=CARTESIAN_POINT('Origin',(-20.6375,0.,0.));
#14899=CARTESIAN_POINT('',(-1.17,-3.67394039744206E-16,3.));
#14900=CARTESIAN_POINT('',(-20.6375,-3.67394039744206E-16,3.));
#14901=CARTESIAN_POINT('Origin',(-1.17,0.,0.));
#14902=CARTESIAN_POINT('Origin',(-1.17,0.,0.));
#14903=CARTESIAN_POINT('',(-1.25,-3.57596865351027E-16,2.92));
#14904=CARTESIAN_POINT('Origin',(-1.17,-3.57596865351027E-16,2.92));
#14905=CARTESIAN_POINT('Origin',(-1.25,0.,0.));
#14906=CARTESIAN_POINT('Origin',(-20.6375,0.,0.));
#14907=CARTESIAN_POINT('',(-1.25,-3.27593018771917E-16,2.675));
#14908=CARTESIAN_POINT('Origin',(-1.25,0.,0.));
#14909=CARTESIAN_POINT('',(-0.147901994577491,-3.27593018771917E-16,2.675));
#14910=CARTESIAN_POINT('',(-20.6375,-3.27593018771917E-16,2.675));
#14911=CARTESIAN_POINT('',(-0.14790199457749,3.27593018771917E-16,-2.675));
#14912=CARTESIAN_POINT('Origin',(-0.14790199457749,0.,0.));
#14913=CARTESIAN_POINT('Origin',(-0.14790199457749,0.,0.));
#14914=CARTESIAN_POINT('Origin',(-20.6375,0.,0.));
#14915=CARTESIAN_POINT('',(0.335410196624968,3.12284933782575E-16,-2.55));
#14916=CARTESIAN_POINT('',(0.33541019662497,-3.12284933782575E-16,2.55));
#14917=CARTESIAN_POINT('Origin',(0.335410196624968,0.,0.));
#14918=CARTESIAN_POINT('Origin',(0.335410196624968,0.,0.));
#14919=CARTESIAN_POINT('',(1.25,-3.12284933782575E-16,2.55));
#14920=CARTESIAN_POINT('',(-20.6375,-3.12284933782575E-16,2.55));
#14921=CARTESIAN_POINT('Origin',(1.25,0.,0.));
#14922=CARTESIAN_POINT('Origin',(0.,0.,0.));
#14923=CARTESIAN_POINT('',(-0.335410196624968,2.38806125833734E-16,1.95));
#14924=CARTESIAN_POINT('',(-0.335410196624968,-2.38806125833734E-16,-1.95));
#14925=CARTESIAN_POINT('Origin',(-0.335410196624968,0.,0.));
#14926=CARTESIAN_POINT('Origin',(0.,-2.75545529808154E-16,-2.25));
#14927=CARTESIAN_POINT('Origin',(-0.335410196624968,0.,0.));
#14928=CARTESIAN_POINT('Origin',(-1.17,0.,0.));
#14929=CARTESIAN_POINT('',(-1.25,-1.93494194265282E-16,1.58));
#14930=CARTESIAN_POINT('Origin',(-1.25,0.,0.));
#14931=CARTESIAN_POINT('',(-1.17,-1.83697019872103E-16,1.5));
#14932=CARTESIAN_POINT('Origin',(-1.17,-1.93494194265282E-16,1.58));
#14933=CARTESIAN_POINT('Origin',(-1.17,0.,0.));
#14934=CARTESIAN_POINT('Origin',(-20.6375,0.,0.));
#14935=CARTESIAN_POINT('',(1.17,-1.83697019872103E-16,1.5));
#14936=CARTESIAN_POINT('',(-20.6375,-1.83697019872103E-16,1.5));
#14937=CARTESIAN_POINT('Origin',(1.17,0.,0.));
#14938=CARTESIAN_POINT('Origin',(1.17,0.,0.));
#14939=CARTESIAN_POINT('',(1.25,-1.93494194265282E-16,1.58));
#14940=CARTESIAN_POINT('Origin',(1.17,-1.93494194265282E-16,1.58));
#14941=CARTESIAN_POINT('Origin',(1.25,0.,0.));
#14942=CARTESIAN_POINT('Origin',(-20.6375,0.,0.));
#14943=CARTESIAN_POINT('',(-1.25,-2.38806125833734E-16,1.95));
#14944=CARTESIAN_POINT('',(-20.6375,-2.38806125833734E-16,1.95));
#14945=CARTESIAN_POINT('Origin',(-1.25,0.,0.));
#14946=CARTESIAN_POINT('Origin',(-20.6375,0.,0.));
#14947=CARTESIAN_POINT('',(1.25,-2.23498040844392E-16,1.825));
#14948=CARTESIAN_POINT('Origin',(1.25,0.,0.));
#14949=CARTESIAN_POINT('',(0.147901994577491,-2.23498040844392E-16,1.825));
#14950=CARTESIAN_POINT('',(-20.6375,-2.23498040844392E-16,1.825));
#14951=CARTESIAN_POINT('',(0.14790199457749,2.67891487313484E-16,-1.825));
#14952=CARTESIAN_POINT('Origin',(0.14790199457749,0.,0.));
#14953=CARTESIAN_POINT('Origin',(0.14790199457749,0.,0.));
#14954=CARTESIAN_POINT('Origin',(0.,0.,0.));
#14955=CARTESIAN_POINT('Origin',(0.,-2.75545529808154E-16,-2.25));
#14956=CARTESIAN_POINT('Origin',(1.25,1.58,0.));
#14957=CARTESIAN_POINT('Origin',(-1.25,1.95,0.));
#14958=CARTESIAN_POINT('Origin',(1.25,2.92,0.));
#14959=CARTESIAN_POINT('Origin',(-1.25,2.675,0.));
#14960=CARTESIAN_POINT('',(0.,0.,0.));
#14961=CARTESIAN_POINT('',(0.,0.,0.));
#14962=CARTESIAN_POINT('Origin',(50.0000508,0.,0.));
#14963=CARTESIAN_POINT('',(3.,-1.83697019872103E-16,-1.5));
#14964=CARTESIAN_POINT('Origin',(3.,0.,0.));
#14965=CARTESIAN_POINT('',(-8.88178419700125E-15,-1.83697019872103E-16,
-1.5));
#14966=CARTESIAN_POINT('',(50.0000508,-1.83697019872103E-16,-1.5));
#14967=CARTESIAN_POINT('Origin',(0.,0.,0.));
#14968=CARTESIAN_POINT('Origin',(3.,10.5668526257152,-0.314842079442903));
#14969=CARTESIAN_POINT('',(3.,9.7933622227096,4.11818314002723));
#14970=CARTESIAN_POINT('',(3.,10.9868551622389,4.1655148113989));
#14971=CARTESIAN_POINT('Origin',(3.,10.5668526257152,-0.314842079442903));
#14972=CARTESIAN_POINT('',(0.,10.9868551622389,4.1655148113989));
#14973=CARTESIAN_POINT('',(1.5,10.9868551622389,4.1655148113989));
#14974=CARTESIAN_POINT('',(0.,9.7933622227096,4.11818314002723));
#14975=CARTESIAN_POINT('Origin',(0.,10.5668526257152,-0.314842079442903));
#14976=CARTESIAN_POINT('',(3.,9.7933622227096,4.11818314002723));
#14977=CARTESIAN_POINT('Origin',(3.,10.420199193835,-1.7823997052773));
#14978=CARTESIAN_POINT('',(3.,10.2711942126883,2.71513267543921));
#14979=CARTESIAN_POINT('',(3.,11.4596594564512,2.59590160487049));
#14980=CARTESIAN_POINT('Origin',(3.,10.420199193835,-1.7823997052773));
#14981=CARTESIAN_POINT('',(0.,11.4596594564512,2.59590160487049));
#14982=CARTESIAN_POINT('',(1.5,11.4596594564512,2.59590160487049));
#14983=CARTESIAN_POINT('',(0.,10.2711942126883,2.71513267543921));
#14984=CARTESIAN_POINT('Origin',(0.,10.420199193835,-1.7823997052773));
#14985=CARTESIAN_POINT('',(3.,10.2711942126883,2.71513267543921));
#14986=CARTESIAN_POINT('Origin',(3.,-10.5191500305589,-1.0511815177051));
#14987=CARTESIAN_POINT('',(3.,-11.2506633598333,3.38896355302106));
#14988=CARTESIAN_POINT('',(3.,-10.0567760186286,3.42500103812207));
#14989=CARTESIAN_POINT('Origin',(3.,-10.5191500305589,-1.0511815177051));
#14990=CARTESIAN_POINT('',(0.,-10.0567760186286,3.42500103812207));
#14991=CARTESIAN_POINT('',(3.,-10.0567760186286,3.42500103812207));
#14992=CARTESIAN_POINT('',(0.,-11.2506633598333,3.38896355302106));
#14993=CARTESIAN_POINT('Origin',(0.,-10.5191500305589,-1.0511815177051));
#14994=CARTESIAN_POINT('',(1.5,-11.2506633598333,3.38896355302106));
#14995=CARTESIAN_POINT('Origin',(3.,-10.5630745770553,0.423031237782382));
#14996=CARTESIAN_POINT('',(3.,-10.6695201106891,4.92177210033153));
#14997=CARTESIAN_POINT('',(3.,-9.48223615046697,4.79130186763238));
#14998=CARTESIAN_POINT('Origin',(3.,-10.5630745770553,0.423031237782382));
#14999=CARTESIAN_POINT('',(0.,-9.48223615046697,4.79130186763238));
#15000=CARTESIAN_POINT('',(3.,-9.48223615046697,4.79130186763238));
#15001=CARTESIAN_POINT('',(0.,-10.6695201106891,4.92177210033153));
#15002=CARTESIAN_POINT('Origin',(0.,-10.5630745770553,0.423031237782382));
#15003=CARTESIAN_POINT('',(1.5,-10.6695201106891,4.92177210033153));
#15004=CARTESIAN_POINT('Origin',(3.,0.,0.));
#15005=CARTESIAN_POINT('',(3.,0.591728940663921,10.6075083248037));
#15006=CARTESIAN_POINT('',(3.,1.07238038481982,11.7009615122114));
#15007=CARTESIAN_POINT('Origin',(3.,4.91518149001364,9.35940654469069));
#15008=CARTESIAN_POINT('',(3.,0.149654857245033,10.6229458919691));
#15009=CARTESIAN_POINT('Origin',(3.,0.,0.));
#15010=CARTESIAN_POINT('',(3.,-0.253550305592534,11.7472640322134));
#15011=CARTESIAN_POINT('Origin',(3.,-4.25032915804488,9.67947322930567));
#15012=CARTESIAN_POINT('',(3.,-0.56651504523698,11.7363350626812));
#15013=CARTESIAN_POINT('Origin',(3.,0.,0.));
#15014=CARTESIAN_POINT('',(3.,-0.890309551732893,10.5866295345635));
#15015=CARTESIAN_POINT('Origin',(3.,3.56476964965959,9.95238249332478));
#15016=CARTESIAN_POINT('',(3.,-1.3302298946545,10.540392043343));
#15017=CARTESIAN_POINT('Origin',(3.,0.,0.));
#15018=CARTESIAN_POINT('',(3.,-1.88598593460773,11.5976530838986));
#15019=CARTESIAN_POINT('Origin',(3.,-5.5560875518355,8.99374177219416));
#15020=CARTESIAN_POINT('',(3.,-2.19438390433956,11.5432742010391));
#15021=CARTESIAN_POINT('Origin',(3.,0.,0.));
#15022=CARTESIAN_POINT('',(3.,-2.35501918141733,10.3596940425457));
#15023=CARTESIAN_POINT('Origin',(3.,2.14497362294028,10.3516466373936));
#15024=CARTESIAN_POINT('',(3.,-2.78422323476865,10.2526814531114));
#15025=CARTESIAN_POINT('Origin',(3.,0.,0.));
#15026=CARTESIAN_POINT('',(3.,-3.48171299268299,11.2223070104405));
#15027=CARTESIAN_POINT('Origin',(3.,-6.75370302138556,8.13295736171654));
#15028=CARTESIAN_POINT('',(3.,-3.77954157681886,11.1255366373536));
#15029=CARTESIAN_POINT('Origin',(3.,0.,0.));
#15030=CARTESIAN_POINT('',(3.,-3.7738910415301,9.93111888996698));
#15031=CARTESIAN_POINT('Origin',(3.,0.683428124521781,10.5494277544891));
#15032=CARTESIAN_POINT('',(3.,-4.18402483662503,9.76541408064732));
#15033=CARTESIAN_POINT('Origin',(3.,0.,0.));
#15034=CARTESIAN_POINT('',(3.,-5.00967246774551,10.6285314962093));
#15035=CARTESIAN_POINT('Origin',(3.,-7.81986534384767,7.11387418729498));
#15036=CARTESIAN_POINT('',(3.,-5.29113477167021,10.4912531581324));
#15037=CARTESIAN_POINT('Origin',(3.,0.,0.));
#15038=CARTESIAN_POINT('',(3.,-5.11930840525691,9.30924580467537));
#15039=CARTESIAN_POINT('Origin',(3.,-0.791419524952571,10.5418762601396));
#15040=CARTESIAN_POINT('',(3.,-5.50238915429421,9.08807403109732));
#15041=CARTESIAN_POINT('Origin',(3.,0.,0.));
#15042=CARTESIAN_POINT('',(3.,-6.44012436664134,9.8278837061797));
#15043=CARTESIAN_POINT('Origin',(3.,-8.73382288235678,5.95632754372967));
#15044=CARTESIAN_POINT('',(3.,-6.69974204676759,9.65276936981167));
#15045=CARTESIAN_POINT('Origin',(3.,0.,0.));
#15046=CARTESIAN_POINT('',(3.,-6.3650842540024,8.50617883890591));
#15047=CARTESIAN_POINT('Origin',(3.,-2.25086309360008,10.3291391355931));
#15048=CARTESIAN_POINT('',(3.,-6.71365572594994,8.233844958063));
#15049=CARTESIAN_POINT('Origin',(3.,0.,0.));
#15050=CARTESIAN_POINT('',(3.,-7.74522657027338,8.83594733886136));
#15051=CARTESIAN_POINT('Origin',(3.,-9.47778649303709,4.68284775974783));
#15052=CARTESIAN_POINT('',(3.,-7.97794646376826,8.62640540557));
#15053=CARTESIAN_POINT('Origin',(3.,0.,0.));
#15054=CARTESIAN_POINT('',(3.,-7.48697097791977,7.53754877767217));
#15055=CARTESIAN_POINT('Origin',(3.,-3.66649617244949,9.91535706699385));
#15056=CARTESIAN_POINT('',(3.,-7.79424862557027,7.21935345877981));
#15057=CARTESIAN_POINT('Origin',(3.,0.,0.));
#15058=CARTESIAN_POINT('',(3.,-8.89957674877969,7.67202930733322));
#15059=CARTESIAN_POINT('Origin',(3.,-10.0372757704528,3.31822167078287));
#15060=CARTESIAN_POINT('',(3.,-9.10086922763129,7.43213827249963));
#15061=CARTESIAN_POINT('Origin',(3.,0.,0.));
#15062=CARTESIAN_POINT('',(3.,-8.46313232805518,6.42220890331569));
#15063=CARTESIAN_POINT('Origin',(3.,-5.01076507387975,9.30858385163707));
#15064=CARTESIAN_POINT('',(3.,-8.72313534152027,6.06434545631432));
#15065=CARTESIAN_POINT('Origin',(3.,0.,0.));
#15066=CARTESIAN_POINT('',(3.,-9.88070678898952,6.35878395214183));
#15067=CARTESIAN_POINT('Origin',(3.,-10.4014008922286,1.88901017141734));
#15068=CARTESIAN_POINT('',(3.,-10.0466539240638,6.09321302188703));
#15069=CARTESIAN_POINT('Origin',(3.,0.,0.));
#15070=CARTESIAN_POINT('',(3.,-9.27456843409534,5.18186803781053));
#15071=CARTESIAN_POINT('Origin',(3.,-6.25750513280774,8.52062963996537));
#15072=CARTESIAN_POINT('Origin',(3.,0.,0.));
#15073=CARTESIAN_POINT('',(3.,-10.7968919297638,4.63569031073049));
#15074=CARTESIAN_POINT('Origin',(3.,0.,0.));
#15075=CARTESIAN_POINT('',(3.,-9.90548561523107,3.84066800523691));
#15076=CARTESIAN_POINT('Origin',(3.,-7.38244997213222,7.56683106442431));
#15077=CARTESIAN_POINT('Origin',(3.,0.,0.));
#15078=CARTESIAN_POINT('',(3.,-11.3369807153336,3.08793916069515));
#15079=CARTESIAN_POINT('Origin',(3.,0.,0.));
#15080=CARTESIAN_POINT('',(3.,-10.3436037861892,2.42471373863646));
#15081=CARTESIAN_POINT('Origin',(3.,-8.36370382016151,6.46575272935699));
#15082=CARTESIAN_POINT('',(3.,-10.4355721810007,1.99203645928565));
#15083=CARTESIAN_POINT('Origin',(3.,0.,0.));
#15084=CARTESIAN_POINT('',(3.,-11.6128252441182,1.79019268503995));
#15085=CARTESIAN_POINT('Origin',(3.,-10.2704821940734,-2.50493422065171));
#15086=CARTESIAN_POINT('',(3.,-11.6564080669038,1.48008478737561));
#15087=CARTESIAN_POINT('Origin',(3.,0.,0.));
#15088=CARTESIAN_POINT('',(3.,-10.5803954751241,0.961565177184453));
#15089=CARTESIAN_POINT('Origin',(3.,-9.18216768690346,5.23882587209745));
#15090=CARTESIAN_POINT('',(3.,-10.6112518011572,0.520299156677123));
#15091=CARTESIAN_POINT('Origin',(3.,0.,0.));
#15092=CARTESIAN_POINT('',(3.,-11.7489566944193,0.156577752758532));
#15093=CARTESIAN_POINT('Origin',(3.,-9.82191110418071,-3.90993122831379));
#15094=CARTESIAN_POINT('',(3.,-11.7489566944193,-0.156577752758696));
#15095=CARTESIAN_POINT('Origin',(3.,0.,0.));
#15096=CARTESIAN_POINT('',(3.,-10.6112518011572,-0.520299156677272));
#15097=CARTESIAN_POINT('Origin',(3.,-9.82191110418076,3.90993122831365));
#15098=CARTESIAN_POINT('',(3.,-10.5803954751241,-0.961565177184601));
#15099=CARTESIAN_POINT('Origin',(3.,0.,0.));
#15100=CARTESIAN_POINT('',(3.,-11.6564080669037,-1.48008478737578));
#15101=CARTESIAN_POINT('Origin',(3.,-9.18216768690338,-5.23882587209758));
#15102=CARTESIAN_POINT('',(3.,-11.6128252441182,-1.79019268504011));
#15103=CARTESIAN_POINT('Origin',(3.,0.,0.));
#15104=CARTESIAN_POINT('',(3.,-10.4355721810007,-1.99203645928579));
#15105=CARTESIAN_POINT('Origin',(3.,-10.2704821940735,2.50493422065158));
#15106=CARTESIAN_POINT('',(3.,-10.3436037861892,-2.42471373863661));
#15107=CARTESIAN_POINT('Origin',(3.,0.,0.));
#15108=CARTESIAN_POINT('',(3.,-11.3369807153335,-3.08793916069531));
#15109=CARTESIAN_POINT('Origin',(3.,-8.36370382016142,-6.4657527293571));
#15110=CARTESIAN_POINT('',(3.,-11.2506633598332,-3.38896355302122));
#15111=CARTESIAN_POINT('Origin',(3.,0.,0.));
#15112=CARTESIAN_POINT('',(3.,-10.0567760186285,-3.4250010381222));
#15113=CARTESIAN_POINT('Origin',(3.,-10.5191500305589,1.05118151770496));
#15114=CARTESIAN_POINT('',(3.,-9.90548561523101,-3.84066800523705));
#15115=CARTESIAN_POINT('Origin',(3.,0.,0.));
#15116=CARTESIAN_POINT('',(3.,-10.7968919297638,-4.63569031073063));
#15117=CARTESIAN_POINT('Origin',(3.,-7.38244997213211,-7.56683106442441));
#15118=CARTESIAN_POINT('',(3.,-10.669520110689,-4.92177210033167));
#15119=CARTESIAN_POINT('Origin',(3.,0.,0.));
#15120=CARTESIAN_POINT('',(3.,-9.4822361504669,-4.7913018676325));
#15121=CARTESIAN_POINT('Origin',(3.,-10.5630745770553,-0.423031237782525));
#15122=CARTESIAN_POINT('',(3.,-9.27456843409527,-5.18186803781065));
#15123=CARTESIAN_POINT('Origin',(3.,0.,0.));
#15124=CARTESIAN_POINT('',(3.,-10.0466539240637,-6.09321302188717));
#15125=CARTESIAN_POINT('Origin',(3.,-6.25750513280763,-8.52062963996545));
#15126=CARTESIAN_POINT('',(3.,-9.88070678898943,-6.35878395214196));
#15127=CARTESIAN_POINT('Origin',(3.,0.,0.));
#15128=CARTESIAN_POINT('',(3.,-8.72313534152019,-6.06434545631444));
#15129=CARTESIAN_POINT('Origin',(3.,-10.4014008922286,-1.88901017141748));
#15130=CARTESIAN_POINT('',(3.,-8.46313232805509,-6.42220890331581));
#15131=CARTESIAN_POINT('Origin',(3.,0.,0.));
#15132=CARTESIAN_POINT('',(3.,-9.10086922763119,-7.43213827249976));
#15133=CARTESIAN_POINT('Origin',(3.,-5.01076507387963,-9.30858385163714));
#15134=CARTESIAN_POINT('',(3.,-8.89957674877959,-7.67202930733334));
#15135=CARTESIAN_POINT('Origin',(3.,0.,0.));
#15136=CARTESIAN_POINT('',(3.,-7.79424862557017,-7.21935345877992));
#15137=CARTESIAN_POINT('Origin',(3.,-10.0372757704527,-3.31822167078301));
#15138=CARTESIAN_POINT('',(3.,-7.48697097791966,-7.53754877767227));
#15139=CARTESIAN_POINT('Origin',(3.,0.,0.));
#15140=CARTESIAN_POINT('',(3.,-7.97794646376814,-8.62640540557011));
#15141=CARTESIAN_POINT('Origin',(3.,-3.66649617244936,-9.9153570669939));
#15142=CARTESIAN_POINT('',(3.,-7.74522657027326,-8.83594733886147));
#15143=CARTESIAN_POINT('Origin',(3.,0.,0.));
#15144=CARTESIAN_POINT('',(3.,-6.71365572594983,-8.2338449580631));
#15145=CARTESIAN_POINT('Origin',(3.,-9.47778649303703,-4.68284775974796));
#15146=CARTESIAN_POINT('',(3.,-6.36508425400228,-8.506178838906));
#15147=CARTESIAN_POINT('Origin',(3.,0.,0.));
#15148=CARTESIAN_POINT('',(3.,-6.69974204676745,-9.65276936981176));
#15149=CARTESIAN_POINT('Origin',(3.,-2.25086309359994,-10.3291391355931));
#15150=CARTESIAN_POINT('',(3.,-6.4401243666412,-9.82788370617979));
#15151=CARTESIAN_POINT('Origin',(3.,0.,0.));
#15152=CARTESIAN_POINT('',(3.,-5.50238915429408,-9.0880740310974));
#15153=CARTESIAN_POINT('Origin',(3.,-8.7338228823567,-5.95632754372979));
#15154=CARTESIAN_POINT('',(3.,-5.11930840525678,-9.30924580467544));
#15155=CARTESIAN_POINT('Origin',(3.,0.,0.));
#15156=CARTESIAN_POINT('',(3.,-5.29113477167006,-10.4912531581324));
#15157=CARTESIAN_POINT('Origin',(3.,-0.791419524952424,-10.5418762601396));
#15158=CARTESIAN_POINT('',(3.,-5.00967246774537,-10.6285314962093));
#15159=CARTESIAN_POINT('Origin',(3.,0.,0.));
#15160=CARTESIAN_POINT('',(3.,-4.18402483662489,-9.76541408064738));
#15161=CARTESIAN_POINT('Origin',(3.,-7.81986534384758,-7.11387418729509));
#15162=CARTESIAN_POINT('',(3.,-3.77389104152996,-9.93111888996703));
#15163=CARTESIAN_POINT('Origin',(3.,0.,0.));
#15164=CARTESIAN_POINT('',(3.,-3.77954157681871,-11.1255366373537));
#15165=CARTESIAN_POINT('Origin',(3.,0.683428124521926,-10.5494277544891));
#15166=CARTESIAN_POINT('',(3.,-3.48171299268284,-11.2223070104406));
#15167=CARTESIAN_POINT('Origin',(3.,0.,0.));
#15168=CARTESIAN_POINT('',(3.,-2.78422323476851,-10.2526814531114));
#15169=CARTESIAN_POINT('Origin',(3.,-6.75370302138545,-8.13295736171663));
#15170=CARTESIAN_POINT('',(3.,-2.35501918141719,-10.3596940425457));
#15171=CARTESIAN_POINT('Origin',(3.,0.,0.));
#15172=CARTESIAN_POINT('',(3.,-2.1943839043394,-11.5432742010392));
#15173=CARTESIAN_POINT('Origin',(3.,2.14497362294042,-10.3516466373936));
#15174=CARTESIAN_POINT('',(3.,-1.88598593460758,-11.5976530838986));
#15175=CARTESIAN_POINT('Origin',(3.,0.,0.));
#15176=CARTESIAN_POINT('',(3.,-1.33022989465435,-10.540392043343));
#15177=CARTESIAN_POINT('Origin',(3.,-5.55608755183538,-8.99374177219424));
#15178=CARTESIAN_POINT('',(3.,-0.890309551732748,-10.5866295345636));
#15179=CARTESIAN_POINT('Origin',(3.,0.,0.));
#15180=CARTESIAN_POINT('',(3.,-0.56651504523682,-11.7363350626812));
#15181=CARTESIAN_POINT('Origin',(3.,3.56476964965972,-9.95238249332473));
#15182=CARTESIAN_POINT('',(3.,-0.253550305592374,-11.7472640322134));
#15183=CARTESIAN_POINT('Origin',(3.,0.,0.));
#15184=CARTESIAN_POINT('',(3.,0.149654857245178,-10.6229458919691));
#15185=CARTESIAN_POINT('Origin',(3.,-4.25032915804475,-9.67947322930573));
#15186=CARTESIAN_POINT('',(3.,0.591728940664065,-10.6075083248037));
#15187=CARTESIAN_POINT('Origin',(3.,0.,0.));
#15188=CARTESIAN_POINT('',(3.,1.07238038481998,-11.7009615122114));
#15189=CARTESIAN_POINT('Origin',(3.,4.91518149001377,-9.35940654469062));
#15190=CARTESIAN_POINT('',(3.,1.38382039171198,-11.6682278484559));
#15191=CARTESIAN_POINT('Origin',(3.,0.,0.));
#15192=CARTESIAN_POINT('',(3.,1.62662674757831,-10.4987361822299));
#15193=CARTESIAN_POINT('Origin',(3.,-2.86184294187054,-10.1768047502464));
#15194=CARTESIAN_POINT('',(3.,2.06225010231255,-10.4219240313635));
#15195=CARTESIAN_POINT('Origin',(3.,0.,0.));
#15196=CARTESIAN_POINT('',(3.,2.69040315050087,-11.4378420555529));
#15197=CARTESIAN_POINT('Origin',(3.,6.16992491360078,-8.58426039383126));
#15198=CARTESIAN_POINT('',(3.,2.99425659916403,-11.3620828820407));
#15199=CARTESIAN_POINT('Origin',(3.,0.,0.));
#15200=CARTESIAN_POINT('',(3.,3.07193819853032,-10.170180514839));
#15201=CARTESIAN_POINT('Origin',(3.,-1.41765420813092,-10.4760563426673));
#15202=CARTESIAN_POINT('',(3.,3.49263191149424,-10.0334888414156));
#15203=CARTESIAN_POINT('Origin',(3.,0.,0.));
#15204=CARTESIAN_POINT('',(3.,4.25606027914548,-10.9520980136356));
#15205=CARTESIAN_POINT('Origin',(3.,7.30457776693011,-7.64203137885745));
#15206=CARTESIAN_POINT('',(3.,4.54641300782976,-10.8347878965043));
#15207=CARTESIAN_POINT('Origin',(3.,0.,0.));
#15208=CARTESIAN_POINT('',(3.,4.45745786672587,-9.64367385213559));
#15209=CARTESIAN_POINT('Origin',(3.,0.054127552212218,-10.5714034147157));
#15210=CARTESIAN_POINT('',(3.,4.85503361332862,-9.44976320409402));
#15211=CARTESIAN_POINT('Origin',(3.,0.,0.));
#15212=CARTESIAN_POINT('',(3.,5.73887803565335,-10.2531838417096));
#15213=CARTESIAN_POINT('Origin',(3.,8.29705532286022,-6.55105891577603));
#15214=CARTESIAN_POINT('',(3.,6.01007865876623,-10.096606088951));
#15215=CARTESIAN_POINT('Origin',(3.,0.,0.));
#15216=CARTESIAN_POINT('',(3.,5.75621818782876,-8.92946404741681));
#15217=CARTESIAN_POINT('Origin',(3.,1.52485578132071,-10.4609901440898));
#15218=CARTESIAN_POINT('',(3.,6.12293760839843,-8.68210867495104));
#15219=CARTESIAN_POINT('Origin',(3.,0.,0.));
#15220=CARTESIAN_POINT('',(3.,7.10999505907423,-9.35470310912858));
#15221=CARTESIAN_POINT('Origin',(3.,9.12804013469139,-5.3325775426181));
#15222=CARTESIAN_POINT('',(3.,7.35676496497295,-9.16190532859549));
#15223=CARTESIAN_POINT('Origin',(3.,0.,0.));
#15224=CARTESIAN_POINT('',(3.,6.9429402695067,-8.04145238212988));
#15225=CARTESIAN_POINT('Origin',(3.,2.96590442714355,-10.1469655995091));
#15226=CARTESIAN_POINT('',(3.,7.27166558765906,-7.74546677620239));
#15227=CARTESIAN_POINT('Origin',(3.,0.,0.));
#15228=CARTESIAN_POINT('',(3.,8.34272411616973,-8.27414372134542));
#15229=CARTESIAN_POINT('Origin',(3.,9.78135802829255,-4.01030361331015));
#15230=CARTESIAN_POINT('',(3.,8.56026020933259,-8.0488785025317));
#15231=CARTESIAN_POINT('Origin',(3.,0.,0.));
#15232=CARTESIAN_POINT('',(3.,7.9945259163162,-6.99692299324129));
#15233=CARTESIAN_POINT('Origin',(3.,4.34922511695831,-9.63544191153632));
#15234=CARTESIAN_POINT('',(3.,8.27885886765293,-6.65806817699283));
#15235=CARTESIAN_POINT('Origin',(3.,0.,0.));
#15236=CARTESIAN_POINT('',(3.,9.41307153805203,-7.03253753772525));
#15237=CARTESIAN_POINT('Origin',(3.,10.2442929140029,-2.60997368582188));
#15238=CARTESIAN_POINT('',(3.,9.59713972586924,-6.77918941187973));
#15239=CARTESIAN_POINT('Origin',(3.,0.,0.));
#15240=CARTESIAN_POINT('',(3.,8.89050720980305,-5.81620645717121));
#15241=CARTESIAN_POINT('Origin',(3.,5.64789308704173,-8.93637530690816));
#15242=CARTESIAN_POINT('',(3.,9.12491357685031,-5.4410778541584));
#15243=CARTESIAN_POINT('Origin',(3.,0.,0.));
#15244=CARTESIAN_POINT('',(3.,10.3002042296563,-5.65405101032615));
#15245=CARTESIAN_POINT('Origin',(3.,10.5078342908526,-1.15884358934015));
#15246=CARTESIAN_POINT('',(3.,10.4472218342265,-5.37755111053919));
#15247=CARTESIAN_POINT('Origin',(3.,0.,0.));
#15248=CARTESIAN_POINT('',(3.,9.61344489325315,-4.52228407824907));
#15249=CARTESIAN_POINT('Origin',(3.,6.83663124256905,-8.06337232190728));
#15250=CARTESIAN_POINT('',(3.,9.79336222270966,-4.1181831400271));
#15251=CARTESIAN_POINT('Origin',(3.,0.,0.));
#15252=CARTESIAN_POINT('',(3.,10.986855162239,-4.16551481139875));
#15253=CARTESIAN_POINT('Origin',(3.,10.5668526257152,0.314842079443045));
#15254=CARTESIAN_POINT('',(3.,11.0939606531192,-3.87124489370573));
#15255=CARTESIAN_POINT('Origin',(3.,0.,0.));
#15256=CARTESIAN_POINT('',(3.,10.1492678069876,-3.14034058376571));
#15257=CARTESIAN_POINT('Origin',(3.,7.89230214751253,-7.03342496661056));
#15258=CARTESIAN_POINT('',(3.,10.2711942126884,-2.71513267543907));
#15259=CARTESIAN_POINT('Origin',(3.,0.,0.));
#15260=CARTESIAN_POINT('',(3.,11.4596594564512,-2.59590160487034));
#15261=CARTESIAN_POINT('Origin',(3.,10.420199193835,1.78239970527744));
#15262=CARTESIAN_POINT('',(3.,11.5247681470922,-2.28958929849207));
#15263=CARTESIAN_POINT('Origin',(3.,0.,0.));
#15264=CARTESIAN_POINT('',(3.,10.48754676748,-1.69727393190381));
#15265=CARTESIAN_POINT('Origin',(3.,8.79435836851533,-5.86657999474107));
#15266=CARTESIAN_POINT('',(3.,10.5491090906274,-1.25923524174125));
#15267=CARTESIAN_POINT('Origin',(3.,0.,0.));
#15268=CARTESIAN_POINT('',(3.,11.709414514513,-0.975762126397429));
#15269=CARTESIAN_POINT('Origin',(3.,10.0707284374476,3.21526494829823));
#15270=CARTESIAN_POINT('',(3.,11.7312591383114,-0.663369451952664));
#15271=CARTESIAN_POINT('Origin',(3.,0.,0.));
#15272=CARTESIAN_POINT('',(3.,10.621697559551,-0.221171773578046));
#15273=CARTESIAN_POINT('Origin',(3.,9.52524240730927,-4.58554871640992));
#15274=CARTESIAN_POINT('',(3.,10.621697559551,0.221171773578047));
#15275=CARTESIAN_POINT('Origin',(3.,0.,0.));
#15276=CARTESIAN_POINT('',(3.,11.7312591383114,0.663369451952664));
#15277=CARTESIAN_POINT('Origin',(3.,9.52524240730927,4.58554871640992));
#15278=CARTESIAN_POINT('',(3.,11.709414514513,0.975762126397595));
#15279=CARTESIAN_POINT('Origin',(3.,0.,0.));
#15280=CARTESIAN_POINT('',(3.,10.5491090906273,1.2592352417414));
#15281=CARTESIAN_POINT('Origin',(3.,10.0707284374477,-3.21526494829808));
#15282=CARTESIAN_POINT('',(3.,10.48754676748,1.69727393190396));
#15283=CARTESIAN_POINT('Origin',(3.,0.,0.));
#15284=CARTESIAN_POINT('',(3.,11.5247681470921,2.28958929849223));
#15285=CARTESIAN_POINT('Origin',(3.,8.79435836851524,5.86657999474119));
#15286=CARTESIAN_POINT('Origin',(3.,0.,0.));
#15287=CARTESIAN_POINT('',(3.,10.1492678069875,3.14034058376585));
#15288=CARTESIAN_POINT('Origin',(3.,0.,0.));
#15289=CARTESIAN_POINT('',(3.,11.0939606531192,3.87124489370587));
#15290=CARTESIAN_POINT('Origin',(3.,7.89230214751244,7.03342496661066));
#15291=CARTESIAN_POINT('Origin',(3.,0.,0.));
#15292=CARTESIAN_POINT('',(3.,9.61344489325309,4.5222840782492));
#15293=CARTESIAN_POINT('Origin',(3.,0.,0.));
#15294=CARTESIAN_POINT('',(3.,10.4472218342264,5.37755111053933));
#15295=CARTESIAN_POINT('Origin',(3.,6.83663124256894,8.06337232190737));
#15296=CARTESIAN_POINT('',(3.,10.3002042296562,5.65405101032629));
#15297=CARTESIAN_POINT('Origin',(3.,0.,0.));
#15298=CARTESIAN_POINT('',(3.,9.12491357685024,5.44107785415852));
#15299=CARTESIAN_POINT('Origin',(3.,10.5078342908525,1.15884358934029));
#15300=CARTESIAN_POINT('',(3.,8.89050720980297,5.81620645717133));
#15301=CARTESIAN_POINT('Origin',(3.,0.,0.));
#15302=CARTESIAN_POINT('',(3.,9.59713972586915,6.77918941187987));
#15303=CARTESIAN_POINT('Origin',(3.,5.64789308704161,8.93637530690824));
#15304=CARTESIAN_POINT('',(3.,9.41307153805193,7.03253753772538));
#15305=CARTESIAN_POINT('Origin',(3.,0.,0.));
#15306=CARTESIAN_POINT('',(3.,8.27885886765283,6.65806817699294));
#15307=CARTESIAN_POINT('Origin',(3.,10.2442929140028,2.60997368582202));
#15308=CARTESIAN_POINT('',(3.,7.99452591631611,6.9969229932414));
#15309=CARTESIAN_POINT('Origin',(3.,0.,0.));
#15310=CARTESIAN_POINT('',(3.,8.56026020933248,8.04887850253182));
#15311=CARTESIAN_POINT('Origin',(3.,4.34922511695818,9.63544191153638));
#15312=CARTESIAN_POINT('',(3.,8.34272411616962,8.27414372134554));
#15313=CARTESIAN_POINT('Origin',(3.,0.,0.));
#15314=CARTESIAN_POINT('',(3.,7.27166558765896,7.74546677620249));
#15315=CARTESIAN_POINT('Origin',(3.,9.7813580282925,4.01030361331029));
#15316=CARTESIAN_POINT('',(3.,6.94294026950659,8.04145238212998));
#15317=CARTESIAN_POINT('Origin',(3.,0.,0.));
#15318=CARTESIAN_POINT('',(3.,7.35676496497282,9.16190532859559));
#15319=CARTESIAN_POINT('Origin',(3.,2.96590442714341,10.1469655995092));
#15320=CARTESIAN_POINT('',(3.,7.1099950590741,9.35470310912868));
#15321=CARTESIAN_POINT('Origin',(3.,0.,0.));
#15322=CARTESIAN_POINT('',(3.,6.12293760839831,8.68210867495113));
#15323=CARTESIAN_POINT('Origin',(3.,9.12804013469131,5.33257754261822));
#15324=CARTESIAN_POINT('',(3.,5.75621818782863,8.92946404741689));
#15325=CARTESIAN_POINT('Origin',(3.,0.,0.));
#15326=CARTESIAN_POINT('',(3.,6.01007865876609,10.0966060889511));
#15327=CARTESIAN_POINT('Origin',(3.,1.52485578132057,10.4609901440898));
#15328=CARTESIAN_POINT('',(3.,5.73887803565321,10.2531838417097));
#15329=CARTESIAN_POINT('Origin',(3.,0.,0.));
#15330=CARTESIAN_POINT('',(3.,4.85503361332849,9.44976320409409));
#15331=CARTESIAN_POINT('Origin',(3.,8.29705532286013,6.55105891577614));
#15332=CARTESIAN_POINT('',(3.,4.45745786672573,9.64367385213566));
#15333=CARTESIAN_POINT('Origin',(3.,0.,0.));
#15334=CARTESIAN_POINT('',(3.,4.54641300782961,10.8347878965044));
#15335=CARTESIAN_POINT('Origin',(3.,0.0541275522120705,10.5714034147157));
#15336=CARTESIAN_POINT('',(3.,4.25606027914534,10.9520980136356));
#15337=CARTESIAN_POINT('Origin',(3.,0.,0.));
#15338=CARTESIAN_POINT('',(3.,3.49263191149411,10.0334888414157));
#15339=CARTESIAN_POINT('Origin',(3.,7.30457776693001,7.64203137885755));
#15340=CARTESIAN_POINT('',(3.,3.07193819853019,10.170180514839));
#15341=CARTESIAN_POINT('Origin',(3.,0.,0.));
#15342=CARTESIAN_POINT('',(3.,2.99425659916388,11.3620828820408));
#15343=CARTESIAN_POINT('Origin',(3.,-1.41765420813106,10.4760563426673));
#15344=CARTESIAN_POINT('',(3.,2.69040315050072,11.437842055553));
#15345=CARTESIAN_POINT('Origin',(3.,0.,0.));
#15346=CARTESIAN_POINT('',(3.,2.06225010231241,10.4219240313635));
#15347=CARTESIAN_POINT('Origin',(3.,6.16992491360066,8.58426039383135));
#15348=CARTESIAN_POINT('',(3.,1.62662674757817,10.4987361822299));
#15349=CARTESIAN_POINT('Origin',(3.,0.,0.));
#15350=CARTESIAN_POINT('',(3.,1.38382039171183,11.6682278484559));
#15351=CARTESIAN_POINT('Origin',(3.,-2.86184294187068,10.1768047502463));
#15352=CARTESIAN_POINT('Origin',(3.,0.,0.));
#15353=CARTESIAN_POINT('Origin',(-10.,0.,0.));
#15354=CARTESIAN_POINT('',(0.,1.07238038481982,11.7009615122114));
#15355=CARTESIAN_POINT('',(1.5,1.07238038481982,11.7009615122114));
#15356=CARTESIAN_POINT('',(0.,1.38382039171183,11.6682278484559));
#15357=CARTESIAN_POINT('',(1.5,1.38382039171183,11.6682278484559));
#15358=CARTESIAN_POINT('Origin',(0.,0.,0.));
#15359=CARTESIAN_POINT('Origin',(-10.,0.,0.));
#15360=CARTESIAN_POINT('',(0.,-0.253550305592534,11.7472640322134));
#15361=CARTESIAN_POINT('',(1.5,-0.253550305592534,11.7472640322134));
#15362=CARTESIAN_POINT('',(0.,-0.56651504523698,11.7363350626812));
#15363=CARTESIAN_POINT('Origin',(0.,0.,0.));
#15364=CARTESIAN_POINT('',(1.5,-0.56651504523698,11.7363350626812));
#15365=CARTESIAN_POINT('Origin',(-10.,0.,0.));
#15366=CARTESIAN_POINT('',(0.,2.69040315050072,11.437842055553));
#15367=CARTESIAN_POINT('',(1.5,2.69040315050071,11.437842055553));
#15368=CARTESIAN_POINT('',(0.,2.99425659916388,11.3620828820408));
#15369=CARTESIAN_POINT('',(1.5,2.99425659916388,11.3620828820408));
#15370=CARTESIAN_POINT('Origin',(0.,0.,0.));
#15371=CARTESIAN_POINT('Origin',(-10.,0.,0.));
#15372=CARTESIAN_POINT('',(0.,4.25606027914534,10.9520980136356));
#15373=CARTESIAN_POINT('',(1.5,4.25606027914534,10.9520980136356));
#15374=CARTESIAN_POINT('',(0.,4.54641300782961,10.8347878965044));
#15375=CARTESIAN_POINT('',(1.5,4.54641300782961,10.8347878965044));
#15376=CARTESIAN_POINT('Origin',(0.,0.,0.));
#15377=CARTESIAN_POINT('Origin',(-10.,0.,0.));
#15378=CARTESIAN_POINT('',(0.,7.1099950590741,9.35470310912868));
#15379=CARTESIAN_POINT('',(1.5,7.1099950590741,9.35470310912868));
#15380=CARTESIAN_POINT('',(0.,7.35676496497282,9.16190532859559));
#15381=CARTESIAN_POINT('',(1.5,7.35676496497282,9.16190532859559));
#15382=CARTESIAN_POINT('Origin',(0.,0.,0.));
#15383=CARTESIAN_POINT('Origin',(-10.,0.,0.));
#15384=CARTESIAN_POINT('',(0.,6.01007865876609,10.0966060889511));
#15385=CARTESIAN_POINT('',(1.5,6.01007865876609,10.0966060889511));
#15386=CARTESIAN_POINT('',(0.,5.73887803565321,10.2531838417097));
#15387=CARTESIAN_POINT('Origin',(0.,0.,0.));
#15388=CARTESIAN_POINT('',(1.5,5.73887803565321,10.2531838417097));
#15389=CARTESIAN_POINT('Origin',(-10.,0.,0.));
#15390=CARTESIAN_POINT('',(0.,10.3002042296562,5.65405101032629));
#15391=CARTESIAN_POINT('',(1.5,10.3002042296562,5.65405101032629));
#15392=CARTESIAN_POINT('',(0.,10.4472218342264,5.37755111053933));
#15393=CARTESIAN_POINT('',(1.5,10.4472218342264,5.37755111053933));
#15394=CARTESIAN_POINT('Origin',(0.,0.,0.));
#15395=CARTESIAN_POINT('Origin',(-10.,0.,0.));
#15396=CARTESIAN_POINT('',(0.,9.59713972586915,6.77918941187987));
#15397=CARTESIAN_POINT('',(1.5,9.59713972586915,6.77918941187987));
#15398=CARTESIAN_POINT('',(0.,9.41307153805193,7.03253753772538));
#15399=CARTESIAN_POINT('Origin',(0.,0.,0.));
#15400=CARTESIAN_POINT('',(1.5,9.41307153805193,7.03253753772538));
#15401=CARTESIAN_POINT('Origin',(-10.,0.,0.));
#15402=CARTESIAN_POINT('',(0.,8.34272411616962,8.27414372134553));
#15403=CARTESIAN_POINT('',(1.5,8.34272411616962,8.27414372134553));
#15404=CARTESIAN_POINT('',(0.,8.56026020933248,8.04887850253182));
#15405=CARTESIAN_POINT('',(1.5,8.56026020933248,8.04887850253182));
#15406=CARTESIAN_POINT('Origin',(0.,0.,0.));
#15407=CARTESIAN_POINT('Origin',(-10.,0.,0.));
#15408=CARTESIAN_POINT('',(0.,11.0939606531192,3.87124489370587));
#15409=CARTESIAN_POINT('',(1.5,11.0939606531192,3.87124489370587));
#15410=CARTESIAN_POINT('Origin',(0.,0.,0.));
#15411=CARTESIAN_POINT('Origin',(-10.,0.,0.));
#15412=CARTESIAN_POINT('',(0.,11.5247681470921,2.28958929849223));
#15413=CARTESIAN_POINT('',(1.5,11.5247681470921,2.28958929849223));
#15414=CARTESIAN_POINT('Origin',(0.,0.,0.));
#15415=CARTESIAN_POINT('Origin',(-10.,0.,0.));
#15416=CARTESIAN_POINT('',(0.,-11.6564080669038,1.48008478737561));
#15417=CARTESIAN_POINT('',(1.5,-11.6564080669038,1.48008478737561));
#15418=CARTESIAN_POINT('',(0.,-11.6128252441182,1.79019268503995));
#15419=CARTESIAN_POINT('',(1.5,-11.6128252441182,1.79019268503995));
#15420=CARTESIAN_POINT('Origin',(0.,0.,0.));
#15421=CARTESIAN_POINT('Origin',(-10.,0.,0.));
#15422=CARTESIAN_POINT('',(0.,-11.7489566944193,0.156577752758532));
#15423=CARTESIAN_POINT('',(1.5,-11.7489566944193,0.156577752758532));
#15424=CARTESIAN_POINT('',(0.,-11.7489566944193,-0.156577752758695));
#15425=CARTESIAN_POINT('Origin',(0.,0.,0.));
#15426=CARTESIAN_POINT('',(1.5,-11.7489566944193,-0.156577752758695));
#15427=CARTESIAN_POINT('Origin',(-10.,0.,0.));
#15428=CARTESIAN_POINT('',(0.,-11.3369807153336,3.08793916069515));
#15429=CARTESIAN_POINT('',(1.5,-11.3369807153336,3.08793916069515));
#15430=CARTESIAN_POINT('Origin',(0.,0.,0.));
#15431=CARTESIAN_POINT('Origin',(-10.,0.,0.));
#15432=CARTESIAN_POINT('',(0.,-10.7968919297638,4.63569031073049));
#15433=CARTESIAN_POINT('',(1.5,-10.7968919297638,4.63569031073049));
#15434=CARTESIAN_POINT('Origin',(0.,0.,0.));
#15435=CARTESIAN_POINT('Origin',(-10.,0.,0.));
#15436=CARTESIAN_POINT('',(0.,-7.97794646376826,8.62640540557));
#15437=CARTESIAN_POINT('',(1.5,-7.97794646376826,8.62640540557));
#15438=CARTESIAN_POINT('',(0.,-7.74522657027338,8.83594733886136));
#15439=CARTESIAN_POINT('',(1.5,-7.74522657027338,8.83594733886136));
#15440=CARTESIAN_POINT('Origin',(0.,0.,0.));
#15441=CARTESIAN_POINT('Origin',(-10.,0.,0.));
#15442=CARTESIAN_POINT('',(0.,-8.89957674877969,7.67202930733322));
#15443=CARTESIAN_POINT('',(1.5,-8.89957674877969,7.67202930733322));
#15444=CARTESIAN_POINT('',(0.,-9.10086922763129,7.43213827249963));
#15445=CARTESIAN_POINT('Origin',(0.,0.,0.));
#15446=CARTESIAN_POINT('',(1.5,-9.10086922763129,7.43213827249963));
#15447=CARTESIAN_POINT('Origin',(-10.,0.,0.));
#15448=CARTESIAN_POINT('',(0.,-10.0466539240638,6.09321302188703));
#15449=CARTESIAN_POINT('',(1.5,-10.0466539240638,6.09321302188703));
#15450=CARTESIAN_POINT('',(0.,-9.88070678898952,6.35878395214183));
#15451=CARTESIAN_POINT('',(1.5,-9.88070678898952,6.35878395214183));
#15452=CARTESIAN_POINT('Origin',(0.,0.,0.));
#15453=CARTESIAN_POINT('Origin',(-10.,0.,0.));
#15454=CARTESIAN_POINT('',(0.,-5.29113477167021,10.4912531581324));
#15455=CARTESIAN_POINT('',(1.5,-5.29113477167021,10.4912531581324));
#15456=CARTESIAN_POINT('',(0.,-5.00967246774551,10.6285314962093));
#15457=CARTESIAN_POINT('',(1.5,-5.00967246774551,10.6285314962093));
#15458=CARTESIAN_POINT('Origin',(0.,0.,0.));
#15459=CARTESIAN_POINT('Origin',(-10.,0.,0.));
#15460=CARTESIAN_POINT('',(0.,-6.44012436664134,9.8278837061797));
#15461=CARTESIAN_POINT('',(1.5,-6.44012436664134,9.8278837061797));
#15462=CARTESIAN_POINT('',(0.,-6.69974204676759,9.65276936981167));
#15463=CARTESIAN_POINT('Origin',(0.,0.,0.));
#15464=CARTESIAN_POINT('',(1.5,-6.69974204676759,9.65276936981167));
#15465=CARTESIAN_POINT('Origin',(-10.,0.,0.));
#15466=CARTESIAN_POINT('',(0.,-3.77954157681886,11.1255366373536));
#15467=CARTESIAN_POINT('',(1.5,-3.77954157681886,11.1255366373536));
#15468=CARTESIAN_POINT('',(0.,-3.48171299268299,11.2223070104405));
#15469=CARTESIAN_POINT('',(1.5,-3.48171299268299,11.2223070104405));
#15470=CARTESIAN_POINT('Origin',(0.,0.,0.));
#15471=CARTESIAN_POINT('Origin',(-10.,0.,0.));
#15472=CARTESIAN_POINT('',(0.,-2.19438390433956,11.5432742010391));
#15473=CARTESIAN_POINT('',(1.5,-2.19438390433956,11.5432742010391));
#15474=CARTESIAN_POINT('',(0.,-1.88598593460773,11.5976530838986));
#15475=CARTESIAN_POINT('',(1.5,-1.88598593460773,11.5976530838986));
#15476=CARTESIAN_POINT('Origin',(0.,0.,0.));
#15477=CARTESIAN_POINT('Origin',(-10.,0.,0.));
#15478=CARTESIAN_POINT('',(0.,-1.88598593460757,-11.5976530838986));
#15479=CARTESIAN_POINT('',(1.5,-1.88598593460757,-11.5976530838986));
#15480=CARTESIAN_POINT('',(0.,-2.1943839043394,-11.5432742010392));
#15481=CARTESIAN_POINT('',(1.5,-2.1943839043394,-11.5432742010392));
#15482=CARTESIAN_POINT('Origin',(0.,0.,0.));
#15483=CARTESIAN_POINT('Origin',(-10.,0.,0.));
#15484=CARTESIAN_POINT('',(0.,-0.56651504523682,-11.7363350626812));
#15485=CARTESIAN_POINT('',(1.5,-0.56651504523682,-11.7363350626812));
#15486=CARTESIAN_POINT('',(0.,-0.253550305592374,-11.7472640322134));
#15487=CARTESIAN_POINT('Origin',(0.,0.,0.));
#15488=CARTESIAN_POINT('',(1.5,-0.253550305592374,-11.7472640322134));
#15489=CARTESIAN_POINT('Origin',(-10.,0.,0.));
#15490=CARTESIAN_POINT('',(0.,-3.48171299268284,-11.2223070104406));
#15491=CARTESIAN_POINT('',(1.5,-3.48171299268284,-11.2223070104406));
#15492=CARTESIAN_POINT('',(0.,-3.77954157681871,-11.1255366373537));
#15493=CARTESIAN_POINT('',(1.5,-3.77954157681871,-11.1255366373537));
#15494=CARTESIAN_POINT('Origin',(0.,0.,0.));
#15495=CARTESIAN_POINT('Origin',(-10.,0.,0.));
#15496=CARTESIAN_POINT('',(0.,-5.00967246774537,-10.6285314962093));
#15497=CARTESIAN_POINT('',(1.5,-5.00967246774537,-10.6285314962093));
#15498=CARTESIAN_POINT('',(0.,-5.29113477167006,-10.4912531581324));
#15499=CARTESIAN_POINT('',(1.5,-5.29113477167006,-10.4912531581324));
#15500=CARTESIAN_POINT('Origin',(0.,0.,0.));
#15501=CARTESIAN_POINT('Origin',(-10.,0.,0.));
#15502=CARTESIAN_POINT('',(0.,-8.89957674877958,-7.67202930733334));
#15503=CARTESIAN_POINT('',(1.5,-8.89957674877958,-7.67202930733334));
#15504=CARTESIAN_POINT('',(0.,-9.10086922763119,-7.43213827249975));
#15505=CARTESIAN_POINT('',(1.5,-9.10086922763119,-7.43213827249975));
#15506=CARTESIAN_POINT('Origin',(0.,0.,0.));
#15507=CARTESIAN_POINT('Origin',(-10.,0.,0.));
#15508=CARTESIAN_POINT('',(0.,-7.97794646376814,-8.62640540557011));
#15509=CARTESIAN_POINT('',(1.5,-7.97794646376815,-8.62640540557011));
#15510=CARTESIAN_POINT('',(0.,-7.74522657027326,-8.83594733886147));
#15511=CARTESIAN_POINT('Origin',(0.,0.,0.));
#15512=CARTESIAN_POINT('',(1.5,-7.74522657027326,-8.83594733886147));
#15513=CARTESIAN_POINT('Origin',(-10.,0.,0.));
#15514=CARTESIAN_POINT('',(0.,-6.4401243666412,-9.82788370617979));
#15515=CARTESIAN_POINT('',(1.5,-6.4401243666412,-9.82788370617979));
#15516=CARTESIAN_POINT('',(0.,-6.69974204676745,-9.65276936981176));
#15517=CARTESIAN_POINT('',(1.5,-6.69974204676745,-9.65276936981176));
#15518=CARTESIAN_POINT('Origin',(0.,0.,0.));
#15519=CARTESIAN_POINT('Origin',(-10.,0.,0.));
#15520=CARTESIAN_POINT('',(0.,-10.669520110689,-4.92177210033167));
#15521=CARTESIAN_POINT('',(1.5,-10.669520110689,-4.92177210033167));
#15522=CARTESIAN_POINT('',(0.,-10.7968919297638,-4.63569031073064));
#15523=CARTESIAN_POINT('',(1.5,-10.7968919297638,-4.63569031073064));
#15524=CARTESIAN_POINT('Origin',(0.,0.,0.));
#15525=CARTESIAN_POINT('Origin',(-10.,0.,0.));
#15526=CARTESIAN_POINT('',(0.,-10.0466539240637,-6.09321302188717));
#15527=CARTESIAN_POINT('',(1.5,-10.0466539240637,-6.09321302188717));
#15528=CARTESIAN_POINT('',(0.,-9.88070678898943,-6.35878395214196));
#15529=CARTESIAN_POINT('Origin',(0.,0.,0.));
#15530=CARTESIAN_POINT('',(1.5,-9.88070678898943,-6.35878395214196));
#15531=CARTESIAN_POINT('Origin',(-10.,0.,0.));
#15532=CARTESIAN_POINT('',(0.,-11.2506633598332,-3.38896355302122));
#15533=CARTESIAN_POINT('',(1.5,-11.2506633598332,-3.38896355302122));
#15534=CARTESIAN_POINT('',(0.,-11.3369807153335,-3.0879391606953));
#15535=CARTESIAN_POINT('',(1.5,-11.3369807153335,-3.08793916069531));
#15536=CARTESIAN_POINT('Origin',(0.,0.,0.));
#15537=CARTESIAN_POINT('Origin',(-10.,0.,0.));
#15538=CARTESIAN_POINT('',(0.,-11.6128252441182,-1.79019268504011));
#15539=CARTESIAN_POINT('',(1.5,-11.6128252441182,-1.79019268504011));
#15540=CARTESIAN_POINT('',(0.,-11.6564080669037,-1.48008478737578));
#15541=CARTESIAN_POINT('',(1.5,-11.6564080669037,-1.48008478737578));
#15542=CARTESIAN_POINT('Origin',(0.,0.,0.));
#15543=CARTESIAN_POINT('Origin',(-10.,0.,0.));
#15544=CARTESIAN_POINT('',(0.,11.5247681470922,-2.28958929849207));
#15545=CARTESIAN_POINT('',(1.5,11.5247681470922,-2.28958929849207));
#15546=CARTESIAN_POINT('',(0.,11.4596594564512,-2.59590160487034));
#15547=CARTESIAN_POINT('',(1.5,11.4596594564512,-2.59590160487034));
#15548=CARTESIAN_POINT('Origin',(0.,0.,0.));
#15549=CARTESIAN_POINT('Origin',(-10.,0.,0.));
#15550=CARTESIAN_POINT('',(0.,11.709414514513,-0.97576212639743));
#15551=CARTESIAN_POINT('',(1.5,11.709414514513,-0.975762126397429));
#15552=CARTESIAN_POINT('',(0.,11.7312591383114,-0.663369451952664));
#15553=CARTESIAN_POINT('Origin',(0.,0.,0.));
#15554=CARTESIAN_POINT('',(1.5,11.7312591383114,-0.663369451952665));
#15555=CARTESIAN_POINT('Origin',(-10.,0.,0.));
#15556=CARTESIAN_POINT('',(0.,11.0939606531192,-3.87124489370573));
#15557=CARTESIAN_POINT('',(1.5,11.0939606531192,-3.87124489370573));
#15558=CARTESIAN_POINT('',(0.,10.986855162239,-4.16551481139875));
#15559=CARTESIAN_POINT('',(1.5,10.986855162239,-4.16551481139875));
#15560=CARTESIAN_POINT('Origin',(0.,0.,0.));
#15561=CARTESIAN_POINT('Origin',(-10.,0.,0.));
#15562=CARTESIAN_POINT('',(0.,10.4472218342265,-5.37755111053919));
#15563=CARTESIAN_POINT('',(1.5,10.4472218342265,-5.37755111053919));
#15564=CARTESIAN_POINT('',(0.,10.3002042296563,-5.65405101032615));
#15565=CARTESIAN_POINT('',(1.5,10.3002042296563,-5.65405101032615));
#15566=CARTESIAN_POINT('Origin',(0.,0.,0.));
#15567=CARTESIAN_POINT('Origin',(-10.,0.,0.));
#15568=CARTESIAN_POINT('',(0.,7.35676496497295,-9.16190532859549));
#15569=CARTESIAN_POINT('',(1.5,7.35676496497295,-9.16190532859549));
#15570=CARTESIAN_POINT('',(0.,7.10999505907423,-9.35470310912858));
#15571=CARTESIAN_POINT('',(1.5,7.10999505907423,-9.35470310912858));
#15572=CARTESIAN_POINT('Origin',(0.,0.,0.));
#15573=CARTESIAN_POINT('Origin',(-10.,0.,0.));
#15574=CARTESIAN_POINT('',(0.,8.34272411616973,-8.27414372134542));
#15575=CARTESIAN_POINT('',(1.5,8.34272411616973,-8.27414372134542));
#15576=CARTESIAN_POINT('',(0.,8.56026020933259,-8.0488785025317));
#15577=CARTESIAN_POINT('Origin',(0.,0.,0.));
#15578=CARTESIAN_POINT('',(1.5,8.56026020933259,-8.0488785025317));
#15579=CARTESIAN_POINT('Origin',(-10.,0.,0.));
#15580=CARTESIAN_POINT('',(0.,9.59713972586924,-6.77918941187974));
#15581=CARTESIAN_POINT('',(1.5,9.59713972586924,-6.77918941187974));
#15582=CARTESIAN_POINT('',(0.,9.41307153805202,-7.03253753772525));
#15583=CARTESIAN_POINT('',(1.5,9.41307153805202,-7.03253753772525));
#15584=CARTESIAN_POINT('Origin',(0.,0.,0.));
#15585=CARTESIAN_POINT('Origin',(-10.,0.,0.));
#15586=CARTESIAN_POINT('',(0.,4.54641300782976,-10.8347878965043));
#15587=CARTESIAN_POINT('',(1.5,4.54641300782976,-10.8347878965043));
#15588=CARTESIAN_POINT('',(0.,4.25606027914548,-10.9520980136356));
#15589=CARTESIAN_POINT('',(1.5,4.25606027914548,-10.9520980136356));
#15590=CARTESIAN_POINT('Origin',(0.,0.,0.));
#15591=CARTESIAN_POINT('Origin',(-10.,0.,0.));
#15592=CARTESIAN_POINT('',(0.,5.73887803565335,-10.2531838417096));
#15593=CARTESIAN_POINT('',(1.5,5.73887803565335,-10.2531838417096));
#15594=CARTESIAN_POINT('',(0.,6.01007865876623,-10.096606088951));
#15595=CARTESIAN_POINT('Origin',(0.,0.,0.));
#15596=CARTESIAN_POINT('',(1.5,6.01007865876623,-10.096606088951));
#15597=CARTESIAN_POINT('Origin',(-10.,0.,0.));
#15598=CARTESIAN_POINT('',(0.,2.99425659916403,-11.3620828820407));
#15599=CARTESIAN_POINT('',(1.5,2.99425659916403,-11.3620828820407));
#15600=CARTESIAN_POINT('',(0.,2.69040315050087,-11.4378420555529));
#15601=CARTESIAN_POINT('',(1.5,2.69040315050087,-11.4378420555529));
#15602=CARTESIAN_POINT('Origin',(0.,0.,0.));
#15603=CARTESIAN_POINT('Origin',(-10.,0.,0.));
#15604=CARTESIAN_POINT('',(0.,1.38382039171198,-11.6682278484559));
#15605=CARTESIAN_POINT('',(1.5,1.38382039171198,-11.6682278484559));
#15606=CARTESIAN_POINT('',(0.,1.07238038481998,-11.7009615122114));
#15607=CARTESIAN_POINT('',(1.5,1.07238038481998,-11.7009615122114));
#15608=CARTESIAN_POINT('Origin',(0.,0.,0.));
#15609=CARTESIAN_POINT('Origin',(0.,0.,0.));
#15610=CARTESIAN_POINT('',(0.,0.591728940663921,10.6075083248037));
#15611=CARTESIAN_POINT('Origin',(0.,4.91518149001364,9.35940654469069));
#15612=CARTESIAN_POINT('',(0.,1.62662674757817,10.4987361822299));
#15613=CARTESIAN_POINT('Origin',(0.,-2.86184294187068,10.1768047502463));
#15614=CARTESIAN_POINT('',(0.,2.06225010231241,10.4219240313635));
#15615=CARTESIAN_POINT('Origin',(0.,0.,0.));
#15616=CARTESIAN_POINT('Origin',(0.,6.16992491360066,8.58426039383135));
#15617=CARTESIAN_POINT('',(0.,3.07193819853019,10.170180514839));
#15618=CARTESIAN_POINT('Origin',(0.,-1.41765420813106,10.4760563426673));
#15619=CARTESIAN_POINT('',(0.,3.49263191149411,10.0334888414157));
#15620=CARTESIAN_POINT('Origin',(0.,0.,0.));
#15621=CARTESIAN_POINT('Origin',(0.,7.30457776693001,7.64203137885755));
#15622=CARTESIAN_POINT('',(0.,4.45745786672573,9.64367385213566));
#15623=CARTESIAN_POINT('Origin',(0.,0.0541275522120705,10.5714034147157));
#15624=CARTESIAN_POINT('',(0.,4.85503361332848,9.44976320409409));
#15625=CARTESIAN_POINT('Origin',(0.,0.,0.));
#15626=CARTESIAN_POINT('Origin',(0.,8.29705532286013,6.55105891577614));
#15627=CARTESIAN_POINT('',(0.,5.75621818782863,8.92946404741689));
#15628=CARTESIAN_POINT('Origin',(0.,1.52485578132057,10.4609901440898));
#15629=CARTESIAN_POINT('',(0.,6.12293760839831,8.68210867495113));
#15630=CARTESIAN_POINT('Origin',(0.,0.,0.));
#15631=CARTESIAN_POINT('Origin',(0.,9.12804013469131,5.33257754261822));
#15632=CARTESIAN_POINT('',(0.,6.94294026950659,8.04145238212998));
#15633=CARTESIAN_POINT('Origin',(0.,2.96590442714341,10.1469655995092));
#15634=CARTESIAN_POINT('',(0.,7.27166558765896,7.74546677620249));
#15635=CARTESIAN_POINT('Origin',(0.,0.,0.));
#15636=CARTESIAN_POINT('Origin',(0.,9.7813580282925,4.01030361331029));
#15637=CARTESIAN_POINT('',(0.,7.99452591631611,6.9969229932414));
#15638=CARTESIAN_POINT('Origin',(0.,4.34922511695818,9.63544191153638));
#15639=CARTESIAN_POINT('',(0.,8.27885886765283,6.65806817699294));
#15640=CARTESIAN_POINT('Origin',(0.,0.,0.));
#15641=CARTESIAN_POINT('Origin',(0.,10.2442929140028,2.60997368582202));
#15642=CARTESIAN_POINT('',(0.,8.89050720980297,5.81620645717133));
#15643=CARTESIAN_POINT('Origin',(0.,5.64789308704161,8.93637530690824));
#15644=CARTESIAN_POINT('',(0.,9.12491357685024,5.44107785415852));
#15645=CARTESIAN_POINT('Origin',(0.,0.,0.));
#15646=CARTESIAN_POINT('Origin',(0.,10.5078342908525,1.15884358934029));
#15647=CARTESIAN_POINT('',(0.,9.61344489325309,4.5222840782492));
#15648=CARTESIAN_POINT('Origin',(0.,6.83663124256894,8.06337232190737));
#15649=CARTESIAN_POINT('Origin',(0.,0.,0.));
#15650=CARTESIAN_POINT('',(0.,10.1492678069875,3.14034058376585));
#15651=CARTESIAN_POINT('Origin',(0.,7.89230214751244,7.03342496661066));
#15652=CARTESIAN_POINT('Origin',(0.,0.,0.));
#15653=CARTESIAN_POINT('',(0.,10.48754676748,1.69727393190396));
#15654=CARTESIAN_POINT('Origin',(0.,8.79435836851524,5.86657999474119));
#15655=CARTESIAN_POINT('',(0.,10.5491090906273,1.2592352417414));
#15656=CARTESIAN_POINT('Origin',(0.,0.,0.));
#15657=CARTESIAN_POINT('',(0.,11.709414514513,0.975762126397595));
#15658=CARTESIAN_POINT('Origin',(0.,10.0707284374477,-3.21526494829808));
#15659=CARTESIAN_POINT('',(0.,11.7312591383114,0.663369451952664));
#15660=CARTESIAN_POINT('Origin',(0.,0.,0.));
#15661=CARTESIAN_POINT('',(0.,10.621697559551,0.221171773578047));
#15662=CARTESIAN_POINT('Origin',(0.,9.52524240730927,4.58554871640992));
#15663=CARTESIAN_POINT('',(0.,10.621697559551,-0.221171773578046));
#15664=CARTESIAN_POINT('Origin',(0.,0.,0.));
#15665=CARTESIAN_POINT('Origin',(0.,9.52524240730927,-4.58554871640992));
#15666=CARTESIAN_POINT('',(0.,10.5491090906274,-1.25923524174125));
#15667=CARTESIAN_POINT('Origin',(0.,10.0707284374476,3.21526494829823));
#15668=CARTESIAN_POINT('',(0.,10.48754676748,-1.69727393190381));
#15669=CARTESIAN_POINT('Origin',(0.,0.,0.));
#15670=CARTESIAN_POINT('Origin',(0.,8.79435836851533,-5.86657999474107));
#15671=CARTESIAN_POINT('',(0.,10.2711942126884,-2.71513267543907));
#15672=CARTESIAN_POINT('Origin',(0.,10.420199193835,1.78239970527744));
#15673=CARTESIAN_POINT('',(0.,10.1492678069876,-3.14034058376571));
#15674=CARTESIAN_POINT('Origin',(0.,0.,0.));
#15675=CARTESIAN_POINT('Origin',(0.,7.89230214751253,-7.03342496661056));
#15676=CARTESIAN_POINT('',(0.,9.79336222270966,-4.1181831400271));
#15677=CARTESIAN_POINT('Origin',(0.,10.5668526257152,0.314842079443045));
#15678=CARTESIAN_POINT('',(0.,9.61344489325315,-4.52228407824907));
#15679=CARTESIAN_POINT('Origin',(0.,0.,0.));
#15680=CARTESIAN_POINT('Origin',(0.,6.83663124256905,-8.06337232190728));
#15681=CARTESIAN_POINT('',(0.,9.12491357685031,-5.4410778541584));
#15682=CARTESIAN_POINT('Origin',(0.,10.5078342908526,-1.15884358934015));
#15683=CARTESIAN_POINT('',(0.,8.89050720980305,-5.81620645717121));
#15684=CARTESIAN_POINT('Origin',(0.,0.,0.));
#15685=CARTESIAN_POINT('Origin',(0.,5.64789308704173,-8.93637530690816));
#15686=CARTESIAN_POINT('',(0.,8.27885886765293,-6.65806817699283));
#15687=CARTESIAN_POINT('Origin',(0.,10.2442929140029,-2.60997368582188));
#15688=CARTESIAN_POINT('',(0.,7.9945259163162,-6.99692299324129));
#15689=CARTESIAN_POINT('Origin',(0.,0.,0.));
#15690=CARTESIAN_POINT('Origin',(0.,4.34922511695831,-9.63544191153632));
#15691=CARTESIAN_POINT('',(0.,7.27166558765906,-7.74546677620239));
#15692=CARTESIAN_POINT('Origin',(0.,9.78135802829255,-4.01030361331015));
#15693=CARTESIAN_POINT('',(0.,6.9429402695067,-8.04145238212988));
#15694=CARTESIAN_POINT('Origin',(0.,0.,0.));
#15695=CARTESIAN_POINT('Origin',(0.,2.96590442714355,-10.1469655995091));
#15696=CARTESIAN_POINT('',(0.,6.12293760839843,-8.68210867495104));
#15697=CARTESIAN_POINT('Origin',(0.,9.12804013469139,-5.3325775426181));
#15698=CARTESIAN_POINT('',(0.,5.75621818782876,-8.92946404741681));
#15699=CARTESIAN_POINT('Origin',(0.,0.,0.));
#15700=CARTESIAN_POINT('Origin',(0.,1.52485578132071,-10.4609901440898));
#15701=CARTESIAN_POINT('',(0.,4.85503361332862,-9.44976320409402));
#15702=CARTESIAN_POINT('Origin',(0.,8.29705532286022,-6.55105891577603));
#15703=CARTESIAN_POINT('',(0.,4.45745786672587,-9.64367385213559));
#15704=CARTESIAN_POINT('Origin',(0.,0.,0.));
#15705=CARTESIAN_POINT('Origin',(0.,0.054127552212218,-10.5714034147157));
#15706=CARTESIAN_POINT('',(0.,3.49263191149424,-10.0334888414156));
#15707=CARTESIAN_POINT('Origin',(0.,7.30457776693011,-7.64203137885745));
#15708=CARTESIAN_POINT('',(0.,3.07193819853033,-10.170180514839));
#15709=CARTESIAN_POINT('Origin',(0.,0.,0.));
#15710=CARTESIAN_POINT('Origin',(0.,-1.41765420813092,-10.4760563426673));
#15711=CARTESIAN_POINT('',(0.,2.06225010231255,-10.4219240313635));
#15712=CARTESIAN_POINT('Origin',(0.,6.16992491360078,-8.58426039383126));
#15713=CARTESIAN_POINT('',(0.,1.62662674757831,-10.4987361822299));
#15714=CARTESIAN_POINT('Origin',(0.,0.,0.));
#15715=CARTESIAN_POINT('Origin',(0.,-2.86184294187054,-10.1768047502464));
#15716=CARTESIAN_POINT('',(0.,0.591728940664065,-10.6075083248037));
#15717=CARTESIAN_POINT('Origin',(0.,4.91518149001377,-9.35940654469062));
#15718=CARTESIAN_POINT('',(0.,0.149654857245178,-10.6229458919691));
#15719=CARTESIAN_POINT('Origin',(0.,0.,0.));
#15720=CARTESIAN_POINT('Origin',(0.,-4.25032915804475,-9.67947322930573));
#15721=CARTESIAN_POINT('',(0.,-0.890309551732748,-10.5866295345636));
#15722=CARTESIAN_POINT('Origin',(0.,3.56476964965972,-9.95238249332473));
#15723=CARTESIAN_POINT('',(0.,-1.33022989465435,-10.540392043343));
#15724=CARTESIAN_POINT('Origin',(0.,0.,0.));
#15725=CARTESIAN_POINT('Origin',(0.,-5.55608755183538,-8.99374177219424));
#15726=CARTESIAN_POINT('',(0.,-2.35501918141719,-10.3596940425457));
#15727=CARTESIAN_POINT('Origin',(0.,2.14497362294042,-10.3516466373936));
#15728=CARTESIAN_POINT('',(0.,-2.78422323476851,-10.2526814531114));
#15729=CARTESIAN_POINT('Origin',(0.,0.,0.));
#15730=CARTESIAN_POINT('Origin',(0.,-6.75370302138545,-8.13295736171663));
#15731=CARTESIAN_POINT('',(0.,-3.77389104152996,-9.93111888996703));
#15732=CARTESIAN_POINT('Origin',(0.,0.683428124521926,-10.5494277544891));
#15733=CARTESIAN_POINT('',(0.,-4.18402483662489,-9.76541408064738));
#15734=CARTESIAN_POINT('Origin',(0.,0.,0.));
#15735=CARTESIAN_POINT('Origin',(0.,-7.81986534384758,-7.11387418729509));
#15736=CARTESIAN_POINT('',(0.,-5.11930840525678,-9.30924580467544));
#15737=CARTESIAN_POINT('Origin',(0.,-0.791419524952424,-10.5418762601396));
#15738=CARTESIAN_POINT('',(0.,-5.50238915429408,-9.0880740310974));
#15739=CARTESIAN_POINT('Origin',(0.,0.,0.));
#15740=CARTESIAN_POINT('Origin',(0.,-8.7338228823567,-5.95632754372979));
#15741=CARTESIAN_POINT('',(0.,-6.36508425400228,-8.506178838906));
#15742=CARTESIAN_POINT('Origin',(0.,-2.25086309359994,-10.3291391355931));
#15743=CARTESIAN_POINT('',(0.,-6.71365572594983,-8.2338449580631));
#15744=CARTESIAN_POINT('Origin',(0.,0.,0.));
#15745=CARTESIAN_POINT('Origin',(0.,-9.47778649303703,-4.68284775974796));
#15746=CARTESIAN_POINT('',(0.,-7.48697097791966,-7.53754877767227));
#15747=CARTESIAN_POINT('Origin',(0.,-3.66649617244936,-9.9153570669939));
#15748=CARTESIAN_POINT('',(0.,-7.79424862557017,-7.21935345877992));
#15749=CARTESIAN_POINT('Origin',(0.,0.,0.));
#15750=CARTESIAN_POINT('Origin',(0.,-10.0372757704527,-3.31822167078301));
#15751=CARTESIAN_POINT('',(0.,-8.46313232805509,-6.42220890331581));
#15752=CARTESIAN_POINT('Origin',(0.,-5.01076507387963,-9.30858385163714));
#15753=CARTESIAN_POINT('',(0.,-8.72313534152019,-6.06434545631444));
#15754=CARTESIAN_POINT('Origin',(0.,0.,0.));
#15755=CARTESIAN_POINT('Origin',(0.,-10.4014008922286,-1.88901017141748));
#15756=CARTESIAN_POINT('',(0.,-9.27456843409527,-5.18186803781065));
#15757=CARTESIAN_POINT('Origin',(0.,-6.25750513280763,-8.52062963996545));
#15758=CARTESIAN_POINT('',(0.,-9.4822361504669,-4.7913018676325));
#15759=CARTESIAN_POINT('Origin',(0.,0.,0.));
#15760=CARTESIAN_POINT('Origin',(0.,-10.5630745770553,-0.423031237782525));
#15761=CARTESIAN_POINT('',(0.,-9.90548561523101,-3.84066800523705));
#15762=CARTESIAN_POINT('Origin',(0.,-7.38244997213211,-7.56683106442441));
#15763=CARTESIAN_POINT('',(0.,-10.0567760186285,-3.4250010381222));
#15764=CARTESIAN_POINT('Origin',(0.,0.,0.));
#15765=CARTESIAN_POINT('Origin',(0.,-10.5191500305589,1.05118151770496));
#15766=CARTESIAN_POINT('',(0.,-10.3436037861892,-2.42471373863661));
#15767=CARTESIAN_POINT('Origin',(0.,-8.36370382016142,-6.4657527293571));
#15768=CARTESIAN_POINT('',(0.,-10.4355721810007,-1.99203645928579));
#15769=CARTESIAN_POINT('Origin',(0.,0.,0.));
#15770=CARTESIAN_POINT('Origin',(0.,-10.2704821940735,2.50493422065158));
#15771=CARTESIAN_POINT('',(0.,-10.5803954751241,-0.961565177184601));
#15772=CARTESIAN_POINT('Origin',(0.,-9.18216768690338,-5.23882587209758));
#15773=CARTESIAN_POINT('',(0.,-10.6112518011572,-0.520299156677272));
#15774=CARTESIAN_POINT('Origin',(0.,0.,0.));
#15775=CARTESIAN_POINT('Origin',(0.,-9.82191110418076,3.90993122831365));
#15776=CARTESIAN_POINT('',(0.,-10.6112518011572,0.520299156677123));
#15777=CARTESIAN_POINT('Origin',(0.,-9.82191110418071,-3.90993122831379));
#15778=CARTESIAN_POINT('',(0.,-10.5803954751241,0.961565177184453));
#15779=CARTESIAN_POINT('Origin',(0.,0.,0.));
#15780=CARTESIAN_POINT('Origin',(0.,-9.18216768690346,5.23882587209745));
#15781=CARTESIAN_POINT('',(0.,-10.4355721810007,1.99203645928565));
#15782=CARTESIAN_POINT('Origin',(0.,-10.2704821940734,-2.50493422065171));
#15783=CARTESIAN_POINT('',(0.,-10.3436037861892,2.42471373863646));
#15784=CARTESIAN_POINT('Origin',(0.,0.,0.));
#15785=CARTESIAN_POINT('Origin',(0.,-8.36370382016151,6.46575272935699));
#15786=CARTESIAN_POINT('',(0.,-9.90548561523106,3.84066800523691));
#15787=CARTESIAN_POINT('Origin',(0.,0.,0.));
#15788=CARTESIAN_POINT('Origin',(0.,-7.38244997213222,7.56683106442431));
#15789=CARTESIAN_POINT('',(0.,-9.27456843409534,5.18186803781053));
#15790=CARTESIAN_POINT('Origin',(0.,0.,0.));
#15791=CARTESIAN_POINT('Origin',(0.,-6.25750513280774,8.52062963996537));
#15792=CARTESIAN_POINT('',(0.,-8.72313534152027,6.06434545631432));
#15793=CARTESIAN_POINT('Origin',(0.,-10.4014008922286,1.88901017141734));
#15794=CARTESIAN_POINT('',(0.,-8.46313232805518,6.42220890331569));
#15795=CARTESIAN_POINT('Origin',(0.,0.,0.));
#15796=CARTESIAN_POINT('Origin',(0.,-5.01076507387975,9.30858385163707));
#15797=CARTESIAN_POINT('',(0.,-7.79424862557027,7.21935345877981));
#15798=CARTESIAN_POINT('Origin',(0.,-10.0372757704528,3.31822167078287));
#15799=CARTESIAN_POINT('',(0.,-7.48697097791977,7.53754877767217));
#15800=CARTESIAN_POINT('Origin',(0.,0.,0.));
#15801=CARTESIAN_POINT('Origin',(0.,-3.66649617244949,9.91535706699385));
#15802=CARTESIAN_POINT('',(0.,-6.71365572594994,8.233844958063));
#15803=CARTESIAN_POINT('Origin',(0.,-9.47778649303709,4.68284775974783));
#15804=CARTESIAN_POINT('',(0.,-6.3650842540024,8.50617883890591));
#15805=CARTESIAN_POINT('Origin',(0.,0.,0.));
#15806=CARTESIAN_POINT('Origin',(0.,-2.25086309360008,10.3291391355931));
#15807=CARTESIAN_POINT('',(0.,-5.50238915429421,9.08807403109732));
#15808=CARTESIAN_POINT('Origin',(0.,-8.73382288235678,5.95632754372967));
#15809=CARTESIAN_POINT('',(0.,-5.11930840525691,9.30924580467537));
#15810=CARTESIAN_POINT('Origin',(0.,0.,0.));
#15811=CARTESIAN_POINT('Origin',(0.,-0.791419524952571,10.5418762601396));
#15812=CARTESIAN_POINT('',(0.,-4.18402483662503,9.76541408064732));
#15813=CARTESIAN_POINT('Origin',(0.,-7.81986534384767,7.11387418729498));
#15814=CARTESIAN_POINT('',(0.,-3.7738910415301,9.93111888996698));
#15815=CARTESIAN_POINT('Origin',(0.,0.,0.));
#15816=CARTESIAN_POINT('Origin',(0.,0.683428124521781,10.5494277544891));
#15817=CARTESIAN_POINT('',(0.,-2.78422323476865,10.2526814531114));
#15818=CARTESIAN_POINT('Origin',(0.,-6.75370302138556,8.13295736171654));
#15819=CARTESIAN_POINT('',(0.,-2.35501918141733,10.3596940425457));
#15820=CARTESIAN_POINT('Origin',(0.,0.,0.));
#15821=CARTESIAN_POINT('Origin',(0.,2.14497362294028,10.3516466373936));
#15822=CARTESIAN_POINT('',(0.,-1.3302298946545,10.540392043343));
#15823=CARTESIAN_POINT('Origin',(0.,-5.5560875518355,8.99374177219416));
#15824=CARTESIAN_POINT('',(0.,-0.890309551732893,10.5866295345635));
#15825=CARTESIAN_POINT('Origin',(0.,0.,0.));
#15826=CARTESIAN_POINT('Origin',(0.,3.56476964965959,9.95238249332478));
#15827=CARTESIAN_POINT('',(0.,0.149654857245033,10.6229458919691));
#15828=CARTESIAN_POINT('Origin',(0.,-4.25032915804488,9.67947322930567));
#15829=CARTESIAN_POINT('Origin',(0.,0.,0.));
#15830=CARTESIAN_POINT('Origin',(-10.,0.,0.));
#15831=CARTESIAN_POINT('',(1.5,11.709414514513,0.975762126397594));
#15832=CARTESIAN_POINT('',(1.5,11.7312591383114,0.663369451952665));
#15833=CARTESIAN_POINT('Origin',(3.,9.52524240730927,-4.58554871640992));
#15834=CARTESIAN_POINT('',(3.,10.621697559551,-0.221171773578046));
#15835=CARTESIAN_POINT('Origin',(3.,9.52524240730927,4.58554871640992));
#15836=CARTESIAN_POINT('',(3.,10.621697559551,0.221171773578047));
#15837=CARTESIAN_POINT('Origin',(3.,0.,0.));
#15838=CARTESIAN_POINT('Origin',(3.,10.0707284374477,-3.21526494829808));
#15839=CARTESIAN_POINT('',(3.,10.5491090906273,1.2592352417414));
#15840=CARTESIAN_POINT('Origin',(3.,8.79435836851524,5.86657999474119));
#15841=CARTESIAN_POINT('',(3.,10.48754676748,1.69727393190396));
#15842=CARTESIAN_POINT('Origin',(3.,0.,0.));
#15843=CARTESIAN_POINT('Origin',(3.,-4.25032915804475,-9.67947322930573));
#15844=CARTESIAN_POINT('',(3.,0.149654857245178,-10.6229458919691));
#15845=CARTESIAN_POINT('Origin',(3.,4.91518149001377,-9.35940654469062));
#15846=CARTESIAN_POINT('',(3.,0.591728940664065,-10.6075083248037));
#15847=CARTESIAN_POINT('Origin',(3.,0.,0.));
#15848=CARTESIAN_POINT('Origin',(3.,-2.86184294187054,-10.1768047502464));
#15849=CARTESIAN_POINT('',(3.,1.62662674757831,-10.4987361822299));
#15850=CARTESIAN_POINT('Origin',(3.,6.16992491360078,-8.58426039383126));
#15851=CARTESIAN_POINT('',(3.,2.06225010231255,-10.4219240313635));
#15852=CARTESIAN_POINT('Origin',(3.,0.,0.));
#15853=CARTESIAN_POINT('Origin',(3.,-1.41765420813092,-10.4760563426673));
#15854=CARTESIAN_POINT('',(3.,3.07193819853032,-10.170180514839));
#15855=CARTESIAN_POINT('Origin',(3.,7.30457776693011,-7.64203137885745));
#15856=CARTESIAN_POINT('',(3.,3.49263191149424,-10.0334888414156));
#15857=CARTESIAN_POINT('Origin',(3.,0.,0.));
#15858=CARTESIAN_POINT('Origin',(3.,1.52485578132071,-10.4609901440898));
#15859=CARTESIAN_POINT('',(3.,5.75621818782876,-8.92946404741681));
#15860=CARTESIAN_POINT('Origin',(3.,9.12804013469139,-5.3325775426181));
#15861=CARTESIAN_POINT('',(3.,6.12293760839843,-8.68210867495104));
#15862=CARTESIAN_POINT('Origin',(3.,0.,0.));
#15863=CARTESIAN_POINT('Origin',(3.,0.054127552212218,-10.5714034147157));
#15864=CARTESIAN_POINT('',(3.,4.45745786672587,-9.64367385213559));
#15865=CARTESIAN_POINT('Origin',(3.,8.29705532286022,-6.55105891577603));
#15866=CARTESIAN_POINT('',(3.,4.85503361332862,-9.44976320409402));
#15867=CARTESIAN_POINT('Origin',(3.,0.,0.));
#15868=CARTESIAN_POINT('Origin',(3.,4.34922511695831,-9.63544191153632));
#15869=CARTESIAN_POINT('',(3.,7.9945259163162,-6.99692299324129));
#15870=CARTESIAN_POINT('Origin',(3.,10.2442929140029,-2.60997368582188));
#15871=CARTESIAN_POINT('',(3.,8.27885886765293,-6.65806817699283));
#15872=CARTESIAN_POINT('Origin',(3.,0.,0.));
#15873=CARTESIAN_POINT('Origin',(3.,5.64789308704173,-8.93637530690816));
#15874=CARTESIAN_POINT('',(3.,8.89050720980305,-5.81620645717121));
#15875=CARTESIAN_POINT('Origin',(3.,10.5078342908526,-1.15884358934015));
#15876=CARTESIAN_POINT('',(3.,9.12491357685031,-5.4410778541584));
#15877=CARTESIAN_POINT('Origin',(3.,0.,0.));
#15878=CARTESIAN_POINT('Origin',(3.,2.96590442714355,-10.1469655995091));
#15879=CARTESIAN_POINT('',(3.,6.9429402695067,-8.04145238212988));
#15880=CARTESIAN_POINT('Origin',(3.,9.78135802829255,-4.01030361331015));
#15881=CARTESIAN_POINT('',(3.,7.27166558765906,-7.74546677620239));
#15882=CARTESIAN_POINT('Origin',(3.,0.,0.));
#15883=CARTESIAN_POINT('Origin',(3.,6.83663124256905,-8.06337232190728));
#15884=CARTESIAN_POINT('',(3.,9.61344489325315,-4.52228407824907));
#15885=CARTESIAN_POINT('Origin',(3.,10.5668526257152,0.314842079443045));
#15886=CARTESIAN_POINT('',(3.,9.79336222270966,-4.1181831400271));
#15887=CARTESIAN_POINT('Origin',(3.,0.,0.));
#15888=CARTESIAN_POINT('Origin',(3.,7.89230214751253,-7.03342496661056));
#15889=CARTESIAN_POINT('',(3.,10.1492678069876,-3.14034058376571));
#15890=CARTESIAN_POINT('Origin',(3.,10.420199193835,1.78239970527744));
#15891=CARTESIAN_POINT('',(3.,10.2711942126884,-2.71513267543907));
#15892=CARTESIAN_POINT('Origin',(3.,0.,0.));
#15893=CARTESIAN_POINT('Origin',(3.,8.79435836851533,-5.86657999474107));
#15894=CARTESIAN_POINT('',(3.,10.48754676748,-1.69727393190381));
#15895=CARTESIAN_POINT('Origin',(3.,10.0707284374476,3.21526494829823));
#15896=CARTESIAN_POINT('',(3.,10.5491090906274,-1.25923524174125));
#15897=CARTESIAN_POINT('Origin',(3.,0.,0.));
#15898=CARTESIAN_POINT('Origin',(3.,-9.82191110418076,3.90993122831365));
#15899=CARTESIAN_POINT('',(3.,-10.6112518011572,-0.520299156677272));
#15900=CARTESIAN_POINT('Origin',(3.,-9.18216768690338,-5.23882587209758));
#15901=CARTESIAN_POINT('',(3.,-10.5803954751241,-0.961565177184601));
#15902=CARTESIAN_POINT('Origin',(3.,0.,0.));
#15903=CARTESIAN_POINT('Origin',(3.,-10.2704821940735,2.50493422065158));
#15904=CARTESIAN_POINT('',(3.,-10.4355721810007,-1.99203645928579));
#15905=CARTESIAN_POINT('Origin',(3.,-8.36370382016142,-6.4657527293571));
#15906=CARTESIAN_POINT('',(3.,-10.3436037861892,-2.42471373863661));
#15907=CARTESIAN_POINT('Origin',(3.,0.,0.));
#15908=CARTESIAN_POINT('Origin',(3.,-10.5191500305589,1.05118151770496));
#15909=CARTESIAN_POINT('',(3.,-10.0567760186285,-3.4250010381222));
#15910=CARTESIAN_POINT('Origin',(3.,-7.38244997213211,-7.56683106442441));
#15911=CARTESIAN_POINT('',(3.,-9.90548561523101,-3.84066800523705));
#15912=CARTESIAN_POINT('Origin',(3.,0.,0.));
#15913=CARTESIAN_POINT('Origin',(3.,-10.4014008922286,-1.88901017141748));
#15914=CARTESIAN_POINT('',(3.,-8.72313534152019,-6.06434545631444));
#15915=CARTESIAN_POINT('Origin',(3.,-5.01076507387963,-9.30858385163714));
#15916=CARTESIAN_POINT('',(3.,-8.46313232805509,-6.42220890331581));
#15917=CARTESIAN_POINT('Origin',(3.,0.,0.));
#15918=CARTESIAN_POINT('Origin',(3.,-10.5630745770553,-0.423031237782525));
#15919=CARTESIAN_POINT('',(3.,-9.4822361504669,-4.7913018676325));
#15920=CARTESIAN_POINT('Origin',(3.,-6.25750513280763,-8.52062963996545));
#15921=CARTESIAN_POINT('',(3.,-9.27456843409527,-5.18186803781065));
#15922=CARTESIAN_POINT('Origin',(3.,0.,0.));
#15923=CARTESIAN_POINT('Origin',(3.,-9.47778649303703,-4.68284775974796));
#15924=CARTESIAN_POINT('',(3.,-6.71365572594983,-8.2338449580631));
#15925=CARTESIAN_POINT('Origin',(3.,-2.25086309359994,-10.3291391355931));
#15926=CARTESIAN_POINT('',(3.,-6.36508425400228,-8.506178838906));
#15927=CARTESIAN_POINT('Origin',(3.,0.,0.));
#15928=CARTESIAN_POINT('Origin',(3.,-8.7338228823567,-5.95632754372979));
#15929=CARTESIAN_POINT('',(3.,-5.50238915429408,-9.0880740310974));
#15930=CARTESIAN_POINT('Origin',(3.,-0.791419524952424,-10.5418762601396));
#15931=CARTESIAN_POINT('',(3.,-5.11930840525678,-9.30924580467544));
#15932=CARTESIAN_POINT('Origin',(3.,0.,0.));
#15933=CARTESIAN_POINT('Origin',(3.,-10.0372757704527,-3.31822167078301));
#15934=CARTESIAN_POINT('',(3.,-7.79424862557017,-7.21935345877992));
#15935=CARTESIAN_POINT('Origin',(3.,-3.66649617244936,-9.9153570669939));
#15936=CARTESIAN_POINT('',(3.,-7.48697097791966,-7.53754877767227));
#15937=CARTESIAN_POINT('Origin',(3.,0.,0.));
#15938=CARTESIAN_POINT('Origin',(3.,-7.81986534384758,-7.11387418729509));
#15939=CARTESIAN_POINT('',(3.,-4.18402483662489,-9.76541408064738));
#15940=CARTESIAN_POINT('Origin',(3.,0.683428124521926,-10.5494277544891));
#15941=CARTESIAN_POINT('',(3.,-3.77389104152996,-9.93111888996703));
#15942=CARTESIAN_POINT('Origin',(3.,0.,0.));
#15943=CARTESIAN_POINT('Origin',(3.,-6.75370302138545,-8.13295736171663));
#15944=CARTESIAN_POINT('',(3.,-2.78422323476851,-10.2526814531114));
#15945=CARTESIAN_POINT('Origin',(3.,2.14497362294042,-10.3516466373936));
#15946=CARTESIAN_POINT('',(3.,-2.35501918141719,-10.3596940425457));
#15947=CARTESIAN_POINT('Origin',(3.,0.,0.));
#15948=CARTESIAN_POINT('Origin',(3.,-5.55608755183538,-8.99374177219424));
#15949=CARTESIAN_POINT('',(3.,-1.33022989465435,-10.540392043343));
#15950=CARTESIAN_POINT('Origin',(3.,3.56476964965972,-9.95238249332473));
#15951=CARTESIAN_POINT('',(3.,-0.890309551732748,-10.5866295345636));
#15952=CARTESIAN_POINT('Origin',(3.,0.,0.));
#15953=CARTESIAN_POINT('Origin',(3.,3.56476964965959,9.95238249332478));
#15954=CARTESIAN_POINT('',(3.,-0.890309551732893,10.5866295345635));
#15955=CARTESIAN_POINT('Origin',(3.,-5.5560875518355,8.99374177219416));
#15956=CARTESIAN_POINT('',(3.,-1.3302298946545,10.540392043343));
#15957=CARTESIAN_POINT('Origin',(3.,0.,0.));
#15958=CARTESIAN_POINT('Origin',(3.,2.14497362294028,10.3516466373936));
#15959=CARTESIAN_POINT('',(3.,-2.35501918141733,10.3596940425457));
#15960=CARTESIAN_POINT('Origin',(3.,-6.75370302138556,8.13295736171654));
#15961=CARTESIAN_POINT('',(3.,-2.78422323476865,10.2526814531114));
#15962=CARTESIAN_POINT('Origin',(3.,0.,0.));
#15963=CARTESIAN_POINT('Origin',(3.,0.683428124521781,10.5494277544891));
#15964=CARTESIAN_POINT('',(3.,-3.7738910415301,9.93111888996698));
#15965=CARTESIAN_POINT('Origin',(3.,-7.81986534384767,7.11387418729498));
#15966=CARTESIAN_POINT('',(3.,-4.18402483662503,9.76541408064732));
#15967=CARTESIAN_POINT('Origin',(3.,0.,0.));
#15968=CARTESIAN_POINT('Origin',(3.,-2.25086309360008,10.3291391355931));
#15969=CARTESIAN_POINT('',(3.,-6.3650842540024,8.50617883890591));
#15970=CARTESIAN_POINT('Origin',(3.,-9.47778649303709,4.68284775974783));
#15971=CARTESIAN_POINT('',(3.,-6.71365572594994,8.233844958063));
#15972=CARTESIAN_POINT('Origin',(3.,0.,0.));
#15973=CARTESIAN_POINT('Origin',(3.,-0.791419524952571,10.5418762601396));
#15974=CARTESIAN_POINT('',(3.,-5.11930840525691,9.30924580467537));
#15975=CARTESIAN_POINT('Origin',(3.,-8.73382288235678,5.95632754372967));
#15976=CARTESIAN_POINT('',(3.,-5.50238915429421,9.08807403109732));
#15977=CARTESIAN_POINT('Origin',(3.,0.,0.));
#15978=CARTESIAN_POINT('Origin',(3.,-5.01076507387975,9.30858385163707));
#15979=CARTESIAN_POINT('',(3.,-8.46313232805518,6.42220890331569));
#15980=CARTESIAN_POINT('Origin',(3.,-10.4014008922286,1.88901017141734));
#15981=CARTESIAN_POINT('',(3.,-8.72313534152027,6.06434545631432));
#15982=CARTESIAN_POINT('Origin',(3.,0.,0.));
#15983=CARTESIAN_POINT('Origin',(3.,-6.25750513280774,8.52062963996537));
#15984=CARTESIAN_POINT('',(3.,-9.27456843409534,5.18186803781053));
#15985=CARTESIAN_POINT('Origin',(3.,0.,0.));
#15986=CARTESIAN_POINT('Origin',(3.,-3.66649617244949,9.91535706699385));
#15987=CARTESIAN_POINT('',(3.,-7.48697097791977,7.53754877767217));
#15988=CARTESIAN_POINT('Origin',(3.,-10.0372757704528,3.31822167078287));
#15989=CARTESIAN_POINT('',(3.,-7.79424862557027,7.21935345877981));
#15990=CARTESIAN_POINT('Origin',(3.,0.,0.));
#15991=CARTESIAN_POINT('Origin',(3.,-7.38244997213222,7.56683106442431));
#15992=CARTESIAN_POINT('',(3.,-9.90548561523107,3.84066800523691));
#15993=CARTESIAN_POINT('Origin',(3.,0.,0.));
#15994=CARTESIAN_POINT('Origin',(3.,-8.36370382016151,6.46575272935699));
#15995=CARTESIAN_POINT('',(3.,-10.3436037861892,2.42471373863646));
#15996=CARTESIAN_POINT('Origin',(3.,-10.2704821940734,-2.50493422065171));
#15997=CARTESIAN_POINT('',(3.,-10.4355721810007,1.99203645928565));
#15998=CARTESIAN_POINT('Origin',(3.,0.,0.));
#15999=CARTESIAN_POINT('Origin',(3.,-9.18216768690346,5.23882587209745));
#16000=CARTESIAN_POINT('',(3.,-10.5803954751241,0.961565177184453));
#16001=CARTESIAN_POINT('Origin',(3.,-9.82191110418071,-3.90993122831379));
#16002=CARTESIAN_POINT('',(3.,-10.6112518011572,0.520299156677123));
#16003=CARTESIAN_POINT('Origin',(3.,0.,0.));
#16004=CARTESIAN_POINT('Origin',(3.,7.89230214751244,7.03342496661066));
#16005=CARTESIAN_POINT('',(3.,10.1492678069875,3.14034058376585));
#16006=CARTESIAN_POINT('Origin',(3.,0.,0.));
#16007=CARTESIAN_POINT('Origin',(3.,6.83663124256894,8.06337232190737));
#16008=CARTESIAN_POINT('',(3.,9.61344489325309,4.5222840782492));
#16009=CARTESIAN_POINT('Origin',(3.,0.,0.));
#16010=CARTESIAN_POINT('Origin',(3.,10.2442929140028,2.60997368582202));
#16011=CARTESIAN_POINT('',(3.,8.27885886765283,6.65806817699294));
#16012=CARTESIAN_POINT('Origin',(3.,4.34922511695818,9.63544191153638));
#16013=CARTESIAN_POINT('',(3.,7.99452591631611,6.9969229932414));
#16014=CARTESIAN_POINT('Origin',(3.,0.,0.));
#16015=CARTESIAN_POINT('Origin',(3.,9.7813580282925,4.01030361331029));
#16016=CARTESIAN_POINT('',(3.,7.27166558765896,7.74546677620249));
#16017=CARTESIAN_POINT('Origin',(3.,2.96590442714341,10.1469655995092));
#16018=CARTESIAN_POINT('',(3.,6.94294026950659,8.04145238212998));
#16019=CARTESIAN_POINT('Origin',(3.,0.,0.));
#16020=CARTESIAN_POINT('Origin',(3.,10.5078342908525,1.15884358934029));
#16021=CARTESIAN_POINT('',(3.,9.12491357685024,5.44107785415852));
#16022=CARTESIAN_POINT('Origin',(3.,5.64789308704161,8.93637530690824));
#16023=CARTESIAN_POINT('',(3.,8.89050720980297,5.81620645717133));
#16024=CARTESIAN_POINT('Origin',(3.,0.,0.));
#16025=CARTESIAN_POINT('Origin',(3.,8.29705532286013,6.55105891577614));
#16026=CARTESIAN_POINT('',(3.,4.85503361332849,9.44976320409409));
#16027=CARTESIAN_POINT('Origin',(3.,0.0541275522120705,10.5714034147157));
#16028=CARTESIAN_POINT('',(3.,4.45745786672573,9.64367385213566));
#16029=CARTESIAN_POINT('Origin',(3.,0.,0.));
#16030=CARTESIAN_POINT('Origin',(3.,9.12804013469131,5.33257754261822));
#16031=CARTESIAN_POINT('',(3.,6.12293760839831,8.68210867495113));
#16032=CARTESIAN_POINT('Origin',(3.,1.52485578132057,10.4609901440898));
#16033=CARTESIAN_POINT('',(3.,5.75621818782863,8.92946404741689));
#16034=CARTESIAN_POINT('Origin',(3.,0.,0.));
#16035=CARTESIAN_POINT('Origin',(3.,7.30457776693001,7.64203137885755));
#16036=CARTESIAN_POINT('',(3.,3.49263191149411,10.0334888414157));
#16037=CARTESIAN_POINT('Origin',(3.,-1.41765420813106,10.4760563426673));
#16038=CARTESIAN_POINT('',(3.,3.07193819853019,10.170180514839));
#16039=CARTESIAN_POINT('Origin',(3.,0.,0.));
#16040=CARTESIAN_POINT('Origin',(3.,6.16992491360066,8.58426039383135));
#16041=CARTESIAN_POINT('',(3.,2.06225010231241,10.4219240313635));
#16042=CARTESIAN_POINT('Origin',(3.,-2.86184294187068,10.1768047502463));
#16043=CARTESIAN_POINT('',(3.,1.62662674757817,10.4987361822299));
#16044=CARTESIAN_POINT('Origin',(3.,0.,0.));
#16045=CARTESIAN_POINT('Origin',(3.,4.91518149001364,9.35940654469069));
#16046=CARTESIAN_POINT('',(3.,0.591728940663921,10.6075083248037));
#16047=CARTESIAN_POINT('Origin',(3.,-4.25032915804488,9.67947322930567));
#16048=CARTESIAN_POINT('',(3.,0.149654857245033,10.6229458919691));
#16049=CARTESIAN_POINT('Origin',(3.,0.,0.));
#16050=CARTESIAN_POINT('',(0.,0.,0.));
#16051=CARTESIAN_POINT('Origin',(50.0000508,0.,0.));
#16052=CARTESIAN_POINT('',(3.99999999999999,-1.83697019872103E-16,-1.5));
#16053=CARTESIAN_POINT('Origin',(4.,0.,0.));
#16054=CARTESIAN_POINT('',(-8.88178419700125E-15,-1.83697019872103E-16,
-1.5));
#16055=CARTESIAN_POINT('',(50.0000508,-1.83697019872103E-16,-1.5));
#16056=CARTESIAN_POINT('Origin',(0.,0.,0.));
#16057=CARTESIAN_POINT('Origin',(4.,0.,0.));
#16058=CARTESIAN_POINT('',(4.,-0.261866102948553,3.36382254944082));
#16059=CARTESIAN_POINT('',(4.,0.26186610294853,3.36382254944082));
#16060=CARTESIAN_POINT('Origin',(4.,0.,0.));
#16061=CARTESIAN_POINT('',(0.,0.26186610294853,3.36382254944082));
#16062=CARTESIAN_POINT('',(4.,0.26186610294853,3.36382254944082));
#16063=CARTESIAN_POINT('',(0.,-0.261866102948553,3.36382254944082));
#16064=CARTESIAN_POINT('Origin',(0.,0.,0.));
#16065=CARTESIAN_POINT('',(4.,-0.261866102948553,3.36382254944082));
#16066=CARTESIAN_POINT('Origin',(4.,3.62451950644586,0.995597256147021));
#16067=CARTESIAN_POINT('',(4.,2.56374903257563,2.19341443826002));
#16068=CARTESIAN_POINT('',(4.,3.67658439929736,2.59474992144585));
#16069=CARTESIAN_POINT('Origin',(4.,3.62451950644586,0.995597256147021));
#16070=CARTESIAN_POINT('',(0.,3.67658439929736,2.59474992144585));
#16071=CARTESIAN_POINT('',(2.,3.67658439929736,2.59474992144585));
#16072=CARTESIAN_POINT('',(0.,2.56374903257563,2.19341443826002));
#16073=CARTESIAN_POINT('Origin',(0.,3.62451950644586,0.995597256147021));
#16074=CARTESIAN_POINT('',(4.,2.56374903257563,2.19341443826002));
#16075=CARTESIAN_POINT('Origin',(4.,-3.72961796242884,-0.467231637822322));
#16076=CARTESIAN_POINT('',(4.,-4.38968888212909,0.990268407106003));
#16077=CARTESIAN_POINT('',(4.,-3.20797862352473,1.04534642631443));
#16078=CARTESIAN_POINT('Origin',(4.,-3.72961796242884,-0.467231637822322));
#16079=CARTESIAN_POINT('',(0.,-3.20797862352473,1.04534642631443));
#16080=CARTESIAN_POINT('',(4.,-3.20797862352473,1.04534642631443));
#16081=CARTESIAN_POINT('',(0.,-4.38968888212909,0.990268407106003));
#16082=CARTESIAN_POINT('Origin',(0.,-3.72961796242884,-0.467231637822322));
#16083=CARTESIAN_POINT('',(2.,-4.38968888212909,0.990268407106003));
#16084=CARTESIAN_POINT('Origin',(4.,-3.62451950644587,0.995597256146995));
#16085=CARTESIAN_POINT('',(4.,-3.67658439929738,2.59474992144583));
#16086=CARTESIAN_POINT('',(4.,-2.56374903257564,2.19341443826));
#16087=CARTESIAN_POINT('Origin',(4.,-3.62451950644587,0.995597256146995));
#16088=CARTESIAN_POINT('',(0.,-2.56374903257564,2.19341443826));
#16089=CARTESIAN_POINT('',(4.,-2.56374903257564,2.19341443826));
#16090=CARTESIAN_POINT('',(0.,-3.67658439929738,2.59474992144583));
#16091=CARTESIAN_POINT('Origin',(0.,-3.62451950644587,0.995597256146995));
#16092=CARTESIAN_POINT('',(2.,-3.67658439929738,2.59474992144583));
#16093=CARTESIAN_POINT('Origin',(4.,3.72961796242885,-0.467231637822296));
#16094=CARTESIAN_POINT('',(4.,3.20797862352473,1.04534642631445));
#16095=CARTESIAN_POINT('',(4.,4.38968888212908,0.990268407106034));
#16096=CARTESIAN_POINT('Origin',(4.,3.72961796242885,-0.467231637822296));
#16097=CARTESIAN_POINT('',(0.,4.38968888212908,0.990268407106034));
#16098=CARTESIAN_POINT('',(2.,4.38968888212908,0.990268407106034));
#16099=CARTESIAN_POINT('',(0.,3.20797862352473,1.04534642631445));
#16100=CARTESIAN_POINT('Origin',(0.,3.72961796242885,-0.467231637822296));
#16101=CARTESIAN_POINT('',(4.,3.20797862352473,1.04534642631445));
#16102=CARTESIAN_POINT('Origin',(4.,0.,0.));
#16103=CARTESIAN_POINT('',(4.,0.764972495410201,4.43450302528546));
#16104=CARTESIAN_POINT('Origin',(4.,1.8589287503985,3.26691589270307));
#16105=CARTESIAN_POINT('',(4.,-0.764972495410232,4.43450302528545));
#16106=CARTESIAN_POINT('Origin',(4.,-1.85892875039852,3.26691589270305));
#16107=CARTESIAN_POINT('',(4.,-0.990268407106049,4.38968888212908));
#16108=CARTESIAN_POINT('Origin',(4.,0.,0.));
#16109=CARTESIAN_POINT('',(4.,-1.04534642631446,3.20797862352472));
#16110=CARTESIAN_POINT('Origin',(4.,0.467231637822283,3.72961796242885));
#16111=CARTESIAN_POINT('',(4.,-1.52921189185976,3.00755498533189));
#16112=CARTESIAN_POINT('Origin',(4.,0.,0.));
#16113=CARTESIAN_POINT('',(4.,-2.40375326999321,3.80420428171213));
#16114=CARTESIAN_POINT('Origin',(4.,-2.96762081195765,2.30685549297953));
#16115=CARTESIAN_POINT('',(4.,-2.59474992144587,3.67658439929735));
#16116=CARTESIAN_POINT('Origin',(4.,0.,0.));
#16117=CARTESIAN_POINT('',(4.,-2.19341443826003,2.56374903257562));
#16118=CARTESIAN_POINT('Origin',(4.,-0.995597256147033,3.62451950644585));
#16119=CARTESIAN_POINT('Origin',(4.,0.,0.));
#16120=CARTESIAN_POINT('',(4.,-3.80420428171216,2.40375326999317));
#16121=CARTESIAN_POINT('Origin',(4.,0.,0.));
#16122=CARTESIAN_POINT('',(4.,-3.0075549853319,1.52921189185973));
#16123=CARTESIAN_POINT('Origin',(4.,-2.30685549297956,2.96762081195762));
#16124=CARTESIAN_POINT('Origin',(4.,0.,0.));
#16125=CARTESIAN_POINT('',(4.,-4.43450302528546,0.764972495410186));
#16126=CARTESIAN_POINT('Origin',(4.,0.,0.));
#16127=CARTESIAN_POINT('',(4.,-3.36382254944082,0.261866102948518));
#16128=CARTESIAN_POINT('Origin',(4.,-3.26691589270307,1.85892875039849));
#16129=CARTESIAN_POINT('',(4.,-3.36382254944082,-0.261866102948564));
#16130=CARTESIAN_POINT('Origin',(4.,0.,0.));
#16131=CARTESIAN_POINT('',(4.,-4.43450302528545,-0.764972495410247));
#16132=CARTESIAN_POINT('Origin',(4.,-3.26691589270305,-1.85892875039853));
#16133=CARTESIAN_POINT('',(4.,-4.38968888212908,-0.990268407106064));
#16134=CARTESIAN_POINT('Origin',(4.,0.,0.));
#16135=CARTESIAN_POINT('',(4.,-3.20797862352472,-1.04534642631447));
#16136=CARTESIAN_POINT('Origin',(4.,-3.72961796242885,0.46723163782227));
#16137=CARTESIAN_POINT('',(4.,-3.00755498533188,-1.52921189185977));
#16138=CARTESIAN_POINT('Origin',(4.,0.,0.));
#16139=CARTESIAN_POINT('',(4.,-3.80420428171213,-2.40375326999323));
#16140=CARTESIAN_POINT('Origin',(4.,-2.30685549297952,-2.96762081195765));
#16141=CARTESIAN_POINT('',(4.,-3.67658439929734,-2.59474992144588));
#16142=CARTESIAN_POINT('Origin',(4.,0.,0.));
#16143=CARTESIAN_POINT('',(4.,-2.56374903257561,-2.19341443826004));
#16144=CARTESIAN_POINT('Origin',(4.,-3.62451950644585,-0.995597256147046));
#16145=CARTESIAN_POINT('',(4.,-2.19341443825999,-2.56374903257565));
#16146=CARTESIAN_POINT('Origin',(4.,0.,0.));
#16147=CARTESIAN_POINT('',(4.,-2.59474992144582,-3.67658439929739));
#16148=CARTESIAN_POINT('Origin',(4.,-0.995597256146983,-3.62451950644587));
#16149=CARTESIAN_POINT('',(4.,-2.40375326999316,-3.80420428171217));
#16150=CARTESIAN_POINT('Origin',(4.,0.,0.));
#16151=CARTESIAN_POINT('',(4.,-1.52921189185972,-3.00755498533191));
#16152=CARTESIAN_POINT('Origin',(4.,-2.96762081195761,-2.30685549297958));
#16153=CARTESIAN_POINT('',(4.,-1.04534642631442,-3.20797862352474));
#16154=CARTESIAN_POINT('Origin',(4.,0.,0.));
#16155=CARTESIAN_POINT('',(4.,-0.990268407105985,-4.38968888212909));
#16156=CARTESIAN_POINT('Origin',(4.,0.467231637822337,-3.72961796242884));
#16157=CARTESIAN_POINT('',(4.,-0.76497249541017,-4.43450302528546));
#16158=CARTESIAN_POINT('Origin',(4.,0.,0.));
#16159=CARTESIAN_POINT('',(4.,-0.261866102948506,-3.36382254944082));
#16160=CARTESIAN_POINT('Origin',(4.,-1.85892875039848,-3.26691589270308));
#16161=CARTESIAN_POINT('',(4.,0.261866102948576,-3.36382254944082));
#16162=CARTESIAN_POINT('Origin',(4.,0.,0.));
#16163=CARTESIAN_POINT('',(4.,0.764972495410263,-4.43450302528545));
#16164=CARTESIAN_POINT('Origin',(4.,1.85892875039855,-3.26691589270304));
#16165=CARTESIAN_POINT('',(4.,0.990268407106077,-4.38968888212907));
#16166=CARTESIAN_POINT('Origin',(4.,0.,0.));
#16167=CARTESIAN_POINT('',(4.,1.04534642631448,-3.20797862352472));
#16168=CARTESIAN_POINT('Origin',(4.,-0.467231637822259,-3.72961796242885));
#16169=CARTESIAN_POINT('',(4.,1.52921189185978,-3.00755498533188));
#16170=CARTESIAN_POINT('Origin',(4.,0.,0.));
#16171=CARTESIAN_POINT('',(4.,2.40375326999324,-3.80420428171212));
#16172=CARTESIAN_POINT('Origin',(4.,2.96762081195766,-2.30685549297951));
#16173=CARTESIAN_POINT('',(4.,2.59474992144589,-3.67658439929733));
#16174=CARTESIAN_POINT('Origin',(4.,0.,0.));
#16175=CARTESIAN_POINT('',(4.,2.19341443826005,-2.56374903257561));
#16176=CARTESIAN_POINT('Origin',(4.,0.995597256147059,-3.62451950644585));
#16177=CARTESIAN_POINT('',(4.,2.56374903257566,-2.19341443825999));
#16178=CARTESIAN_POINT('Origin',(4.,0.,0.));
#16179=CARTESIAN_POINT('',(4.,3.6765843992974,-2.5947499214458));
#16180=CARTESIAN_POINT('Origin',(4.,3.62451950644587,-0.99559725614697));
#16181=CARTESIAN_POINT('',(4.,3.80420428171218,-2.40375326999314));
#16182=CARTESIAN_POINT('Origin',(4.,0.,0.));
#16183=CARTESIAN_POINT('',(4.,3.00755498533191,-1.52921189185971));
#16184=CARTESIAN_POINT('Origin',(4.,2.30685549297959,-2.9676208119576));
#16185=CARTESIAN_POINT('',(4.,3.20797862352474,-1.04534642631441));
#16186=CARTESIAN_POINT('Origin',(4.,0.,0.));
#16187=CARTESIAN_POINT('',(4.,4.3896888821291,-0.990268407105971));
#16188=CARTESIAN_POINT('Origin',(4.,3.72961796242884,0.46723163782235));
#16189=CARTESIAN_POINT('',(4.,4.43450302528546,-0.764972495410216));
#16190=CARTESIAN_POINT('Origin',(4.,0.,0.));
#16191=CARTESIAN_POINT('',(4.,3.36382254944082,-0.261866102948541));
#16192=CARTESIAN_POINT('Origin',(4.,3.26691589270306,-1.85892875039851));
#16193=CARTESIAN_POINT('',(4.,3.36382254944082,0.261866102948541));
#16194=CARTESIAN_POINT('Origin',(4.,0.,0.));
#16195=CARTESIAN_POINT('',(4.,4.43450302528546,0.764972495410216));
#16196=CARTESIAN_POINT('Origin',(4.,3.26691589270306,1.85892875039851));
#16197=CARTESIAN_POINT('Origin',(4.,0.,0.));
#16198=CARTESIAN_POINT('',(4.,3.00755498533189,1.52921189185975));
#16199=CARTESIAN_POINT('Origin',(4.,0.,0.));
#16200=CARTESIAN_POINT('',(4.,3.80420428171214,2.4037532699932));
#16201=CARTESIAN_POINT('Origin',(4.,2.30685549297954,2.96762081195764));
#16202=CARTESIAN_POINT('Origin',(4.,0.,0.));
#16203=CARTESIAN_POINT('',(4.,2.19341443826001,2.56374903257564));
#16204=CARTESIAN_POINT('Origin',(4.,0.,0.));
#16205=CARTESIAN_POINT('',(4.,2.59474992144584,3.67658439929737));
#16206=CARTESIAN_POINT('Origin',(4.,0.995597256147008,3.62451950644586));
#16207=CARTESIAN_POINT('',(4.,2.40375326999319,3.80420428171215));
#16208=CARTESIAN_POINT('Origin',(4.,0.,0.));
#16209=CARTESIAN_POINT('',(4.,1.52921189185974,3.0075549853319));
#16210=CARTESIAN_POINT('Origin',(4.,2.96762081195763,2.30685549297955));
#16211=CARTESIAN_POINT('',(4.,1.04534642631444,3.20797862352473));
#16212=CARTESIAN_POINT('Origin',(4.,0.,0.));
#16213=CARTESIAN_POINT('',(4.,0.990268407106018,4.38968888212909));
#16214=CARTESIAN_POINT('Origin',(4.,-0.467231637822309,3.72961796242884));
#16215=CARTESIAN_POINT('Origin',(4.,0.,0.));
#16216=CARTESIAN_POINT('Origin',(-10.,0.,0.));
#16217=CARTESIAN_POINT('',(0.,0.764972495410201,4.43450302528546));
#16218=CARTESIAN_POINT('',(2.,0.764972495410201,4.43450302528546));
#16219=CARTESIAN_POINT('',(0.,0.990268407106018,4.38968888212909));
#16220=CARTESIAN_POINT('',(2.,0.990268407106018,4.38968888212909));
#16221=CARTESIAN_POINT('Origin',(0.,0.,0.));
#16222=CARTESIAN_POINT('Origin',(-10.,0.,0.));
#16223=CARTESIAN_POINT('',(0.,-0.764972495410232,4.43450302528545));
#16224=CARTESIAN_POINT('',(2.,-0.764972495410232,4.43450302528545));
#16225=CARTESIAN_POINT('',(0.,-0.990268407106049,4.38968888212908));
#16226=CARTESIAN_POINT('Origin',(0.,0.,0.));
#16227=CARTESIAN_POINT('',(2.,-0.990268407106049,4.38968888212908));
#16228=CARTESIAN_POINT('Origin',(-10.,0.,0.));
#16229=CARTESIAN_POINT('',(0.,2.40375326999319,3.80420428171215));
#16230=CARTESIAN_POINT('',(2.,2.40375326999319,3.80420428171215));
#16231=CARTESIAN_POINT('',(0.,2.59474992144584,3.67658439929737));
#16232=CARTESIAN_POINT('',(2.,2.59474992144584,3.67658439929737));
#16233=CARTESIAN_POINT('Origin',(0.,0.,0.));
#16234=CARTESIAN_POINT('Origin',(-10.,0.,0.));
#16235=CARTESIAN_POINT('',(0.,3.80420428171214,2.4037532699932));
#16236=CARTESIAN_POINT('',(2.,3.80420428171214,2.4037532699932));
#16237=CARTESIAN_POINT('Origin',(0.,0.,0.));
#16238=CARTESIAN_POINT('Origin',(-10.,0.,0.));
#16239=CARTESIAN_POINT('',(0.,-4.43450302528546,0.764972495410186));
#16240=CARTESIAN_POINT('',(2.,-4.43450302528546,0.764972495410186));
#16241=CARTESIAN_POINT('Origin',(0.,0.,0.));
#16242=CARTESIAN_POINT('Origin',(-10.,0.,0.));
#16243=CARTESIAN_POINT('',(0.,-4.43450302528545,-0.764972495410248));
#16244=CARTESIAN_POINT('',(2.,-4.43450302528545,-0.764972495410248));
#16245=CARTESIAN_POINT('',(0.,-4.38968888212908,-0.990268407106065));
#16246=CARTESIAN_POINT('Origin',(0.,0.,0.));
#16247=CARTESIAN_POINT('',(2.,-4.38968888212908,-0.990268407106065));
#16248=CARTESIAN_POINT('Origin',(-10.,0.,0.));
#16249=CARTESIAN_POINT('',(0.,-3.80420428171216,2.40375326999317));
#16250=CARTESIAN_POINT('',(2.,-3.80420428171216,2.40375326999317));
#16251=CARTESIAN_POINT('Origin',(0.,0.,0.));
#16252=CARTESIAN_POINT('Origin',(-10.,0.,0.));
#16253=CARTESIAN_POINT('',(0.,-2.40375326999321,3.80420428171213));
#16254=CARTESIAN_POINT('',(2.,-2.40375326999321,3.80420428171214));
#16255=CARTESIAN_POINT('',(0.,-2.59474992144587,3.67658439929735));
#16256=CARTESIAN_POINT('Origin',(0.,0.,0.));
#16257=CARTESIAN_POINT('',(2.,-2.59474992144587,3.67658439929735));
#16258=CARTESIAN_POINT('Origin',(-10.,0.,0.));
#16259=CARTESIAN_POINT('',(0.,-3.67658439929734,-2.59474992144588));
#16260=CARTESIAN_POINT('',(2.,-3.67658439929734,-2.59474992144588));
#16261=CARTESIAN_POINT('',(0.,-3.80420428171213,-2.40375326999323));
#16262=CARTESIAN_POINT('',(2.,-3.80420428171213,-2.40375326999323));
#16263=CARTESIAN_POINT('Origin',(0.,0.,0.));
#16264=CARTESIAN_POINT('Origin',(-10.,0.,0.));
#16265=CARTESIAN_POINT('',(0.,-2.59474992144582,-3.67658439929739));
#16266=CARTESIAN_POINT('',(2.,-2.59474992144582,-3.67658439929739));
#16267=CARTESIAN_POINT('',(0.,-2.40375326999316,-3.80420428171217));
#16268=CARTESIAN_POINT('Origin',(0.,0.,0.));
#16269=CARTESIAN_POINT('',(2.,-2.40375326999316,-3.80420428171217));
#16270=CARTESIAN_POINT('Origin',(-10.,0.,0.));
#16271=CARTESIAN_POINT('',(0.,-0.990268407105986,-4.38968888212909));
#16272=CARTESIAN_POINT('',(2.,-0.990268407105985,-4.38968888212909));
#16273=CARTESIAN_POINT('',(0.,-0.76497249541017,-4.43450302528546));
#16274=CARTESIAN_POINT('Origin',(0.,0.,0.));
#16275=CARTESIAN_POINT('',(2.,-0.76497249541017,-4.43450302528546));
#16276=CARTESIAN_POINT('Origin',(-10.,0.,0.));
#16277=CARTESIAN_POINT('',(0.,2.59474992144589,-3.67658439929733));
#16278=CARTESIAN_POINT('',(2.,2.59474992144589,-3.67658439929733));
#16279=CARTESIAN_POINT('',(0.,2.40375326999324,-3.80420428171212));
#16280=CARTESIAN_POINT('',(2.,2.40375326999324,-3.80420428171212));
#16281=CARTESIAN_POINT('Origin',(0.,0.,0.));
#16282=CARTESIAN_POINT('Origin',(-10.,0.,0.));
#16283=CARTESIAN_POINT('',(0.,3.6765843992974,-2.5947499214458));
#16284=CARTESIAN_POINT('',(2.,3.6765843992974,-2.5947499214458));
#16285=CARTESIAN_POINT('',(0.,3.80420428171218,-2.40375326999314));
#16286=CARTESIAN_POINT('Origin',(0.,0.,0.));
#16287=CARTESIAN_POINT('',(2.,3.80420428171218,-2.40375326999314));
#16288=CARTESIAN_POINT('Origin',(-10.,0.,0.));
#16289=CARTESIAN_POINT('',(0.,4.3896888821291,-0.99026840710597));
#16290=CARTESIAN_POINT('',(2.,4.3896888821291,-0.99026840710597));
#16291=CARTESIAN_POINT('',(0.,4.43450302528546,-0.764972495410217));
#16292=CARTESIAN_POINT('Origin',(0.,0.,0.));
#16293=CARTESIAN_POINT('',(2.,4.43450302528546,-0.764972495410217));
#16294=CARTESIAN_POINT('Origin',(-10.,0.,0.));
#16295=CARTESIAN_POINT('',(0.,0.990268407106077,-4.38968888212907));
#16296=CARTESIAN_POINT('',(2.,0.990268407106077,-4.38968888212907));
#16297=CARTESIAN_POINT('',(0.,0.764972495410263,-4.43450302528545));
#16298=CARTESIAN_POINT('',(2.,0.764972495410263,-4.43450302528545));
#16299=CARTESIAN_POINT('Origin',(0.,0.,0.));
#16300=CARTESIAN_POINT('Origin',(0.,0.,0.));
#16301=CARTESIAN_POINT('Origin',(0.,1.8589287503985,3.26691589270307));
#16302=CARTESIAN_POINT('',(0.,1.04534642631444,3.20797862352473));
#16303=CARTESIAN_POINT('Origin',(0.,-0.467231637822309,3.72961796242884));
#16304=CARTESIAN_POINT('',(0.,1.52921189185974,3.0075549853319));
#16305=CARTESIAN_POINT('Origin',(0.,0.,0.));
#16306=CARTESIAN_POINT('Origin',(0.,2.96762081195763,2.30685549297955));
#16307=CARTESIAN_POINT('',(0.,2.19341443826001,2.56374903257564));
#16308=CARTESIAN_POINT('Origin',(0.,0.995597256147008,3.62451950644586));
#16309=CARTESIAN_POINT('Origin',(0.,0.,0.));
#16310=CARTESIAN_POINT('',(0.,3.00755498533189,1.52921189185975));
#16311=CARTESIAN_POINT('Origin',(0.,2.30685549297954,2.96762081195764));
#16312=CARTESIAN_POINT('Origin',(0.,0.,0.));
#16313=CARTESIAN_POINT('',(0.,4.43450302528546,0.764972495410217));
#16314=CARTESIAN_POINT('Origin',(0.,0.,0.));
#16315=CARTESIAN_POINT('',(0.,3.36382254944082,0.261866102948541));
#16316=CARTESIAN_POINT('Origin',(0.,3.26691589270306,1.85892875039851));
#16317=CARTESIAN_POINT('',(0.,3.36382254944082,-0.261866102948541));
#16318=CARTESIAN_POINT('Origin',(0.,0.,0.));
#16319=CARTESIAN_POINT('Origin',(0.,3.26691589270306,-1.85892875039851));
#16320=CARTESIAN_POINT('',(0.,3.20797862352474,-1.04534642631441));
#16321=CARTESIAN_POINT('Origin',(0.,3.72961796242884,0.46723163782235));
#16322=CARTESIAN_POINT('',(0.,3.00755498533191,-1.52921189185971));
#16323=CARTESIAN_POINT('Origin',(0.,0.,0.));
#16324=CARTESIAN_POINT('Origin',(0.,2.30685549297959,-2.9676208119576));
#16325=CARTESIAN_POINT('',(0.,2.56374903257566,-2.19341443825999));
#16326=CARTESIAN_POINT('Origin',(0.,3.62451950644587,-0.99559725614697));
#16327=CARTESIAN_POINT('',(0.,2.19341443826005,-2.56374903257561));
#16328=CARTESIAN_POINT('Origin',(0.,0.,0.));
#16329=CARTESIAN_POINT('Origin',(0.,0.995597256147059,-3.62451950644585));
#16330=CARTESIAN_POINT('',(0.,1.52921189185978,-3.00755498533188));
#16331=CARTESIAN_POINT('Origin',(0.,2.96762081195766,-2.30685549297951));
#16332=CARTESIAN_POINT('',(0.,1.04534642631448,-3.20797862352472));
#16333=CARTESIAN_POINT('Origin',(0.,0.,0.));
#16334=CARTESIAN_POINT('Origin',(0.,-0.467231637822259,-3.72961796242885));
#16335=CARTESIAN_POINT('',(0.,0.261866102948576,-3.36382254944082));
#16336=CARTESIAN_POINT('Origin',(0.,1.85892875039855,-3.26691589270304));
#16337=CARTESIAN_POINT('',(0.,-0.261866102948506,-3.36382254944082));
#16338=CARTESIAN_POINT('Origin',(0.,0.,0.));
#16339=CARTESIAN_POINT('Origin',(0.,-1.85892875039848,-3.26691589270308));
#16340=CARTESIAN_POINT('',(0.,-1.04534642631442,-3.20797862352474));
#16341=CARTESIAN_POINT('Origin',(0.,0.467231637822337,-3.72961796242884));
#16342=CARTESIAN_POINT('',(0.,-1.52921189185972,-3.00755498533191));
#16343=CARTESIAN_POINT('Origin',(0.,0.,0.));
#16344=CARTESIAN_POINT('Origin',(0.,-2.96762081195761,-2.30685549297958));
#16345=CARTESIAN_POINT('',(0.,-2.19341443825999,-2.56374903257565));
#16346=CARTESIAN_POINT('Origin',(0.,-0.995597256146983,-3.62451950644587));
#16347=CARTESIAN_POINT('',(0.,-2.56374903257561,-2.19341443826004));
#16348=CARTESIAN_POINT('Origin',(0.,0.,0.));
#16349=CARTESIAN_POINT('Origin',(0.,-3.62451950644585,-0.995597256147046));
#16350=CARTESIAN_POINT('',(0.,-3.00755498533188,-1.52921189185977));
#16351=CARTESIAN_POINT('Origin',(0.,-2.30685549297952,-2.96762081195765));
#16352=CARTESIAN_POINT('',(0.,-3.20797862352472,-1.04534642631447));
#16353=CARTESIAN_POINT('Origin',(0.,0.,0.));
#16354=CARTESIAN_POINT('Origin',(0.,-3.72961796242885,0.46723163782227));
#16355=CARTESIAN_POINT('',(0.,-3.36382254944082,-0.261866102948564));
#16356=CARTESIAN_POINT('Origin',(0.,-3.26691589270305,-1.85892875039853));
#16357=CARTESIAN_POINT('',(0.,-3.36382254944082,0.261866102948518));
#16358=CARTESIAN_POINT('Origin',(0.,0.,0.));
#16359=CARTESIAN_POINT('Origin',(0.,-3.26691589270307,1.85892875039849));
#16360=CARTESIAN_POINT('',(0.,-3.0075549853319,1.52921189185973));
#16361=CARTESIAN_POINT('Origin',(0.,0.,0.));
#16362=CARTESIAN_POINT('Origin',(0.,-2.30685549297956,2.96762081195762));
#16363=CARTESIAN_POINT('',(0.,-2.19341443826003,2.56374903257562));
#16364=CARTESIAN_POINT('Origin',(0.,0.,0.));
#16365=CARTESIAN_POINT('Origin',(0.,-0.995597256147033,3.62451950644585));
#16366=CARTESIAN_POINT('',(0.,-1.52921189185976,3.00755498533189));
#16367=CARTESIAN_POINT('Origin',(0.,-2.96762081195765,2.30685549297953));
#16368=CARTESIAN_POINT('',(0.,-1.04534642631446,3.20797862352472));
#16369=CARTESIAN_POINT('Origin',(0.,0.,0.));
#16370=CARTESIAN_POINT('Origin',(0.,0.467231637822283,3.72961796242885));
#16371=CARTESIAN_POINT('Origin',(0.,-1.85892875039852,3.26691589270305));
#16372=CARTESIAN_POINT('Origin',(-10.,0.,0.));
#16373=CARTESIAN_POINT('',(2.,4.43450302528546,0.764972495410217));
#16374=CARTESIAN_POINT('Origin',(4.,3.26691589270306,-1.85892875039851));
#16375=CARTESIAN_POINT('',(4.,3.36382254944082,-0.261866102948541));
#16376=CARTESIAN_POINT('Origin',(4.,3.26691589270306,1.85892875039851));
#16377=CARTESIAN_POINT('',(4.,3.36382254944082,0.261866102948541));
#16378=CARTESIAN_POINT('Origin',(4.,0.,0.));
#16379=CARTESIAN_POINT('Origin',(4.,2.30685549297954,2.96762081195764));
#16380=CARTESIAN_POINT('',(4.,3.00755498533189,1.52921189185975));
#16381=CARTESIAN_POINT('Origin',(4.,0.,0.));
#16382=CARTESIAN_POINT('Origin',(4.,-1.85892875039848,-3.26691589270308));
#16383=CARTESIAN_POINT('',(4.,-0.261866102948506,-3.36382254944082));
#16384=CARTESIAN_POINT('Origin',(4.,1.85892875039855,-3.26691589270304));
#16385=CARTESIAN_POINT('',(4.,0.261866102948576,-3.36382254944082));
#16386=CARTESIAN_POINT('Origin',(4.,0.,0.));
#16387=CARTESIAN_POINT('Origin',(4.,-0.467231637822259,-3.72961796242885));
#16388=CARTESIAN_POINT('',(4.,1.04534642631448,-3.20797862352472));
#16389=CARTESIAN_POINT('Origin',(4.,2.96762081195766,-2.30685549297951));
#16390=CARTESIAN_POINT('',(4.,1.52921189185978,-3.00755498533188));
#16391=CARTESIAN_POINT('Origin',(4.,0.,0.));
#16392=CARTESIAN_POINT('Origin',(4.,2.30685549297959,-2.9676208119576));
#16393=CARTESIAN_POINT('',(4.,3.00755498533191,-1.52921189185971));
#16394=CARTESIAN_POINT('Origin',(4.,3.72961796242884,0.46723163782235));
#16395=CARTESIAN_POINT('',(4.,3.20797862352474,-1.04534642631441));
#16396=CARTESIAN_POINT('Origin',(4.,0.,0.));
#16397=CARTESIAN_POINT('Origin',(4.,0.995597256147059,-3.62451950644585));
#16398=CARTESIAN_POINT('',(4.,2.19341443826005,-2.56374903257561));
#16399=CARTESIAN_POINT('Origin',(4.,3.62451950644587,-0.99559725614697));
#16400=CARTESIAN_POINT('',(4.,2.56374903257566,-2.19341443825999));
#16401=CARTESIAN_POINT('Origin',(4.,0.,0.));
#16402=CARTESIAN_POINT('Origin',(4.,-3.72961796242885,0.46723163782227));
#16403=CARTESIAN_POINT('',(4.,-3.20797862352472,-1.04534642631447));
#16404=CARTESIAN_POINT('Origin',(4.,-2.30685549297952,-2.96762081195765));
#16405=CARTESIAN_POINT('',(4.,-3.00755498533188,-1.52921189185977));
#16406=CARTESIAN_POINT('Origin',(4.,0.,0.));
#16407=CARTESIAN_POINT('Origin',(4.,-2.96762081195761,-2.30685549297958));
#16408=CARTESIAN_POINT('',(4.,-1.52921189185972,-3.00755498533191));
#16409=CARTESIAN_POINT('Origin',(4.,0.467231637822337,-3.72961796242884));
#16410=CARTESIAN_POINT('',(4.,-1.04534642631442,-3.20797862352474));
#16411=CARTESIAN_POINT('Origin',(4.,0.,0.));
#16412=CARTESIAN_POINT('Origin',(4.,-3.62451950644585,-0.995597256147046));
#16413=CARTESIAN_POINT('',(4.,-2.56374903257561,-2.19341443826004));
#16414=CARTESIAN_POINT('Origin',(4.,-0.995597256146983,-3.62451950644587));
#16415=CARTESIAN_POINT('',(4.,-2.19341443825999,-2.56374903257565));
#16416=CARTESIAN_POINT('Origin',(4.,0.,0.));
#16417=CARTESIAN_POINT('Origin',(4.,-0.995597256147033,3.62451950644585));
#16418=CARTESIAN_POINT('',(4.,-2.19341443826003,2.56374903257562));
#16419=CARTESIAN_POINT('Origin',(4.,0.,0.));
#16420=CARTESIAN_POINT('Origin',(4.,0.467231637822283,3.72961796242885));
#16421=CARTESIAN_POINT('',(4.,-1.04534642631446,3.20797862352472));
#16422=CARTESIAN_POINT('Origin',(4.,-2.96762081195765,2.30685549297953));
#16423=CARTESIAN_POINT('',(4.,-1.52921189185976,3.00755498533189));
#16424=CARTESIAN_POINT('Origin',(4.,0.,0.));
#16425=CARTESIAN_POINT('Origin',(4.,-2.30685549297956,2.96762081195762));
#16426=CARTESIAN_POINT('',(4.,-3.0075549853319,1.52921189185973));
#16427=CARTESIAN_POINT('Origin',(4.,0.,0.));
#16428=CARTESIAN_POINT('Origin',(4.,-3.26691589270307,1.85892875039849));
#16429=CARTESIAN_POINT('',(4.,-3.36382254944082,0.261866102948518));
#16430=CARTESIAN_POINT('Origin',(4.,-3.26691589270305,-1.85892875039853));
#16431=CARTESIAN_POINT('',(4.,-3.36382254944082,-0.261866102948564));
#16432=CARTESIAN_POINT('Origin',(4.,0.,0.));
#16433=CARTESIAN_POINT('Origin',(4.,0.995597256147008,3.62451950644586));
#16434=CARTESIAN_POINT('',(4.,2.19341443826001,2.56374903257564));
#16435=CARTESIAN_POINT('Origin',(4.,0.,0.));
#16436=CARTESIAN_POINT('Origin',(4.,2.96762081195763,2.30685549297955));
#16437=CARTESIAN_POINT('',(4.,1.52921189185974,3.0075549853319));
#16438=CARTESIAN_POINT('Origin',(4.,-0.467231637822309,3.72961796242884));
#16439=CARTESIAN_POINT('',(4.,1.04534642631444,3.20797862352473));
#16440=CARTESIAN_POINT('Origin',(4.,0.,0.));
#16441=CARTESIAN_POINT('Origin',(4.,1.8589287503985,3.26691589270307));
#16442=CARTESIAN_POINT('Origin',(4.,-1.85892875039852,3.26691589270305));
#16443=CARTESIAN_POINT('',(0.,0.,0.));
#16444=CARTESIAN_POINT('Origin',(0.,0.,-9.6));
#16445=CARTESIAN_POINT('',(-1.5,-1.83697019872103E-16,-9.6));
#16446=CARTESIAN_POINT('Origin',(0.,0.,-9.6));
#16447=CARTESIAN_POINT('',(-1.3,-1.59204083889156E-16,-9.8));
#16448=CARTESIAN_POINT('',(-1.5,-1.83697019872103E-16,-9.6));
#16449=CARTESIAN_POINT('Origin',(0.,0.,-9.8));
#16450=CARTESIAN_POINT('Origin',(0.,0.,2.2));
#16451=CARTESIAN_POINT('',(-1.5,1.83697019872103E-16,2.));
#16452=CARTESIAN_POINT('',(1.5,-1.83697019872103E-16,2.));
#16453=CARTESIAN_POINT('Origin',(0.,0.,2.));
#16454=CARTESIAN_POINT('Origin',(0.,0.,2.));
#16455=CARTESIAN_POINT('',(1.3,-1.59204083889156E-16,2.2));
#16456=CARTESIAN_POINT('',(1.3,-1.59204083889156E-16,2.2));
#16457=CARTESIAN_POINT('Origin',(0.,0.,2.2));
#16458=CARTESIAN_POINT('Origin',(0.,0.,-9.8));
#16459=CARTESIAN_POINT('',(-1.5,-1.83697019872103E-16,-9.8));
#16460=CARTESIAN_POINT('Origin',(0.,0.,-9.8));
#16461=CARTESIAN_POINT('Origin',(0.,0.,2.2));
#16462=CARTESIAN_POINT('',(-12.3111773777036,4.98303574886399,0.));
#16463=CARTESIAN_POINT('',(-9.3111773777036,4.98303574886399,0.));
#16464=CARTESIAN_POINT('',(-5.3111773777036,4.98303574886399,0.));
#16465=CARTESIAN_POINT('',(0.,0.,0.));
#16466=CARTESIAN_POINT('',(0.,0.,0.));
#16467=CARTESIAN_POINT('',(0.,0.,0.));
#16468=CARTESIAN_POINT('',(0.,0.,0.));
#16469=CARTESIAN_POINT('',(0.,0.,0.));
#16470=CARTESIAN_POINT('Origin',(0.,2.,0.));
#16471=CARTESIAN_POINT('',(-1.22464679914735E-15,0.976720956923283,10.));
#16472=CARTESIAN_POINT('',(-10.,0.976720956923281,-1.22464679914735E-15));
#16473=CARTESIAN_POINT('Origin',(1.25315540473847E-16,0.976720956923282,
0.));
#16474=CARTESIAN_POINT('',(-10.,3.02327904307672,-1.22464679914735E-15));
#16475=CARTESIAN_POINT('Origin',(-11.23,2.,-1.37527835544248E-15));
#16476=CARTESIAN_POINT('',(-1.22464679914735E-15,3.02327904307672,10.));
#16477=CARTESIAN_POINT('Origin',(-1.25315540473847E-16,3.02327904307672,
0.));
#16478=CARTESIAN_POINT('Origin',(-1.25315540473847E-16,3.02327904307672,
0.));
#16479=CARTESIAN_POINT('Origin',(1.25315540473847E-16,0.976720956923282,
0.));
#16480=CARTESIAN_POINT('Origin',(0.,0.,0.));
#16481=CARTESIAN_POINT('',(-6.12323399573677E-16,0.199999999999998,5.));
#16482=CARTESIAN_POINT('Origin',(0.,0.199999999999997,0.));
#16483=CARTESIAN_POINT('',(-6.36816335556624E-16,-2.00061752147066E-16,
5.2));
#16484=CARTESIAN_POINT('',(-6.36816335556624E-16,0.,5.2));
#16485=CARTESIAN_POINT('Origin',(0.,0.,0.));
#16486=CARTESIAN_POINT('Origin',(0.,7.8,0.));
#16487=CARTESIAN_POINT('',(6.12323399573677E-16,7.8,5.));
#16488=CARTESIAN_POINT('',(-6.12323399573677E-16,7.8,-5.));
#16489=CARTESIAN_POINT('Origin',(0.,7.8,0.));
#16490=CARTESIAN_POINT('Origin',(0.,7.8,0.));
#16491=CARTESIAN_POINT('',(-6.36816335556623E-16,8.,-5.2));
#16492=CARTESIAN_POINT('',(-6.12323399573677E-16,7.8,-5.));
#16493=CARTESIAN_POINT('Origin',(0.,8.,0.));
#16494=CARTESIAN_POINT('Origin',(0.,0.0999999999999994,0.));
#16495=CARTESIAN_POINT('',(1.22464679914735E-15,0.0999999999999994,10.));
#16496=CARTESIAN_POINT('',(-1.22464679914735E-15,0.0999999999999994,-10.));
#16497=CARTESIAN_POINT('Origin',(0.,0.0999999999999994,0.));
#16498=CARTESIAN_POINT('Origin',(0.,0.0999999999999994,0.));
#16499=CARTESIAN_POINT('',(-1.21240033115588E-15,-1.21430643318376E-16,
-9.9));
#16500=CARTESIAN_POINT('',(-1.22464679914735E-15,0.0999999999999994,-10.));
#16501=CARTESIAN_POINT('Origin',(0.,0.,0.));
#16502=CARTESIAN_POINT('Origin',(0.,4.,0.));
#16503=CARTESIAN_POINT('',(-1.22464679914735E-15,3.90000000000001,10.));
#16504=CARTESIAN_POINT('Origin',(0.,3.90000000000001,0.));
#16505=CARTESIAN_POINT('',(-1.21240033115588E-15,4.,9.90000000000001));
#16506=CARTESIAN_POINT('',(-1.21240033115588E-15,4.,9.90000000000001));
#16507=CARTESIAN_POINT('Origin',(0.,4.,0.));
#16508=CARTESIAN_POINT('Origin',(0.,4.5,0.));
#16509=CARTESIAN_POINT('',(-8.20513355428727E-16,4.,6.7));
#16510=CARTESIAN_POINT('Origin',(0.,4.,0.));
#16511=CARTESIAN_POINT('',(-8.20513355428727E-16,4.5,6.7));
#16512=CARTESIAN_POINT('',(-8.20513355428727E-16,4.5,6.7));
#16513=CARTESIAN_POINT('Origin',(0.,4.5,0.));
#16514=CARTESIAN_POINT('Origin',(0.,8.,0.));
#16515=CARTESIAN_POINT('',(-8.57252759403147E-16,7.65358983848622,7.));
#16516=CARTESIAN_POINT('Origin',(0.,7.65358983848622,0.));
#16517=CARTESIAN_POINT('',(-8.327598234202E-16,8.,6.8));
#16518=CARTESIAN_POINT('',(-8.327598234202E-16,8.,6.8));
#16519=CARTESIAN_POINT('Origin',(0.,8.,0.));
#16520=CARTESIAN_POINT('Origin',(0.,8.,0.));
#16521=CARTESIAN_POINT('',(-8.57252759403147E-16,4.5,7.));
#16522=CARTESIAN_POINT('Origin',(0.,4.5,0.));
#16523=CARTESIAN_POINT('',(-8.57252759403147E-16,8.,7.));
#16524=CARTESIAN_POINT('Origin',(0.,4.,0.));
#16525=CARTESIAN_POINT('',(-6.12323399573677E-16,4.,5.));
#16526=CARTESIAN_POINT('Origin',(0.,4.,0.));
#16527=CARTESIAN_POINT('',(-1.22464679914735E-15,4.,10.));
#16528=CARTESIAN_POINT('Origin',(0.,4.,0.));
#16529=CARTESIAN_POINT('',(-1.22464679914735E-15,4.,10.));
#16530=CARTESIAN_POINT('Origin',(0.,4.,0.));
#16531=CARTESIAN_POINT('Origin',(0.,0.,0.));
#16532=CARTESIAN_POINT('Origin',(0.,8.,0.));
#16533=CARTESIAN_POINT('Origin',(0.,4.5,0.));
#16534=CARTESIAN_POINT('',(0.,0.,0.));
#16535=CARTESIAN_POINT('Origin',(0.,0.346410161513768,0.));
#16536=CARTESIAN_POINT('',(6.21508250567282E-16,0.346410161513768,5.075));
#16537=CARTESIAN_POINT('',(-6.21508250567282E-16,0.346410161513768,-5.075));
#16538=CARTESIAN_POINT('Origin',(0.,0.346410161513768,0.));
#16539=CARTESIAN_POINT('Origin',(0.,0.346410161513768,0.));
#16540=CARTESIAN_POINT('',(-5.97015314584335E-16,-6.93889390390723E-17,
-4.875));
#16541=CARTESIAN_POINT('',(-6.21508250567282E-16,0.346410161513768,-5.075));
#16542=CARTESIAN_POINT('Origin',(0.,0.,0.));
#16543=CARTESIAN_POINT('Origin',(0.,7.9,0.));
#16544=CARTESIAN_POINT('',(-4.99043570652546E-16,7.9,4.075));
#16545=CARTESIAN_POINT('Origin',(0.,7.9,0.));
#16546=CARTESIAN_POINT('',(-4.99043570652546E-16,0.,4.075));
#16547=CARTESIAN_POINT('',(-4.99043570652546E-16,7.9,4.075));
#16548=CARTESIAN_POINT('Origin',(0.,0.,0.));
#16549=CARTESIAN_POINT('Origin',(0.,7.9,0.));
#16550=CARTESIAN_POINT('',(-6.21508250567282E-16,7.9,5.075));
#16551=CARTESIAN_POINT('',(-6.21508250567282E-16,7.9,5.075));
#16552=CARTESIAN_POINT('Origin',(0.,7.9,0.));
#16553=CARTESIAN_POINT('Origin',(0.,7.9,0.));
#16554=CARTESIAN_POINT('Origin',(0.,0.,0.));
#16555=CARTESIAN_POINT('',(0.,0.,0.));
#16556=CARTESIAN_POINT('Origin',(50.0000508,0.,0.));
#16557=CARTESIAN_POINT('',(4.,-8.57252759403147E-16,-7.));
#16558=CARTESIAN_POINT('Origin',(4.,0.,0.));
#16559=CARTESIAN_POINT('',(0.,-8.57252759403147E-16,-7.));
#16560=CARTESIAN_POINT('',(50.0000508,-8.57252759403147E-16,-7.));
#16561=CARTESIAN_POINT('Origin',(0.,0.,0.));
#16562=CARTESIAN_POINT('Origin',(4.,9.52956719106396,-1.39995404586285));
#16563=CARTESIAN_POINT('',(4.,9.2404618370155,2.68984033702005));
#16564=CARTESIAN_POINT('',(4.,10.4309074536727,2.59974415912718));
#16565=CARTESIAN_POINT('Origin',(4.,9.52956719106396,-1.39995404586285));
#16566=CARTESIAN_POINT('',(0.,10.4309074536727,2.59974415912718));
#16567=CARTESIAN_POINT('',(2.,10.4309074536727,2.59974415912718));
#16568=CARTESIAN_POINT('',(0.,9.2404618370155,2.68984033702005));
#16569=CARTESIAN_POINT('Origin',(0.,9.52956719106396,-1.39995404586285));
#16570=CARTESIAN_POINT('',(4.,9.2404618370155,2.68984033702005));
#16571=CARTESIAN_POINT('Origin',(4.,9.63158668506828,0.0711344329132379));
#16572=CARTESIAN_POINT('',(4.,8.72156533810265,4.0688664334439));
#16573=CARTESIAN_POINT('',(4.,9.91181255368626,4.16154681585915));
#16574=CARTESIAN_POINT('Origin',(4.,9.63158668506828,0.0711344329132379));
#16575=CARTESIAN_POINT('',(0.,9.91181255368626,4.16154681585915));
#16576=CARTESIAN_POINT('',(2.,9.91181255368626,4.16154681585915));
#16577=CARTESIAN_POINT('',(0.,8.72156533810265,4.0688664334439));
#16578=CARTESIAN_POINT('Origin',(0.,9.63158668506828,0.0711344329132379));
#16579=CARTESIAN_POINT('',(4.,8.72156533810265,4.0688664334439));
#16580=CARTESIAN_POINT('Origin',(4.,-9.6087709825087,-0.666365054027597));
#16581=CARTESIAN_POINT('',(4.,-10.2012926244224,3.3905941648781));
#16582=CARTESIAN_POINT('',(4.,-9.00744321678331,3.38929826017487));
#16583=CARTESIAN_POINT('Origin',(4.,-9.6087709825087,-0.666365054027597));
#16584=CARTESIAN_POINT('',(0.,-9.00744321678331,3.38929826017487));
#16585=CARTESIAN_POINT('',(4.,-9.00744321678331,3.38929826017487));
#16586=CARTESIAN_POINT('',(0.,-10.2012926244224,3.3905941648781));
#16587=CARTESIAN_POINT('Origin',(0.,-9.6087709825087,-0.666365054027597));
#16588=CARTESIAN_POINT('',(2.,-10.2012926244224,3.3905941648781));
#16589=CARTESIAN_POINT('Origin',(4.,0.,0.));
#16590=CARTESIAN_POINT('',(4.,0.591915601360442,9.60578013077887));
#16591=CARTESIAN_POINT('',(4.,1.07909943380285,10.6957021467488));
#16592=CARTESIAN_POINT('Origin',(4.,4.53870737240004,8.49544922692449));
#16593=CARTESIAN_POINT('',(4.,0.145136488619109,9.6229055591163));
#16594=CARTESIAN_POINT('Origin',(4.,0.,0.));
#16595=CARTESIAN_POINT('',(4.,-0.257185133626315,10.7469230855646));
#16596=CARTESIAN_POINT('Origin',(4.,-3.8750696117692,8.81795654805995));
#16597=CARTESIAN_POINT('',(4.,-0.566238431179666,10.7350768063883));
#16598=CARTESIAN_POINT('Origin',(4.,0.,0.));
#16599=CARTESIAN_POINT('',(4.,-0.881336859972587,9.58355995125265));
#16600=CARTESIAN_POINT('Origin',(4.,3.18869140180269,9.08871659386517));
#16601=CARTESIAN_POINT('',(4.,-1.32549409522645,9.53228416506348));
#16602=CARTESIAN_POINT('Origin',(4.,0.,0.));
#16603=CARTESIAN_POINT('',(4.,-1.89468114941696,10.5817145747768));
#16604=CARTESIAN_POINT('Origin',(4.,-5.17571019343211,8.1230872316585));
#16605=CARTESIAN_POINT('',(4.,-2.19830414725678,10.5228303643152));
#16606=CARTESIAN_POINT('Origin',(4.,0.,0.));
#16607=CARTESIAN_POINT('',(4.,-2.33393153229434,9.33670924911782));
#16608=CARTESIAN_POINT('Origin',(4.,1.76393520735659,9.46895214708461));
#16609=CARTESIAN_POINT('',(4.,-2.7650562209166,9.21823410937097));
#16610=CARTESIAN_POINT('Origin',(4.,0.,0.));
#16611=CARTESIAN_POINT('',(4.,-3.48776744492255,10.1684796430016));
#16612=CARTESIAN_POINT('Origin',(4.,-6.35503651488951,7.23781963535645));
#16613=CARTESIAN_POINT('',(4.,-3.77884347731837,10.06393769724));
#16614=CARTESIAN_POINT('Origin',(4.,0.,0.));
#16615=CARTESIAN_POINT('',(4.,-3.73182082764775,8.87101399561146));
#16616=CARTESIAN_POINT('Origin',(4.,0.297833866692202,9.62724348748807));
#16617=CARTESIAN_POINT('',(4.,-4.13980777234144,8.68811645916774));
#16618=CARTESIAN_POINT('Origin',(4.,0.,0.));
#16619=CARTESIAN_POINT('',(4.,-4.99910342761376,9.51690416679817));
#16620=CARTESIAN_POINT('Origin',(4.,-7.38540616671707,6.18290368129311));
#16621=CARTESIAN_POINT('',(4.,-5.27080991907085,9.36915486033956));
#16622=CARTESIAN_POINT('Origin',(4.,0.,0.));
#16623=CARTESIAN_POINT('',(4.,-5.04223940574576,8.19738969277078));
#16624=CARTESIAN_POINT('Origin',(4.,-1.17524844737517,9.55988040021802));
#16625=CARTESIAN_POINT('',(4.,-5.41752573832096,7.95435672286766));
#16626=CARTESIAN_POINT('Origin',(4.,0.,0.));
#16627=CARTESIAN_POINT('',(4.,-6.39326466300528,8.6422605230789));
#16628=CARTESIAN_POINT('Origin',(4.,-8.24266815757679,4.9830657053264));
#16629=CARTESIAN_POINT('',(4.,-6.63923304365163,8.45476697444018));
#16630=CARTESIAN_POINT('Origin',(4.,0.,0.));
#16631=CARTESIAN_POINT('',(4.,-6.23447216577704,7.33162552331687));
#16632=CARTESIAN_POINT('Origin',(4.,-2.62078393393046,9.26844181894575));
#16633=CARTESIAN_POINT('',(4.,-6.56826149267613,7.03415360678369));
#16634=CARTESIAN_POINT('Origin',(4.,0.,0.));
#16635=CARTESIAN_POINT('',(4.,-7.63757319337582,7.56504961753901));
#16636=CARTESIAN_POINT('Origin',(4.,-8.90672899298447,3.66642889267749));
#16637=CARTESIAN_POINT('',(4.,-7.8520381728422,7.34220651658811));
#16638=CARTESIAN_POINT('Origin',(4.,0.,0.));
#16639=CARTESIAN_POINT('',(4.,-7.28057418233607,6.29401426559405));
#16640=CARTESIAN_POINT('Origin',(4.,-4.00489046634788,8.7597588170044));
#16641=CARTESIAN_POINT('',(4.,-7.56504276464326,5.94907589202884));
#16642=CARTESIAN_POINT('Origin',(4.,0.,0.));
#16643=CARTESIAN_POINT('',(4.,-8.70286348140049,6.31052036080273));
#16644=CARTESIAN_POINT('Origin',(4.,-9.36202364979003,2.26385409430525));
#16645=CARTESIAN_POINT('',(4.,-8.88079818234029,6.05755096095289));
#16646=CARTESIAN_POINT('Origin',(4.,0.,0.));
#16647=CARTESIAN_POINT('',(4.,-8.15602571078968,5.10887664804483));
#16648=CARTESIAN_POINT('Origin',(4.,-5.29512576062186,8.04575449281975));
#16649=CARTESIAN_POINT('',(4.,-8.38450584604006,4.72455688056775));
#16650=CARTESIAN_POINT('Origin',(4.,0.,0.));
#16651=CARTESIAN_POINT('',(4.,-9.56416602562616,4.90807785535827));
#16652=CARTESIAN_POINT('Origin',(4.,-9.5978804071278,0.808216474716239));
#16653=CARTESIAN_POINT('',(4.,-9.70139980945983,4.63091154493505));
#16654=CARTESIAN_POINT('Origin',(4.,0.,0.));
#16655=CARTESIAN_POINT('',(4.,-8.8403069093092,3.80399129194849));
#16656=CARTESIAN_POINT('Origin',(4.,-6.46124779500734,7.14316450258869));
#16657=CARTESIAN_POINT('Origin',(4.,0.,0.));
#16658=CARTESIAN_POINT('',(4.,-10.2946088475708,3.09572748728255));
#16659=CARTESIAN_POINT('Origin',(4.,0.,0.));
#16660=CARTESIAN_POINT('',(4.,-9.31737880657122,2.40994360408238));
#16661=CARTESIAN_POINT('Origin',(4.,-7.47592365737754,6.07314479068244));
#16662=CARTESIAN_POINT('',(4.,-9.41925375288001,1.97459736119949));
#16663=CARTESIAN_POINT('Origin',(4.,0.,0.));
#16664=CARTESIAN_POINT('',(4.,-10.5993095703168,1.79363782090754));
#16665=CARTESIAN_POINT('Origin',(4.,-9.39444011007623,-2.12532755068986));
#16666=CARTESIAN_POINT('',(4.,-10.6465209796006,1.48798220114509));
#16667=CARTESIAN_POINT('Origin',(4.,0.,0.));
#16668=CARTESIAN_POINT('',(4.,-9.57605924165127,0.959408880710066));
#16669=CARTESIAN_POINT('Origin',(4.,-8.31537020551787,4.86077571224142));
#16670=CARTESIAN_POINT('',(4.,-9.61028496439847,0.513613573668701));
#16671=CARTESIAN_POINT('Origin',(4.,0.,0.));
#16672=CARTESIAN_POINT('',(4.,-10.7488876834413,0.154640126631827));
#16673=CARTESIAN_POINT('Origin',(4.,-8.95991152382178,-3.53447417090805));
#16674=CARTESIAN_POINT('',(4.,-10.7488876834413,-0.15464012663198));
#16675=CARTESIAN_POINT('Origin',(4.,0.,0.));
#16676=CARTESIAN_POINT('',(4.,-9.61028496439846,-0.513613573668834));
#16677=CARTESIAN_POINT('Origin',(4.,-8.95991152382183,3.53447417090792));
#16678=CARTESIAN_POINT('',(4.,-9.57605924165126,-0.959408880710198));
#16679=CARTESIAN_POINT('Origin',(4.,0.,0.));
#16680=CARTESIAN_POINT('',(4.,-10.6465209796006,-1.48798220114524));
#16681=CARTESIAN_POINT('Origin',(4.,-8.3153702055178,-4.86077571224154));
#16682=CARTESIAN_POINT('',(4.,-10.5993095703168,-1.79363782090769));
#16683=CARTESIAN_POINT('Origin',(4.,0.,0.));
#16684=CARTESIAN_POINT('',(4.,-9.41925375287998,-1.97459736119962));
#16685=CARTESIAN_POINT('Origin',(4.,-9.39444011007626,2.12532755068973));
#16686=CARTESIAN_POINT('',(4.,-9.31737880657118,-2.40994360408251));
#16687=CARTESIAN_POINT('Origin',(4.,0.,0.));
#16688=CARTESIAN_POINT('',(4.,-10.2946088475708,-3.0957274872827));
#16689=CARTESIAN_POINT('Origin',(4.,-7.47592365737745,-6.07314479068255));
#16690=CARTESIAN_POINT('',(4.,-10.2012926244223,-3.39059416487824));
#16691=CARTESIAN_POINT('Origin',(4.,0.,0.));
#16692=CARTESIAN_POINT('',(4.,-9.00744321678326,-3.38929826017499));
#16693=CARTESIAN_POINT('Origin',(4.,-9.60877098250871,0.666365054027463));
#16694=CARTESIAN_POINT('',(4.,-8.84030690930915,-3.80399129194861));
#16695=CARTESIAN_POINT('Origin',(4.,0.,0.));
#16696=CARTESIAN_POINT('',(4.,-9.70139980945976,-4.63091154493519));
#16697=CARTESIAN_POINT('Origin',(4.,-6.46124779500724,-7.14316450258878));
#16698=CARTESIAN_POINT('',(4.,-9.56416602562609,-4.9080778553584));
#16699=CARTESIAN_POINT('Origin',(4.,0.,0.));
#16700=CARTESIAN_POINT('',(4.,-8.38450584604,-4.72455688056786));
#16701=CARTESIAN_POINT('Origin',(4.,-9.59788040712778,-0.808216474716374));
#16702=CARTESIAN_POINT('',(4.,-8.1560257107896,-5.10887664804494));
#16703=CARTESIAN_POINT('Origin',(4.,0.,0.));
#16704=CARTESIAN_POINT('',(4.,-8.88079818234021,-6.05755096095302));
#16705=CARTESIAN_POINT('Origin',(4.,-5.29512576062175,-8.04575449281982));
#16706=CARTESIAN_POINT('',(4.,-8.7028634814004,-6.31052036080285));
#16707=CARTESIAN_POINT('Origin',(4.,0.,0.));
#16708=CARTESIAN_POINT('',(4.,-7.56504276464317,-5.94907589202895));
#16709=CARTESIAN_POINT('Origin',(4.,-9.36202364978999,-2.26385409430538));
#16710=CARTESIAN_POINT('',(4.,-7.28057418233599,-6.29401426559416));
#16711=CARTESIAN_POINT('Origin',(4.,0.,0.));
#16712=CARTESIAN_POINT('',(4.,-7.8520381728421,-7.34220651658822));
#16713=CARTESIAN_POINT('Origin',(4.,-4.00489046634776,-8.75975881700445));
#16714=CARTESIAN_POINT('',(4.,-7.63757319337571,-7.56504961753911));
#16715=CARTESIAN_POINT('Origin',(4.,0.,0.));
#16716=CARTESIAN_POINT('',(4.,-6.56826149267603,-7.03415360678378));
#16717=CARTESIAN_POINT('Origin',(4.,-8.90672899298441,-3.66642889267762));
#16718=CARTESIAN_POINT('',(4.,-6.23447216577694,-7.33162552331696));
#16719=CARTESIAN_POINT('Origin',(4.,0.,0.));
#16720=CARTESIAN_POINT('',(4.,-6.63923304365151,-8.45476697444027));
#16721=CARTESIAN_POINT('Origin',(4.,-2.62078393393033,-9.26844181894578));
#16722=CARTESIAN_POINT('',(4.,-6.39326466300516,-8.64226052307899));
#16723=CARTESIAN_POINT('Origin',(4.,0.,0.));
#16724=CARTESIAN_POINT('',(4.,-5.41752573832085,-7.95435672286773));
#16725=CARTESIAN_POINT('Origin',(4.,-8.24266815757672,-4.98306570532652));
#16726=CARTESIAN_POINT('',(4.,-5.04223940574565,-8.19738969277085));
#16727=CARTESIAN_POINT('Origin',(4.,0.,0.));
#16728=CARTESIAN_POINT('',(4.,-5.27080991907072,-9.36915486033963));
#16729=CARTESIAN_POINT('Origin',(4.,-1.17524844737503,-9.55988040021804));
#16730=CARTESIAN_POINT('',(4.,-4.99910342761362,-9.51690416679824));
#16731=CARTESIAN_POINT('Origin',(4.,0.,0.));
#16732=CARTESIAN_POINT('',(4.,-4.13980777234133,-8.6881164591678));
#16733=CARTESIAN_POINT('Origin',(4.,-7.38540616671699,-6.18290368129321));
#16734=CARTESIAN_POINT('',(4.,-3.73182082764763,-8.87101399561152));
#16735=CARTESIAN_POINT('Origin',(4.,0.,0.));
#16736=CARTESIAN_POINT('',(4.,-3.77884347731823,-10.06393769724));
#16737=CARTESIAN_POINT('Origin',(4.,0.297833866692337,-9.62724348748807));
#16738=CARTESIAN_POINT('',(4.,-3.4877674449224,-10.1684796430017));
#16739=CARTESIAN_POINT('Origin',(4.,0.,0.));
#16740=CARTESIAN_POINT('',(4.,-2.76505622091647,-9.21823410937101));
#16741=CARTESIAN_POINT('Origin',(4.,-6.35503651488941,-7.23781963535654));
#16742=CARTESIAN_POINT('',(4.,-2.33393153229422,-9.33670924911785));
#16743=CARTESIAN_POINT('Origin',(4.,0.,0.));
#16744=CARTESIAN_POINT('',(4.,-2.19830414725663,-10.5228303643152));
#16745=CARTESIAN_POINT('Origin',(4.,1.76393520735672,-9.46895214708459));
#16746=CARTESIAN_POINT('',(4.,-1.89468114941681,-10.5817145747768));
#16747=CARTESIAN_POINT('Origin',(4.,0.,0.));
#16748=CARTESIAN_POINT('',(4.,-1.32549409522632,-9.53228416506349));
#16749=CARTESIAN_POINT('Origin',(4.,-5.175710193432,-8.12308723165857));
#16750=CARTESIAN_POINT('',(4.,-0.881336859972454,-9.58355995125266));
#16751=CARTESIAN_POINT('Origin',(4.,0.,0.));
#16752=CARTESIAN_POINT('',(4.,-0.566238431179515,-10.7350768063883));
#16753=CARTESIAN_POINT('Origin',(4.,3.18869140180281,-9.08871659386512));
#16754=CARTESIAN_POINT('',(4.,-0.257185133626164,-10.7469230855646));
#16755=CARTESIAN_POINT('Origin',(4.,0.,0.));
#16756=CARTESIAN_POINT('',(4.,0.145136488619242,-9.6229055591163));
#16757=CARTESIAN_POINT('Origin',(4.,-3.87506961176908,-8.81795654806));
#16758=CARTESIAN_POINT('',(4.,0.591915601360575,-9.60578013077886));
#16759=CARTESIAN_POINT('Origin',(4.,0.,0.));
#16760=CARTESIAN_POINT('',(4.,1.079099433803,-10.6957021467488));
#16761=CARTESIAN_POINT('Origin',(4.,4.53870737240016,-8.49544922692443));
#16762=CARTESIAN_POINT('',(4.,1.38633908371667,-10.6602328278964));
#16763=CARTESIAN_POINT('Origin',(4.,0.,0.));
#16764=CARTESIAN_POINT('',(4.,1.61236519618355,-9.48797420285995));
#16765=CARTESIAN_POINT('Origin',(4.,-2.483600682763,-9.3061404367283));
#16766=CARTESIAN_POINT('',(4.,2.05129406268211,-9.40284896552131));
#16767=CARTESIAN_POINT('Origin',(4.,0.,0.));
#16768=CARTESIAN_POINT('',(4.,2.69914412265945,-10.4056292940462));
#16769=CARTESIAN_POINT('Origin',(4.,5.78233988901843,-7.70305573051349));
#16770=CARTESIAN_POINT('',(4.,2.99736868794371,-10.3236757479366));
#16771=CARTESIAN_POINT('Origin',(4.,0.,0.));
#16772=CARTESIAN_POINT('',(4.,3.04180143012668,-9.1306527729226));
#16773=CARTESIAN_POINT('Origin',(4.,-1.03391825875528,-9.57619628107856));
#16774=CARTESIAN_POINT('',(4.,3.4625919297706,-8.97952298999716));
#16775=CARTESIAN_POINT('Origin',(4.,0.,0.));
#16776=CARTESIAN_POINT('',(4.,4.25592316096923,-9.87165731009366));
#16777=CARTESIAN_POINT('Origin',(4.,6.89043925952214,-6.7301091365866));
#16778=CARTESIAN_POINT('',(4.,4.53814251057723,-9.74514045838703));
#16779=CARTESIAN_POINT('Origin',(4.,0.,0.));
#16780=CARTESIAN_POINT('',(4.,4.39994041665899,-8.55931658077038));
#16781=CARTESIAN_POINT('Origin',(4.,0.439998332929188,-9.62179420100794));
#16782=CARTESIAN_POINT('',(4.,4.79272957678211,-8.34572460627824));
#16783=CARTESIAN_POINT('Origin',(4.,0.,0.));
#16784=CARTESIAN_POINT('',(4.,5.71294696753909,-9.10630204562126));
#16785=CARTESIAN_POINT('Origin',(4.,7.83703257384814,-5.59941448867411));
#16786=CARTESIAN_POINT('',(4.,5.97254611911406,-8.93818733609089));
#16787=CARTESIAN_POINT('Origin',(4.,0.,0.));
#16788=CARTESIAN_POINT('',(4.,5.65494852904138,-7.78735726250522));
#16789=CARTESIAN_POINT('Origin',(4.,1.90360173661509,-9.44186541992028));
#16790=CARTESIAN_POINT('',(4.,6.01052970464305,-7.51630951129632));
#16791=CARTESIAN_POINT('Origin',(4.,0.,0.));
#16792=CARTESIAN_POINT('',(4.,7.03606413925915,-8.1275027793432));
#16793=CARTESIAN_POINT('Origin',(4.,8.59993248700394,-4.33747431099075));
#16794=CARTESIAN_POINT('',(4.,7.26695830871421,-7.92173067829307));
#16795=CARTESIAN_POINT('Origin',(4.,0.,0.));
#16796=CARTESIAN_POINT('',(4.,6.77740944081515,-6.83286889026489));
#16797=CARTESIAN_POINT('Origin',(4.,3.32258632901274,-9.04062731594373));
#16798=CARTESIAN_POINT('',(4.,7.08744811051591,-6.51071849189814));
#16799=CARTESIAN_POINT('Origin',(4.,0.,0.));
#16800=CARTESIAN_POINT('',(4.,8.1942619310464,-6.95820173646925));
#16801=CARTESIAN_POINT('Origin',(4.,9.16125727162913,-2.97386741173051));
#16802=CARTESIAN_POINT('',(4.,8.39103915474634,-6.71959536754363));
#16803=CARTESIAN_POINT('Origin',(4.,0.,0.));
#16804=CARTESIAN_POINT('',(4.,7.74101361956208,-5.71822386250787));
#16805=CARTESIAN_POINT('Origin',(4.,4.66369231395193,-8.42748457016185));
#16806=CARTESIAN_POINT('',(4.,7.99824273972074,-5.35252174927898));
#16807=CARTESIAN_POINT('Origin',(4.,0.,0.));
#16808=CARTESIAN_POINT('',(4.,9.16039316830427,-5.62580634239078));
#16809=CARTESIAN_POINT('Origin',(4.,9.50784995052894,-1.54055558087246));
#16810=CARTESIAN_POINT('',(4.,9.31844115490621,-5.35995843664391));
#16811=CARTESIAN_POINT('Origin',(4.,0.,0.));
#16812=CARTESIAN_POINT('',(4.,8.52317500004538,-4.46954851395546));
#16813=CARTESIAN_POINT('Origin',(4.,5.89548530381438,-7.61680872886008));
#16814=CARTESIAN_POINT('',(4.,8.7215653381027,-4.06886643344377));
#16815=CARTESIAN_POINT('Origin',(4.,0.,0.));
#16816=CARTESIAN_POINT('',(4.,9.91181255368632,-4.16154681585901));
#16817=CARTESIAN_POINT('Origin',(4.,9.63158668506828,-0.0711344329131025));
#16818=CARTESIAN_POINT('',(4.,10.0274267923396,-3.87468862287936));
#16819=CARTESIAN_POINT('Origin',(4.,0.,0.));
#16820=CARTESIAN_POINT('',(4.,9.10556038243576,-3.1161107364496));
#16821=CARTESIAN_POINT('Origin',(4.,6.98909311493706,-6.62760134666153));
#16822=CARTESIAN_POINT('',(4.,9.24046183701554,-2.68984033701993));
#16823=CARTESIAN_POINT('Origin',(4.,0.,0.));
#16824=CARTESIAN_POINT('',(4.,10.4309074536727,-2.59974415912703));
#16825=CARTESIAN_POINT('Origin',(4.,9.52956719106394,1.39995404586298));
#16826=CARTESIAN_POINT('',(4.,10.5013780446133,-2.2985993918283));
#16827=CARTESIAN_POINT('Origin',(4.,0.,0.));
#16828=CARTESIAN_POINT('',(4.,9.47451914697694,-1.68963396437433));
#16829=CARTESIAN_POINT('Origin',(4.,7.91888250712625,-5.48304860619166));
#16830=CARTESIAN_POINT('',(4.,9.542769742321,-1.24776666289927));
#16831=CARTESIAN_POINT('Origin',(4.,0.,0.));
#16832=CARTESIAN_POINT('',(4.,10.7055107237722,-0.977005702746085));
#16833=CARTESIAN_POINT('Origin',(4.,9.20418271898767,2.83822878835007));
#16834=CARTESIAN_POINT('',(4.,10.7291858960766,-0.668632939235447));
#16835=CARTESIAN_POINT('Origin',(4.,0.,0.));
#16836=CARTESIAN_POINT('',(4.,9.62140321294304,-0.223553604241619));
#16837=CARTESIAN_POINT('Origin',(4.,8.66306000508192,-4.20997785360927));
#16838=CARTESIAN_POINT('',(4.,9.62140321294304,0.223553604241618));
#16839=CARTESIAN_POINT('Origin',(4.,0.,0.));
#16840=CARTESIAN_POINT('',(4.,10.7291858960766,0.668632939235447));
#16841=CARTESIAN_POINT('Origin',(4.,8.66306000508192,4.20997785360927));
#16842=CARTESIAN_POINT('',(4.,10.7055107237722,0.977005702746235));
#16843=CARTESIAN_POINT('Origin',(4.,0.,0.));
#16844=CARTESIAN_POINT('',(4.,9.54276974232098,1.24776666289941));
#16845=CARTESIAN_POINT('Origin',(4.,9.20418271898771,-2.83822878834993));
#16846=CARTESIAN_POINT('',(4.,9.47451914697692,1.68963396437447));
#16847=CARTESIAN_POINT('Origin',(4.,0.,0.));
#16848=CARTESIAN_POINT('',(4.,10.5013780446133,2.29859939182845));
#16849=CARTESIAN_POINT('Origin',(4.,7.91888250712617,5.48304860619177));
#16850=CARTESIAN_POINT('Origin',(4.,0.,0.));
#16851=CARTESIAN_POINT('',(4.,9.10556038243571,3.11611073644972));
#16852=CARTESIAN_POINT('Origin',(4.,0.,0.));
#16853=CARTESIAN_POINT('',(4.,10.0274267923395,3.8746886228795));
#16854=CARTESIAN_POINT('Origin',(4.,6.98909311493697,6.62760134666163));
#16855=CARTESIAN_POINT('Origin',(4.,0.,0.));
#16856=CARTESIAN_POINT('',(4.,8.52317500004532,4.46954851395558));
#16857=CARTESIAN_POINT('Origin',(4.,0.,0.));
#16858=CARTESIAN_POINT('',(4.,9.31844115490614,5.35995843664404));
#16859=CARTESIAN_POINT('Origin',(4.,5.89548530381427,7.61680872886016));
#16860=CARTESIAN_POINT('',(4.,9.1603931683042,5.62580634239091));
#16861=CARTESIAN_POINT('Origin',(4.,0.,0.));
#16862=CARTESIAN_POINT('',(4.,7.99824273972067,5.35252174927909));
#16863=CARTESIAN_POINT('Origin',(4.,9.50784995052892,1.54055558087259));
#16864=CARTESIAN_POINT('',(4.,7.74101361956201,5.71822386250797));
#16865=CARTESIAN_POINT('Origin',(4.,0.,0.));
#16866=CARTESIAN_POINT('',(4.,8.39103915474624,6.71959536754375));
#16867=CARTESIAN_POINT('Origin',(4.,4.66369231395181,8.42748457016192));
#16868=CARTESIAN_POINT('',(4.,8.1942619310463,6.95820173646937));
#16869=CARTESIAN_POINT('Origin',(4.,0.,0.));
#16870=CARTESIAN_POINT('',(4.,7.08744811051582,6.51071849189824));
#16871=CARTESIAN_POINT('Origin',(4.,9.16125727162909,2.97386741173065));
#16872=CARTESIAN_POINT('',(4.,6.77740944081505,6.83286889026498));
#16873=CARTESIAN_POINT('Origin',(4.,0.,0.));
#16874=CARTESIAN_POINT('',(4.,7.2669583087141,7.92173067829317));
#16875=CARTESIAN_POINT('Origin',(4.,3.32258632901262,9.04062731594378));
#16876=CARTESIAN_POINT('',(4.,7.03606413925903,8.1275027793433));
#16877=CARTESIAN_POINT('Origin',(4.,0.,0.));
#16878=CARTESIAN_POINT('',(4.,6.01052970464295,7.5163095112964));
#16879=CARTESIAN_POINT('Origin',(4.,8.59993248700387,4.33747431099087));
#16880=CARTESIAN_POINT('',(4.,5.65494852904127,7.7873572625053));
#16881=CARTESIAN_POINT('Origin',(4.,0.,0.));
#16882=CARTESIAN_POINT('',(4.,5.97254611911393,8.93818733609098));
#16883=CARTESIAN_POINT('Origin',(4.,1.90360173661495,9.44186541992031));
#16884=CARTESIAN_POINT('',(4.,5.71294696753896,9.10630204562134));
#16885=CARTESIAN_POINT('Origin',(4.,0.,0.));
#16886=CARTESIAN_POINT('',(4.,4.79272957678199,8.3457246062783));
#16887=CARTESIAN_POINT('Origin',(4.,7.83703257384806,5.59941448867423));
#16888=CARTESIAN_POINT('',(4.,4.39994041665887,8.55931658077044));
#16889=CARTESIAN_POINT('Origin',(4.,0.,0.));
#16890=CARTESIAN_POINT('',(4.,4.5381425105771,9.74514045838709));
#16891=CARTESIAN_POINT('Origin',(4.,0.439998332929053,9.62179420100794));
#16892=CARTESIAN_POINT('',(4.,4.25592316096909,9.87165731009372));
#16893=CARTESIAN_POINT('Origin',(4.,0.,0.));
#16894=CARTESIAN_POINT('',(4.,3.46259192977048,8.97952298999721));
#16895=CARTESIAN_POINT('Origin',(4.,6.89043925952204,6.7301091365867));
#16896=CARTESIAN_POINT('',(4.,3.04180143012656,9.13065277292265));
#16897=CARTESIAN_POINT('Origin',(4.,0.,0.));
#16898=CARTESIAN_POINT('',(4.,2.99736868794356,10.3236757479367));
#16899=CARTESIAN_POINT('Origin',(4.,-1.03391825875541,9.57619628107854));
#16900=CARTESIAN_POINT('',(4.,2.6991441226593,10.4056292940463));
#16901=CARTESIAN_POINT('Origin',(4.,0.,0.));
#16902=CARTESIAN_POINT('',(4.,2.05129406268198,9.40284896552134));
#16903=CARTESIAN_POINT('Origin',(4.,5.78233988901832,7.70305573051357));
#16904=CARTESIAN_POINT('',(4.,1.61236519618342,9.48797420285998));
#16905=CARTESIAN_POINT('Origin',(4.,0.,0.));
#16906=CARTESIAN_POINT('',(4.,1.38633908371652,10.6602328278964));
#16907=CARTESIAN_POINT('Origin',(4.,-2.48360068276313,9.30614043672826));
#16908=CARTESIAN_POINT('Origin',(4.,0.,0.));
#16909=CARTESIAN_POINT('Origin',(-10.,0.,0.));
#16910=CARTESIAN_POINT('',(0.,1.07909943380285,10.6957021467488));
#16911=CARTESIAN_POINT('',(2.,1.07909943380285,10.6957021467488));
#16912=CARTESIAN_POINT('',(0.,1.38633908371652,10.6602328278964));
#16913=CARTESIAN_POINT('',(2.,1.38633908371652,10.6602328278964));
#16914=CARTESIAN_POINT('Origin',(0.,0.,0.));
#16915=CARTESIAN_POINT('Origin',(-10.,0.,0.));
#16916=CARTESIAN_POINT('',(0.,-0.257185133626314,10.7469230855646));
#16917=CARTESIAN_POINT('',(2.,-0.257185133626314,10.7469230855646));
#16918=CARTESIAN_POINT('',(0.,-0.566238431179667,10.7350768063883));
#16919=CARTESIAN_POINT('Origin',(0.,0.,0.));
#16920=CARTESIAN_POINT('',(2.,-0.566238431179667,10.7350768063883));
#16921=CARTESIAN_POINT('Origin',(-10.,0.,0.));
#16922=CARTESIAN_POINT('',(0.,2.6991441226593,10.4056292940463));
#16923=CARTESIAN_POINT('',(2.,2.6991441226593,10.4056292940463));
#16924=CARTESIAN_POINT('',(0.,2.99736868794356,10.3236757479367));
#16925=CARTESIAN_POINT('',(2.,2.99736868794356,10.3236757479367));
#16926=CARTESIAN_POINT('Origin',(0.,0.,0.));
#16927=CARTESIAN_POINT('Origin',(-10.,0.,0.));
#16928=CARTESIAN_POINT('',(0.,4.25592316096909,9.87165731009372));
#16929=CARTESIAN_POINT('',(2.,4.25592316096909,9.87165731009372));
#16930=CARTESIAN_POINT('',(0.,4.5381425105771,9.74514045838709));
#16931=CARTESIAN_POINT('',(2.,4.5381425105771,9.74514045838709));
#16932=CARTESIAN_POINT('Origin',(0.,0.,0.));
#16933=CARTESIAN_POINT('Origin',(-10.,0.,0.));
#16934=CARTESIAN_POINT('',(0.,7.03606413925903,8.1275027793433));
#16935=CARTESIAN_POINT('',(2.,7.03606413925903,8.1275027793433));
#16936=CARTESIAN_POINT('',(0.,7.26695830871409,7.92173067829317));
#16937=CARTESIAN_POINT('',(2.,7.26695830871409,7.92173067829317));
#16938=CARTESIAN_POINT('Origin',(0.,0.,0.));
#16939=CARTESIAN_POINT('Origin',(-10.,0.,0.));
#16940=CARTESIAN_POINT('',(0.,5.97254611911393,8.93818733609098));
#16941=CARTESIAN_POINT('',(2.,5.97254611911393,8.93818733609098));
#16942=CARTESIAN_POINT('',(0.,5.71294696753896,9.10630204562134));
#16943=CARTESIAN_POINT('Origin',(0.,0.,0.));
#16944=CARTESIAN_POINT('',(2.,5.71294696753896,9.10630204562134));
#16945=CARTESIAN_POINT('Origin',(-10.,0.,0.));
#16946=CARTESIAN_POINT('',(0.,10.5013780446133,2.29859939182845));
#16947=CARTESIAN_POINT('',(2.,10.5013780446133,2.29859939182845));
#16948=CARTESIAN_POINT('Origin',(0.,0.,0.));
#16949=CARTESIAN_POINT('Origin',(-10.,0.,0.));
#16950=CARTESIAN_POINT('',(0.,10.0274267923395,3.87468862287949));
#16951=CARTESIAN_POINT('',(2.,10.0274267923395,3.87468862287949));
#16952=CARTESIAN_POINT('Origin',(0.,0.,0.));
#16953=CARTESIAN_POINT('Origin',(-10.,0.,0.));
#16954=CARTESIAN_POINT('',(0.,9.31844115490614,5.35995843664404));
#16955=CARTESIAN_POINT('',(2.,9.31844115490614,5.35995843664404));
#16956=CARTESIAN_POINT('',(0.,9.1603931683042,5.62580634239091));
#16957=CARTESIAN_POINT('Origin',(0.,0.,0.));
#16958=CARTESIAN_POINT('',(2.,9.1603931683042,5.62580634239091));
#16959=CARTESIAN_POINT('Origin',(-10.,0.,0.));
#16960=CARTESIAN_POINT('',(0.,8.1942619310463,6.95820173646937));
#16961=CARTESIAN_POINT('',(2.,8.1942619310463,6.95820173646937));
#16962=CARTESIAN_POINT('',(0.,8.39103915474624,6.71959536754375));
#16963=CARTESIAN_POINT('',(2.,8.39103915474624,6.71959536754375));
#16964=CARTESIAN_POINT('Origin',(0.,0.,0.));
#16965=CARTESIAN_POINT('Origin',(-10.,0.,0.));
#16966=CARTESIAN_POINT('',(0.,-10.6465209796006,1.48798220114509));
#16967=CARTESIAN_POINT('',(2.,-10.6465209796006,1.48798220114509));
#16968=CARTESIAN_POINT('',(0.,-10.5993095703168,1.79363782090754));
#16969=CARTESIAN_POINT('',(2.,-10.5993095703168,1.79363782090754));
#16970=CARTESIAN_POINT('Origin',(0.,0.,0.));
#16971=CARTESIAN_POINT('Origin',(-10.,0.,0.));
#16972=CARTESIAN_POINT('',(0.,-10.7488876834413,0.154640126631828));
#16973=CARTESIAN_POINT('',(2.,-10.7488876834413,0.154640126631828));
#16974=CARTESIAN_POINT('',(0.,-10.7488876834413,-0.15464012663198));
#16975=CARTESIAN_POINT('Origin',(0.,0.,0.));
#16976=CARTESIAN_POINT('',(2.,-10.7488876834413,-0.15464012663198));
#16977=CARTESIAN_POINT('Origin',(-10.,0.,0.));
#16978=CARTESIAN_POINT('',(0.,-10.2946088475708,3.09572748728255));
#16979=CARTESIAN_POINT('',(2.,-10.2946088475708,3.09572748728255));
#16980=CARTESIAN_POINT('Origin',(0.,0.,0.));
#16981=CARTESIAN_POINT('Origin',(-10.,0.,0.));
#16982=CARTESIAN_POINT('',(0.,-9.70139980945983,4.63091154493505));
#16983=CARTESIAN_POINT('',(2.,-9.70139980945983,4.63091154493505));
#16984=CARTESIAN_POINT('',(0.,-9.56416602562616,4.90807785535827));
#16985=CARTESIAN_POINT('',(2.,-9.56416602562616,4.90807785535827));
#16986=CARTESIAN_POINT('Origin',(0.,0.,0.));
#16987=CARTESIAN_POINT('Origin',(-10.,0.,0.));
#16988=CARTESIAN_POINT('',(0.,-7.8520381728422,7.34220651658811));
#16989=CARTESIAN_POINT('',(2.,-7.8520381728422,7.34220651658811));
#16990=CARTESIAN_POINT('',(0.,-7.63757319337582,7.56504961753901));
#16991=CARTESIAN_POINT('',(2.,-7.63757319337582,7.56504961753901));
#16992=CARTESIAN_POINT('Origin',(0.,0.,0.));
#16993=CARTESIAN_POINT('Origin',(-10.,0.,0.));
#16994=CARTESIAN_POINT('',(0.,-8.70286348140049,6.31052036080273));
#16995=CARTESIAN_POINT('',(2.,-8.70286348140049,6.31052036080273));
#16996=CARTESIAN_POINT('',(0.,-8.88079818234029,6.05755096095289));
#16997=CARTESIAN_POINT('Origin',(0.,0.,0.));
#16998=CARTESIAN_POINT('',(2.,-8.88079818234029,6.05755096095289));
#16999=CARTESIAN_POINT('Origin',(-10.,0.,0.));
#17000=CARTESIAN_POINT('',(0.,-5.27080991907085,9.36915486033956));
#17001=CARTESIAN_POINT('',(2.,-5.27080991907085,9.36915486033956));
#17002=CARTESIAN_POINT('',(0.,-4.99910342761375,9.51690416679817));
#17003=CARTESIAN_POINT('',(2.,-4.99910342761375,9.51690416679817));
#17004=CARTESIAN_POINT('Origin',(0.,0.,0.));
#17005=CARTESIAN_POINT('Origin',(-10.,0.,0.));
#17006=CARTESIAN_POINT('',(0.,-6.39326466300528,8.6422605230789));
#17007=CARTESIAN_POINT('',(2.,-6.39326466300528,8.6422605230789));
#17008=CARTESIAN_POINT('',(0.,-6.63923304365163,8.45476697444018));
#17009=CARTESIAN_POINT('Origin',(0.,0.,0.));
#17010=CARTESIAN_POINT('',(2.,-6.63923304365163,8.45476697444018));
#17011=CARTESIAN_POINT('Origin',(-10.,0.,0.));
#17012=CARTESIAN_POINT('',(0.,-3.77884347731837,10.06393769724));
#17013=CARTESIAN_POINT('',(2.,-3.77884347731837,10.06393769724));
#17014=CARTESIAN_POINT('',(0.,-3.48776744492255,10.1684796430016));
#17015=CARTESIAN_POINT('',(2.,-3.48776744492255,10.1684796430016));
#17016=CARTESIAN_POINT('Origin',(0.,0.,0.));
#17017=CARTESIAN_POINT('Origin',(-10.,0.,0.));
#17018=CARTESIAN_POINT('',(0.,-2.19830414725678,10.5228303643152));
#17019=CARTESIAN_POINT('',(2.,-2.19830414725678,10.5228303643152));
#17020=CARTESIAN_POINT('',(0.,-1.89468114941696,10.5817145747768));
#17021=CARTESIAN_POINT('',(2.,-1.89468114941696,10.5817145747768));
#17022=CARTESIAN_POINT('Origin',(0.,0.,0.));
#17023=CARTESIAN_POINT('Origin',(-10.,0.,0.));
#17024=CARTESIAN_POINT('',(0.,-1.89468114941681,-10.5817145747768));
#17025=CARTESIAN_POINT('',(2.,-1.89468114941681,-10.5817145747768));
#17026=CARTESIAN_POINT('',(0.,-2.19830414725663,-10.5228303643152));
#17027=CARTESIAN_POINT('',(2.,-2.19830414725663,-10.5228303643152));
#17028=CARTESIAN_POINT('Origin',(0.,0.,0.));
#17029=CARTESIAN_POINT('Origin',(-10.,0.,0.));
#17030=CARTESIAN_POINT('',(0.,-0.566238431179515,-10.7350768063883));
#17031=CARTESIAN_POINT('',(2.,-0.566238431179515,-10.7350768063883));
#17032=CARTESIAN_POINT('',(0.,-0.257185133626164,-10.7469230855646));
#17033=CARTESIAN_POINT('Origin',(0.,0.,0.));
#17034=CARTESIAN_POINT('',(2.,-0.257185133626164,-10.7469230855646));
#17035=CARTESIAN_POINT('Origin',(-10.,0.,0.));
#17036=CARTESIAN_POINT('',(0.,-3.4877674449224,-10.1684796430017));
#17037=CARTESIAN_POINT('',(2.,-3.4877674449224,-10.1684796430017));
#17038=CARTESIAN_POINT('',(0.,-3.77884347731823,-10.06393769724));
#17039=CARTESIAN_POINT('',(2.,-3.77884347731823,-10.06393769724));
#17040=CARTESIAN_POINT('Origin',(0.,0.,0.));
#17041=CARTESIAN_POINT('Origin',(-10.,0.,0.));
#17042=CARTESIAN_POINT('',(0.,-4.99910342761362,-9.51690416679824));
#17043=CARTESIAN_POINT('',(2.,-4.99910342761362,-9.51690416679824));
#17044=CARTESIAN_POINT('',(0.,-5.27080991907072,-9.36915486033963));
#17045=CARTESIAN_POINT('',(2.,-5.27080991907072,-9.36915486033963));
#17046=CARTESIAN_POINT('Origin',(0.,0.,0.));
#17047=CARTESIAN_POINT('Origin',(-10.,0.,0.));
#17048=CARTESIAN_POINT('',(0.,-7.63757319337571,-7.56504961753911));
#17049=CARTESIAN_POINT('',(2.,-7.63757319337571,-7.56504961753911));
#17050=CARTESIAN_POINT('',(0.,-7.8520381728421,-7.34220651658822));
#17051=CARTESIAN_POINT('',(2.,-7.8520381728421,-7.34220651658822));
#17052=CARTESIAN_POINT('Origin',(0.,0.,0.));
#17053=CARTESIAN_POINT('Origin',(-10.,0.,0.));
#17054=CARTESIAN_POINT('',(0.,-6.63923304365151,-8.45476697444027));
#17055=CARTESIAN_POINT('',(2.,-6.63923304365151,-8.45476697444027));
#17056=CARTESIAN_POINT('',(0.,-6.39326466300516,-8.64226052307899));
#17057=CARTESIAN_POINT('Origin',(0.,0.,0.));
#17058=CARTESIAN_POINT('',(2.,-6.39326466300516,-8.64226052307899));
#17059=CARTESIAN_POINT('Origin',(-10.,0.,0.));
#17060=CARTESIAN_POINT('',(0.,-9.5641660256261,-4.9080778553584));
#17061=CARTESIAN_POINT('',(2.,-9.5641660256261,-4.9080778553584));
#17062=CARTESIAN_POINT('',(0.,-9.70139980945976,-4.63091154493519));
#17063=CARTESIAN_POINT('',(2.,-9.70139980945976,-4.63091154493519));
#17064=CARTESIAN_POINT('Origin',(0.,0.,0.));
#17065=CARTESIAN_POINT('Origin',(-10.,0.,0.));
#17066=CARTESIAN_POINT('',(0.,-8.88079818234021,-6.05755096095302));
#17067=CARTESIAN_POINT('',(2.,-8.88079818234021,-6.05755096095302));
#17068=CARTESIAN_POINT('',(0.,-8.7028634814004,-6.31052036080285));
#17069=CARTESIAN_POINT('Origin',(0.,0.,0.));
#17070=CARTESIAN_POINT('',(2.,-8.7028634814004,-6.31052036080285));
#17071=CARTESIAN_POINT('Origin',(-10.,0.,0.));
#17072=CARTESIAN_POINT('',(0.,-10.2012926244223,-3.39059416487824));
#17073=CARTESIAN_POINT('',(2.,-10.2012926244223,-3.39059416487824));
#17074=CARTESIAN_POINT('',(0.,-10.2946088475708,-3.0957274872827));
#17075=CARTESIAN_POINT('',(2.,-10.2946088475708,-3.0957274872827));
#17076=CARTESIAN_POINT('Origin',(0.,0.,0.));
#17077=CARTESIAN_POINT('Origin',(-10.,0.,0.));
#17078=CARTESIAN_POINT('',(0.,-10.5993095703168,-1.79363782090769));
#17079=CARTESIAN_POINT('',(2.,-10.5993095703168,-1.79363782090769));
#17080=CARTESIAN_POINT('',(0.,-10.6465209796006,-1.48798220114524));
#17081=CARTESIAN_POINT('',(2.,-10.6465209796006,-1.48798220114524));
#17082=CARTESIAN_POINT('Origin',(0.,0.,0.));
#17083=CARTESIAN_POINT('Origin',(-10.,0.,0.));
#17084=CARTESIAN_POINT('',(0.,8.39103915474634,-6.71959536754363));
#17085=CARTESIAN_POINT('',(2.,8.39103915474634,-6.71959536754363));
#17086=CARTESIAN_POINT('',(0.,8.1942619310464,-6.95820173646925));
#17087=CARTESIAN_POINT('',(2.,8.1942619310464,-6.95820173646925));
#17088=CARTESIAN_POINT('Origin',(0.,0.,0.));
#17089=CARTESIAN_POINT('Origin',(-10.,0.,0.));
#17090=CARTESIAN_POINT('',(0.,9.16039316830427,-5.62580634239078));
#17091=CARTESIAN_POINT('',(2.,9.16039316830427,-5.62580634239078));
#17092=CARTESIAN_POINT('',(0.,9.31844115490621,-5.35995843664391));
#17093=CARTESIAN_POINT('Origin',(0.,0.,0.));
#17094=CARTESIAN_POINT('',(2.,9.31844115490621,-5.35995843664391));
#17095=CARTESIAN_POINT('Origin',(-10.,0.,0.));
#17096=CARTESIAN_POINT('',(0.,7.26695830871421,-7.92173067829307));
#17097=CARTESIAN_POINT('',(2.,7.26695830871421,-7.92173067829307));
#17098=CARTESIAN_POINT('',(0.,7.03606413925915,-8.1275027793432));
#17099=CARTESIAN_POINT('',(2.,7.03606413925915,-8.1275027793432));
#17100=CARTESIAN_POINT('Origin',(0.,0.,0.));
#17101=CARTESIAN_POINT('Origin',(-10.,0.,0.));
#17102=CARTESIAN_POINT('',(0.,9.91181255368632,-4.16154681585901));
#17103=CARTESIAN_POINT('',(2.,9.91181255368632,-4.16154681585901));
#17104=CARTESIAN_POINT('',(0.,10.0274267923396,-3.87468862287936));
#17105=CARTESIAN_POINT('Origin',(0.,0.,0.));
#17106=CARTESIAN_POINT('',(2.,10.0274267923396,-3.87468862287936));
#17107=CARTESIAN_POINT('Origin',(-10.,0.,0.));
#17108=CARTESIAN_POINT('',(0.,10.4309074536727,-2.59974415912703));
#17109=CARTESIAN_POINT('',(2.,10.4309074536727,-2.59974415912703));
#17110=CARTESIAN_POINT('',(0.,10.5013780446133,-2.2985993918283));
#17111=CARTESIAN_POINT('Origin',(0.,0.,0.));
#17112=CARTESIAN_POINT('',(2.,10.5013780446133,-2.2985993918283));
#17113=CARTESIAN_POINT('Origin',(-10.,0.,0.));
#17114=CARTESIAN_POINT('',(0.,10.7055107237722,-0.977005702746085));
#17115=CARTESIAN_POINT('',(2.,10.7055107237722,-0.977005702746085));
#17116=CARTESIAN_POINT('',(0.,10.7291858960766,-0.668632939235447));
#17117=CARTESIAN_POINT('Origin',(0.,0.,0.));
#17118=CARTESIAN_POINT('',(2.,10.7291858960766,-0.668632939235447));
#17119=CARTESIAN_POINT('Origin',(-10.,0.,0.));
#17120=CARTESIAN_POINT('',(0.,4.53814251057723,-9.74514045838703));
#17121=CARTESIAN_POINT('',(2.,4.53814251057723,-9.74514045838703));
#17122=CARTESIAN_POINT('',(0.,4.25592316096923,-9.87165731009366));
#17123=CARTESIAN_POINT('',(2.,4.25592316096923,-9.87165731009366));
#17124=CARTESIAN_POINT('Origin',(0.,0.,0.));
#17125=CARTESIAN_POINT('Origin',(-10.,0.,0.));
#17126=CARTESIAN_POINT('',(0.,5.71294696753909,-9.10630204562126));
#17127=CARTESIAN_POINT('',(2.,5.71294696753909,-9.10630204562126));
#17128=CARTESIAN_POINT('',(0.,5.97254611911406,-8.93818733609089));
#17129=CARTESIAN_POINT('Origin',(0.,0.,0.));
#17130=CARTESIAN_POINT('',(2.,5.97254611911406,-8.93818733609089));
#17131=CARTESIAN_POINT('Origin',(-10.,0.,0.));
#17132=CARTESIAN_POINT('',(0.,2.99736868794371,-10.3236757479366));
#17133=CARTESIAN_POINT('',(2.,2.99736868794371,-10.3236757479366));
#17134=CARTESIAN_POINT('',(0.,2.69914412265945,-10.4056292940462));
#17135=CARTESIAN_POINT('',(2.,2.69914412265945,-10.4056292940462));
#17136=CARTESIAN_POINT('Origin',(0.,0.,0.));
#17137=CARTESIAN_POINT('Origin',(-10.,0.,0.));
#17138=CARTESIAN_POINT('',(0.,1.38633908371667,-10.6602328278964));
#17139=CARTESIAN_POINT('',(2.,1.38633908371667,-10.6602328278964));
#17140=CARTESIAN_POINT('',(0.,1.079099433803,-10.6957021467488));
#17141=CARTESIAN_POINT('',(2.,1.079099433803,-10.6957021467488));
#17142=CARTESIAN_POINT('Origin',(0.,0.,0.));
#17143=CARTESIAN_POINT('Origin',(0.,0.,0.));
#17144=CARTESIAN_POINT('',(0.,0.591915601360442,9.60578013077887));
#17145=CARTESIAN_POINT('Origin',(0.,4.53870737240004,8.49544922692449));
#17146=CARTESIAN_POINT('',(0.,1.61236519618342,9.48797420285998));
#17147=CARTESIAN_POINT('Origin',(0.,-2.48360068276313,9.30614043672826));
#17148=CARTESIAN_POINT('',(0.,2.05129406268198,9.40284896552134));
#17149=CARTESIAN_POINT('Origin',(0.,0.,0.));
#17150=CARTESIAN_POINT('Origin',(0.,5.78233988901832,7.70305573051357));
#17151=CARTESIAN_POINT('',(0.,3.04180143012656,9.13065277292265));
#17152=CARTESIAN_POINT('Origin',(0.,-1.03391825875541,9.57619628107854));
#17153=CARTESIAN_POINT('',(0.,3.46259192977048,8.97952298999721));
#17154=CARTESIAN_POINT('Origin',(0.,0.,0.));
#17155=CARTESIAN_POINT('Origin',(0.,6.89043925952204,6.7301091365867));
#17156=CARTESIAN_POINT('',(0.,4.39994041665887,8.55931658077044));
#17157=CARTESIAN_POINT('Origin',(0.,0.439998332929053,9.62179420100794));
#17158=CARTESIAN_POINT('',(0.,4.79272957678199,8.3457246062783));
#17159=CARTESIAN_POINT('Origin',(0.,0.,0.));
#17160=CARTESIAN_POINT('Origin',(0.,7.83703257384806,5.59941448867423));
#17161=CARTESIAN_POINT('',(0.,5.65494852904127,7.7873572625053));
#17162=CARTESIAN_POINT('Origin',(0.,1.90360173661495,9.44186541992031));
#17163=CARTESIAN_POINT('',(0.,6.01052970464295,7.5163095112964));
#17164=CARTESIAN_POINT('Origin',(0.,0.,0.));
#17165=CARTESIAN_POINT('Origin',(0.,8.59993248700387,4.33747431099087));
#17166=CARTESIAN_POINT('',(0.,6.77740944081505,6.83286889026498));
#17167=CARTESIAN_POINT('Origin',(0.,3.32258632901262,9.04062731594378));
#17168=CARTESIAN_POINT('',(0.,7.08744811051582,6.51071849189824));
#17169=CARTESIAN_POINT('Origin',(0.,0.,0.));
#17170=CARTESIAN_POINT('Origin',(0.,9.16125727162909,2.97386741173065));
#17171=CARTESIAN_POINT('',(0.,7.74101361956201,5.71822386250797));
#17172=CARTESIAN_POINT('Origin',(0.,4.66369231395181,8.42748457016192));
#17173=CARTESIAN_POINT('',(0.,7.99824273972067,5.35252174927909));
#17174=CARTESIAN_POINT('Origin',(0.,0.,0.));
#17175=CARTESIAN_POINT('Origin',(0.,9.50784995052892,1.54055558087259));
#17176=CARTESIAN_POINT('',(0.,8.52317500004532,4.46954851395558));
#17177=CARTESIAN_POINT('Origin',(0.,5.89548530381427,7.61680872886016));
#17178=CARTESIAN_POINT('Origin',(0.,0.,0.));
#17179=CARTESIAN_POINT('',(0.,9.10556038243571,3.11611073644972));
#17180=CARTESIAN_POINT('Origin',(0.,6.98909311493697,6.62760134666163));
#17181=CARTESIAN_POINT('Origin',(0.,0.,0.));
#17182=CARTESIAN_POINT('',(0.,9.47451914697692,1.68963396437447));
#17183=CARTESIAN_POINT('Origin',(0.,7.91888250712617,5.48304860619177));
#17184=CARTESIAN_POINT('',(0.,9.54276974232098,1.24776666289941));
#17185=CARTESIAN_POINT('Origin',(0.,0.,0.));
#17186=CARTESIAN_POINT('',(0.,10.7055107237722,0.977005702746235));
#17187=CARTESIAN_POINT('Origin',(0.,9.20418271898771,-2.83822878834993));
#17188=CARTESIAN_POINT('',(0.,10.7291858960766,0.668632939235447));
#17189=CARTESIAN_POINT('Origin',(0.,0.,0.));
#17190=CARTESIAN_POINT('',(0.,9.62140321294304,0.223553604241618));
#17191=CARTESIAN_POINT('Origin',(0.,8.66306000508192,4.20997785360927));
#17192=CARTESIAN_POINT('',(0.,9.62140321294304,-0.223553604241619));
#17193=CARTESIAN_POINT('Origin',(0.,0.,0.));
#17194=CARTESIAN_POINT('Origin',(0.,8.66306000508192,-4.20997785360927));
#17195=CARTESIAN_POINT('',(0.,9.542769742321,-1.24776666289927));
#17196=CARTESIAN_POINT('Origin',(0.,9.20418271898767,2.83822878835007));
#17197=CARTESIAN_POINT('',(0.,9.47451914697694,-1.68963396437433));
#17198=CARTESIAN_POINT('Origin',(0.,0.,0.));
#17199=CARTESIAN_POINT('Origin',(0.,7.91888250712625,-5.48304860619166));
#17200=CARTESIAN_POINT('',(0.,9.24046183701554,-2.68984033701993));
#17201=CARTESIAN_POINT('Origin',(0.,9.52956719106394,1.39995404586298));
#17202=CARTESIAN_POINT('',(0.,9.10556038243576,-3.1161107364496));
#17203=CARTESIAN_POINT('Origin',(0.,0.,0.));
#17204=CARTESIAN_POINT('Origin',(0.,6.98909311493706,-6.62760134666153));
#17205=CARTESIAN_POINT('',(0.,8.7215653381027,-4.06886643344377));
#17206=CARTESIAN_POINT('Origin',(0.,9.63158668506828,-0.0711344329131025));
#17207=CARTESIAN_POINT('',(0.,8.52317500004538,-4.46954851395546));
#17208=CARTESIAN_POINT('Origin',(0.,0.,0.));
#17209=CARTESIAN_POINT('Origin',(0.,5.89548530381438,-7.61680872886008));
#17210=CARTESIAN_POINT('',(0.,7.99824273972074,-5.35252174927898));
#17211=CARTESIAN_POINT('Origin',(0.,9.50784995052894,-1.54055558087246));
#17212=CARTESIAN_POINT('',(0.,7.74101361956208,-5.71822386250787));
#17213=CARTESIAN_POINT('Origin',(0.,0.,0.));
#17214=CARTESIAN_POINT('Origin',(0.,4.66369231395193,-8.42748457016185));
#17215=CARTESIAN_POINT('',(0.,7.08744811051591,-6.51071849189814));
#17216=CARTESIAN_POINT('Origin',(0.,9.16125727162913,-2.97386741173051));
#17217=CARTESIAN_POINT('',(0.,6.77740944081515,-6.83286889026489));
#17218=CARTESIAN_POINT('Origin',(0.,0.,0.));
#17219=CARTESIAN_POINT('Origin',(0.,3.32258632901274,-9.04062731594373));
#17220=CARTESIAN_POINT('',(0.,6.01052970464305,-7.51630951129632));
#17221=CARTESIAN_POINT('Origin',(0.,8.59993248700394,-4.33747431099075));
#17222=CARTESIAN_POINT('',(0.,5.65494852904138,-7.78735726250522));
#17223=CARTESIAN_POINT('Origin',(0.,0.,0.));
#17224=CARTESIAN_POINT('Origin',(0.,1.90360173661509,-9.44186541992028));
#17225=CARTESIAN_POINT('',(0.,4.79272957678211,-8.34572460627824));
#17226=CARTESIAN_POINT('Origin',(0.,7.83703257384814,-5.59941448867411));
#17227=CARTESIAN_POINT('',(0.,4.39994041665899,-8.55931658077038));
#17228=CARTESIAN_POINT('Origin',(0.,0.,0.));
#17229=CARTESIAN_POINT('Origin',(0.,0.439998332929188,-9.62179420100794));
#17230=CARTESIAN_POINT('',(0.,3.4625919297706,-8.97952298999716));
#17231=CARTESIAN_POINT('Origin',(0.,6.89043925952214,-6.7301091365866));
#17232=CARTESIAN_POINT('',(0.,3.04180143012668,-9.1306527729226));
#17233=CARTESIAN_POINT('Origin',(0.,0.,0.));
#17234=CARTESIAN_POINT('Origin',(0.,-1.03391825875528,-9.57619628107856));
#17235=CARTESIAN_POINT('',(0.,2.05129406268211,-9.40284896552131));
#17236=CARTESIAN_POINT('Origin',(0.,5.78233988901843,-7.70305573051349));
#17237=CARTESIAN_POINT('',(0.,1.61236519618355,-9.48797420285995));
#17238=CARTESIAN_POINT('Origin',(0.,0.,0.));
#17239=CARTESIAN_POINT('Origin',(0.,-2.483600682763,-9.3061404367283));
#17240=CARTESIAN_POINT('',(0.,0.591915601360575,-9.60578013077886));
#17241=CARTESIAN_POINT('Origin',(0.,4.53870737240016,-8.49544922692443));
#17242=CARTESIAN_POINT('',(0.,0.145136488619242,-9.62290555911629));
#17243=CARTESIAN_POINT('Origin',(0.,0.,0.));
#17244=CARTESIAN_POINT('Origin',(0.,-3.87506961176908,-8.81795654806));
#17245=CARTESIAN_POINT('',(0.,-0.881336859972454,-9.58355995125266));
#17246=CARTESIAN_POINT('Origin',(0.,3.18869140180281,-9.08871659386512));
#17247=CARTESIAN_POINT('',(0.,-1.32549409522632,-9.53228416506349));
#17248=CARTESIAN_POINT('Origin',(0.,0.,0.));
#17249=CARTESIAN_POINT('Origin',(0.,-5.175710193432,-8.12308723165857));
#17250=CARTESIAN_POINT('',(0.,-2.33393153229422,-9.33670924911785));
#17251=CARTESIAN_POINT('Origin',(0.,1.76393520735672,-9.46895214708459));
#17252=CARTESIAN_POINT('',(0.,-2.76505622091647,-9.21823410937101));
#17253=CARTESIAN_POINT('Origin',(0.,0.,0.));
#17254=CARTESIAN_POINT('Origin',(0.,-6.35503651488941,-7.23781963535654));
#17255=CARTESIAN_POINT('',(0.,-3.73182082764763,-8.87101399561152));
#17256=CARTESIAN_POINT('Origin',(0.,0.297833866692337,-9.62724348748807));
#17257=CARTESIAN_POINT('',(0.,-4.13980777234132,-8.6881164591678));
#17258=CARTESIAN_POINT('Origin',(0.,0.,0.));
#17259=CARTESIAN_POINT('Origin',(0.,-7.38540616671699,-6.18290368129321));
#17260=CARTESIAN_POINT('',(0.,-5.04223940574565,-8.19738969277085));
#17261=CARTESIAN_POINT('Origin',(0.,-1.17524844737503,-9.55988040021804));
#17262=CARTESIAN_POINT('',(0.,-5.41752573832085,-7.95435672286773));
#17263=CARTESIAN_POINT('Origin',(0.,0.,0.));
#17264=CARTESIAN_POINT('Origin',(0.,-8.24266815757672,-4.98306570532652));
#17265=CARTESIAN_POINT('',(0.,-6.23447216577694,-7.33162552331696));
#17266=CARTESIAN_POINT('Origin',(0.,-2.62078393393033,-9.26844181894578));
#17267=CARTESIAN_POINT('',(0.,-6.56826149267603,-7.03415360678378));
#17268=CARTESIAN_POINT('Origin',(0.,0.,0.));
#17269=CARTESIAN_POINT('Origin',(0.,-8.90672899298441,-3.66642889267762));
#17270=CARTESIAN_POINT('',(0.,-7.28057418233599,-6.29401426559416));
#17271=CARTESIAN_POINT('Origin',(0.,-4.00489046634776,-8.75975881700445));
#17272=CARTESIAN_POINT('',(0.,-7.56504276464317,-5.94907589202895));
#17273=CARTESIAN_POINT('Origin',(0.,0.,0.));
#17274=CARTESIAN_POINT('Origin',(0.,-9.36202364978999,-2.26385409430538));
#17275=CARTESIAN_POINT('',(0.,-8.1560257107896,-5.10887664804494));
#17276=CARTESIAN_POINT('Origin',(0.,-5.29512576062175,-8.04575449281982));
#17277=CARTESIAN_POINT('',(0.,-8.38450584604,-4.72455688056786));
#17278=CARTESIAN_POINT('Origin',(0.,0.,0.));
#17279=CARTESIAN_POINT('Origin',(0.,-9.59788040712778,-0.808216474716374));
#17280=CARTESIAN_POINT('',(0.,-8.84030690930915,-3.80399129194861));
#17281=CARTESIAN_POINT('Origin',(0.,-6.46124779500724,-7.14316450258878));
#17282=CARTESIAN_POINT('',(0.,-9.00744321678326,-3.389298260175));
#17283=CARTESIAN_POINT('Origin',(0.,0.,0.));
#17284=CARTESIAN_POINT('Origin',(0.,-9.60877098250871,0.666365054027463));
#17285=CARTESIAN_POINT('',(0.,-9.31737880657118,-2.40994360408251));
#17286=CARTESIAN_POINT('Origin',(0.,-7.47592365737745,-6.07314479068255));
#17287=CARTESIAN_POINT('',(0.,-9.41925375287998,-1.97459736119962));
#17288=CARTESIAN_POINT('Origin',(0.,0.,0.));
#17289=CARTESIAN_POINT('Origin',(0.,-9.39444011007626,2.12532755068973));
#17290=CARTESIAN_POINT('',(0.,-9.57605924165126,-0.959408880710198));
#17291=CARTESIAN_POINT('Origin',(0.,-8.3153702055178,-4.86077571224154));
#17292=CARTESIAN_POINT('',(0.,-9.61028496439846,-0.513613573668834));
#17293=CARTESIAN_POINT('Origin',(0.,0.,0.));
#17294=CARTESIAN_POINT('Origin',(0.,-8.95991152382183,3.53447417090792));
#17295=CARTESIAN_POINT('',(0.,-9.61028496439847,0.513613573668701));
#17296=CARTESIAN_POINT('Origin',(0.,-8.95991152382178,-3.53447417090805));
#17297=CARTESIAN_POINT('',(0.,-9.57605924165127,0.959408880710066));
#17298=CARTESIAN_POINT('Origin',(0.,0.,0.));
#17299=CARTESIAN_POINT('Origin',(0.,-8.31537020551787,4.86077571224142));
#17300=CARTESIAN_POINT('',(0.,-9.41925375288001,1.97459736119949));
#17301=CARTESIAN_POINT('Origin',(0.,-9.39444011007623,-2.12532755068986));
#17302=CARTESIAN_POINT('',(0.,-9.31737880657122,2.40994360408238));
#17303=CARTESIAN_POINT('Origin',(0.,0.,0.));
#17304=CARTESIAN_POINT('Origin',(0.,-7.47592365737754,6.07314479068244));
#17305=CARTESIAN_POINT('',(0.,-8.84030690930921,3.80399129194849));
#17306=CARTESIAN_POINT('Origin',(0.,0.,0.));
#17307=CARTESIAN_POINT('Origin',(0.,-6.46124779500734,7.14316450258869));
#17308=CARTESIAN_POINT('',(0.,-8.38450584604006,4.72455688056775));
#17309=CARTESIAN_POINT('Origin',(0.,-9.5978804071278,0.808216474716239));
#17310=CARTESIAN_POINT('',(0.,-8.15602571078968,5.10887664804483));
#17311=CARTESIAN_POINT('Origin',(0.,0.,0.));
#17312=CARTESIAN_POINT('Origin',(0.,-5.29512576062186,8.04575449281975));
#17313=CARTESIAN_POINT('',(0.,-7.56504276464326,5.94907589202884));
#17314=CARTESIAN_POINT('Origin',(0.,-9.36202364979003,2.26385409430525));
#17315=CARTESIAN_POINT('',(0.,-7.28057418233607,6.29401426559405));
#17316=CARTESIAN_POINT('Origin',(0.,0.,0.));
#17317=CARTESIAN_POINT('Origin',(0.,-4.00489046634788,8.7597588170044));
#17318=CARTESIAN_POINT('',(0.,-6.56826149267613,7.03415360678369));
#17319=CARTESIAN_POINT('Origin',(0.,-8.90672899298447,3.66642889267749));
#17320=CARTESIAN_POINT('',(0.,-6.23447216577704,7.33162552331687));
#17321=CARTESIAN_POINT('Origin',(0.,0.,0.));
#17322=CARTESIAN_POINT('Origin',(0.,-2.62078393393046,9.26844181894575));
#17323=CARTESIAN_POINT('',(0.,-5.41752573832096,7.95435672286766));
#17324=CARTESIAN_POINT('Origin',(0.,-8.24266815757679,4.9830657053264));
#17325=CARTESIAN_POINT('',(0.,-5.04223940574576,8.19738969277078));
#17326=CARTESIAN_POINT('Origin',(0.,0.,0.));
#17327=CARTESIAN_POINT('Origin',(0.,-1.17524844737517,9.55988040021802));
#17328=CARTESIAN_POINT('',(0.,-4.13980777234144,8.68811645916774));
#17329=CARTESIAN_POINT('Origin',(0.,-7.38540616671707,6.18290368129311));
#17330=CARTESIAN_POINT('',(0.,-3.73182082764775,8.87101399561146));
#17331=CARTESIAN_POINT('Origin',(0.,0.,0.));
#17332=CARTESIAN_POINT('Origin',(0.,0.297833866692202,9.62724348748807));
#17333=CARTESIAN_POINT('',(0.,-2.7650562209166,9.21823410937097));
#17334=CARTESIAN_POINT('Origin',(0.,-6.35503651488951,7.23781963535645));
#17335=CARTESIAN_POINT('',(0.,-2.33393153229434,9.33670924911782));
#17336=CARTESIAN_POINT('Origin',(0.,0.,0.));
#17337=CARTESIAN_POINT('Origin',(0.,1.76393520735659,9.46895214708461));
#17338=CARTESIAN_POINT('',(0.,-1.32549409522645,9.53228416506348));
#17339=CARTESIAN_POINT('Origin',(0.,-5.17571019343211,8.1230872316585));
#17340=CARTESIAN_POINT('',(0.,-0.881336859972587,9.58355995125265));
#17341=CARTESIAN_POINT('Origin',(0.,0.,0.));
#17342=CARTESIAN_POINT('Origin',(0.,3.18869140180269,9.08871659386517));
#17343=CARTESIAN_POINT('',(0.,0.145136488619109,9.6229055591163));
#17344=CARTESIAN_POINT('Origin',(0.,-3.8750696117692,8.81795654805995));
#17345=CARTESIAN_POINT('Origin',(0.,0.,0.));
#17346=CARTESIAN_POINT('Origin',(-10.,0.,0.));
#17347=CARTESIAN_POINT('',(2.,10.7055107237722,0.977005702746235));
#17348=CARTESIAN_POINT('',(2.,10.7291858960766,0.668632939235447));
#17349=CARTESIAN_POINT('Origin',(4.,8.66306000508192,-4.20997785360927));
#17350=CARTESIAN_POINT('',(4.,9.62140321294304,-0.223553604241619));
#17351=CARTESIAN_POINT('Origin',(4.,8.66306000508192,4.20997785360927));
#17352=CARTESIAN_POINT('',(4.,9.62140321294304,0.223553604241618));
#17353=CARTESIAN_POINT('Origin',(4.,0.,0.));
#17354=CARTESIAN_POINT('Origin',(4.,9.20418271898771,-2.83822878834993));
#17355=CARTESIAN_POINT('',(4.,9.54276974232098,1.24776666289941));
#17356=CARTESIAN_POINT('Origin',(4.,7.91888250712617,5.48304860619177));
#17357=CARTESIAN_POINT('',(4.,9.47451914697692,1.68963396437447));
#17358=CARTESIAN_POINT('Origin',(4.,0.,0.));
#17359=CARTESIAN_POINT('Origin',(4.,-3.87506961176908,-8.81795654806));
#17360=CARTESIAN_POINT('',(4.,0.145136488619242,-9.6229055591163));
#17361=CARTESIAN_POINT('Origin',(4.,4.53870737240016,-8.49544922692443));
#17362=CARTESIAN_POINT('',(4.,0.591915601360575,-9.60578013077886));
#17363=CARTESIAN_POINT('Origin',(4.,0.,0.));
#17364=CARTESIAN_POINT('Origin',(4.,-2.483600682763,-9.3061404367283));
#17365=CARTESIAN_POINT('',(4.,1.61236519618355,-9.48797420285995));
#17366=CARTESIAN_POINT('Origin',(4.,5.78233988901843,-7.70305573051349));
#17367=CARTESIAN_POINT('',(4.,2.05129406268211,-9.40284896552131));
#17368=CARTESIAN_POINT('Origin',(4.,0.,0.));
#17369=CARTESIAN_POINT('Origin',(4.,-1.03391825875528,-9.57619628107856));
#17370=CARTESIAN_POINT('',(4.,3.04180143012668,-9.1306527729226));
#17371=CARTESIAN_POINT('Origin',(4.,6.89043925952214,-6.7301091365866));
#17372=CARTESIAN_POINT('',(4.,3.4625919297706,-8.97952298999716));
#17373=CARTESIAN_POINT('Origin',(4.,0.,0.));
#17374=CARTESIAN_POINT('Origin',(4.,1.90360173661509,-9.44186541992028));
#17375=CARTESIAN_POINT('',(4.,5.65494852904138,-7.78735726250522));
#17376=CARTESIAN_POINT('Origin',(4.,8.59993248700394,-4.33747431099075));
#17377=CARTESIAN_POINT('',(4.,6.01052970464305,-7.51630951129632));
#17378=CARTESIAN_POINT('Origin',(4.,0.,0.));
#17379=CARTESIAN_POINT('Origin',(4.,0.439998332929188,-9.62179420100794));
#17380=CARTESIAN_POINT('',(4.,4.39994041665899,-8.55931658077038));
#17381=CARTESIAN_POINT('Origin',(4.,7.83703257384814,-5.59941448867411));
#17382=CARTESIAN_POINT('',(4.,4.79272957678211,-8.34572460627824));
#17383=CARTESIAN_POINT('Origin',(4.,0.,0.));
#17384=CARTESIAN_POINT('Origin',(4.,7.91888250712625,-5.48304860619166));
#17385=CARTESIAN_POINT('',(4.,9.47451914697694,-1.68963396437433));
#17386=CARTESIAN_POINT('Origin',(4.,9.20418271898767,2.83822878835007));
#17387=CARTESIAN_POINT('',(4.,9.542769742321,-1.24776666289927));
#17388=CARTESIAN_POINT('Origin',(4.,0.,0.));
#17389=CARTESIAN_POINT('Origin',(4.,6.98909311493706,-6.62760134666153));
#17390=CARTESIAN_POINT('',(4.,9.10556038243576,-3.1161107364496));
#17391=CARTESIAN_POINT('Origin',(4.,9.52956719106394,1.39995404586298));
#17392=CARTESIAN_POINT('',(4.,9.24046183701554,-2.68984033701993));
#17393=CARTESIAN_POINT('Origin',(4.,0.,0.));
#17394=CARTESIAN_POINT('Origin',(4.,5.89548530381438,-7.61680872886008));
#17395=CARTESIAN_POINT('',(4.,8.52317500004538,-4.46954851395546));
#17396=CARTESIAN_POINT('Origin',(4.,9.63158668506828,-0.0711344329131025));
#17397=CARTESIAN_POINT('',(4.,8.7215653381027,-4.06886643344377));
#17398=CARTESIAN_POINT('Origin',(4.,0.,0.));
#17399=CARTESIAN_POINT('Origin',(4.,3.32258632901274,-9.04062731594373));
#17400=CARTESIAN_POINT('',(4.,6.77740944081515,-6.83286889026489));
#17401=CARTESIAN_POINT('Origin',(4.,9.16125727162913,-2.97386741173051));
#17402=CARTESIAN_POINT('',(4.,7.08744811051591,-6.51071849189814));
#17403=CARTESIAN_POINT('Origin',(4.,0.,0.));
#17404=CARTESIAN_POINT('Origin',(4.,4.66369231395193,-8.42748457016185));
#17405=CARTESIAN_POINT('',(4.,7.74101361956208,-5.71822386250787));
#17406=CARTESIAN_POINT('Origin',(4.,9.50784995052894,-1.54055558087246));
#17407=CARTESIAN_POINT('',(4.,7.99824273972074,-5.35252174927898));
#17408=CARTESIAN_POINT('Origin',(4.,0.,0.));
#17409=CARTESIAN_POINT('Origin',(4.,-8.95991152382183,3.53447417090792));
#17410=CARTESIAN_POINT('',(4.,-9.61028496439846,-0.513613573668834));
#17411=CARTESIAN_POINT('Origin',(4.,-8.3153702055178,-4.86077571224154));
#17412=CARTESIAN_POINT('',(4.,-9.57605924165126,-0.959408880710198));
#17413=CARTESIAN_POINT('Origin',(4.,0.,0.));
#17414=CARTESIAN_POINT('Origin',(4.,-9.39444011007626,2.12532755068973));
#17415=CARTESIAN_POINT('',(4.,-9.41925375287998,-1.97459736119962));
#17416=CARTESIAN_POINT('Origin',(4.,-7.47592365737745,-6.07314479068255));
#17417=CARTESIAN_POINT('',(4.,-9.31737880657118,-2.40994360408251));
#17418=CARTESIAN_POINT('Origin',(4.,0.,0.));
#17419=CARTESIAN_POINT('Origin',(4.,-9.60877098250871,0.666365054027463));
#17420=CARTESIAN_POINT('',(4.,-9.00744321678326,-3.38929826017499));
#17421=CARTESIAN_POINT('Origin',(4.,-6.46124779500724,-7.14316450258878));
#17422=CARTESIAN_POINT('',(4.,-8.84030690930915,-3.80399129194861));
#17423=CARTESIAN_POINT('Origin',(4.,0.,0.));
#17424=CARTESIAN_POINT('Origin',(4.,-9.36202364978999,-2.26385409430538));
#17425=CARTESIAN_POINT('',(4.,-7.56504276464317,-5.94907589202895));
#17426=CARTESIAN_POINT('Origin',(4.,-4.00489046634776,-8.75975881700445));
#17427=CARTESIAN_POINT('',(4.,-7.28057418233599,-6.29401426559416));
#17428=CARTESIAN_POINT('Origin',(4.,0.,0.));
#17429=CARTESIAN_POINT('Origin',(4.,-9.59788040712778,-0.808216474716374));
#17430=CARTESIAN_POINT('',(4.,-8.38450584604,-4.72455688056786));
#17431=CARTESIAN_POINT('Origin',(4.,-5.29512576062175,-8.04575449281982));
#17432=CARTESIAN_POINT('',(4.,-8.1560257107896,-5.10887664804494));
#17433=CARTESIAN_POINT('Origin',(4.,0.,0.));
#17434=CARTESIAN_POINT('Origin',(4.,-8.24266815757672,-4.98306570532652));
#17435=CARTESIAN_POINT('',(4.,-5.41752573832085,-7.95435672286773));
#17436=CARTESIAN_POINT('Origin',(4.,-1.17524844737503,-9.55988040021804));
#17437=CARTESIAN_POINT('',(4.,-5.04223940574565,-8.19738969277085));
#17438=CARTESIAN_POINT('Origin',(4.,0.,0.));
#17439=CARTESIAN_POINT('Origin',(4.,-8.90672899298441,-3.66642889267762));
#17440=CARTESIAN_POINT('',(4.,-6.56826149267603,-7.03415360678378));
#17441=CARTESIAN_POINT('Origin',(4.,-2.62078393393033,-9.26844181894578));
#17442=CARTESIAN_POINT('',(4.,-6.23447216577694,-7.33162552331696));
#17443=CARTESIAN_POINT('Origin',(4.,0.,0.));
#17444=CARTESIAN_POINT('Origin',(4.,-7.38540616671699,-6.18290368129321));
#17445=CARTESIAN_POINT('',(4.,-4.13980777234133,-8.6881164591678));
#17446=CARTESIAN_POINT('Origin',(4.,0.297833866692337,-9.62724348748807));
#17447=CARTESIAN_POINT('',(4.,-3.73182082764763,-8.87101399561152));
#17448=CARTESIAN_POINT('Origin',(4.,0.,0.));
#17449=CARTESIAN_POINT('Origin',(4.,-6.35503651488941,-7.23781963535654));
#17450=CARTESIAN_POINT('',(4.,-2.76505622091647,-9.21823410937101));
#17451=CARTESIAN_POINT('Origin',(4.,1.76393520735672,-9.46895214708459));
#17452=CARTESIAN_POINT('',(4.,-2.33393153229422,-9.33670924911785));
#17453=CARTESIAN_POINT('Origin',(4.,0.,0.));
#17454=CARTESIAN_POINT('Origin',(4.,-5.175710193432,-8.12308723165857));
#17455=CARTESIAN_POINT('',(4.,-1.32549409522632,-9.53228416506349));
#17456=CARTESIAN_POINT('Origin',(4.,3.18869140180281,-9.08871659386512));
#17457=CARTESIAN_POINT('',(4.,-0.881336859972454,-9.58355995125266));
#17458=CARTESIAN_POINT('Origin',(4.,0.,0.));
#17459=CARTESIAN_POINT('Origin',(4.,3.18869140180269,9.08871659386517));
#17460=CARTESIAN_POINT('',(4.,-0.881336859972587,9.58355995125265));
#17461=CARTESIAN_POINT('Origin',(4.,-5.17571019343211,8.1230872316585));
#17462=CARTESIAN_POINT('',(4.,-1.32549409522645,9.53228416506348));
#17463=CARTESIAN_POINT('Origin',(4.,0.,0.));
#17464=CARTESIAN_POINT('Origin',(4.,1.76393520735659,9.46895214708461));
#17465=CARTESIAN_POINT('',(4.,-2.33393153229434,9.33670924911782));
#17466=CARTESIAN_POINT('Origin',(4.,-6.35503651488951,7.23781963535645));
#17467=CARTESIAN_POINT('',(4.,-2.7650562209166,9.21823410937097));
#17468=CARTESIAN_POINT('Origin',(4.,0.,0.));
#17469=CARTESIAN_POINT('Origin',(4.,0.297833866692202,9.62724348748807));
#17470=CARTESIAN_POINT('',(4.,-3.73182082764775,8.87101399561146));
#17471=CARTESIAN_POINT('Origin',(4.,-7.38540616671707,6.18290368129311));
#17472=CARTESIAN_POINT('',(4.,-4.13980777234144,8.68811645916774));
#17473=CARTESIAN_POINT('Origin',(4.,0.,0.));
#17474=CARTESIAN_POINT('Origin',(4.,-2.62078393393046,9.26844181894575));
#17475=CARTESIAN_POINT('',(4.,-6.23447216577704,7.33162552331687));
#17476=CARTESIAN_POINT('Origin',(4.,-8.90672899298447,3.66642889267749));
#17477=CARTESIAN_POINT('',(4.,-6.56826149267613,7.03415360678369));
#17478=CARTESIAN_POINT('Origin',(4.,0.,0.));
#17479=CARTESIAN_POINT('Origin',(4.,-1.17524844737517,9.55988040021802));
#17480=CARTESIAN_POINT('',(4.,-5.04223940574576,8.19738969277078));
#17481=CARTESIAN_POINT('Origin',(4.,-8.24266815757679,4.9830657053264));
#17482=CARTESIAN_POINT('',(4.,-5.41752573832096,7.95435672286766));
#17483=CARTESIAN_POINT('Origin',(4.,0.,0.));
#17484=CARTESIAN_POINT('Origin',(4.,-5.29512576062186,8.04575449281975));
#17485=CARTESIAN_POINT('',(4.,-8.15602571078968,5.10887664804483));
#17486=CARTESIAN_POINT('Origin',(4.,-9.5978804071278,0.808216474716239));
#17487=CARTESIAN_POINT('',(4.,-8.38450584604006,4.72455688056775));
#17488=CARTESIAN_POINT('Origin',(4.,0.,0.));
#17489=CARTESIAN_POINT('Origin',(4.,-4.00489046634788,8.7597588170044));
#17490=CARTESIAN_POINT('',(4.,-7.28057418233607,6.29401426559405));
#17491=CARTESIAN_POINT('Origin',(4.,-9.36202364979003,2.26385409430525));
#17492=CARTESIAN_POINT('',(4.,-7.56504276464326,5.94907589202884));
#17493=CARTESIAN_POINT('Origin',(4.,0.,0.));
#17494=CARTESIAN_POINT('Origin',(4.,-6.46124779500734,7.14316450258869));
#17495=CARTESIAN_POINT('',(4.,-8.8403069093092,3.80399129194849));
#17496=CARTESIAN_POINT('Origin',(4.,0.,0.));
#17497=CARTESIAN_POINT('Origin',(4.,-7.47592365737754,6.07314479068244));
#17498=CARTESIAN_POINT('',(4.,-9.31737880657122,2.40994360408238));
#17499=CARTESIAN_POINT('Origin',(4.,-9.39444011007623,-2.12532755068986));
#17500=CARTESIAN_POINT('',(4.,-9.41925375288001,1.97459736119949));
#17501=CARTESIAN_POINT('Origin',(4.,0.,0.));
#17502=CARTESIAN_POINT('Origin',(4.,-8.31537020551787,4.86077571224142));
#17503=CARTESIAN_POINT('',(4.,-9.57605924165127,0.959408880710066));
#17504=CARTESIAN_POINT('Origin',(4.,-8.95991152382178,-3.53447417090805));
#17505=CARTESIAN_POINT('',(4.,-9.61028496439847,0.513613573668701));
#17506=CARTESIAN_POINT('Origin',(4.,0.,0.));
#17507=CARTESIAN_POINT('Origin',(4.,9.50784995052892,1.54055558087259));
#17508=CARTESIAN_POINT('',(4.,7.99824273972067,5.35252174927909));
#17509=CARTESIAN_POINT('Origin',(4.,4.66369231395181,8.42748457016192));
#17510=CARTESIAN_POINT('',(4.,7.74101361956201,5.71822386250797));
#17511=CARTESIAN_POINT('Origin',(4.,0.,0.));
#17512=CARTESIAN_POINT('Origin',(4.,9.16125727162909,2.97386741173065));
#17513=CARTESIAN_POINT('',(4.,7.08744811051582,6.51071849189824));
#17514=CARTESIAN_POINT('Origin',(4.,3.32258632901262,9.04062731594378));
#17515=CARTESIAN_POINT('',(4.,6.77740944081505,6.83286889026498));
#17516=CARTESIAN_POINT('Origin',(4.,0.,0.));
#17517=CARTESIAN_POINT('Origin',(4.,5.89548530381427,7.61680872886016));
#17518=CARTESIAN_POINT('',(4.,8.52317500004532,4.46954851395558));
#17519=CARTESIAN_POINT('Origin',(4.,0.,0.));
#17520=CARTESIAN_POINT('Origin',(4.,6.98909311493697,6.62760134666163));
#17521=CARTESIAN_POINT('',(4.,9.10556038243571,3.11611073644972));
#17522=CARTESIAN_POINT('Origin',(4.,0.,0.));
#17523=CARTESIAN_POINT('Origin',(4.,7.83703257384806,5.59941448867423));
#17524=CARTESIAN_POINT('',(4.,4.79272957678199,8.3457246062783));
#17525=CARTESIAN_POINT('Origin',(4.,0.439998332929053,9.62179420100794));
#17526=CARTESIAN_POINT('',(4.,4.39994041665887,8.55931658077044));
#17527=CARTESIAN_POINT('Origin',(4.,0.,0.));
#17528=CARTESIAN_POINT('Origin',(4.,8.59993248700387,4.33747431099087));
#17529=CARTESIAN_POINT('',(4.,6.01052970464295,7.5163095112964));
#17530=CARTESIAN_POINT('Origin',(4.,1.90360173661495,9.44186541992031));
#17531=CARTESIAN_POINT('',(4.,5.65494852904127,7.7873572625053));
#17532=CARTESIAN_POINT('Origin',(4.,0.,0.));
#17533=CARTESIAN_POINT('Origin',(4.,6.89043925952204,6.7301091365867));
#17534=CARTESIAN_POINT('',(4.,3.46259192977048,8.97952298999721));
#17535=CARTESIAN_POINT('Origin',(4.,-1.03391825875541,9.57619628107854));
#17536=CARTESIAN_POINT('',(4.,3.04180143012656,9.13065277292265));
#17537=CARTESIAN_POINT('Origin',(4.,0.,0.));
#17538=CARTESIAN_POINT('Origin',(4.,5.78233988901832,7.70305573051357));
#17539=CARTESIAN_POINT('',(4.,2.05129406268198,9.40284896552134));
#17540=CARTESIAN_POINT('Origin',(4.,-2.48360068276313,9.30614043672826));
#17541=CARTESIAN_POINT('',(4.,1.61236519618342,9.48797420285998));
#17542=CARTESIAN_POINT('Origin',(4.,0.,0.));
#17543=CARTESIAN_POINT('Origin',(4.,4.53870737240004,8.49544922692449));
#17544=CARTESIAN_POINT('',(4.,0.591915601360442,9.60578013077887));
#17545=CARTESIAN_POINT('Origin',(4.,-3.8750696117692,8.81795654805995));
#17546=CARTESIAN_POINT('',(4.,0.145136488619109,9.6229055591163));
#17547=CARTESIAN_POINT('Origin',(4.,0.,0.));
#17548=CARTESIAN_POINT('',(-14.0819420171012,0.846990336183666,20.));
#17549=CARTESIAN_POINT('',(-14.0819420171012,0.896990336183667,20.));
#17550=CARTESIAN_POINT('',(-14.0819420171012,8.84699033618366,20.));
#17551=CARTESIAN_POINT('',(-14.0819420171012,0.846990336183664,19.9999999999999));
#17552=CARTESIAN_POINT('',(-14.0819420171012,0.896990336183663,19.9999999999999));
#17553=CARTESIAN_POINT('',(-14.0819420171012,8.84699033618366,19.9999999999999));
#17554=CARTESIAN_POINT('',(0.,0.,0.));
#17555=CARTESIAN_POINT('Origin',(0.,0.275,-3.5527136788005E-14));
#17556=CARTESIAN_POINT('',(3.06161699786838E-16,0.475000000000003,2.49999999999996));
#17557=CARTESIAN_POINT('',(-3.06161699786838E-16,0.475000000000003,-2.50000000000004));
#17558=CARTESIAN_POINT('Origin',(0.,0.475000000000003,-3.5527136788005E-14));
#17559=CARTESIAN_POINT('Origin',(0.,0.475000000000003,-3.5527136788005E-14));
#17560=CARTESIAN_POINT('',(-2.81668763803891E-16,0.275,-2.30000000000004));
#17561=CARTESIAN_POINT('',(-2.81668763803891E-16,0.275,-2.30000000000004));
#17562=CARTESIAN_POINT('Origin',(0.,0.275,-3.5527136788005E-14));
#17563=CARTESIAN_POINT('Origin',(0.,3.275,-3.5527136788005E-14));
#17564=CARTESIAN_POINT('',(4.89858719658941E-16,3.475,3.99999999999996));
#17565=CARTESIAN_POINT('',(-4.89858719658942E-16,3.475,-4.00000000000004));
#17566=CARTESIAN_POINT('Origin',(0.,3.475,-3.5527136788005E-14));
#17567=CARTESIAN_POINT('Origin',(0.,3.475,-3.5527136788005E-14));
#17568=CARTESIAN_POINT('',(-4.65365783675995E-16,3.275,-3.80000000000004));
#17569=CARTESIAN_POINT('',(-4.65365783675995E-16,3.275,-3.80000000000005));
#17570=CARTESIAN_POINT('Origin',(0.,3.275,-3.5527136788005E-14));
#17571=CARTESIAN_POINT('Origin',(0.,11.775,-3.5527136788005E-14));
#17572=CARTESIAN_POINT('',(-4.89858719658942E-16,11.575,3.99999999999997));
#17573=CARTESIAN_POINT('Origin',(0.,11.575,-3.5527136788005E-14));
#17574=CARTESIAN_POINT('',(-4.65365783675995E-16,11.775,3.79999999999997));
#17575=CARTESIAN_POINT('',(-4.65365783675995E-16,11.775,3.79999999999997));
#17576=CARTESIAN_POINT('Origin',(0.,11.775,-3.5527136788005E-14));
#17577=CARTESIAN_POINT('Origin',(0.,14.775,-3.5527136788005E-14));
#17578=CARTESIAN_POINT('',(3.06161699786838E-16,14.575,-2.50000000000004));
#17579=CARTESIAN_POINT('',(-3.06161699786838E-16,14.575,2.49999999999996));
#17580=CARTESIAN_POINT('Origin',(0.,14.575,-3.5527136788005E-14));
#17581=CARTESIAN_POINT('Origin',(0.,14.575,-3.5527136788005E-14));
#17582=CARTESIAN_POINT('',(-2.81668763803891E-16,14.775,2.29999999999996));
#17583=CARTESIAN_POINT('',(-2.81668763803891E-16,14.775,2.29999999999996));
#17584=CARTESIAN_POINT('Origin',(0.,14.775,-3.5527136788005E-14));
#17585=CARTESIAN_POINT('Origin',(0.,3.275,-3.5527136788005E-14));
#17586=CARTESIAN_POINT('',(-3.06161699786838E-16,3.275,2.49999999999996));
#17587=CARTESIAN_POINT('',(-3.06161699786838E-16,3.275,2.49999999999996));
#17588=CARTESIAN_POINT('Origin',(0.,3.275,-3.5527136788005E-14));
#17589=CARTESIAN_POINT('Origin',(0.,11.775,-3.5527136788005E-14));
#17590=CARTESIAN_POINT('',(-3.06161699786838E-16,11.775,-2.50000000000004));
#17591=CARTESIAN_POINT('',(-3.06161699786838E-16,11.775,-2.50000000000004));
#17592=CARTESIAN_POINT('Origin',(0.,11.775,-3.5527136788005E-14));
#17593=CARTESIAN_POINT('Origin',(0.,14.775,-3.5527136788005E-14));
#17594=CARTESIAN_POINT('',(-4.89858719658941E-16,14.775,3.99999999999996));
#17595=CARTESIAN_POINT('Origin',(0.,11.775,-3.5527136788005E-14));
#17596=CARTESIAN_POINT('Origin',(0.,14.775,-3.5527136788005E-14));
#17597=CARTESIAN_POINT('Origin',(0.,3.275,-3.5527136788005E-14));
#17598=CARTESIAN_POINT('Origin',(0.,0.275,-3.5527136788005E-14));
#17599=CARTESIAN_POINT('',(3.45045404126916,-12.1954983522954,31.49012399178));
#17600=CARTESIAN_POINT('',(-10.6314879758319,-14.8485080161117,51.49012399178));
#17601=CARTESIAN_POINT('',(23.7760175394498,-12.1974983522953,31.4384538428738));
#17602=CARTESIAN_POINT('',(9.80226670728317,-14.8505080161117,51.5141948915503));
#17603=CARTESIAN_POINT('',(-2.12931168741037,-2.56150801611168,51.2084893992796));
#17604=CARTESIAN_POINT('',(-4.90758497459095,1.78849198388832,64.57275883467));
#17605=CARTESIAN_POINT('',(-4.90758497459094,-8.21150801611168,64.57275883467));
#17606=CARTESIAN_POINT('',(-7.67147207203539,-11.8726853938153,60.4264866068686));
#17607=CARTESIAN_POINT('',(0.,0.,0.));
#17608=CARTESIAN_POINT('',(0.,0.,0.));
#17609=CARTESIAN_POINT('Origin',(0.,0.,0.));
#17610=UNCERTAINTY_MEASURE_WITH_UNIT(LENGTH_MEASURE(0.01),#17642,
'DISTANCE_ACCURACY_VALUE',
'Maximum model space distance between geometric entities at asserted c
onnectivities');
#17611=UNCERTAINTY_MEASURE_WITH_UNIT(LENGTH_MEASURE(0.01),#17642,
'DISTANCE_ACCURACY_VALUE',
'Maximum model space distance between geometric entities at asserted c
onnectivities');
#17612=UNCERTAINTY_MEASURE_WITH_UNIT(LENGTH_MEASURE(0.01),#17642,
'DISTANCE_ACCURACY_VALUE',
'Maximum model space distance between geometric entities at asserted c
onnectivities');
#17613=UNCERTAINTY_MEASURE_WITH_UNIT(LENGTH_MEASURE(0.01),#17642,
'DISTANCE_ACCURACY_VALUE',
'Maximum model space distance between geometric entities at asserted c
onnectivities');
#17614=UNCERTAINTY_MEASURE_WITH_UNIT(LENGTH_MEASURE(0.01),#17642,
'DISTANCE_ACCURACY_VALUE',
'Maximum model space distance between geometric entities at asserted c
onnectivities');
#17615=UNCERTAINTY_MEASURE_WITH_UNIT(LENGTH_MEASURE(0.01),#17642,
'DISTANCE_ACCURACY_VALUE',
'Maximum model space distance between geometric entities at asserted c
onnectivities');
#17616=UNCERTAINTY_MEASURE_WITH_UNIT(LENGTH_MEASURE(0.01),#17642,
'DISTANCE_ACCURACY_VALUE',
'Maximum model space distance between geometric entities at asserted c
onnectivities');
#17617=UNCERTAINTY_MEASURE_WITH_UNIT(LENGTH_MEASURE(0.01),#17642,
'DISTANCE_ACCURACY_VALUE',
'Maximum model space distance between geometric entities at asserted c
onnectivities');
#17618=UNCERTAINTY_MEASURE_WITH_UNIT(LENGTH_MEASURE(0.01),#17642,
'DISTANCE_ACCURACY_VALUE',
'Maximum model space distance between geometric entities at asserted c
onnectivities');
#17619=UNCERTAINTY_MEASURE_WITH_UNIT(LENGTH_MEASURE(0.01),#17642,
'DISTANCE_ACCURACY_VALUE',
'Maximum model space distance between geometric entities at asserted c
onnectivities');
#17620=UNCERTAINTY_MEASURE_WITH_UNIT(LENGTH_MEASURE(0.01),#17642,
'DISTANCE_ACCURACY_VALUE',
'Maximum model space distance between geometric entities at asserted c
onnectivities');
#17621=UNCERTAINTY_MEASURE_WITH_UNIT(LENGTH_MEASURE(0.01),#17642,
'DISTANCE_ACCURACY_VALUE',
'Maximum model space distance between geometric entities at asserted c
onnectivities');
#17622=UNCERTAINTY_MEASURE_WITH_UNIT(LENGTH_MEASURE(0.01),#17642,
'DISTANCE_ACCURACY_VALUE',
'Maximum model space distance between geometric entities at asserted c
onnectivities');
#17623=UNCERTAINTY_MEASURE_WITH_UNIT(LENGTH_MEASURE(0.01),#17642,
'DISTANCE_ACCURACY_VALUE',
'Maximum model space distance between geometric entities at asserted c
onnectivities');
#17624=UNCERTAINTY_MEASURE_WITH_UNIT(LENGTH_MEASURE(0.01),#17642,
'DISTANCE_ACCURACY_VALUE',
'Maximum model space distance between geometric entities at asserted c
onnectivities');
#17625=UNCERTAINTY_MEASURE_WITH_UNIT(LENGTH_MEASURE(0.01),#17642,
'DISTANCE_ACCURACY_VALUE',
'Maximum model space distance between geometric entities at asserted c
onnectivities');
#17626=(
GEOMETRIC_REPRESENTATION_CONTEXT(3)
GLOBAL_UNCERTAINTY_ASSIGNED_CONTEXT((#17610))
GLOBAL_UNIT_ASSIGNED_CONTEXT((#17642,#17644,#17645))
REPRESENTATION_CONTEXT('','3D')
);
#17627=(
GEOMETRIC_REPRESENTATION_CONTEXT(3)
GLOBAL_UNCERTAINTY_ASSIGNED_CONTEXT((#17611))
GLOBAL_UNIT_ASSIGNED_CONTEXT((#17642,#17644,#17645))
REPRESENTATION_CONTEXT('','3D')
);
#17628=(
GEOMETRIC_REPRESENTATION_CONTEXT(3)
GLOBAL_UNCERTAINTY_ASSIGNED_CONTEXT((#17612))
GLOBAL_UNIT_ASSIGNED_CONTEXT((#17642,#17644,#17645))
REPRESENTATION_CONTEXT('','3D')
);
#17629=(
GEOMETRIC_REPRESENTATION_CONTEXT(3)
GLOBAL_UNCERTAINTY_ASSIGNED_CONTEXT((#17613))
GLOBAL_UNIT_ASSIGNED_CONTEXT((#17642,#17644,#17645))
REPRESENTATION_CONTEXT('','3D')
);
#17630=(
GEOMETRIC_REPRESENTATION_CONTEXT(3)
GLOBAL_UNCERTAINTY_ASSIGNED_CONTEXT((#17614))
GLOBAL_UNIT_ASSIGNED_CONTEXT((#17642,#17644,#17645))
REPRESENTATION_CONTEXT('','3D')
);
#17631=(
GEOMETRIC_REPRESENTATION_CONTEXT(3)
GLOBAL_UNCERTAINTY_ASSIGNED_CONTEXT((#17615))
GLOBAL_UNIT_ASSIGNED_CONTEXT((#17642,#17644,#17645))
REPRESENTATION_CONTEXT('','3D')
);
#17632=(
GEOMETRIC_REPRESENTATION_CONTEXT(3)
GLOBAL_UNCERTAINTY_ASSIGNED_CONTEXT((#17616))
GLOBAL_UNIT_ASSIGNED_CONTEXT((#17642,#17644,#17645))
REPRESENTATION_CONTEXT('','3D')
);
#17633=(
GEOMETRIC_REPRESENTATION_CONTEXT(3)
GLOBAL_UNCERTAINTY_ASSIGNED_CONTEXT((#17617))
GLOBAL_UNIT_ASSIGNED_CONTEXT((#17642,#17644,#17645))
REPRESENTATION_CONTEXT('','3D')
);
#17634=(
GEOMETRIC_REPRESENTATION_CONTEXT(3)
GLOBAL_UNCERTAINTY_ASSIGNED_CONTEXT((#17618))
GLOBAL_UNIT_ASSIGNED_CONTEXT((#17642,#17644,#17645))
REPRESENTATION_CONTEXT('','3D')
);
#17635=(
GEOMETRIC_REPRESENTATION_CONTEXT(3)
GLOBAL_UNCERTAINTY_ASSIGNED_CONTEXT((#17619))
GLOBAL_UNIT_ASSIGNED_CONTEXT((#17642,#17644,#17645))
REPRESENTATION_CONTEXT('','3D')
);
#17636=(
GEOMETRIC_REPRESENTATION_CONTEXT(3)
GLOBAL_UNCERTAINTY_ASSIGNED_CONTEXT((#17620))
GLOBAL_UNIT_ASSIGNED_CONTEXT((#17642,#17644,#17645))
REPRESENTATION_CONTEXT('','3D')
);
#17637=(
GEOMETRIC_REPRESENTATION_CONTEXT(3)
GLOBAL_UNCERTAINTY_ASSIGNED_CONTEXT((#17621))
GLOBAL_UNIT_ASSIGNED_CONTEXT((#17642,#17644,#17645))
REPRESENTATION_CONTEXT('','3D')
);
#17638=(
GEOMETRIC_REPRESENTATION_CONTEXT(3)
GLOBAL_UNCERTAINTY_ASSIGNED_CONTEXT((#17622))
GLOBAL_UNIT_ASSIGNED_CONTEXT((#17642,#17644,#17645))
REPRESENTATION_CONTEXT('','3D')
);
#17639=(
GEOMETRIC_REPRESENTATION_CONTEXT(3)
GLOBAL_UNCERTAINTY_ASSIGNED_CONTEXT((#17623))
GLOBAL_UNIT_ASSIGNED_CONTEXT((#17642,#17644,#17645))
REPRESENTATION_CONTEXT('','3D')
);
#17640=(
GEOMETRIC_REPRESENTATION_CONTEXT(3)
GLOBAL_UNCERTAINTY_ASSIGNED_CONTEXT((#17624))
GLOBAL_UNIT_ASSIGNED_CONTEXT((#17642,#17644,#17645))
REPRESENTATION_CONTEXT('','3D')
);
#17641=(
GEOMETRIC_REPRESENTATION_CONTEXT(3)
GLOBAL_UNCERTAINTY_ASSIGNED_CONTEXT((#17625))
GLOBAL_UNIT_ASSIGNED_CONTEXT((#17642,#17644,#17645))
REPRESENTATION_CONTEXT('','3D')
);
#17642=(
LENGTH_UNIT()
NAMED_UNIT(*)
SI_UNIT(.MILLI.,.METRE.)
);
#17643=(
LENGTH_UNIT()
NAMED_UNIT(*)
SI_UNIT($,.METRE.)
);
#17644=(
NAMED_UNIT(*)
PLANE_ANGLE_UNIT()
SI_UNIT($,.RADIAN.)
);
#17645=(
NAMED_UNIT(*)
SI_UNIT($,.STERADIAN.)
SOLID_ANGLE_UNIT()
);
#17646=SHAPE_DEFINITION_REPRESENTATION(#17661,#17695);
#17647=SHAPE_DEFINITION_REPRESENTATION(#17662,#17696);
#17648=SHAPE_DEFINITION_REPRESENTATION(#17663,#17697);
#17649=SHAPE_DEFINITION_REPRESENTATION(#17664,#17698);
#17650=SHAPE_DEFINITION_REPRESENTATION(#17665,#17699);
#17651=SHAPE_DEFINITION_REPRESENTATION(#17666,#17700);
#17652=SHAPE_DEFINITION_REPRESENTATION(#17667,#17701);
#17653=SHAPE_DEFINITION_REPRESENTATION(#17671,#17702);
#17654=SHAPE_DEFINITION_REPRESENTATION(#17672,#17703);
#17655=SHAPE_DEFINITION_REPRESENTATION(#17673,#17704);
#17656=SHAPE_DEFINITION_REPRESENTATION(#17674,#17705);
#17657=SHAPE_DEFINITION_REPRESENTATION(#17675,#17706);
#17658=SHAPE_DEFINITION_REPRESENTATION(#17676,#17707);
#17659=SHAPE_DEFINITION_REPRESENTATION(#17677,#17708);
#17660=SHAPE_DEFINITION_REPRESENTATION(#17684,#17709);
#17661=PRODUCT_DEFINITION_SHAPE('',$,#17711);
#17662=PRODUCT_DEFINITION_SHAPE('',$,#17712);
#17663=PRODUCT_DEFINITION_SHAPE('',$,#17713);
#17664=PRODUCT_DEFINITION_SHAPE('',$,#17714);
#17665=PRODUCT_DEFINITION_SHAPE('',$,#17715);
#17666=PRODUCT_DEFINITION_SHAPE('',$,#17716);
#17667=PRODUCT_DEFINITION_SHAPE('',$,#17717);
#17668=PRODUCT_DEFINITION_SHAPE($,$,#76);
#17669=PRODUCT_DEFINITION_SHAPE($,$,#77);
#17670=PRODUCT_DEFINITION_SHAPE($,$,#78);
#17671=PRODUCT_DEFINITION_SHAPE('',$,#17718);
#17672=PRODUCT_DEFINITION_SHAPE('',$,#17719);
#17673=PRODUCT_DEFINITION_SHAPE('',$,#17720);
#17674=PRODUCT_DEFINITION_SHAPE('',$,#17721);
#17675=PRODUCT_DEFINITION_SHAPE('',$,#17722);
#17676=PRODUCT_DEFINITION_SHAPE('',$,#17723);
#17677=PRODUCT_DEFINITION_SHAPE('',$,#17724);
#17678=PRODUCT_DEFINITION_SHAPE($,$,#79);
#17679=PRODUCT_DEFINITION_SHAPE($,$,#80);
#17680=PRODUCT_DEFINITION_SHAPE($,$,#81);
#17681=PRODUCT_DEFINITION_SHAPE($,$,#82);
#17682=PRODUCT_DEFINITION_SHAPE($,$,#83);
#17683=PRODUCT_DEFINITION_SHAPE($,$,#84);
#17684=PRODUCT_DEFINITION_SHAPE('',$,#17725);
#17685=PRODUCT_DEFINITION_SHAPE($,$,#85);
#17686=PRODUCT_DEFINITION_SHAPE($,$,#86);
#17687=PRODUCT_DEFINITION_SHAPE($,$,#87);
#17688=PRODUCT_DEFINITION_SHAPE($,$,#88);
#17689=PRODUCT_DEFINITION_SHAPE($,$,#89);
#17690=PRODUCT_DEFINITION_SHAPE($,$,#90);
#17691=PRODUCT_DEFINITION_SHAPE($,$,#91);
#17692=PRODUCT_DEFINITION_SHAPE($,$,#92);
#17693=PRODUCT_DEFINITION_SHAPE($,$,#93);
#17694=PRODUCT_DEFINITION_SHAPE($,$,#94);
#17695=SHAPE_REPRESENTATION('',(#9597,#11111,#11112,#11113,#11114,#11115,
#11116),#17626);
#17696=SHAPE_REPRESENTATION('',(#9598),#17627);
#17697=SHAPE_REPRESENTATION('',(#9724),#17628);
#17698=SHAPE_REPRESENTATION('',(#9767,#10523,#10524,#10525),#17629);
#17699=SHAPE_REPRESENTATION('',(#9768),#17630);
#17700=SHAPE_REPRESENTATION('',(#10314),#17631);
#17701=SHAPE_REPRESENTATION('',(#10512),#17632);
#17702=SHAPE_REPRESENTATION('',(#10526,#11107,#11108),#17633);
#17703=SHAPE_REPRESENTATION('',(#10527,#11076,#11077,#11078),#17634);
#17704=SHAPE_REPRESENTATION('',(#10528,#11109,#11110),#17635);
#17705=SHAPE_REPRESENTATION('',(#10529,#11079,#11080,#11081),#17636);
#17706=SHAPE_REPRESENTATION('',(#10530),#17637);
#17707=SHAPE_REPRESENTATION('',(#10566),#17638);
#17708=SHAPE_REPRESENTATION('',(#10578),#17639);
#17709=SHAPE_REPRESENTATION('',(#11082),#17640);
#17710=PRODUCT_DEFINITION_CONTEXT('part definition',#17757,'design');
#17711=PRODUCT_DEFINITION('TBG-S-Mockup','TBG-S-Mockup v2',#17726,#17710);
#17712=PRODUCT_DEFINITION(
'spur gear_gb_GB - Spur gear 0.5M 10T 20PA 4FW ---S10A75H50L2.0N',
'spur gear_gb_GB - Spur gear 0.5M 10T 20PA 4FW ---S10A75H50L2.0N',#17727,
#17710);
#17713=PRODUCT_DEFINITION(
'angular contact ball bearing_68_iso_ISO 15 ABB - 273 - 12,SI,NC,12_68',
'angular contact ball bearing_68_iso_ISO 15 ABB - 273 - 12,SI,NC,12_68',
#17728,#17710);
#17714=PRODUCT_DEFINITION('LGX-36\X\B5\X\E7\X\BB\X\FA\X\BC\X\F5\X\CB\X\D9
\X\B3\X\DD\X\C2\X\D6\X\D7\X\E9-45-17',
'LGX-36\X\B5\X\E7\X\BB\X\FA\X\BC\X\F5\X\CB\X\D9\X\B3\X\DD\X\C2\X\D6\X\D7
\X\E9-45-17',#17729,#17710);
#17715=PRODUCT_DEFINITION(
'spur gear_gb_GB - Spur gear 0.5M 45T 20PA 3FW ---S45A75H50L3.0N',
'spur gear_gb_GB - Spur gear 0.5M 45T 20PA 3FW ---S45A75H50L3.0N',#17730,
#17710);
#17716=PRODUCT_DEFINITION(
'spur gear_gb_GB - Spur gear 0.5M 16T 20PA 4FW ---S16A75H50L3.0N',
'spur gear_gb_GB - Spur gear 0.5M 16T 20PA 4FW ---S16A75H50L3.0N',#17731,
#17710);
#17717=PRODUCT_DEFINITION(
'\X\B3\X\F6\X\D6\X\E1^LGX-36\X\B5\X\E7\X\BB\X\FA\X\BC\X\F5\X\CB\X\D9\X\B3
\X\DD\X\C2\X\D6\X\D7\X\E9-45-17',
'\X\B3\X\F6\X\D6\X\E1^LGX-36\X\B5\X\E7\X\BB\X\FA\X\BC\X\F5\X\CB\X\D9\X\B3
\X\DD\X\C2\X\D6\X\D7\X\E9-45-17',#17732,#17710);
#17718=PRODUCT_DEFINITION('tbg secondary gear','tbg secondary gear v2',
#17733,#17710);
#17719=PRODUCT_DEFINITION(
'TBG\X\BC\X\B7\X\B3\X\F6\X\C2\X\D6\X\D6\X\E1\X\CF\X\B5\X\CA\X\B5\X\D1\X\E9
\X\D7\X\B0\X\C5\X\E4\X\CC\X\E51',
'TBG\X\BC\X\B7\X\B3\X\F6\X\C2\X\D6\X\D6\X\E1\X\CF\X\B5\X\CA\X\B5\X\D1\X\E9
\X\D7\X\B0\X\C5\X\E4\X\CC\X\E51',#17734,#17710);
#17720=PRODUCT_DEFINITION('tbg secondary gear_1',
'tbg secondary gear v2',#17735,#17710);
#17721=PRODUCT_DEFINITION(
'TBG\X\BC\X\B7\X\B3\X\F6\X\C2\X\D6\X\D6\X\E1\X\CF\X\B5\X\CA\X\B5\X\D1\X\E9
\X\D7\X\B0\X\C5\X\E4\X\CC\X\E51_1',
'TBG\X\BC\X\B7\X\B3\X\F6\X\C2\X\D6\X\D6\X\E1\X\CF\X\B5\X\CA\X\B5\X\D1\X\E9
\X\D7\X\B0\X\C5\X\E4\X\CC\X\E51',#17736,#17710);
#17722=PRODUCT_DEFINITION('LGX\X\BC\X\B7\X\B3\X\F6\X\C2\X\D6',
'LGX\X\BC\X\B7\X\B3\X\F6\X\C2\X\D6',#17737,#17710);
#17723=PRODUCT_DEFINITION('LGX\X\BC\X\B7\X\B3\X\F6\X\C2\X\D6\X\D6\X\E1
\X\CC\X\D7','LGX\X\BC\X\B7\X\B3\X\F6\X\C2\X\D6\X\D6\X\E1\X\CC\X\D7',#17738,
#17710);
#17724=PRODUCT_DEFINITION('LGX\X\BC\X\B7\X\B3\X\F6\X\C2\X\D6\X\D5\X\FD
\X\B3\X\DD\X\C2\X\D6','LGX\X\BC\X\B7\X\B3\X\F6\X\C2\X\D6\X\D5\X\FD\X\B3
\X\DD\X\C2\X\D6',#17739,#17710);
#17725=PRODUCT_DEFINITION('TBG\X\B4\X\D3\X\B6\X\AF\X\BC\X\B7\X\B3\X\F6
\X\C2\X\D6\X\D6\X\E1','TBG\X\B4\X\D3\X\B6\X\AF\X\BC\X\B7\X\B3\X\F6\X\C2
\X\D6\X\D6\X\E1',#17740,#17710);
#17726=PRODUCT_DEFINITION_FORMATION('',$,#17759);
#17727=PRODUCT_DEFINITION_FORMATION('',$,#17760);
#17728=PRODUCT_DEFINITION_FORMATION('',$,#17761);
#17729=PRODUCT_DEFINITION_FORMATION('',$,#17762);
#17730=PRODUCT_DEFINITION_FORMATION('',$,#17763);
#17731=PRODUCT_DEFINITION_FORMATION('',$,#17764);
#17732=PRODUCT_DEFINITION_FORMATION('',$,#17765);
#17733=PRODUCT_DEFINITION_FORMATION('',$,#17766);
#17734=PRODUCT_DEFINITION_FORMATION('',$,#17767);
#17735=PRODUCT_DEFINITION_FORMATION('',$,#17768);
#17736=PRODUCT_DEFINITION_FORMATION('',$,#17769);
#17737=PRODUCT_DEFINITION_FORMATION('',$,#17770);
#17738=PRODUCT_DEFINITION_FORMATION('',$,#17771);
#17739=PRODUCT_DEFINITION_FORMATION('',$,#17772);
#17740=PRODUCT_DEFINITION_FORMATION('',$,#17773);
#17741=PRODUCT_RELATED_PRODUCT_CATEGORY('TBG-S-Mockup v2',
'TBG-S-Mockup v2',(#17759));
#17742=PRODUCT_RELATED_PRODUCT_CATEGORY(
'spur gear_gb_GB - Spur gear 0.5M 10T 20PA 4FW ---S10A75H50L2.0N',
'spur gear_gb_GB - Spur gear 0.5M 10T 20PA 4FW ---S10A75H50L2.0N',(#17760));
#17743=PRODUCT_RELATED_PRODUCT_CATEGORY(
'angular contact ball bearing_68_iso_ISO 15 ABB - 273 - 12,SI,NC,12_68',
'angular contact ball bearing_68_iso_ISO 15 ABB - 273 - 12,SI,NC,12_68',
(#17761));
#17744=PRODUCT_RELATED_PRODUCT_CATEGORY(
'LGX-36\X\B5\X\E7\X\BB\X\FA\X\BC\X\F5\X\CB\X\D9\X\B3\X\DD\X\C2\X\D6\X\D7
\X\E9-45-17','LGX-36\X\B5\X\E7\X\BB\X\FA\X\BC\X\F5\X\CB\X\D9\X\B3\X\DD
\X\C2\X\D6\X\D7\X\E9-45-17',(#17762));
#17745=PRODUCT_RELATED_PRODUCT_CATEGORY(
'spur gear_gb_GB - Spur gear 0.5M 45T 20PA 3FW ---S45A75H50L3.0N',
'spur gear_gb_GB - Spur gear 0.5M 45T 20PA 3FW ---S45A75H50L3.0N',(#17763));
#17746=PRODUCT_RELATED_PRODUCT_CATEGORY(
'spur gear_gb_GB - Spur gear 0.5M 16T 20PA 4FW ---S16A75H50L3.0N',
'spur gear_gb_GB - Spur gear 0.5M 16T 20PA 4FW ---S16A75H50L3.0N',(#17764));
#17747=PRODUCT_RELATED_PRODUCT_CATEGORY(
'\X\B3\X\F6\X\D6\X\E1^LGX-36\X\B5\X\E7\X\BB\X\FA\X\BC\X\F5\X\CB\X\D9\X\B3
\X\DD\X\C2\X\D6\X\D7\X\E9-45-17',
'\X\B3\X\F6\X\D6\X\E1^LGX-36\X\B5\X\E7\X\BB\X\FA\X\BC\X\F5\X\CB\X\D9\X\B3
\X\DD\X\C2\X\D6\X\D7\X\E9-45-17',(#17765));
#17748=PRODUCT_RELATED_PRODUCT_CATEGORY('tbg secondary gear v2',
'tbg secondary gear v2',(#17766));
#17749=PRODUCT_RELATED_PRODUCT_CATEGORY(
'TBG\X\BC\X\B7\X\B3\X\F6\X\C2\X\D6\X\D6\X\E1\X\CF\X\B5\X\CA\X\B5\X\D1\X\E9
\X\D7\X\B0\X\C5\X\E4\X\CC\X\E51',
'TBG\X\BC\X\B7\X\B3\X\F6\X\C2\X\D6\X\D6\X\E1\X\CF\X\B5\X\CA\X\B5\X\D1\X\E9
\X\D7\X\B0\X\C5\X\E4\X\CC\X\E51',(#17767));
#17750=PRODUCT_RELATED_PRODUCT_CATEGORY('tbg secondary gear v2',
'tbg secondary gear v2',(#17768));
#17751=PRODUCT_RELATED_PRODUCT_CATEGORY(
'TBG\X\BC\X\B7\X\B3\X\F6\X\C2\X\D6\X\D6\X\E1\X\CF\X\B5\X\CA\X\B5\X\D1\X\E9
\X\D7\X\B0\X\C5\X\E4\X\CC\X\E51',
'TBG\X\BC\X\B7\X\B3\X\F6\X\C2\X\D6\X\D6\X\E1\X\CF\X\B5\X\CA\X\B5\X\D1\X\E9
\X\D7\X\B0\X\C5\X\E4\X\CC\X\E51',(#17769));
#17752=PRODUCT_RELATED_PRODUCT_CATEGORY('LGX\X\BC\X\B7\X\B3\X\F6\X\C2\X\D6',
'LGX\X\BC\X\B7\X\B3\X\F6\X\C2\X\D6',(#17770));
#17753=PRODUCT_RELATED_PRODUCT_CATEGORY('LGX\X\BC\X\B7\X\B3\X\F6\X\C2\X\D6
\X\D6\X\E1\X\CC\X\D7','LGX\X\BC\X\B7\X\B3\X\F6\X\C2\X\D6\X\D6\X\E1\X\CC
\X\D7',(#17771));
#17754=PRODUCT_RELATED_PRODUCT_CATEGORY('LGX\X\BC\X\B7\X\B3\X\F6\X\C2\X\D6
\X\D5\X\FD\X\B3\X\DD\X\C2\X\D6','LGX\X\BC\X\B7\X\B3\X\F6\X\C2\X\D6\X\D5
\X\FD\X\B3\X\DD\X\C2\X\D6',(#17772));
#17755=PRODUCT_RELATED_PRODUCT_CATEGORY('TBG\X\B4\X\D3\X\B6\X\AF\X\BC\X\B7
\X\B3\X\F6\X\C2\X\D6\X\D6\X\E1','TBG\X\B4\X\D3\X\B6\X\AF\X\BC\X\B7\X\B3
\X\F6\X\C2\X\D6\X\D6\X\E1',(#17773));
#17756=APPLICATION_PROTOCOL_DEFINITION('international standard',
'automotive_design',2009,#17757);
#17757=APPLICATION_CONTEXT(
'Core Data for Automotive Mechanical Design Process');
#17758=PRODUCT_CONTEXT('part definition',#17757,'mechanical');
#17759=PRODUCT('TBG-S-Mockup','TBG-S-Mockup v2',$,(#17758));
#17760=PRODUCT(
'spur gear_gb_GB - Spur gear 0.5M 10T 20PA 4FW ---S10A75H50L2.0N',
'spur gear_gb_GB - Spur gear 0.5M 10T 20PA 4FW ---S10A75H50L2.0N',$,(#17758));
#17761=PRODUCT(
'angular contact ball bearing_68_iso_ISO 15 ABB - 273 - 12,SI,NC,12_68',
'angular contact ball bearing_68_iso_ISO 15 ABB - 273 - 12,SI,NC,12_68',
$,(#17758));
#17762=PRODUCT('LGX-36\X\B5\X\E7\X\BB\X\FA\X\BC\X\F5\X\CB\X\D9\X\B3\X\DD
\X\C2\X\D6\X\D7\X\E9-45-17','LGX-36\X\B5\X\E7\X\BB\X\FA\X\BC\X\F5\X\CB
\X\D9\X\B3\X\DD\X\C2\X\D6\X\D7\X\E9-45-17',$,(#17758));
#17763=PRODUCT(
'spur gear_gb_GB - Spur gear 0.5M 45T 20PA 3FW ---S45A75H50L3.0N',
'spur gear_gb_GB - Spur gear 0.5M 45T 20PA 3FW ---S45A75H50L3.0N',$,(#17758));
#17764=PRODUCT(
'spur gear_gb_GB - Spur gear 0.5M 16T 20PA 4FW ---S16A75H50L3.0N',
'spur gear_gb_GB - Spur gear 0.5M 16T 20PA 4FW ---S16A75H50L3.0N',$,(#17758));
#17765=PRODUCT('\X\B3\X\F6\X\D6\X\E1^LGX-36\X\B5\X\E7\X\BB\X\FA\X\BC\X\F5
\X\CB\X\D9\X\B3\X\DD\X\C2\X\D6\X\D7\X\E9-45-17',
'\X\B3\X\F6\X\D6\X\E1^LGX-36\X\B5\X\E7\X\BB\X\FA\X\BC\X\F5\X\CB\X\D9\X\B3
\X\DD\X\C2\X\D6\X\D7\X\E9-45-17',$,(#17758));
#17766=PRODUCT('tbg secondary gear','tbg secondary gear v2',$,(#17758));
#17767=PRODUCT('TBG\X\BC\X\B7\X\B3\X\F6\X\C2\X\D6\X\D6\X\E1\X\CF\X\B5\X\CA
\X\B5\X\D1\X\E9\X\D7\X\B0\X\C5\X\E4\X\CC\X\E51',
'TBG\X\BC\X\B7\X\B3\X\F6\X\C2\X\D6\X\D6\X\E1\X\CF\X\B5\X\CA\X\B5\X\D1\X\E9
\X\D7\X\B0\X\C5\X\E4\X\CC\X\E51',$,(#17758));
#17768=PRODUCT('tbg secondary gear_1','tbg secondary gear v2',$,(#17758));
#17769=PRODUCT('TBG\X\BC\X\B7\X\B3\X\F6\X\C2\X\D6\X\D6\X\E1\X\CF\X\B5\X\CA
\X\B5\X\D1\X\E9\X\D7\X\B0\X\C5\X\E4\X\CC\X\E51_1',
'TBG\X\BC\X\B7\X\B3\X\F6\X\C2\X\D6\X\D6\X\E1\X\CF\X\B5\X\CA\X\B5\X\D1\X\E9
\X\D7\X\B0\X\C5\X\E4\X\CC\X\E51',$,(#17758));
#17770=PRODUCT('LGX\X\BC\X\B7\X\B3\X\F6\X\C2\X\D6','LGX\X\BC\X\B7\X\B3
\X\F6\X\C2\X\D6',$,(#17758));
#17771=PRODUCT('LGX\X\BC\X\B7\X\B3\X\F6\X\C2\X\D6\X\D6\X\E1\X\CC\X\D7',
'LGX\X\BC\X\B7\X\B3\X\F6\X\C2\X\D6\X\D6\X\E1\X\CC\X\D7',$,(#17758));
#17772=PRODUCT('LGX\X\BC\X\B7\X\B3\X\F6\X\C2\X\D6\X\D5\X\FD\X\B3\X\DD\X\C2
\X\D6','LGX\X\BC\X\B7\X\B3\X\F6\X\C2\X\D6\X\D5\X\FD\X\B3\X\DD\X\C2\X\D6',
$,(#17758));
#17773=PRODUCT('TBG\X\B4\X\D3\X\B6\X\AF\X\BC\X\B7\X\B3\X\F6\X\C2\X\D6\X\D6
\X\E1','TBG\X\B4\X\D3\X\B6\X\AF\X\BC\X\B7\X\B3\X\F6\X\C2\X\D6\X\D6\X\E1',
$,(#17758));
#17774=PRESENTATION_STYLE_ASSIGNMENT((#17783));
#17775=PRESENTATION_STYLE_ASSIGNMENT((#17784));
#17776=PRESENTATION_STYLE_ASSIGNMENT((#17785));
#17777=PRESENTATION_STYLE_ASSIGNMENT((#17786));
#17778=PRESENTATION_STYLE_ASSIGNMENT((#17787));
#17779=PRESENTATION_STYLE_ASSIGNMENT((#17788));
#17780=PRESENTATION_STYLE_ASSIGNMENT((#17789));
#17781=PRESENTATION_STYLE_ASSIGNMENT((#17790));
#17782=PRESENTATION_STYLE_ASSIGNMENT((NULL_STYLE(.NULL.)));
#17783=SURFACE_STYLE_USAGE(.BOTH.,#17791);
#17784=SURFACE_STYLE_USAGE(.BOTH.,#17792);
#17785=SURFACE_STYLE_USAGE(.BOTH.,#17793);
#17786=SURFACE_STYLE_USAGE(.BOTH.,#17794);
#17787=SURFACE_STYLE_USAGE(.BOTH.,#17795);
#17788=SURFACE_STYLE_USAGE(.BOTH.,#17796);
#17789=SURFACE_STYLE_USAGE(.BOTH.,#17797);
#17790=SURFACE_STYLE_USAGE(.BOTH.,#17798);
#17791=SURFACE_SIDE_STYLE('',(#17799));
#17792=SURFACE_SIDE_STYLE('',(#17800));
#17793=SURFACE_SIDE_STYLE('',(#17801));
#17794=SURFACE_SIDE_STYLE('',(#17802));
#17795=SURFACE_SIDE_STYLE('',(#17803));
#17796=SURFACE_SIDE_STYLE('',(#17804));
#17797=SURFACE_SIDE_STYLE('',(#17805));
#17798=SURFACE_SIDE_STYLE('',(#17806));
#17799=SURFACE_STYLE_FILL_AREA(#17807);
#17800=SURFACE_STYLE_FILL_AREA(#17808);
#17801=SURFACE_STYLE_FILL_AREA(#17809);
#17802=SURFACE_STYLE_FILL_AREA(#17810);
#17803=SURFACE_STYLE_FILL_AREA(#17811);
#17804=SURFACE_STYLE_FILL_AREA(#17812);
#17805=SURFACE_STYLE_FILL_AREA(#17813);
#17806=SURFACE_STYLE_FILL_AREA(#17814);
#17807=FILL_AREA_STYLE('Opaque(165,158,150)',(#17815));
#17808=FILL_AREA_STYLE('Opaque(76,76,76)',(#17816));
#17809=FILL_AREA_STYLE('Steel - Satin',(#17817));
#17810=FILL_AREA_STYLE('Plastic - Glossy (Black)',(#17818));
#17811=FILL_AREA_STYLE('Stainless Steel - Polished',(#17819));
#17812=FILL_AREA_STYLE('Opaque(198,193,188)',(#17820));
#17813=FILL_AREA_STYLE('Opaque(79,255,164)',(#17821));
#17814=FILL_AREA_STYLE('Opaque(229,234,237)',(#17822));
#17815=FILL_AREA_STYLE_COLOUR('Opaque(165,158,150)',#17823);
#17816=FILL_AREA_STYLE_COLOUR('Opaque(76,76,76)',#17824);
#17817=FILL_AREA_STYLE_COLOUR('Steel - Satin',#17825);
#17818=FILL_AREA_STYLE_COLOUR('Plastic - Glossy (Black)',#17826);
#17819=FILL_AREA_STYLE_COLOUR('Stainless Steel - Polished',#17827);
#17820=FILL_AREA_STYLE_COLOUR('Opaque(198,193,188)',#17828);
#17821=FILL_AREA_STYLE_COLOUR('Opaque(79,255,164)',#17829);
#17822=FILL_AREA_STYLE_COLOUR('Opaque(229,234,237)',#17830);
#17823=COLOUR_RGB('Opaque(165,158,150)',0.647058823529412,0.619607843137255,
0.588235294117647);
#17824=COLOUR_RGB('Opaque(76,76,76)',0.298039215686275,0.298039215686275,
0.298039215686275);
#17825=COLOUR_RGB('Steel - Satin',0.627450980392157,0.627450980392157,0.627450980392157);
#17826=COLOUR_RGB('Plastic - Glossy (Black)',0.0980392156862745,0.0980392156862745,
0.0980392156862745);
#17827=COLOUR_RGB('Stainless Steel - Polished',0.796078431372549,0.796078431372549,
0.796078431372549);
#17828=COLOUR_RGB('Opaque(198,193,188)',0.776470588235294,0.756862745098039,
0.737254901960784);
#17829=COLOUR_RGB('Opaque(79,255,164)',0.309803921568627,1.,0.643137254901961);
#17830=COLOUR_RGB('Opaque(229,234,237)',0.898039215686275,0.917647058823529,
0.929411764705882);
ENDSEC;
END-ISO-10303-21;
